{
    "created_at": "Tue Mar 10 14:15:43 +0000 2020",
    "id": 1237381623835799553,
    "id_str": "1237381623835799553",
    "text": "RT @styleofseuldy: \ud83d\udc9b | 200310 \u2014 Seulgi IG update\u21b7 \ud83d\udd0d#\ub808\ub4dc\ubca8\ubcb3 #redvelvet #\uc2ac\uae30 #seulgi \n\ud83d\udd17Bag, earphones from @LouisVuitton and stickers from @SMTO\u2026",
    "truncated": false,
    "entities": {
        "hashtags": [
            {
                "text": "\ub808\ub4dc\ubca8\ubcb3",
                "indices": [
                    51,
                    56
                ]
            },
            {
                "text": "redvelvet",
                "indices": [
                    57,
                    67
                ]
            },
            {
                "text": "\uc2ac\uae30",
                "indices": [
                    68,
                    71
                ]
            },
            {
                "text": "seulgi",
                "indices": [
                    72,
                    79
                ]
            }
        ],
        "symbols": [],
        "user_mentions": [
            {
                "screen_name": "styleofseuldy",
                "name": "styleofseuldy",
                "id": 739763645941436416,
                "id_str": "739763645941436416",
                "indices": [
                    3,
                    17
                ]
            },
            {
                "screen_name": "LouisVuitton",
                "name": "Louis Vuitton",
                "id": 44084633,
                "id_str": "44084633",
                "indices": [
                    102,
                    115
                ]
            }
        ],
        "urls": []
    },
    "metadata": {
        "iso_language_code": "en",
        "result_type": "recent"
    },
    "source": "<a href=\"http://twitter.com/download/android\" rel=\"nofollow\">Twitter for Android</a>",
    "in_reply_to_status_id": null,
    "in_reply_to_status_id_str": null,
    "in_reply_to_user_id": null,
    "in_reply_to_user_id_str": null,
    "in_reply_to_screen_name": null,
    "user": {
        "id": 2495842254,
        "id_str": "2495842254",
        "name": "\u2600\ufe0f",
        "screen_name": "awtaeil",
        "location": "+62",
        "description": "",
        "url": null,
        "entities": {
            "description": {
                "urls": []
            }
        },
        "protected": false,
        "followers_count": 1296,
        "friends_count": 450,
        "listed_count": 38,
        "created_at": "Thu May 15 07:21:03 +0000 2014",
        "favourites_count": 43521,
        "utc_offset": null,
        "time_zone": null,
        "geo_enabled": false,
        "verified": false,
        "statuses_count": 316416,
        "lang": null,
        "contributors_enabled": false,
        "is_translator": false,
        "is_translation_enabled": false,
        "profile_background_color": "000000",
        "profile_background_image_url": "http://abs.twimg.com/images/themes/theme1/bg.png",
        "profile_background_image_url_https": "https://abs.twimg.com/images/themes/theme1/bg.png",
        "profile_background_tile": false,
        "profile_image_url": "http://pbs.twimg.com/profile_images/1232197374455336960/R6eTUUu7_normal.jpg",
        "profile_image_url_https": "https://pbs.twimg.com/profile_images/1232197374455336960/R6eTUUu7_normal.jpg",
        "profile_banner_url": "https://pbs.twimg.com/profile_banners/2495842254/1555771723",
        "profile_link_color": "F58EA8",
        "profile_sidebar_border_color": "000000",
        "profile_sidebar_fill_color": "000000",
        "profile_text_color": "000000",
        "profile_use_background_image": false,
        "has_extended_profile": true,
        "default_profile": false,
        "default_profile_image": false,
        "following": null,
        "follow_request_sent": null,
        "notifications": null,
        "translator_type": "none"
    },
    "geo": null,
    "coordinates": null,
    "place": null,
    "contributors": null,
    "retweeted_status": {
        "created_at": "Tue Mar 10 12:27:17 +0000 2020",
        "id": 1237354336432390144,
        "id_str": "1237354336432390144",
        "text": "\ud83d\udc9b | 200310 \u2014 Seulgi IG update\u21b7 \ud83d\udd0d#\ub808\ub4dc\ubca8\ubcb3 #redvelvet #\uc2ac\uae30 #seulgi \n\ud83d\udd17Bag, earphones from @LouisVuitton and stickers from\u2026 https://t.co/VQYyMi3u6Z",
        "truncated": true,
        "entities": {
            "hashtags": [
                {
                    "text": "\ub808\ub4dc\ubca8\ubcb3",
                    "indices": [
                        32,
                        37
                    ]
                },
                {
                    "text": "redvelvet",
                    "indices": [
                        38,
                        48
                    ]
                },
                {
                    "text": "\uc2ac\uae30",
                    "indices": [
                        49,
                        52
                    ]
                },
                {
                    "text": "seulgi",
                    "indices": [
                        53,
                        60
                    ]
                }
            ],
            "symbols": [],
            "user_mentions": [
                {
                    "screen_name": "LouisVuitton",
                    "name": "Louis Vuitton",
                    "id": 44084633,
                    "id_str": "44084633",
                    "indices": [
                        83,
                        96
                    ]
                }
            ],
            "urls": [
                {
                    "url": "https://t.co/VQYyMi3u6Z",
                    "expanded_url": "https://twitter.com/i/web/status/1237354336432390144",
                    "display_url": "twitter.com/i/web/status/1\u2026",
                    "indices": [
                        116,
                        139
                    ]
                }
            ]
        },
        "metadata": {
            "iso_language_code": "en",
            "result_type": "recent"
        },
        "source": "<a href=\"http://twitter.com/download/iphone\" rel=\"nofollow\">Twitter for iPhone</a>",
        "in_reply_to_status_id": null,
        "in_reply_to_status_id_str": null,
        "in_reply_to_user_id": null,
        "in_reply_to_user_id_str": null,
        "in_reply_to_screen_name": null,
        "user": {
            "id": 739763645941436416,
            "id_str": "739763645941436416",
            "name": "styleofseuldy",
            "screen_name": "styleofseuldy",
            "location": "\u0421\u0430\u043d\u043a\u0442-\u041f\u0435\u0442\u0435\u0440\u0431\u0443\u0440\u0433, \u0420\u043e\u0441\u0441\u0438\u044f",
            "description": "\ud83d\udc99\ud83d\udc9bseulgi and wendy fashion style \u21b7 instagram: @styleofseulgi and @styleofwendy",
            "url": null,
            "entities": {
                "description": {
                    "urls": []
                }
            },
            "protected": false,
            "followers_count": 159,
            "friends_count": 45,
            "listed_count": 5,
            "created_at": "Mon Jun 06 10:19:32 +0000 2016",
            "favourites_count": 931,
            "utc_offset": null,
            "time_zone": null,
            "geo_enabled": false,
            "verified": false,
            "statuses_count": 40,
            "lang": null,
            "contributors_enabled": false,
            "is_translator": false,
            "is_translation_enabled": false,
            "profile_background_color": "F5F8FA",
            "profile_background_image_url": null,
            "profile_background_image_url_https": null,
            "profile_background_tile": false,
            "profile_image_url": "http://pbs.twimg.com/profile_images/1201865752145485824/etUT6Fa6_normal.jpg",
            "profile_image_url_https": "https://pbs.twimg.com/profile_images/1201865752145485824/etUT6Fa6_normal.jpg",
            "profile_banner_url": "https://pbs.twimg.com/profile_banners/739763645941436416/1575382101",
            "profile_link_color": "1DA1F2",
            "profile_sidebar_border_color": "C0DEED",
            "profile_sidebar_fill_color": "DDEEF6",
            "profile_text_color": "333333",
            "profile_use_background_image": true,
            "has_extended_profile": true,
            "default_profile": true,
            "default_profile_image": false,
            "following": null,
            "follow_request_sent": null,
            "notifications": null,
            "translator_type": "none"
        },
        "geo": null,
        "coordinates": null,
        "place": null,
        "contributors": null,
        "is_quote_status": false,
        "retweet_count": 7,
        "favorite_count": 11,
        "favorited": false,
        "retweeted": false,
        "possibly_sensitive": false,
        "lang": "en"
    },
    "is_quote_status": false,
    "retweet_count": 7,
    "favorite_count": 0,
    "favorited": false,
    "retweeted": false,
    "lang": "en"
}