{
    "created_at": "Tue Mar 10 11:42:03 +0000 2020",
    "id": 1237342952126545927,
    "id_str": "1237342952126545927",
    "text": "\u201cLouis Vuitton with the Gucci guitar\nJohnny Ryall\nWho do you think you are\u201d\n#BeastieBoys #JohnnyRyall @gucci @LouisVuitton",
    "truncated": false,
    "entities": {
        "hashtags": [
            {
                "text": "BeastieBoys",
                "indices": [
                    76,
                    88
                ]
            },
            {
                "text": "JohnnyRyall",
                "indices": [
                    89,
                    101
                ]
            }
        ],
        "symbols": [],
        "user_mentions": [
            {
                "screen_name": "gucci",
                "name": "gucci",
                "id": 16913418,
                "id_str": "16913418",
                "indices": [
                    102,
                    108
                ]
            },
            {
                "screen_name": "LouisVuitton",
                "name": "Louis Vuitton",
                "id": 44084633,
                "id_str": "44084633",
                "indices": [
                    109,
                    122
                ]
            }
        ],
        "urls": []
    },
    "metadata": {
        "iso_language_code": "en",
        "result_type": "recent"
    },
    "source": "<a href=\"http://twitter.com/download/iphone\" rel=\"nofollow\">Twitter for iPhone</a>",
    "in_reply_to_status_id": null,
    "in_reply_to_status_id_str": null,
    "in_reply_to_user_id": null,
    "in_reply_to_user_id_str": null,
    "in_reply_to_screen_name": null,
    "user": {
        "id": 1114501899108089856,
        "id_str": "1114501899108089856",
        "name": "Beastie Lyrics",
        "screen_name": "JohnnyRyall5",
        "location": "",
        "description": "Just out here dropping random Beastie Boys lyrics in your timeline every now & then.",
        "url": null,
        "entities": {
            "description": {
                "urls": []
            }
        },
        "protected": false,
        "followers_count": 1015,
        "friends_count": 2054,
        "listed_count": 4,
        "created_at": "Sat Apr 06 12:15:33 +0000 2019",
        "favourites_count": 397,
        "utc_offset": null,
        "time_zone": null,
        "geo_enabled": false,
        "verified": false,
        "statuses_count": 195,
        "lang": null,
        "contributors_enabled": false,
        "is_translator": false,
        "is_translation_enabled": false,
        "profile_background_color": "F5F8FA",
        "profile_background_image_url": null,
        "profile_background_image_url_https": null,
        "profile_background_tile": false,
        "profile_image_url": "http://pbs.twimg.com/profile_images/1114503309078028289/A5t-leF3_normal.jpg",
        "profile_image_url_https": "https://pbs.twimg.com/profile_images/1114503309078028289/A5t-leF3_normal.jpg",
        "profile_link_color": "1DA1F2",
        "profile_sidebar_border_color": "C0DEED",
        "profile_sidebar_fill_color": "DDEEF6",
        "profile_text_color": "333333",
        "profile_use_background_image": true,
        "has_extended_profile": false,
        "default_profile": true,
        "default_profile_image": false,
        "following": null,
        "follow_request_sent": null,
        "notifications": null,
        "translator_type": "none"
    },
    "geo": null,
    "coordinates": null,
    "place": null,
    "contributors": null,
    "is_quote_status": false,
    "retweet_count": 1,
    "favorite_count": 5,
    "favorited": false,
    "retweeted": false,
    "lang": "en"
}