{
    "created_at": "Mon Mar 09 22:22:47 +0000 2020",
    "id": 1237141812428582913,
    "id_str": "1237141812428582913",
    "text": "Hi @selenagomez pls give me this dress/tshirt i\u2019ll DM you my address i promise i will take good care of ig (cc\u2026 https://t.co/CwzYuWA72b",
    "truncated": true,
    "entities": {
        "hashtags": [],
        "symbols": [],
        "user_mentions": [
            {
                "screen_name": "selenagomez",
                "name": "Selena Gomez",
                "id": 23375688,
                "id_str": "23375688",
                "indices": [
                    3,
                    15
                ]
            }
        ],
        "urls": [
            {
                "url": "https://t.co/CwzYuWA72b",
                "expanded_url": "https://twitter.com/i/web/status/1237141812428582913",
                "display_url": "twitter.com/i/web/status/1\u2026",
                "indices": [
                    112,
                    135
                ]
            }
        ]
    },
    "metadata": {
        "iso_language_code": "en",
        "result_type": "recent"
    },
    "source": "<a href=\"http://twitter.com/download/iphone\" rel=\"nofollow\">Twitter for iPhone</a>",
    "in_reply_to_status_id": null,
    "in_reply_to_status_id_str": null,
    "in_reply_to_user_id": null,
    "in_reply_to_user_id_str": null,
    "in_reply_to_screen_name": null,
    "user": {
        "id": 39064226,
        "id_str": "39064226",
        "name": "diana mid",
        "screen_name": "btrzlnzn",
        "location": "Summoner\u2019s Rift",
        "description": "yes manny jacinto can",
        "url": "https://t.co/XXLWCf9tDu",
        "entities": {
            "url": {
                "urls": [
                    {
                        "url": "https://t.co/XXLWCf9tDu",
                        "expanded_url": "http://instagram.com/btrzlnzn",
                        "display_url": "instagram.com/btrzlnzn",
                        "indices": [
                            0,
                            23
                        ]
                    }
                ]
            },
            "description": {
                "urls": []
            }
        },
        "protected": false,
        "followers_count": 338,
        "friends_count": 185,
        "listed_count": 7,
        "created_at": "Sun May 10 15:44:25 +0000 2009",
        "favourites_count": 7116,
        "utc_offset": null,
        "time_zone": null,
        "geo_enabled": true,
        "verified": false,
        "statuses_count": 16332,
        "lang": null,
        "contributors_enabled": false,
        "is_translator": false,
        "is_translation_enabled": false,
        "profile_background_color": "B6DED3",
        "profile_background_image_url": "http://abs.twimg.com/images/themes/theme16/bg.gif",
        "profile_background_image_url_https": "https://abs.twimg.com/images/themes/theme16/bg.gif",
        "profile_background_tile": false,
        "profile_image_url": "http://pbs.twimg.com/profile_images/1234643224301645825/TLivUTfk_normal.jpg",
        "profile_image_url_https": "https://pbs.twimg.com/profile_images/1234643224301645825/TLivUTfk_normal.jpg",
        "profile_banner_url": "https://pbs.twimg.com/profile_banners/39064226/1576063238",
        "profile_link_color": "ABB8C2",
        "profile_sidebar_border_color": "FFFFFF",
        "profile_sidebar_fill_color": "FFFBF0",
        "profile_text_color": "333333",
        "profile_use_background_image": false,
        "has_extended_profile": true,
        "default_profile": false,
        "default_profile_image": false,
        "following": null,
        "follow_request_sent": null,
        "notifications": null,
        "translator_type": "none"
    },
    "geo": null,
    "coordinates": null,
    "place": null,
    "contributors": null,
    "is_quote_status": false,
    "retweet_count": 0,
    "favorite_count": 2,
    "favorited": false,
    "retweeted": false,
    "possibly_sensitive": false,
    "lang": "en"
}