{
    "created_at": "Tue Mar 10 11:06:11 +0000 2020",
    "id": 1237333928509353985,
    "id_str": "1237333928509353985",
    "text": "Quand m\u00eame @LouisVuitton sort une robe avec un rabat, tu comprends que les #avocats sont hyper tendance \ud83d\ude04 https://t.co/pEQ86afXX9",
    "truncated": false,
    "entities": {
        "hashtags": [
            {
                "text": "avocats",
                "indices": [
                    75,
                    83
                ]
            }
        ],
        "symbols": [],
        "user_mentions": [
            {
                "screen_name": "LouisVuitton",
                "name": "Louis Vuitton",
                "id": 44084633,
                "id_str": "44084633",
                "indices": [
                    11,
                    24
                ]
            }
        ],
        "urls": [],
        "media": [
            {
                "id": 1237333918162042880,
                "id_str": "1237333918162042880",
                "indices": [
                    106,
                    129
                ],
                "media_url": "http://pbs.twimg.com/media/ESvkpJSXQAA2pFp.jpg",
                "media_url_https": "https://pbs.twimg.com/media/ESvkpJSXQAA2pFp.jpg",
                "url": "https://t.co/pEQ86afXX9",
                "display_url": "pic.twitter.com/pEQ86afXX9",
                "expanded_url": "https://twitter.com/EdithFaraut/status/1237333928509353985/photo/1",
                "type": "photo",
                "sizes": {
                    "thumb": {
                        "w": 150,
                        "h": 150,
                        "resize": "crop"
                    },
                    "large": {
                        "w": 1536,
                        "h": 2048,
                        "resize": "fit"
                    },
                    "small": {
                        "w": 510,
                        "h": 680,
                        "resize": "fit"
                    },
                    "medium": {
                        "w": 900,
                        "h": 1200,
                        "resize": "fit"
                    }
                }
            }
        ]
    },
    "extended_entities": {
        "media": [
            {
                "id": 1237333918162042880,
                "id_str": "1237333918162042880",
                "indices": [
                    106,
                    129
                ],
                "media_url": "http://pbs.twimg.com/media/ESvkpJSXQAA2pFp.jpg",
                "media_url_https": "https://pbs.twimg.com/media/ESvkpJSXQAA2pFp.jpg",
                "url": "https://t.co/pEQ86afXX9",
                "display_url": "pic.twitter.com/pEQ86afXX9",
                "expanded_url": "https://twitter.com/EdithFaraut/status/1237333928509353985/photo/1",
                "type": "photo",
                "sizes": {
                    "thumb": {
                        "w": 150,
                        "h": 150,
                        "resize": "crop"
                    },
                    "large": {
                        "w": 1536,
                        "h": 2048,
                        "resize": "fit"
                    },
                    "small": {
                        "w": 510,
                        "h": 680,
                        "resize": "fit"
                    },
                    "medium": {
                        "w": 900,
                        "h": 1200,
                        "resize": "fit"
                    }
                }
            }
        ]
    },
    "metadata": {
        "iso_language_code": "fr",
        "result_type": "recent"
    },
    "source": "<a href=\"http://twitter.com/download/android\" rel=\"nofollow\">Twitter for Android</a>",
    "in_reply_to_status_id": null,
    "in_reply_to_status_id_str": null,
    "in_reply_to_user_id": null,
    "in_reply_to_user_id_str": null,
    "in_reply_to_screen_name": null,
    "user": {
        "id": 1218441701074837504,
        "id_str": "1218441701074837504",
        "name": "Edith Faraut",
        "screen_name": "EdithFaraut",
        "location": "Nice, France",
        "description": "Ni\u00e7oise, avocate le jour et peintre la nuit, mon credo l'imagination au pouvoir",
        "url": null,
        "entities": {
            "description": {
                "urls": []
            }
        },
        "protected": false,
        "followers_count": 86,
        "friends_count": 185,
        "listed_count": 1,
        "created_at": "Sat Jan 18 07:55:31 +0000 2020",
        "favourites_count": 341,
        "utc_offset": null,
        "time_zone": null,
        "geo_enabled": true,
        "verified": false,
        "statuses_count": 178,
        "lang": null,
        "contributors_enabled": false,
        "is_translator": false,
        "is_translation_enabled": false,
        "profile_background_color": "F5F8FA",
        "profile_background_image_url": null,
        "profile_background_image_url_https": null,
        "profile_background_tile": false,
        "profile_image_url": "http://pbs.twimg.com/profile_images/1220464537465446403/WLAXvinV_normal.jpg",
        "profile_image_url_https": "https://pbs.twimg.com/profile_images/1220464537465446403/WLAXvinV_normal.jpg",
        "profile_banner_url": "https://pbs.twimg.com/profile_banners/1218441701074837504/1581017528",
        "profile_link_color": "1DA1F2",
        "profile_sidebar_border_color": "C0DEED",
        "profile_sidebar_fill_color": "DDEEF6",
        "profile_text_color": "333333",
        "profile_use_background_image": true,
        "has_extended_profile": false,
        "default_profile": true,
        "default_profile_image": false,
        "following": null,
        "follow_request_sent": null,
        "notifications": null,
        "translator_type": "none"
    },
    "geo": null,
    "coordinates": null,
    "place": null,
    "contributors": null,
    "is_quote_status": false,
    "retweet_count": 1,
    "favorite_count": 4,
    "favorited": false,
    "retweeted": false,
    "possibly_sensitive": false,
    "lang": "fr"
}