{
    "created_at": "Tue Mar 10 14:36:34 +0000 2020",
    "id": 1237386870348103681,
    "id_str": "1237386870348103681",
    "text": "RT @iridescent_boy: Louis Vuitton Record -4\n\nhttps://t.co/f7P8RIU2Ht\n\n#\uc138\ud6c8 #SEHUN #\u5434\u4e16\u52cb #LVBoySehun\n@LouisVuitton @weareoneEXO https://t.co/T\u2026",
    "truncated": false,
    "entities": {
        "hashtags": [
            {
                "text": "\uc138\ud6c8",
                "indices": [
                    70,
                    73
                ]
            },
            {
                "text": "SEHUN",
                "indices": [
                    74,
                    80
                ]
            },
            {
                "text": "\u5434\u4e16\u52cb",
                "indices": [
                    81,
                    85
                ]
            },
            {
                "text": "LVBoySehun",
                "indices": [
                    86,
                    97
                ]
            }
        ],
        "symbols": [],
        "user_mentions": [
            {
                "screen_name": "iridescent_boy",
                "name": "\uc774\ub9ac\ub514\uc13c\ud2b8 \u2764\ufe0f\u00d7412",
                "id": 565145864,
                "id_str": "565145864",
                "indices": [
                    3,
                    18
                ]
            },
            {
                "screen_name": "LouisVuitton",
                "name": "Louis Vuitton",
                "id": 44084633,
                "id_str": "44084633",
                "indices": [
                    98,
                    111
                ]
            },
            {
                "screen_name": "weareoneEXO",
                "name": "EXO",
                "id": 873115441303924736,
                "id_str": "873115441303924736",
                "indices": [
                    112,
                    124
                ]
            }
        ],
        "urls": [
            {
                "url": "https://t.co/f7P8RIU2Ht",
                "expanded_url": "http://cfile1.uf.tistory.com/original/997A77335DB9F0C009513A",
                "display_url": "cfile1.uf.tistory.com/original/997A7\u2026",
                "indices": [
                    45,
                    68
                ]
            }
        ]
    },
    "metadata": {
        "iso_language_code": "fr",
        "result_type": "recent"
    },
    "source": "<a href=\"https://mobile.twitter.com\" rel=\"nofollow\">Twitter Web App</a>",
    "in_reply_to_status_id": null,
    "in_reply_to_status_id_str": null,
    "in_reply_to_user_id": null,
    "in_reply_to_user_id_str": null,
    "in_reply_to_screen_name": null,
    "user": {
        "id": 884451380982800384,
        "id_str": "884451380982800384",
        "name": "\u0e41\u0e2d\u0e25 \ud83d\udc23",
        "screen_name": "tungpangxz",
        "location": "\u02d7\u02cf\u02cb L-1485 \u02ce\u02ca\u02d7",
        "description": "\ud835\udc3a\ud835\udc5c\ud835\udc5c\ud835\udc51 \ud835\udc5a\ud835\udc5c\ud835\udc5a\ud835\udc52\ud835\udc5b\ud835\udc61\ud835\udc60 \ud835\udc4f\ud835\udc52\ud835\udc50\ud835\udc5c\ud835\udc5a\ud835\udc52 \ud835\udc54\ud835\udc5c\ud835\udc5c\ud835\udc51 \ud835\udc5a\ud835\udc52\ud835\udc5a\ud835\udc5c\ud835\udc5f\ud835\udc56\ud835\udc52\ud835\udc60",
        "url": null,
        "entities": {
            "description": {
                "urls": []
            }
        },
        "protected": false,
        "followers_count": 193,
        "friends_count": 514,
        "listed_count": 0,
        "created_at": "Mon Jul 10 16:36:56 +0000 2017",
        "favourites_count": 18192,
        "utc_offset": null,
        "time_zone": null,
        "geo_enabled": false,
        "verified": false,
        "statuses_count": 53950,
        "lang": null,
        "contributors_enabled": false,
        "is_translator": false,
        "is_translation_enabled": false,
        "profile_background_color": "000000",
        "profile_background_image_url": "http://abs.twimg.com/images/themes/theme1/bg.png",
        "profile_background_image_url_https": "https://abs.twimg.com/images/themes/theme1/bg.png",
        "profile_background_tile": false,
        "profile_image_url": "http://pbs.twimg.com/profile_images/1230651393742163968/it09Hna6_normal.jpg",
        "profile_image_url_https": "https://pbs.twimg.com/profile_images/1230651393742163968/it09Hna6_normal.jpg",
        "profile_banner_url": "https://pbs.twimg.com/profile_banners/884451380982800384/1563237887",
        "profile_link_color": "FAB81E",
        "profile_sidebar_border_color": "000000",
        "profile_sidebar_fill_color": "000000",
        "profile_text_color": "000000",
        "profile_use_background_image": false,
        "has_extended_profile": true,
        "default_profile": false,
        "default_profile_image": false,
        "following": null,
        "follow_request_sent": null,
        "notifications": null,
        "translator_type": "none"
    },
    "geo": null,
    "coordinates": null,
    "place": null,
    "contributors": null,
    "retweeted_status": {
        "created_at": "Wed Oct 30 20:22:22 +0000 2019",
        "id": 1189638696774979584,
        "id_str": "1189638696774979584",
        "text": "Louis Vuitton Record -4\n\nhttps://t.co/f7P8RIU2Ht\n\n#\uc138\ud6c8 #SEHUN #\u5434\u4e16\u52cb #LVBoySehun\n@LouisVuitton @weareoneEXO https://t.co/TfQkiUjJrS",
        "truncated": false,
        "entities": {
            "hashtags": [
                {
                    "text": "\uc138\ud6c8",
                    "indices": [
                        50,
                        53
                    ]
                },
                {
                    "text": "SEHUN",
                    "indices": [
                        54,
                        60
                    ]
                },
                {
                    "text": "\u5434\u4e16\u52cb",
                    "indices": [
                        61,
                        65
                    ]
                },
                {
                    "text": "LVBoySehun",
                    "indices": [
                        66,
                        77
                    ]
                }
            ],
            "symbols": [],
            "user_mentions": [
                {
                    "screen_name": "LouisVuitton",
                    "name": "Louis Vuitton",
                    "id": 44084633,
                    "id_str": "44084633",
                    "indices": [
                        78,
                        91
                    ]
                },
                {
                    "screen_name": "weareoneEXO",
                    "name": "EXO",
                    "id": 873115441303924736,
                    "id_str": "873115441303924736",
                    "indices": [
                        92,
                        104
                    ]
                }
            ],
            "urls": [
                {
                    "url": "https://t.co/f7P8RIU2Ht",
                    "expanded_url": "http://cfile1.uf.tistory.com/original/997A77335DB9F0C009513A",
                    "display_url": "cfile1.uf.tistory.com/original/997A7\u2026",
                    "indices": [
                        25,
                        48
                    ]
                }
            ],
            "media": [
                {
                    "id": 1189638688734633984,
                    "id_str": "1189638688734633984",
                    "indices": [
                        105,
                        128
                    ],
                    "media_url": "http://pbs.twimg.com/media/EIJyFZ0W4AA5B5v.jpg",
                    "media_url_https": "https://pbs.twimg.com/media/EIJyFZ0W4AA5B5v.jpg",
                    "url": "https://t.co/TfQkiUjJrS",
                    "display_url": "pic.twitter.com/TfQkiUjJrS",
                    "expanded_url": "https://twitter.com/iridescent_boy/status/1189638696774979584/photo/1",
                    "type": "photo",
                    "sizes": {
                        "thumb": {
                            "w": 150,
                            "h": 150,
                            "resize": "crop"
                        },
                        "medium": {
                            "w": 800,
                            "h": 1200,
                            "resize": "fit"
                        },
                        "large": {
                            "w": 1200,
                            "h": 1800,
                            "resize": "fit"
                        },
                        "small": {
                            "w": 453,
                            "h": 680,
                            "resize": "fit"
                        }
                    }
                }
            ]
        },
        "extended_entities": {
            "media": [
                {
                    "id": 1189638688734633984,
                    "id_str": "1189638688734633984",
                    "indices": [
                        105,
                        128
                    ],
                    "media_url": "http://pbs.twimg.com/media/EIJyFZ0W4AA5B5v.jpg",
                    "media_url_https": "https://pbs.twimg.com/media/EIJyFZ0W4AA5B5v.jpg",
                    "url": "https://t.co/TfQkiUjJrS",
                    "display_url": "pic.twitter.com/TfQkiUjJrS",
                    "expanded_url": "https://twitter.com/iridescent_boy/status/1189638696774979584/photo/1",
                    "type": "photo",
                    "sizes": {
                        "thumb": {
                            "w": 150,
                            "h": 150,
                            "resize": "crop"
                        },
                        "medium": {
                            "w": 800,
                            "h": 1200,
                            "resize": "fit"
                        },
                        "large": {
                            "w": 1200,
                            "h": 1800,
                            "resize": "fit"
                        },
                        "small": {
                            "w": 453,
                            "h": 680,
                            "resize": "fit"
                        }
                    }
                }
            ]
        },
        "metadata": {
            "iso_language_code": "fr",
            "result_type": "recent"
        },
        "source": "<a href=\"https://mobile.twitter.com\" rel=\"nofollow\">Twitter Web App</a>",
        "in_reply_to_status_id": null,
        "in_reply_to_status_id_str": null,
        "in_reply_to_user_id": null,
        "in_reply_to_user_id_str": null,
        "in_reply_to_screen_name": null,
        "user": {
            "id": 565145864,
            "id_str": "565145864",
            "name": "\uc774\ub9ac\ub514\uc13c\ud2b8 \u2764\ufe0f\u00d7412",
            "screen_name": "iridescent_boy",
            "location": "",
            "description": "IRIDESCENT BOY 4 EXO SEHUN\u2728",
            "url": "https://t.co/6xKqLiKcaQ",
            "entities": {
                "url": {
                    "urls": [
                        {
                            "url": "https://t.co/6xKqLiKcaQ",
                            "expanded_url": "http://ohsehun.kr",
                            "display_url": "ohsehun.kr",
                            "indices": [
                                0,
                                23
                            ]
                        }
                    ]
                },
                "description": {
                    "urls": []
                }
            },
            "protected": false,
            "followers_count": 1127540,
            "friends_count": 11,
            "listed_count": 6224,
            "created_at": "Sat Apr 28 04:11:18 +0000 2012",
            "favourites_count": 45,
            "utc_offset": null,
            "time_zone": null,
            "geo_enabled": false,
            "verified": false,
            "statuses_count": 17958,
            "lang": null,
            "contributors_enabled": false,
            "is_translator": false,
            "is_translation_enabled": false,
            "profile_background_color": "FFFFFF",
            "profile_background_image_url": "http://abs.twimg.com/images/themes/theme14/bg.gif",
            "profile_background_image_url_https": "https://abs.twimg.com/images/themes/theme14/bg.gif",
            "profile_background_tile": true,
            "profile_image_url": "http://pbs.twimg.com/profile_images/1195031594236465152/KygOBXLM_normal.jpg",
            "profile_image_url_https": "https://pbs.twimg.com/profile_images/1195031594236465152/KygOBXLM_normal.jpg",
            "profile_link_color": "E93030",
            "profile_sidebar_border_color": "FFFFFF",
            "profile_sidebar_fill_color": "DDEEF6",
            "profile_text_color": "333333",
            "profile_use_background_image": false,
            "has_extended_profile": false,
            "default_profile": false,
            "default_profile_image": false,
            "following": null,
            "follow_request_sent": null,
            "notifications": null,
            "translator_type": "none"
        },
        "geo": null,
        "coordinates": null,
        "place": null,
        "contributors": null,
        "is_quote_status": false,
        "retweet_count": 4873,
        "favorite_count": 4754,
        "favorited": false,
        "retweeted": false,
        "possibly_sensitive": false,
        "lang": "fr"
    },
    "is_quote_status": false,
    "retweet_count": 4873,
    "favorite_count": 0,
    "favorited": false,
    "retweeted": false,
    "possibly_sensitive": false,
    "lang": "fr"
}