{
    "created_at": "Mon Mar 09 23:19:46 +0000 2020",
    "id": 1237156152972062720,
    "id_str": "1237156152972062720",
    "text": "RT @numbaonethreat2: |drip everyday like a runny nose \ud83d\udc43\ud83c\udffd |\n\n@ZARA X @LouisVuitton https://t.co/xmF305nqcP",
    "truncated": false,
    "entities": {
        "hashtags": [],
        "symbols": [],
        "user_mentions": [
            {
                "screen_name": "numbaonethreat2",
                "name": "b i g s t e p p e r \ud83d\udc60",
                "id": 780520877674815488,
                "id_str": "780520877674815488",
                "indices": [
                    3,
                    19
                ]
            },
            {
                "screen_name": "ZARA",
                "name": "ZARA",
                "id": 346742249,
                "id_str": "346742249",
                "indices": [
                    60,
                    65
                ]
            },
            {
                "screen_name": "LouisVuitton",
                "name": "Louis Vuitton",
                "id": 44084633,
                "id_str": "44084633",
                "indices": [
                    68,
                    81
                ]
            }
        ],
        "urls": [],
        "media": [
            {
                "id": 1237068287302946817,
                "id_str": "1237068287302946817",
                "indices": [
                    82,
                    105
                ],
                "media_url": "http://pbs.twimg.com/media/ESrzDZOX0AEmlYB.jpg",
                "media_url_https": "https://pbs.twimg.com/media/ESrzDZOX0AEmlYB.jpg",
                "url": "https://t.co/xmF305nqcP",
                "display_url": "pic.twitter.com/xmF305nqcP",
                "expanded_url": "https://twitter.com/numbaonethreat2/status/1237068303320920068/photo/1",
                "type": "photo",
                "sizes": {
                    "thumb": {
                        "w": 150,
                        "h": 150,
                        "resize": "crop"
                    },
                    "large": {
                        "w": 1536,
                        "h": 2048,
                        "resize": "fit"
                    },
                    "medium": {
                        "w": 900,
                        "h": 1200,
                        "resize": "fit"
                    },
                    "small": {
                        "w": 510,
                        "h": 680,
                        "resize": "fit"
                    }
                },
                "source_status_id": 1237068303320920068,
                "source_status_id_str": "1237068303320920068",
                "source_user_id": 780520877674815488,
                "source_user_id_str": "780520877674815488"
            }
        ]
    },
    "extended_entities": {
        "media": [
            {
                "id": 1237068287302946817,
                "id_str": "1237068287302946817",
                "indices": [
                    82,
                    105
                ],
                "media_url": "http://pbs.twimg.com/media/ESrzDZOX0AEmlYB.jpg",
                "media_url_https": "https://pbs.twimg.com/media/ESrzDZOX0AEmlYB.jpg",
                "url": "https://t.co/xmF305nqcP",
                "display_url": "pic.twitter.com/xmF305nqcP",
                "expanded_url": "https://twitter.com/numbaonethreat2/status/1237068303320920068/photo/1",
                "type": "photo",
                "sizes": {
                    "thumb": {
                        "w": 150,
                        "h": 150,
                        "resize": "crop"
                    },
                    "large": {
                        "w": 1536,
                        "h": 2048,
                        "resize": "fit"
                    },
                    "medium": {
                        "w": 900,
                        "h": 1200,
                        "resize": "fit"
                    },
                    "small": {
                        "w": 510,
                        "h": 680,
                        "resize": "fit"
                    }
                },
                "source_status_id": 1237068303320920068,
                "source_status_id_str": "1237068303320920068",
                "source_user_id": 780520877674815488,
                "source_user_id_str": "780520877674815488"
            }
        ]
    },
    "metadata": {
        "iso_language_code": "en",
        "result_type": "recent"
    },
    "source": "<a href=\"http://twitter.com/download/iphone\" rel=\"nofollow\">Twitter for iPhone</a>",
    "in_reply_to_status_id": null,
    "in_reply_to_status_id_str": null,
    "in_reply_to_user_id": null,
    "in_reply_to_user_id_str": null,
    "in_reply_to_screen_name": null,
    "user": {
        "id": 231564241,
        "id_str": "231564241",
        "name": "LiyahMo\ud83d\udc95",
        "screen_name": "_SheBoojieee",
        "location": "",
        "description": "Aliyah's Mother \ud83d\udc51 Nurse\ud83d\udc69\ud83c\udffe\u200d\u2695\ufe0f Rest In Heaven Daddy,Johnel,Taylor,Tyre&J.Lee\ud83d\ude4f\ud83c\udffd PVAMU Almuna\ud83d\udc9c\ud83d\udc9b",
        "url": null,
        "entities": {
            "description": {
                "urls": []
            }
        },
        "protected": false,
        "followers_count": 1367,
        "friends_count": 663,
        "listed_count": 4,
        "created_at": "Tue Dec 28 21:50:59 +0000 2010",
        "favourites_count": 2946,
        "utc_offset": null,
        "time_zone": null,
        "geo_enabled": true,
        "verified": false,
        "statuses_count": 53935,
        "lang": null,
        "contributors_enabled": false,
        "is_translator": false,
        "is_translation_enabled": false,
        "profile_background_color": "0099B9",
        "profile_background_image_url": "http://abs.twimg.com/images/themes/theme4/bg.gif",
        "profile_background_image_url_https": "https://abs.twimg.com/images/themes/theme4/bg.gif",
        "profile_background_tile": true,
        "profile_image_url": "http://pbs.twimg.com/profile_images/956216445003689984/gYSUZhoU_normal.jpg",
        "profile_image_url_https": "https://pbs.twimg.com/profile_images/956216445003689984/gYSUZhoU_normal.jpg",
        "profile_banner_url": "https://pbs.twimg.com/profile_banners/231564241/1513379070",
        "profile_link_color": "0099B9",
        "profile_sidebar_border_color": "5ED4DC",
        "profile_sidebar_fill_color": "12E812",
        "profile_text_color": "3C3940",
        "profile_use_background_image": true,
        "has_extended_profile": true,
        "default_profile": false,
        "default_profile_image": false,
        "following": null,
        "follow_request_sent": null,
        "notifications": null,
        "translator_type": "none"
    },
    "geo": null,
    "coordinates": null,
    "place": null,
    "contributors": null,
    "retweeted_status": {
        "created_at": "Mon Mar 09 17:30:41 +0000 2020",
        "id": 1237068303320920068,
        "id_str": "1237068303320920068",
        "text": "|drip everyday like a runny nose \ud83d\udc43\ud83c\udffd |\n\n@ZARA X @LouisVuitton https://t.co/xmF305nqcP",
        "truncated": false,
        "entities": {
            "hashtags": [],
            "symbols": [],
            "user_mentions": [
                {
                    "screen_name": "ZARA",
                    "name": "ZARA",
                    "id": 346742249,
                    "id_str": "346742249",
                    "indices": [
                        39,
                        44
                    ]
                },
                {
                    "screen_name": "LouisVuitton",
                    "name": "Louis Vuitton",
                    "id": 44084633,
                    "id_str": "44084633",
                    "indices": [
                        47,
                        60
                    ]
                }
            ],
            "urls": [],
            "media": [
                {
                    "id": 1237068287302946817,
                    "id_str": "1237068287302946817",
                    "indices": [
                        61,
                        84
                    ],
                    "media_url": "http://pbs.twimg.com/media/ESrzDZOX0AEmlYB.jpg",
                    "media_url_https": "https://pbs.twimg.com/media/ESrzDZOX0AEmlYB.jpg",
                    "url": "https://t.co/xmF305nqcP",
                    "display_url": "pic.twitter.com/xmF305nqcP",
                    "expanded_url": "https://twitter.com/numbaonethreat2/status/1237068303320920068/photo/1",
                    "type": "photo",
                    "sizes": {
                        "thumb": {
                            "w": 150,
                            "h": 150,
                            "resize": "crop"
                        },
                        "large": {
                            "w": 1536,
                            "h": 2048,
                            "resize": "fit"
                        },
                        "medium": {
                            "w": 900,
                            "h": 1200,
                            "resize": "fit"
                        },
                        "small": {
                            "w": 510,
                            "h": 680,
                            "resize": "fit"
                        }
                    }
                }
            ]
        },
        "extended_entities": {
            "media": [
                {
                    "id": 1237068287302946817,
                    "id_str": "1237068287302946817",
                    "indices": [
                        61,
                        84
                    ],
                    "media_url": "http://pbs.twimg.com/media/ESrzDZOX0AEmlYB.jpg",
                    "media_url_https": "https://pbs.twimg.com/media/ESrzDZOX0AEmlYB.jpg",
                    "url": "https://t.co/xmF305nqcP",
                    "display_url": "pic.twitter.com/xmF305nqcP",
                    "expanded_url": "https://twitter.com/numbaonethreat2/status/1237068303320920068/photo/1",
                    "type": "photo",
                    "sizes": {
                        "thumb": {
                            "w": 150,
                            "h": 150,
                            "resize": "crop"
                        },
                        "large": {
                            "w": 1536,
                            "h": 2048,
                            "resize": "fit"
                        },
                        "medium": {
                            "w": 900,
                            "h": 1200,
                            "resize": "fit"
                        },
                        "small": {
                            "w": 510,
                            "h": 680,
                            "resize": "fit"
                        }
                    }
                }
            ]
        },
        "metadata": {
            "iso_language_code": "en",
            "result_type": "recent"
        },
        "source": "<a href=\"http://twitter.com/download/iphone\" rel=\"nofollow\">Twitter for iPhone</a>",
        "in_reply_to_status_id": null,
        "in_reply_to_status_id_str": null,
        "in_reply_to_user_id": null,
        "in_reply_to_user_id_str": null,
        "in_reply_to_screen_name": null,
        "user": {
            "id": 780520877674815488,
            "id_str": "780520877674815488",
            "name": "b i g s t e p p e r \ud83d\udc60",
            "screen_name": "numbaonethreat2",
            "location": "e v o l v i n g \ud83c\udf3b",
            "description": "o7.o5.14 \u2764\ufe0f;;",
            "url": null,
            "entities": {
                "description": {
                    "urls": []
                }
            },
            "protected": false,
            "followers_count": 600,
            "friends_count": 413,
            "listed_count": 6,
            "created_at": "Mon Sep 26 21:34:13 +0000 2016",
            "favourites_count": 2276,
            "utc_offset": null,
            "time_zone": null,
            "geo_enabled": false,
            "verified": false,
            "statuses_count": 14746,
            "lang": null,
            "contributors_enabled": false,
            "is_translator": false,
            "is_translation_enabled": false,
            "profile_background_color": "F5F8FA",
            "profile_background_image_url": null,
            "profile_background_image_url_https": null,
            "profile_background_tile": false,
            "profile_image_url": "http://pbs.twimg.com/profile_images/1224521964959739904/0a0XpTFc_normal.jpg",
            "profile_image_url_https": "https://pbs.twimg.com/profile_images/1224521964959739904/0a0XpTFc_normal.jpg",
            "profile_banner_url": "https://pbs.twimg.com/profile_banners/780520877674815488/1583082532",
            "profile_link_color": "1DA1F2",
            "profile_sidebar_border_color": "C0DEED",
            "profile_sidebar_fill_color": "DDEEF6",
            "profile_text_color": "333333",
            "profile_use_background_image": true,
            "has_extended_profile": true,
            "default_profile": true,
            "default_profile_image": false,
            "following": null,
            "follow_request_sent": null,
            "notifications": null,
            "translator_type": "none"
        },
        "geo": null,
        "coordinates": null,
        "place": null,
        "contributors": null,
        "is_quote_status": false,
        "retweet_count": 5,
        "favorite_count": 42,
        "favorited": false,
        "retweeted": false,
        "possibly_sensitive": false,
        "lang": "en"
    },
    "is_quote_status": false,
    "retweet_count": 5,
    "favorite_count": 0,
    "favorited": false,
    "retweeted": false,
    "possibly_sensitive": false,
    "lang": "en"
}