{
    "created_at": "Tue Mar 10 02:36:44 +0000 2020",
    "id": 1237205720258486274,
    "id_str": "1237205720258486274",
    "text": "RT @iConversations: #Kids: Kreative  Individual Diplomats. \u00a9 dmp 2016 https://t.co/srBcn1kVYN\n\n\"Gotta Jet\". @VirgilAbloh @LouisVuitton @iCo\u2026",
    "truncated": false,
    "entities": {
        "hashtags": [
            {
                "text": "Kids",
                "indices": [
                    20,
                    25
                ]
            }
        ],
        "symbols": [],
        "user_mentions": [
            {
                "screen_name": "iConversations",
                "name": "Conversations",
                "id": 32517666,
                "id_str": "32517666",
                "indices": [
                    3,
                    18
                ]
            },
            {
                "screen_name": "virgilabloh",
                "name": "virgil abloh",
                "id": 21845792,
                "id_str": "21845792",
                "indices": [
                    108,
                    120
                ]
            },
            {
                "screen_name": "LouisVuitton",
                "name": "Louis Vuitton",
                "id": 44084633,
                "id_str": "44084633",
                "indices": [
                    121,
                    134
                ]
            }
        ],
        "urls": [
            {
                "url": "https://t.co/srBcn1kVYN",
                "expanded_url": "http://iconversations.biz/DeniseMPulliam.aspx",
                "display_url": "iconversations.biz/DeniseMPulliam\u2026",
                "indices": [
                    70,
                    93
                ]
            }
        ]
    },
    "metadata": {
        "iso_language_code": "en",
        "result_type": "recent"
    },
    "source": "<a href=\"http://twitter.com/download/android\" rel=\"nofollow\">Twitter for Android</a>",
    "in_reply_to_status_id": null,
    "in_reply_to_status_id_str": null,
    "in_reply_to_user_id": null,
    "in_reply_to_user_id_str": null,
    "in_reply_to_screen_name": null,
    "user": {
        "id": 36230769,
        "id_str": "36230769",
        "name": "black barbershops",
        "screen_name": "blackbarbershop",
        "location": "USA.Global",
        "description": "@BlackBarbershop @iConversations engaging Barbershops. https://t.co/54Hd4O4YgB https://t.co/BCQrf9moEn https://t.co/2AeApcLRiE\n 202.748.2870",
        "url": "https://t.co/NRkBHFukqM",
        "entities": {
            "url": {
                "urls": [
                    {
                        "url": "https://t.co/NRkBHFukqM",
                        "expanded_url": "http://iSalons.Biz",
                        "display_url": "iSalons.Biz",
                        "indices": [
                            0,
                            23
                        ]
                    }
                ]
            },
            "description": {
                "urls": [
                    {
                        "url": "https://t.co/54Hd4O4YgB",
                        "expanded_url": "http://Instagram.com/iConversations",
                        "display_url": "Instagram.com/iConversations",
                        "indices": [
                            55,
                            78
                        ]
                    },
                    {
                        "url": "https://t.co/BCQrf9moEn",
                        "expanded_url": "http://Instagram.com/BlackHAIRSalons",
                        "display_url": "Instagram.com/BlackHAIRSalons",
                        "indices": [
                            79,
                            102
                        ]
                    },
                    {
                        "url": "https://t.co/2AeApcLRiE",
                        "expanded_url": "http://Instagram.com/BlackDaySpas",
                        "display_url": "Instagram.com/BlackDaySpas",
                        "indices": [
                            103,
                            126
                        ]
                    }
                ]
            }
        },
        "protected": false,
        "followers_count": 2774,
        "friends_count": 1333,
        "listed_count": 71,
        "created_at": "Wed Apr 29 00:40:53 +0000 2009",
        "favourites_count": 7196,
        "utc_offset": null,
        "time_zone": null,
        "geo_enabled": false,
        "verified": false,
        "statuses_count": 69827,
        "lang": null,
        "contributors_enabled": false,
        "is_translator": false,
        "is_translation_enabled": false,
        "profile_background_color": "FFFFFF",
        "profile_background_image_url": "http://abs.twimg.com/images/themes/theme1/bg.png",
        "profile_background_image_url_https": "https://abs.twimg.com/images/themes/theme1/bg.png",
        "profile_background_tile": false,
        "profile_image_url": "http://pbs.twimg.com/profile_images/871243241336832000/nuw0t19V_normal.jpg",
        "profile_image_url_https": "https://pbs.twimg.com/profile_images/871243241336832000/nuw0t19V_normal.jpg",
        "profile_banner_url": "https://pbs.twimg.com/profile_banners/36230769/1565716835",
        "profile_link_color": "270F7D",
        "profile_sidebar_border_color": "A0A69C",
        "profile_sidebar_fill_color": "FFFFFF",
        "profile_text_color": "333333",
        "profile_use_background_image": true,
        "has_extended_profile": true,
        "default_profile": false,
        "default_profile_image": false,
        "following": null,
        "follow_request_sent": null,
        "notifications": null,
        "translator_type": "none"
    },
    "geo": null,
    "coordinates": null,
    "place": null,
    "contributors": null,
    "retweeted_status": {
        "created_at": "Fri Mar 06 15:22:40 +0000 2020",
        "id": 1235948922474057730,
        "id_str": "1235948922474057730",
        "text": "#Kids: Kreative  Individual Diplomats. \u00a9 dmp 2016 https://t.co/srBcn1kVYN\n\n\"Gotta Jet\". @VirgilAbloh @LouisVuitton\u2026 https://t.co/9B7NUaiA2t",
        "truncated": true,
        "entities": {
            "hashtags": [
                {
                    "text": "Kids",
                    "indices": [
                        0,
                        5
                    ]
                }
            ],
            "symbols": [],
            "user_mentions": [
                {
                    "screen_name": "virgilabloh",
                    "name": "virgil abloh",
                    "id": 21845792,
                    "id_str": "21845792",
                    "indices": [
                        88,
                        100
                    ]
                },
                {
                    "screen_name": "LouisVuitton",
                    "name": "Louis Vuitton",
                    "id": 44084633,
                    "id_str": "44084633",
                    "indices": [
                        101,
                        114
                    ]
                }
            ],
            "urls": [
                {
                    "url": "https://t.co/srBcn1kVYN",
                    "expanded_url": "http://iconversations.biz/DeniseMPulliam.aspx",
                    "display_url": "iconversations.biz/DeniseMPulliam\u2026",
                    "indices": [
                        50,
                        73
                    ]
                },
                {
                    "url": "https://t.co/9B7NUaiA2t",
                    "expanded_url": "https://twitter.com/i/web/status/1235948922474057730",
                    "display_url": "twitter.com/i/web/status/1\u2026",
                    "indices": [
                        116,
                        139
                    ]
                }
            ]
        },
        "metadata": {
            "iso_language_code": "en",
            "result_type": "recent"
        },
        "source": "<a href=\"http://twitter.com/download/android\" rel=\"nofollow\">Twitter for Android</a>",
        "in_reply_to_status_id": null,
        "in_reply_to_status_id_str": null,
        "in_reply_to_user_id": null,
        "in_reply_to_user_id_str": null,
        "in_reply_to_screen_name": null,
        "user": {
            "id": 32517666,
            "id_str": "32517666",
            "name": "Conversations",
            "screen_name": "iConversations",
            "location": "USA Global . Washington DC",
            "description": "@iConversations engaging @BlackHAIRSalons @BlackBarbershop @SalonSaturday @BlackDaySpas https://t.co/BCQrf9moEn https://t.co/54Hd4O4YgB 202.748.2870",
            "url": "https://t.co/JafZWatLdD",
            "entities": {
                "url": {
                    "urls": [
                        {
                            "url": "https://t.co/JafZWatLdD",
                            "expanded_url": "http://www.iConversations.biz",
                            "display_url": "iConversations.biz",
                            "indices": [
                                0,
                                23
                            ]
                        }
                    ]
                },
                "description": {
                    "urls": [
                        {
                            "url": "https://t.co/BCQrf9moEn",
                            "expanded_url": "http://Instagram.com/BlackHAIRSalons",
                            "display_url": "Instagram.com/BlackHAIRSalons",
                            "indices": [
                                88,
                                111
                            ]
                        },
                        {
                            "url": "https://t.co/54Hd4O4YgB",
                            "expanded_url": "http://Instagram.com/iConversations",
                            "display_url": "Instagram.com/iConversations",
                            "indices": [
                                112,
                                135
                            ]
                        }
                    ]
                }
            },
            "protected": false,
            "followers_count": 3667,
            "friends_count": 3688,
            "listed_count": 128,
            "created_at": "Fri Apr 17 18:45:10 +0000 2009",
            "favourites_count": 148998,
            "utc_offset": null,
            "time_zone": null,
            "geo_enabled": true,
            "verified": false,
            "statuses_count": 192286,
            "lang": null,
            "contributors_enabled": false,
            "is_translator": false,
            "is_translation_enabled": false,
            "profile_background_color": "381904",
            "profile_background_image_url": "http://abs.twimg.com/images/themes/theme8/bg.gif",
            "profile_background_image_url_https": "https://abs.twimg.com/images/themes/theme8/bg.gif",
            "profile_background_tile": false,
            "profile_image_url": "http://pbs.twimg.com/profile_images/749934611921199104/hNvb6Pi__normal.jpg",
            "profile_image_url_https": "https://pbs.twimg.com/profile_images/749934611921199104/hNvb6Pi__normal.jpg",
            "profile_banner_url": "https://pbs.twimg.com/profile_banners/32517666/1452981388",
            "profile_link_color": "BF9D24",
            "profile_sidebar_border_color": "A85303",
            "profile_sidebar_fill_color": "783B02",
            "profile_text_color": "8F7F21",
            "profile_use_background_image": true,
            "has_extended_profile": true,
            "default_profile": false,
            "default_profile_image": false,
            "following": null,
            "follow_request_sent": null,
            "notifications": null,
            "translator_type": "none"
        },
        "geo": null,
        "coordinates": null,
        "place": null,
        "contributors": null,
        "is_quote_status": false,
        "retweet_count": 5,
        "favorite_count": 0,
        "favorited": false,
        "retweeted": false,
        "possibly_sensitive": false,
        "lang": "en"
    },
    "is_quote_status": false,
    "retweet_count": 5,
    "favorite_count": 0,
    "favorited": false,
    "retweeted": false,
    "possibly_sensitive": false,
    "lang": "en"
}