{
    "created_at": "Tue Mar 10 15:31:21 +0000 2020",
    "id": 1237400660829601793,
    "id_str": "1237400660829601793",
    "text": "RT @Matty_Gotz: Sel with the @LouisVuitton League of Legends shirt tho\ud83d\ude0d",
    "truncated": false,
    "entities": {
        "hashtags": [],
        "symbols": [],
        "user_mentions": [
            {
                "screen_name": "Matty_Gotz",
                "name": "Matt Gotzon",
                "id": 822459608048537600,
                "id_str": "822459608048537600",
                "indices": [
                    3,
                    14
                ]
            },
            {
                "screen_name": "LouisVuitton",
                "name": "Louis Vuitton",
                "id": 44084633,
                "id_str": "44084633",
                "indices": [
                    29,
                    42
                ]
            }
        ],
        "urls": []
    },
    "metadata": {
        "iso_language_code": "en",
        "result_type": "recent"
    },
    "source": "<a href=\"http://twitter.com/download/iphone\" rel=\"nofollow\">Twitter for iPhone</a>",
    "in_reply_to_status_id": null,
    "in_reply_to_status_id_str": null,
    "in_reply_to_user_id": null,
    "in_reply_to_user_id_str": null,
    "in_reply_to_screen_name": null,
    "user": {
        "id": 262959928,
        "id_str": "262959928",
        "name": "L. G.",
        "screen_name": "LukeGotzon",
        "location": "Los Angeles, CA",
        "description": "ICM Partners Digital and Gaming",
        "url": "https://t.co/oGDCiUm8lY",
        "entities": {
            "url": {
                "urls": [
                    {
                        "url": "https://t.co/oGDCiUm8lY",
                        "expanded_url": "https://www.instagram.com/lukegotzon",
                        "display_url": "instagram.com/lukegotzon",
                        "indices": [
                            0,
                            23
                        ]
                    }
                ]
            },
            "description": {
                "urls": []
            }
        },
        "protected": false,
        "followers_count": 201,
        "friends_count": 396,
        "listed_count": 1,
        "created_at": "Wed Mar 09 02:58:20 +0000 2011",
        "favourites_count": 12385,
        "utc_offset": null,
        "time_zone": null,
        "geo_enabled": false,
        "verified": false,
        "statuses_count": 382,
        "lang": null,
        "contributors_enabled": false,
        "is_translator": false,
        "is_translation_enabled": false,
        "profile_background_color": "C0DEED",
        "profile_background_image_url": "http://abs.twimg.com/images/themes/theme1/bg.png",
        "profile_background_image_url_https": "https://abs.twimg.com/images/themes/theme1/bg.png",
        "profile_background_tile": true,
        "profile_image_url": "http://pbs.twimg.com/profile_images/1163533754435956736/NiXBzSRf_normal.jpg",
        "profile_image_url_https": "https://pbs.twimg.com/profile_images/1163533754435956736/NiXBzSRf_normal.jpg",
        "profile_banner_url": "https://pbs.twimg.com/profile_banners/262959928/1390093355",
        "profile_link_color": "0084B4",
        "profile_sidebar_border_color": "000000",
        "profile_sidebar_fill_color": "DDEEF6",
        "profile_text_color": "333333",
        "profile_use_background_image": true,
        "has_extended_profile": true,
        "default_profile": false,
        "default_profile_image": false,
        "following": null,
        "follow_request_sent": null,
        "notifications": null,
        "translator_type": "none"
    },
    "geo": null,
    "coordinates": null,
    "place": null,
    "contributors": null,
    "retweeted_status": {
        "created_at": "Tue Mar 10 15:25:19 +0000 2020",
        "id": 1237399141065482241,
        "id_str": "1237399141065482241",
        "text": "Sel with the @LouisVuitton League of Legends shirt tho\ud83d\ude0d https://t.co/3TaQRcdBA6",
        "truncated": false,
        "entities": {
            "hashtags": [],
            "symbols": [],
            "user_mentions": [
                {
                    "screen_name": "LouisVuitton",
                    "name": "Louis Vuitton",
                    "id": 44084633,
                    "id_str": "44084633",
                    "indices": [
                        13,
                        26
                    ]
                }
            ],
            "urls": [
                {
                    "url": "https://t.co/3TaQRcdBA6",
                    "expanded_url": "https://twitter.com/Genius/status/1237070611920420868",
                    "display_url": "twitter.com/Genius/status/\u2026",
                    "indices": [
                        56,
                        79
                    ]
                }
            ]
        },
        "metadata": {
            "iso_language_code": "en",
            "result_type": "recent"
        },
        "source": "<a href=\"https://mobile.twitter.com\" rel=\"nofollow\">Twitter Web App</a>",
        "in_reply_to_status_id": null,
        "in_reply_to_status_id_str": null,
        "in_reply_to_user_id": null,
        "in_reply_to_user_id_str": null,
        "in_reply_to_screen_name": null,
        "user": {
            "id": 822459608048537600,
            "id_str": "822459608048537600",
            "name": "Matt Gotzon",
            "screen_name": "Matty_Gotz",
            "location": "",
            "description": "",
            "url": null,
            "entities": {
                "description": {
                    "urls": []
                }
            },
            "protected": false,
            "followers_count": 74,
            "friends_count": 375,
            "listed_count": 1,
            "created_at": "Fri Jan 20 15:03:45 +0000 2017",
            "favourites_count": 9606,
            "utc_offset": null,
            "time_zone": null,
            "geo_enabled": false,
            "verified": false,
            "statuses_count": 525,
            "lang": null,
            "contributors_enabled": false,
            "is_translator": false,
            "is_translation_enabled": false,
            "profile_background_color": "000000",
            "profile_background_image_url": "http://abs.twimg.com/images/themes/theme1/bg.png",
            "profile_background_image_url_https": "https://abs.twimg.com/images/themes/theme1/bg.png",
            "profile_background_tile": false,
            "profile_image_url": "http://pbs.twimg.com/profile_images/862795512684175360/sCy86Ddg_normal.jpg",
            "profile_image_url_https": "https://pbs.twimg.com/profile_images/862795512684175360/sCy86Ddg_normal.jpg",
            "profile_banner_url": "https://pbs.twimg.com/profile_banners/822459608048537600/1494541413",
            "profile_link_color": "ABB8C2",
            "profile_sidebar_border_color": "000000",
            "profile_sidebar_fill_color": "000000",
            "profile_text_color": "000000",
            "profile_use_background_image": false,
            "has_extended_profile": false,
            "default_profile": false,
            "default_profile_image": false,
            "following": null,
            "follow_request_sent": null,
            "notifications": null,
            "translator_type": "none"
        },
        "geo": null,
        "coordinates": null,
        "place": null,
        "contributors": null,
        "is_quote_status": true,
        "quoted_status_id": 1237070611920420868,
        "quoted_status_id_str": "1237070611920420868",
        "quoted_status": {
            "created_at": "Mon Mar 09 17:39:52 +0000 2020",
            "id": 1237070611920420868,
            "id_str": "1237070611920420868",
            "text": "\u201ceverybody loves this line, it's so funny. but i did get a real toaster from madison\u201d \u2014@selenagomez on \u201crare\u201d\nfull\u2026 https://t.co/GdxXEFGaT2",
            "truncated": true,
            "entities": {
                "hashtags": [],
                "symbols": [],
                "user_mentions": [
                    {
                        "screen_name": "selenagomez",
                        "name": "Selena Gomez",
                        "id": 23375688,
                        "id_str": "23375688",
                        "indices": [
                            87,
                            99
                        ]
                    }
                ],
                "urls": [
                    {
                        "url": "https://t.co/GdxXEFGaT2",
                        "expanded_url": "https://twitter.com/i/web/status/1237070611920420868",
                        "display_url": "twitter.com/i/web/status/1\u2026",
                        "indices": [
                            116,
                            139
                        ]
                    }
                ]
            },
            "metadata": {
                "iso_language_code": "en",
                "result_type": "recent"
            },
            "source": "<a href=\"https://mobile.twitter.com\" rel=\"nofollow\">Twitter Web App</a>",
            "in_reply_to_status_id": null,
            "in_reply_to_status_id_str": null,
            "in_reply_to_user_id": null,
            "in_reply_to_user_id_str": null,
            "in_reply_to_screen_name": null,
            "user": {
                "id": 72073289,
                "id_str": "72073289",
                "name": "Genius",
                "screen_name": "Genius",
                "location": "Brooklyn, NY",
                "description": "Music Intelligence",
                "url": "https://t.co/gSx5BOiTNw",
                "entities": {
                    "url": {
                        "urls": [
                            {
                                "url": "https://t.co/gSx5BOiTNw",
                                "expanded_url": "http://genius.com",
                                "display_url": "genius.com",
                                "indices": [
                                    0,
                                    23
                                ]
                            }
                        ]
                    },
                    "description": {
                        "urls": []
                    }
                },
                "protected": false,
                "followers_count": 1298228,
                "friends_count": 1847,
                "listed_count": 4680,
                "created_at": "Sun Sep 06 16:51:14 +0000 2009",
                "favourites_count": 14279,
                "utc_offset": null,
                "time_zone": null,
                "geo_enabled": true,
                "verified": true,
                "statuses_count": 19314,
                "lang": null,
                "contributors_enabled": false,
                "is_translator": false,
                "is_translation_enabled": false,
                "profile_background_color": "131516",
                "profile_background_image_url": "http://abs.twimg.com/images/themes/theme14/bg.gif",
                "profile_background_image_url_https": "https://abs.twimg.com/images/themes/theme14/bg.gif",
                "profile_background_tile": false,
                "profile_image_url": "http://pbs.twimg.com/profile_images/885222003174551552/cv3KtGVS_normal.jpg",
                "profile_image_url_https": "https://pbs.twimg.com/profile_images/885222003174551552/cv3KtGVS_normal.jpg",
                "profile_banner_url": "https://pbs.twimg.com/profile_banners/72073289/1555594744",
                "profile_link_color": "000000",
                "profile_sidebar_border_color": "FFFFFF",
                "profile_sidebar_fill_color": "EFEFEF",
                "profile_text_color": "333333",
                "profile_use_background_image": false,
                "has_extended_profile": false,
                "default_profile": false,
                "default_profile_image": false,
                "following": null,
                "follow_request_sent": null,
                "notifications": null,
                "translator_type": "none"
            },
            "geo": null,
            "coordinates": null,
            "place": null,
            "contributors": null,
            "is_quote_status": false,
            "retweet_count": 4200,
            "favorite_count": 31243,
            "favorited": false,
            "retweeted": false,
            "possibly_sensitive": false,
            "lang": "en"
        },
        "retweet_count": 1,
        "favorite_count": 0,
        "favorited": false,
        "retweeted": false,
        "possibly_sensitive": false,
        "lang": "en"
    },
    "is_quote_status": true,
    "quoted_status_id": 1237070611920420868,
    "quoted_status_id_str": "1237070611920420868",
    "retweet_count": 1,
    "favorite_count": 0,
    "favorited": false,
    "retweeted": false,
    "lang": "en"
}