{
    "created_at": "Mon Mar 09 23:43:22 +0000 2020",
    "id": 1237162092987211776,
    "id_str": "1237162092987211776",
    "text": "@louisvuitton\nand that the other side was for the customers that actually wanted to buy something and that my husba\u2026 https://t.co/7SWBJlpkpV",
    "truncated": true,
    "entities": {
        "hashtags": [],
        "symbols": [],
        "user_mentions": [
            {
                "screen_name": "LouisVuitton",
                "name": "Louis Vuitton",
                "id": 44084633,
                "id_str": "44084633",
                "indices": [
                    0,
                    13
                ]
            }
        ],
        "urls": [
            {
                "url": "https://t.co/7SWBJlpkpV",
                "expanded_url": "https://twitter.com/i/web/status/1237162092987211776",
                "display_url": "twitter.com/i/web/status/1\u2026",
                "indices": [
                    117,
                    140
                ]
            }
        ]
    },
    "metadata": {
        "iso_language_code": "en",
        "result_type": "recent"
    },
    "source": "<a href=\"https://mobile.twitter.com\" rel=\"nofollow\">Twitter Web App</a>",
    "in_reply_to_status_id": 1237162092160901120,
    "in_reply_to_status_id_str": "1237162092160901120",
    "in_reply_to_user_id": 1237157787676770304,
    "in_reply_to_user_id_str": "1237157787676770304",
    "in_reply_to_screen_name": "Nancy57249795",
    "user": {
        "id": 1237157787676770304,
        "id_str": "1237157787676770304",
        "name": "Nancy",
        "screen_name": "Nancy57249795",
        "location": "",
        "description": "",
        "url": null,
        "entities": {
            "description": {
                "urls": []
            }
        },
        "protected": false,
        "followers_count": 1,
        "friends_count": 1,
        "listed_count": 0,
        "created_at": "Mon Mar 09 23:26:24 +0000 2020",
        "favourites_count": 0,
        "utc_offset": null,
        "time_zone": null,
        "geo_enabled": false,
        "verified": false,
        "statuses_count": 4,
        "lang": null,
        "contributors_enabled": false,
        "is_translator": false,
        "is_translation_enabled": false,
        "profile_background_color": "F5F8FA",
        "profile_background_image_url": null,
        "profile_background_image_url_https": null,
        "profile_background_tile": false,
        "profile_image_url": "http://pbs.twimg.com/profile_images/1237158033488150528/swkcqJvH_normal.jpg",
        "profile_image_url_https": "https://pbs.twimg.com/profile_images/1237158033488150528/swkcqJvH_normal.jpg",
        "profile_link_color": "1DA1F2",
        "profile_sidebar_border_color": "C0DEED",
        "profile_sidebar_fill_color": "DDEEF6",
        "profile_text_color": "333333",
        "profile_use_background_image": true,
        "has_extended_profile": true,
        "default_profile": true,
        "default_profile_image": false,
        "following": null,
        "follow_request_sent": null,
        "notifications": null,
        "translator_type": "none"
    },
    "geo": null,
    "coordinates": null,
    "place": null,
    "contributors": null,
    "is_quote_status": false,
    "retweet_count": 0,
    "favorite_count": 0,
    "favorited": false,
    "retweeted": false,
    "lang": "en"
}