{
    "created_at": "Tue Mar 10 01:54:05 +0000 2020",
    "id": 1237194988326252544,
    "id_str": "1237194988326252544",
    "text": "@selenascloset @selenagomez @LouisVuitton @FreePeople @Mejuri my broke ass is crying - not that i would ever buy it",
    "truncated": false,
    "entities": {
        "hashtags": [],
        "symbols": [],
        "user_mentions": [
            {
                "screen_name": "selenascloset",
                "name": "SelenasCloset.com",
                "id": 468045506,
                "id_str": "468045506",
                "indices": [
                    0,
                    14
                ]
            },
            {
                "screen_name": "selenagomez",
                "name": "Selena Gomez",
                "id": 23375688,
                "id_str": "23375688",
                "indices": [
                    15,
                    27
                ]
            },
            {
                "screen_name": "LouisVuitton",
                "name": "Louis Vuitton",
                "id": 44084633,
                "id_str": "44084633",
                "indices": [
                    28,
                    41
                ]
            },
            {
                "screen_name": "FreePeople",
                "name": "Free People",
                "id": 16427380,
                "id_str": "16427380",
                "indices": [
                    42,
                    53
                ]
            },
            {
                "screen_name": "Mejuri",
                "name": "Mejuri",
                "id": 630638699,
                "id_str": "630638699",
                "indices": [
                    54,
                    61
                ]
            }
        ],
        "urls": []
    },
    "metadata": {
        "iso_language_code": "en",
        "result_type": "recent"
    },
    "source": "<a href=\"https://mobile.twitter.com\" rel=\"nofollow\">Twitter Web App</a>",
    "in_reply_to_status_id": 1237186201188216832,
    "in_reply_to_status_id_str": "1237186201188216832",
    "in_reply_to_user_id": 468045506,
    "in_reply_to_user_id_str": "468045506",
    "in_reply_to_screen_name": "selenascloset",
    "user": {
        "id": 1178921672868425728,
        "id_str": "1178921672868425728",
        "name": "ar!el\ud83c\udf08 \u2022 she/her",
        "screen_name": "cheekyurie",
        "location": "a sweeter place",
        "description": "URIE \u00d7 GOMEZ // fan account // i run @gomezlyricbot",
        "url": null,
        "entities": {
            "description": {
                "urls": []
            }
        },
        "protected": false,
        "followers_count": 158,
        "friends_count": 448,
        "listed_count": 1,
        "created_at": "Tue Oct 01 06:36:54 +0000 2019",
        "favourites_count": 2354,
        "utc_offset": null,
        "time_zone": null,
        "geo_enabled": true,
        "verified": false,
        "statuses_count": 3530,
        "lang": null,
        "contributors_enabled": false,
        "is_translator": false,
        "is_translation_enabled": false,
        "profile_background_color": "F5F8FA",
        "profile_background_image_url": null,
        "profile_background_image_url_https": null,
        "profile_background_tile": false,
        "profile_image_url": "http://pbs.twimg.com/profile_images/1228672421491703808/kXjWd0Rw_normal.jpg",
        "profile_image_url_https": "https://pbs.twimg.com/profile_images/1228672421491703808/kXjWd0Rw_normal.jpg",
        "profile_banner_url": "https://pbs.twimg.com/profile_banners/1178921672868425728/1581773195",
        "profile_link_color": "1DA1F2",
        "profile_sidebar_border_color": "C0DEED",
        "profile_sidebar_fill_color": "DDEEF6",
        "profile_text_color": "333333",
        "profile_use_background_image": true,
        "has_extended_profile": true,
        "default_profile": true,
        "default_profile_image": false,
        "following": null,
        "follow_request_sent": null,
        "notifications": null,
        "translator_type": "none"
    },
    "geo": null,
    "coordinates": null,
    "place": null,
    "contributors": null,
    "is_quote_status": false,
    "retweet_count": 0,
    "favorite_count": 0,
    "favorited": false,
    "retweeted": false,
    "lang": "en"
}