{
    "created_at": "Tue Mar 10 00:33:47 +0000 2020",
    "id": 1237174777153978368,
    "id_str": "1237174777153978368",
    "text": "@FBI @TOMFORD @Versace @armani @gucci @LouisVuitton @KylieJenner @AmericanIdol @katyperry @IPROMISESchool\u2026 https://t.co/Y53kJXTtdN",
    "truncated": true,
    "entities": {
        "hashtags": [],
        "symbols": [],
        "user_mentions": [
            {
                "screen_name": "FBI",
                "name": "FBI",
                "id": 17629860,
                "id_str": "17629860",
                "indices": [
                    0,
                    4
                ]
            },
            {
                "screen_name": "TOMFORD",
                "name": "TOM FORD",
                "id": 2327933017,
                "id_str": "2327933017",
                "indices": [
                    5,
                    13
                ]
            },
            {
                "screen_name": "Versace",
                "name": "VERSACE",
                "id": 72568426,
                "id_str": "72568426",
                "indices": [
                    14,
                    22
                ]
            },
            {
                "screen_name": "armani",
                "name": "Armani",
                "id": 78021221,
                "id_str": "78021221",
                "indices": [
                    23,
                    30
                ]
            },
            {
                "screen_name": "gucci",
                "name": "gucci",
                "id": 16913418,
                "id_str": "16913418",
                "indices": [
                    31,
                    37
                ]
            },
            {
                "screen_name": "LouisVuitton",
                "name": "Louis Vuitton",
                "id": 44084633,
                "id_str": "44084633",
                "indices": [
                    38,
                    51
                ]
            },
            {
                "screen_name": "KylieJenner",
                "name": "Kylie Jenner",
                "id": 236699098,
                "id_str": "236699098",
                "indices": [
                    52,
                    64
                ]
            },
            {
                "screen_name": "AmericanIdol",
                "name": "American Idol",
                "id": 62988756,
                "id_str": "62988756",
                "indices": [
                    65,
                    78
                ]
            },
            {
                "screen_name": "katyperry",
                "name": "KATY PERRY",
                "id": 21447363,
                "id_str": "21447363",
                "indices": [
                    79,
                    89
                ]
            },
            {
                "screen_name": "IPROMISESchool",
                "name": "I PROMISE School",
                "id": 1019672184929902592,
                "id_str": "1019672184929902592",
                "indices": [
                    90,
                    105
                ]
            }
        ],
        "urls": [
            {
                "url": "https://t.co/Y53kJXTtdN",
                "expanded_url": "https://twitter.com/i/web/status/1237174777153978368",
                "display_url": "twitter.com/i/web/status/1\u2026",
                "indices": [
                    107,
                    130
                ]
            }
        ]
    },
    "metadata": {
        "iso_language_code": "und",
        "result_type": "recent"
    },
    "source": "<a href=\"http://twitter.com/#!/download/ipad\" rel=\"nofollow\">Twitter for iPad</a>",
    "in_reply_to_status_id": 1237166348041687042,
    "in_reply_to_status_id_str": "1237166348041687042",
    "in_reply_to_user_id": 17629860,
    "in_reply_to_user_id_str": "17629860",
    "in_reply_to_screen_name": "FBI",
    "user": {
        "id": 1223292669020995585,
        "id_str": "1223292669020995585",
        "name": "uss34mlb",
        "screen_name": "uss34mlb",
        "location": "Kent, OH",
        "description": "GOD is so kool  \ud83d\ude4f\ud83c\udfff  attention to detail \u2b50\ufe0f watertight integrity \u2b50\ufe0f good cardio is awesome \u2b50\ufe0f Rip King Kobra \ud83d\udc0d\ud83d\udc51\ud83d\udc0d\ud83c\udfc0\ud83d\ude4f",
        "url": null,
        "entities": {
            "description": {
                "urls": []
            }
        },
        "protected": false,
        "followers_count": 43,
        "friends_count": 1207,
        "listed_count": 1,
        "created_at": "Fri Jan 31 17:11:42 +0000 2020",
        "favourites_count": 5737,
        "utc_offset": null,
        "time_zone": null,
        "geo_enabled": false,
        "verified": false,
        "statuses_count": 3946,
        "lang": null,
        "contributors_enabled": false,
        "is_translator": false,
        "is_translation_enabled": false,
        "profile_background_color": "F5F8FA",
        "profile_background_image_url": null,
        "profile_background_image_url_https": null,
        "profile_background_tile": false,
        "profile_image_url": "http://pbs.twimg.com/profile_images/1230789062606409728/btSltkyc_normal.jpg",
        "profile_image_url_https": "https://pbs.twimg.com/profile_images/1230789062606409728/btSltkyc_normal.jpg",
        "profile_banner_url": "https://pbs.twimg.com/profile_banners/1223292669020995585/1582277998",
        "profile_link_color": "1DA1F2",
        "profile_sidebar_border_color": "C0DEED",
        "profile_sidebar_fill_color": "DDEEF6",
        "profile_text_color": "333333",
        "profile_use_background_image": true,
        "has_extended_profile": true,
        "default_profile": true,
        "default_profile_image": false,
        "following": null,
        "follow_request_sent": null,
        "notifications": null,
        "translator_type": "none"
    },
    "geo": null,
    "coordinates": null,
    "place": null,
    "contributors": null,
    "is_quote_status": false,
    "retweet_count": 0,
    "favorite_count": 1,
    "favorited": false,
    "retweeted": false,
    "lang": "und"
}