{
    "created_at": "Mon Mar 09 22:43:52 +0000 2020",
    "id": 1237147116167815168,
    "id_str": "1237147116167815168",
    "text": "RT @iridescent_boy: Louis Vuitton Record -3\n\nhttps://t.co/EMZI00O9fe https://t.co/uwl0gT9K3x\nhttps://t.co/a6UclOBiBv https://t.co/0Z3U0fP84\u2026",
    "truncated": false,
    "entities": {
        "hashtags": [],
        "symbols": [],
        "user_mentions": [
            {
                "screen_name": "iridescent_boy",
                "name": "\uc774\ub9ac\ub514\uc13c\ud2b8 \u2764\ufe0f\u00d7412",
                "id": 565145864,
                "id_str": "565145864",
                "indices": [
                    3,
                    18
                ]
            }
        ],
        "urls": [
            {
                "url": "https://t.co/EMZI00O9fe",
                "expanded_url": "http://cfile2.uf.tistory.com/original/9939D4405DB9E9F9061934",
                "display_url": "cfile2.uf.tistory.com/original/9939D\u2026",
                "indices": [
                    45,
                    68
                ]
            },
            {
                "url": "https://t.co/uwl0gT9K3x",
                "expanded_url": "http://cfile27.uf.tistory.com/original/9939E6405DB9E9FA06141A",
                "display_url": "cfile27.uf.tistory.com/original/9939E\u2026",
                "indices": [
                    69,
                    92
                ]
            },
            {
                "url": "https://t.co/a6UclOBiBv",
                "expanded_url": "http://cfile30.uf.tistory.com/original/993986405DB9E9FA06CAF4",
                "display_url": "cfile30.uf.tistory.com/original/99398\u2026",
                "indices": [
                    93,
                    116
                ]
            }
        ]
    },
    "metadata": {
        "iso_language_code": "fr",
        "result_type": "recent"
    },
    "source": "<a href=\"http://twitter.com/download/android\" rel=\"nofollow\">Twitter for Android</a>",
    "in_reply_to_status_id": null,
    "in_reply_to_status_id_str": null,
    "in_reply_to_user_id": null,
    "in_reply_to_user_id_str": null,
    "in_reply_to_screen_name": null,
    "user": {
        "id": 1118466986424451073,
        "id_str": "1118466986424451073",
        "name": "Krisnina Maharani",
        "screen_name": "KrisninaMahara5",
        "location": "DKI Jakarta, Indonesia",
        "description": "",
        "url": null,
        "entities": {
            "description": {
                "urls": []
            }
        },
        "protected": false,
        "followers_count": 2,
        "friends_count": 279,
        "listed_count": 0,
        "created_at": "Wed Apr 17 10:51:24 +0000 2019",
        "favourites_count": 1908,
        "utc_offset": null,
        "time_zone": null,
        "geo_enabled": false,
        "verified": false,
        "statuses_count": 1515,
        "lang": null,
        "contributors_enabled": false,
        "is_translator": false,
        "is_translation_enabled": false,
        "profile_background_color": "F5F8FA",
        "profile_background_image_url": null,
        "profile_background_image_url_https": null,
        "profile_background_tile": false,
        "profile_image_url": "http://pbs.twimg.com/profile_images/1218193955516338176/b_yBX_bo_normal.jpg",
        "profile_image_url_https": "https://pbs.twimg.com/profile_images/1218193955516338176/b_yBX_bo_normal.jpg",
        "profile_banner_url": "https://pbs.twimg.com/profile_banners/1118466986424451073/1579275049",
        "profile_link_color": "1DA1F2",
        "profile_sidebar_border_color": "C0DEED",
        "profile_sidebar_fill_color": "DDEEF6",
        "profile_text_color": "333333",
        "profile_use_background_image": true,
        "has_extended_profile": true,
        "default_profile": true,
        "default_profile_image": false,
        "following": null,
        "follow_request_sent": null,
        "notifications": null,
        "translator_type": "none"
    },
    "geo": null,
    "coordinates": null,
    "place": null,
    "contributors": null,
    "retweeted_status": {
        "created_at": "Wed Oct 30 19:54:17 +0000 2019",
        "id": 1189631630882660352,
        "id_str": "1189631630882660352",
        "text": "Louis Vuitton Record -3\n\nhttps://t.co/EMZI00O9fe https://t.co/uwl0gT9K3x\nhttps://t.co/a6UclOBiBv\u2026 https://t.co/M1f11XKs8C",
        "truncated": true,
        "entities": {
            "hashtags": [],
            "symbols": [],
            "user_mentions": [],
            "urls": [
                {
                    "url": "https://t.co/EMZI00O9fe",
                    "expanded_url": "http://cfile2.uf.tistory.com/original/9939D4405DB9E9F9061934",
                    "display_url": "cfile2.uf.tistory.com/original/9939D\u2026",
                    "indices": [
                        25,
                        48
                    ]
                },
                {
                    "url": "https://t.co/uwl0gT9K3x",
                    "expanded_url": "http://cfile27.uf.tistory.com/original/9939E6405DB9E9FA06141A",
                    "display_url": "cfile27.uf.tistory.com/original/9939E\u2026",
                    "indices": [
                        49,
                        72
                    ]
                },
                {
                    "url": "https://t.co/a6UclOBiBv",
                    "expanded_url": "http://cfile30.uf.tistory.com/original/993986405DB9E9FA06CAF4",
                    "display_url": "cfile30.uf.tistory.com/original/99398\u2026",
                    "indices": [
                        73,
                        96
                    ]
                },
                {
                    "url": "https://t.co/M1f11XKs8C",
                    "expanded_url": "https://twitter.com/i/web/status/1189631630882660352",
                    "display_url": "twitter.com/i/web/status/1\u2026",
                    "indices": [
                        98,
                        121
                    ]
                }
            ]
        },
        "metadata": {
            "iso_language_code": "fr",
            "result_type": "recent"
        },
        "source": "<a href=\"https://mobile.twitter.com\" rel=\"nofollow\">Twitter Web App</a>",
        "in_reply_to_status_id": null,
        "in_reply_to_status_id_str": null,
        "in_reply_to_user_id": null,
        "in_reply_to_user_id_str": null,
        "in_reply_to_screen_name": null,
        "user": {
            "id": 565145864,
            "id_str": "565145864",
            "name": "\uc774\ub9ac\ub514\uc13c\ud2b8 \u2764\ufe0f\u00d7412",
            "screen_name": "iridescent_boy",
            "location": "",
            "description": "IRIDESCENT BOY 4 EXO SEHUN\u2728",
            "url": "https://t.co/6xKqLiKcaQ",
            "entities": {
                "url": {
                    "urls": [
                        {
                            "url": "https://t.co/6xKqLiKcaQ",
                            "expanded_url": "http://ohsehun.kr",
                            "display_url": "ohsehun.kr",
                            "indices": [
                                0,
                                23
                            ]
                        }
                    ]
                },
                "description": {
                    "urls": []
                }
            },
            "protected": false,
            "followers_count": 1127540,
            "friends_count": 11,
            "listed_count": 6224,
            "created_at": "Sat Apr 28 04:11:18 +0000 2012",
            "favourites_count": 45,
            "utc_offset": null,
            "time_zone": null,
            "geo_enabled": false,
            "verified": false,
            "statuses_count": 17958,
            "lang": null,
            "contributors_enabled": false,
            "is_translator": false,
            "is_translation_enabled": false,
            "profile_background_color": "FFFFFF",
            "profile_background_image_url": "http://abs.twimg.com/images/themes/theme14/bg.gif",
            "profile_background_image_url_https": "https://abs.twimg.com/images/themes/theme14/bg.gif",
            "profile_background_tile": true,
            "profile_image_url": "http://pbs.twimg.com/profile_images/1195031594236465152/KygOBXLM_normal.jpg",
            "profile_image_url_https": "https://pbs.twimg.com/profile_images/1195031594236465152/KygOBXLM_normal.jpg",
            "profile_link_color": "E93030",
            "profile_sidebar_border_color": "FFFFFF",
            "profile_sidebar_fill_color": "DDEEF6",
            "profile_text_color": "333333",
            "profile_use_background_image": false,
            "has_extended_profile": false,
            "default_profile": false,
            "default_profile_image": false,
            "following": null,
            "follow_request_sent": null,
            "notifications": null,
            "translator_type": "none"
        },
        "geo": null,
        "coordinates": null,
        "place": null,
        "contributors": null,
        "is_quote_status": false,
        "retweet_count": 6022,
        "favorite_count": 5647,
        "favorited": false,
        "retweeted": false,
        "possibly_sensitive": false,
        "lang": "fr"
    },
    "is_quote_status": false,
    "retweet_count": 6022,
    "favorite_count": 0,
    "favorited": false,
    "retweeted": false,
    "possibly_sensitive": false,
    "lang": "fr"
}