{
    "created_at": "Tue Mar 10 09:43:20 +0000 2020",
    "id": 1237313078879907840,
    "id_str": "1237313078879907840",
    "text": "@selenascloset @selenagomez @LouisVuitton @FreePeople @Mejuri Sweeeeeeeeeeet",
    "truncated": false,
    "entities": {
        "hashtags": [],
        "symbols": [],
        "user_mentions": [
            {
                "screen_name": "selenascloset",
                "name": "SelenasCloset.com",
                "id": 468045506,
                "id_str": "468045506",
                "indices": [
                    0,
                    14
                ]
            },
            {
                "screen_name": "selenagomez",
                "name": "Selena Gomez",
                "id": 23375688,
                "id_str": "23375688",
                "indices": [
                    15,
                    27
                ]
            },
            {
                "screen_name": "LouisVuitton",
                "name": "Louis Vuitton",
                "id": 44084633,
                "id_str": "44084633",
                "indices": [
                    28,
                    41
                ]
            },
            {
                "screen_name": "FreePeople",
                "name": "Free People",
                "id": 16427380,
                "id_str": "16427380",
                "indices": [
                    42,
                    53
                ]
            },
            {
                "screen_name": "Mejuri",
                "name": "Mejuri",
                "id": 630638699,
                "id_str": "630638699",
                "indices": [
                    54,
                    61
                ]
            }
        ],
        "urls": []
    },
    "metadata": {
        "iso_language_code": "en",
        "result_type": "recent"
    },
    "source": "<a href=\"https://mobile.twitter.com\" rel=\"nofollow\">Twitter Web App</a>",
    "in_reply_to_status_id": 1237186201188216832,
    "in_reply_to_status_id_str": "1237186201188216832",
    "in_reply_to_user_id": 468045506,
    "in_reply_to_user_id_str": "468045506",
    "in_reply_to_screen_name": "selenascloset",
    "user": {
        "id": 1217401806763905024,
        "id_str": "1217401806763905024",
        "name": "Sia De Ocean",
        "screen_name": "sia_ocean",
        "location": "",
        "description": "I am a sweet and crazy girl.... I love my god Allah and my Prophet...like to read books and walk in the path of Islam..... poetry is my hobby.... singing too...",
        "url": null,
        "entities": {
            "description": {
                "urls": []
            }
        },
        "protected": false,
        "followers_count": 7,
        "friends_count": 252,
        "listed_count": 0,
        "created_at": "Wed Jan 15 11:03:24 +0000 2020",
        "favourites_count": 255,
        "utc_offset": null,
        "time_zone": null,
        "geo_enabled": false,
        "verified": false,
        "statuses_count": 92,
        "lang": null,
        "contributors_enabled": false,
        "is_translator": false,
        "is_translation_enabled": false,
        "profile_background_color": "F5F8FA",
        "profile_background_image_url": null,
        "profile_background_image_url_https": null,
        "profile_background_tile": false,
        "profile_image_url": "http://pbs.twimg.com/profile_images/1217751489730379777/QF7Jy0Gh_normal.jpg",
        "profile_image_url_https": "https://pbs.twimg.com/profile_images/1217751489730379777/QF7Jy0Gh_normal.jpg",
        "profile_banner_url": "https://pbs.twimg.com/profile_banners/1217401806763905024/1580493022",
        "profile_link_color": "1DA1F2",
        "profile_sidebar_border_color": "C0DEED",
        "profile_sidebar_fill_color": "DDEEF6",
        "profile_text_color": "333333",
        "profile_use_background_image": true,
        "has_extended_profile": false,
        "default_profile": true,
        "default_profile_image": false,
        "following": null,
        "follow_request_sent": null,
        "notifications": null,
        "translator_type": "none"
    },
    "geo": null,
    "coordinates": null,
    "place": null,
    "contributors": null,
    "is_quote_status": false,
    "retweet_count": 0,
    "favorite_count": 0,
    "favorited": false,
    "retweeted": false,
    "lang": "en"
}