{
    "created_at": "Tue Mar 10 09:06:14 +0000 2020",
    "id": 1237303741079937024,
    "id_str": "1237303741079937024",
    "text": "RT @maxmatsuuratwit: \u4e45\u3005\u306b\u30a8\u30d3\u6a2a\u3067\u98f2\u3093\u3067\u304d\u305f\u3002\u96f0\u56f2\u6c17\u306f\u4e00\u5e74\u524d\u3068\u5909\u308f\u3063\u3066\u306a\u3044\u306a\u3002\u3053\u3093\u306a\u6642\u671f\u3060\u304b\u3089\u7a7a\u3044\u3066\u308b\u304b\u306a\u3068\u601d\u3063\u3066\u884c\u3063\u305f\u3093\u3060\u3051\u3069\u6df7\u3093\u3067\u3066\u3073\u3063\u304f\u308a\u3002\u76ee\u7acb\u3064\u683c\u597d\u3060\u3063\u305f\u304b\u3089\u8272\u3093\u306a\u4eba\u306b\u3059\u3050\u30d0\u30ec\u307e\u3057\u305fww\n#masatomatsuura \n@louisvuitton\u2026",
    "truncated": false,
    "entities": {
        "hashtags": [
            {
                "text": "masatomatsuura",
                "indices": [
                    109,
                    124
                ]
            }
        ],
        "symbols": [],
        "user_mentions": [
            {
                "screen_name": "maxmatsuuratwit",
                "name": "\u677e\u6d66\u52dd\u4eba",
                "id": 1565413562,
                "id_str": "1565413562",
                "indices": [
                    3,
                    19
                ]
            },
            {
                "screen_name": "LouisVuitton",
                "name": "Louis Vuitton",
                "id": 44084633,
                "id_str": "44084633",
                "indices": [
                    126,
                    139
                ]
            }
        ],
        "urls": []
    },
    "metadata": {
        "iso_language_code": "ja",
        "result_type": "recent"
    },
    "source": "<a href=\"https://mobile.twitter.com\" rel=\"nofollow\">Twitter Web App</a>",
    "in_reply_to_status_id": null,
    "in_reply_to_status_id_str": null,
    "in_reply_to_user_id": null,
    "in_reply_to_user_id_str": null,
    "in_reply_to_screen_name": null,
    "user": {
        "id": 81646251,
        "id_str": "81646251",
        "name": "shingosuper\ud83d\udd25\u30ca\u30ac\u30ec\u30eb\u30aa\u30e4\u30b8\u262a\ufe0f",
        "screen_name": "shingosuperss",
        "location": "\u6771\u4eac\u90fd\u65b0\u5bbf\u533a",
        "description": "\u30ed\u30c3\u30af\u30d0\u30f3\u30c9\u3001\u30ca\u30ac\u30ec\u30eb\u30aa\u30e4\u30b8\u306e\u30dc\u30fc\u30ab\u30eb\u203c\ufe0f\u5504\u3092\u6b4c\u3046\u4e8b\u3060\u3051\u3067\u751f\u304d\u7d9a\u3051\u3066\u308b\u203c\ufe0f",
        "url": "https://t.co/ipdX84Jh5g",
        "entities": {
            "url": {
                "urls": [
                    {
                        "url": "https://t.co/ipdX84Jh5g",
                        "expanded_url": "https://www.youtube.com/channel/UC802r2TyVmtah77mq9_R97Q",
                        "display_url": "youtube.com/channel/UC802r\u2026",
                        "indices": [
                            0,
                            23
                        ]
                    }
                ]
            },
            "description": {
                "urls": []
            }
        },
        "protected": false,
        "followers_count": 337,
        "friends_count": 248,
        "listed_count": 13,
        "created_at": "Sun Oct 11 17:49:08 +0000 2009",
        "favourites_count": 22,
        "utc_offset": null,
        "time_zone": null,
        "geo_enabled": true,
        "verified": false,
        "statuses_count": 656,
        "lang": null,
        "contributors_enabled": false,
        "is_translator": false,
        "is_translation_enabled": false,
        "profile_background_color": "0099B9",
        "profile_background_image_url": "http://abs.twimg.com/images/themes/theme4/bg.gif",
        "profile_background_image_url_https": "https://abs.twimg.com/images/themes/theme4/bg.gif",
        "profile_background_tile": true,
        "profile_image_url": "http://pbs.twimg.com/profile_images/1228205530784489473/RQ3SofGF_normal.jpg",
        "profile_image_url_https": "https://pbs.twimg.com/profile_images/1228205530784489473/RQ3SofGF_normal.jpg",
        "profile_banner_url": "https://pbs.twimg.com/profile_banners/81646251/1495860478",
        "profile_link_color": "0099B9",
        "profile_sidebar_border_color": "5ED4DC",
        "profile_sidebar_fill_color": "95E8EC",
        "profile_text_color": "3C3940",
        "profile_use_background_image": true,
        "has_extended_profile": false,
        "default_profile": false,
        "default_profile_image": false,
        "following": null,
        "follow_request_sent": null,
        "notifications": null,
        "translator_type": "none"
    },
    "geo": null,
    "coordinates": null,
    "place": null,
    "contributors": null,
    "retweeted_status": {
        "created_at": "Thu Mar 05 20:51:38 +0000 2020",
        "id": 1235669322501992448,
        "id_str": "1235669322501992448",
        "text": "\u4e45\u3005\u306b\u30a8\u30d3\u6a2a\u3067\u98f2\u3093\u3067\u304d\u305f\u3002\u96f0\u56f2\u6c17\u306f\u4e00\u5e74\u524d\u3068\u5909\u308f\u3063\u3066\u306a\u3044\u306a\u3002\u3053\u3093\u306a\u6642\u671f\u3060\u304b\u3089\u7a7a\u3044\u3066\u308b\u304b\u306a\u3068\u601d\u3063\u3066\u884c\u3063\u305f\u3093\u3060\u3051\u3069\u6df7\u3093\u3067\u3066\u3073\u3063\u304f\u308a\u3002\u76ee\u7acb\u3064\u683c\u597d\u3060\u3063\u305f\u304b\u3089\u8272\u3093\u306a\u4eba\u306b\u3059\u3050\u30d0\u30ec\u307e\u3057\u305fww\n#masatomatsuura\u2026 https://t.co/52ENFyjNyL",
        "truncated": true,
        "entities": {
            "hashtags": [
                {
                    "text": "masatomatsuura",
                    "indices": [
                        88,
                        103
                    ]
                }
            ],
            "symbols": [],
            "user_mentions": [],
            "urls": [
                {
                    "url": "https://t.co/52ENFyjNyL",
                    "expanded_url": "https://twitter.com/i/web/status/1235669322501992448",
                    "display_url": "twitter.com/i/web/status/1\u2026",
                    "indices": [
                        105,
                        128
                    ]
                }
            ]
        },
        "metadata": {
            "iso_language_code": "ja",
            "result_type": "recent"
        },
        "source": "<a href=\"http://twitter.com/download/iphone\" rel=\"nofollow\">Twitter for iPhone</a>",
        "in_reply_to_status_id": null,
        "in_reply_to_status_id_str": null,
        "in_reply_to_user_id": null,
        "in_reply_to_user_id_str": null,
        "in_reply_to_screen_name": null,
        "user": {
            "id": 1565413562,
            "id_str": "1565413562",
            "name": "\u677e\u6d66\u52dd\u4eba",
            "screen_name": "maxmatsuuratwit",
            "location": "\u6771\u4eac \u6e2f\u533a",
            "description": "\u30a8\u30a4\u30d9\u30c3\u30af\u30b9\u682a\u5f0f\u4f1a\u793e \u4ee3\u8868\u53d6\u7de0\u5f79\u4f1a\u9577CEO #MaxMatsuura",
            "url": "https://t.co/DNYBhhqZxk",
            "entities": {
                "url": {
                    "urls": [
                        {
                            "url": "https://t.co/DNYBhhqZxk",
                            "expanded_url": "https://www.instagram.com/masatomatsuura",
                            "display_url": "instagram.com/masatomatsuura",
                            "indices": [
                                0,
                                23
                            ]
                        }
                    ]
                },
                "description": {
                    "urls": []
                }
            },
            "protected": false,
            "followers_count": 257019,
            "friends_count": 21,
            "listed_count": 682,
            "created_at": "Wed Jul 03 10:19:08 +0000 2013",
            "favourites_count": 95,
            "utc_offset": null,
            "time_zone": null,
            "geo_enabled": true,
            "verified": true,
            "statuses_count": 3042,
            "lang": null,
            "contributors_enabled": false,
            "is_translator": false,
            "is_translation_enabled": false,
            "profile_background_color": "000000",
            "profile_background_image_url": "http://abs.twimg.com/images/themes/theme1/bg.png",
            "profile_background_image_url_https": "https://abs.twimg.com/images/themes/theme1/bg.png",
            "profile_background_tile": false,
            "profile_image_url": "http://pbs.twimg.com/profile_images/1211223703066836992/vnnmBLSU_normal.jpg",
            "profile_image_url_https": "https://pbs.twimg.com/profile_images/1211223703066836992/vnnmBLSU_normal.jpg",
            "profile_banner_url": "https://pbs.twimg.com/profile_banners/1565413562/1541031317",
            "profile_link_color": "1B95E0",
            "profile_sidebar_border_color": "000000",
            "profile_sidebar_fill_color": "000000",
            "profile_text_color": "000000",
            "profile_use_background_image": false,
            "has_extended_profile": false,
            "default_profile": false,
            "default_profile_image": false,
            "following": null,
            "follow_request_sent": null,
            "notifications": null,
            "translator_type": "none"
        },
        "geo": null,
        "coordinates": null,
        "place": null,
        "contributors": null,
        "is_quote_status": false,
        "retweet_count": 29,
        "favorite_count": 579,
        "favorited": false,
        "retweeted": false,
        "possibly_sensitive": false,
        "lang": "ja"
    },
    "is_quote_status": false,
    "retweet_count": 29,
    "favorite_count": 0,
    "favorited": false,
    "retweeted": false,
    "lang": "ja"
}