{
    "created_at": "Tue Mar 10 16:19:33 +0000 2020",
    "id": 1237412788882083843,
    "id_str": "1237412788882083843",
    "text": "RT @LouisVuitton: .@Tyga  at the #LVMenFW20 Show. @virgilabloh  presented his latest collection for #LouisVuitton at the Jardin des Tuileri\u2026",
    "truncated": false,
    "entities": {
        "hashtags": [
            {
                "text": "LVMenFW20",
                "indices": [
                    33,
                    43
                ]
            },
            {
                "text": "LouisVuitton",
                "indices": [
                    100,
                    113
                ]
            }
        ],
        "symbols": [],
        "user_mentions": [
            {
                "screen_name": "LouisVuitton",
                "name": "Louis Vuitton",
                "id": 44084633,
                "id_str": "44084633",
                "indices": [
                    3,
                    16
                ]
            },
            {
                "screen_name": "Tyga",
                "name": "T-Raww",
                "id": 22733444,
                "id_str": "22733444",
                "indices": [
                    19,
                    24
                ]
            },
            {
                "screen_name": "virgilabloh",
                "name": "virgil abloh",
                "id": 21845792,
                "id_str": "21845792",
                "indices": [
                    50,
                    62
                ]
            }
        ],
        "urls": []
    },
    "metadata": {
        "iso_language_code": "en",
        "result_type": "recent"
    },
    "source": "<a href=\"http://twitter.com/download/android\" rel=\"nofollow\">Twitter for Android</a>",
    "in_reply_to_status_id": null,
    "in_reply_to_status_id_str": null,
    "in_reply_to_user_id": null,
    "in_reply_to_user_id_str": null,
    "in_reply_to_screen_name": null,
    "user": {
        "id": 1126994150639984640,
        "id_str": "1126994150639984640",
        "name": "Rapper 3pac",
        "screen_name": "rapper_3pac",
        "location": "Nigeria",
        "description": "gangster rapper",
        "url": null,
        "entities": {
            "description": {
                "urls": []
            }
        },
        "protected": false,
        "followers_count": 375,
        "friends_count": 989,
        "listed_count": 1,
        "created_at": "Fri May 10 23:35:18 +0000 2019",
        "favourites_count": 9303,
        "utc_offset": null,
        "time_zone": null,
        "geo_enabled": false,
        "verified": false,
        "statuses_count": 5992,
        "lang": null,
        "contributors_enabled": false,
        "is_translator": false,
        "is_translation_enabled": false,
        "profile_background_color": "F5F8FA",
        "profile_background_image_url": null,
        "profile_background_image_url_https": null,
        "profile_background_tile": false,
        "profile_image_url": "http://pbs.twimg.com/profile_images/1223760354938957826/kLOTek8h_normal.jpg",
        "profile_image_url_https": "https://pbs.twimg.com/profile_images/1223760354938957826/kLOTek8h_normal.jpg",
        "profile_banner_url": "https://pbs.twimg.com/profile_banners/1126994150639984640/1571540332",
        "profile_link_color": "1DA1F2",
        "profile_sidebar_border_color": "C0DEED",
        "profile_sidebar_fill_color": "DDEEF6",
        "profile_text_color": "333333",
        "profile_use_background_image": true,
        "has_extended_profile": true,
        "default_profile": true,
        "default_profile_image": false,
        "following": null,
        "follow_request_sent": null,
        "notifications": null,
        "translator_type": "none"
    },
    "geo": null,
    "coordinates": null,
    "place": null,
    "contributors": null,
    "retweeted_status": {
        "created_at": "Sun Jan 19 18:31:01 +0000 2020",
        "id": 1218964091039035393,
        "id_str": "1218964091039035393",
        "text": ".@Tyga  at the #LVMenFW20 Show. @virgilabloh  presented his latest collection for #LouisVuitton at the Jardin des T\u2026 https://t.co/dd84xDPeB1",
        "truncated": true,
        "entities": {
            "hashtags": [
                {
                    "text": "LVMenFW20",
                    "indices": [
                        15,
                        25
                    ]
                },
                {
                    "text": "LouisVuitton",
                    "indices": [
                        82,
                        95
                    ]
                }
            ],
            "symbols": [],
            "user_mentions": [
                {
                    "screen_name": "Tyga",
                    "name": "T-Raww",
                    "id": 22733444,
                    "id_str": "22733444",
                    "indices": [
                        1,
                        6
                    ]
                },
                {
                    "screen_name": "virgilabloh",
                    "name": "virgil abloh",
                    "id": 21845792,
                    "id_str": "21845792",
                    "indices": [
                        32,
                        44
                    ]
                }
            ],
            "urls": [
                {
                    "url": "https://t.co/dd84xDPeB1",
                    "expanded_url": "https://twitter.com/i/web/status/1218964091039035393",
                    "display_url": "twitter.com/i/web/status/1\u2026",
                    "indices": [
                        117,
                        140
                    ]
                }
            ]
        },
        "metadata": {
            "iso_language_code": "en",
            "result_type": "recent"
        },
        "source": "<a href=\"https://www.sprinklr.com\" rel=\"nofollow\">Sprinklr</a>",
        "in_reply_to_status_id": null,
        "in_reply_to_status_id_str": null,
        "in_reply_to_user_id": null,
        "in_reply_to_user_id_str": null,
        "in_reply_to_screen_name": null,
        "user": {
            "id": 44084633,
            "id_str": "44084633",
            "name": "Louis Vuitton",
            "screen_name": "LouisVuitton",
            "location": "",
            "description": "The official Twitter page for Louis Vuitton Worldwide. Contact client services at @LVServices for customer assistance and personalised advice.",
            "url": "http://t.co/znRCgDOH21",
            "entities": {
                "url": {
                    "urls": [
                        {
                            "url": "http://t.co/znRCgDOH21",
                            "expanded_url": "http://www.louisvuitton.com",
                            "display_url": "louisvuitton.com",
                            "indices": [
                                0,
                                22
                            ]
                        }
                    ]
                },
                "description": {
                    "urls": []
                }
            },
            "protected": false,
            "followers_count": 7501392,
            "friends_count": 6,
            "listed_count": 9683,
            "created_at": "Tue Jun 02 08:22:48 +0000 2009",
            "favourites_count": 109,
            "utc_offset": null,
            "time_zone": null,
            "geo_enabled": false,
            "verified": true,
            "statuses_count": 5652,
            "lang": null,
            "contributors_enabled": false,
            "is_translator": false,
            "is_translation_enabled": false,
            "profile_background_color": "000000",
            "profile_background_image_url": "http://abs.twimg.com/images/themes/theme4/bg.gif",
            "profile_background_image_url_https": "https://abs.twimg.com/images/themes/theme4/bg.gif",
            "profile_background_tile": true,
            "profile_image_url": "http://pbs.twimg.com/profile_images/744891970380767232/jum1SDsC_normal.jpg",
            "profile_image_url_https": "https://pbs.twimg.com/profile_images/744891970380767232/jum1SDsC_normal.jpg",
            "profile_banner_url": "https://pbs.twimg.com/profile_banners/44084633/1583070237",
            "profile_link_color": "FF691F",
            "profile_sidebar_border_color": "FFFFFF",
            "profile_sidebar_fill_color": "FFFFFF",
            "profile_text_color": "2B1413",
            "profile_use_background_image": true,
            "has_extended_profile": false,
            "default_profile": false,
            "default_profile_image": false,
            "following": null,
            "follow_request_sent": null,
            "notifications": null,
            "translator_type": "none"
        },
        "geo": null,
        "coordinates": null,
        "place": null,
        "contributors": null,
        "is_quote_status": false,
        "retweet_count": 125,
        "favorite_count": 887,
        "favorited": false,
        "retweeted": false,
        "possibly_sensitive": false,
        "lang": "en"
    },
    "is_quote_status": false,
    "retweet_count": 125,
    "favorite_count": 0,
    "favorited": false,
    "retweeted": false,
    "lang": "en"
}