{
    "created_at": "Mon Mar 09 23:42:46 +0000 2020",
    "id": 1237161939697975296,
    "id_str": "1237161939697975296",
    "text": "RT @artificialoves: sehun in a suit \ud83e\udd24\ud83e\udd24\ud83e\udd24\n@Dior @LouisVuitton https://t.co/FhCtvBKDD4",
    "truncated": false,
    "entities": {
        "hashtags": [],
        "symbols": [],
        "user_mentions": [
            {
                "screen_name": "artificialoves",
                "name": "bbh ft. seulgi",
                "id": 1063959564670791681,
                "id_str": "1063959564670791681",
                "indices": [
                    3,
                    18
                ]
            },
            {
                "screen_name": "Dior",
                "name": "Dior",
                "id": 348379865,
                "id_str": "348379865",
                "indices": [
                    40,
                    45
                ]
            },
            {
                "screen_name": "LouisVuitton",
                "name": "Louis Vuitton",
                "id": 44084633,
                "id_str": "44084633",
                "indices": [
                    46,
                    59
                ]
            }
        ],
        "urls": [],
        "media": [
            {
                "id": 1173593265070694400,
                "id_str": "1173593265070694400",
                "indices": [
                    60,
                    83
                ],
                "media_url": "http://pbs.twimg.com/media/EElw20tUYAAg1RU.jpg",
                "media_url_https": "https://pbs.twimg.com/media/EElw20tUYAAg1RU.jpg",
                "url": "https://t.co/FhCtvBKDD4",
                "display_url": "pic.twitter.com/FhCtvBKDD4",
                "expanded_url": "https://twitter.com/artificialoves/status/1173593274872815617/photo/1",
                "type": "photo",
                "sizes": {
                    "thumb": {
                        "w": 150,
                        "h": 150,
                        "resize": "crop"
                    },
                    "medium": {
                        "w": 584,
                        "h": 1200,
                        "resize": "fit"
                    },
                    "large": {
                        "w": 745,
                        "h": 1532,
                        "resize": "fit"
                    },
                    "small": {
                        "w": 331,
                        "h": 680,
                        "resize": "fit"
                    }
                },
                "source_status_id": 1173593274872815617,
                "source_status_id_str": "1173593274872815617",
                "source_user_id": 1063959564670791681,
                "source_user_id_str": "1063959564670791681"
            }
        ]
    },
    "extended_entities": {
        "media": [
            {
                "id": 1173593265070694400,
                "id_str": "1173593265070694400",
                "indices": [
                    60,
                    83
                ],
                "media_url": "http://pbs.twimg.com/media/EElw20tUYAAg1RU.jpg",
                "media_url_https": "https://pbs.twimg.com/media/EElw20tUYAAg1RU.jpg",
                "url": "https://t.co/FhCtvBKDD4",
                "display_url": "pic.twitter.com/FhCtvBKDD4",
                "expanded_url": "https://twitter.com/artificialoves/status/1173593274872815617/photo/1",
                "type": "photo",
                "sizes": {
                    "thumb": {
                        "w": 150,
                        "h": 150,
                        "resize": "crop"
                    },
                    "medium": {
                        "w": 584,
                        "h": 1200,
                        "resize": "fit"
                    },
                    "large": {
                        "w": 745,
                        "h": 1532,
                        "resize": "fit"
                    },
                    "small": {
                        "w": 331,
                        "h": 680,
                        "resize": "fit"
                    }
                },
                "source_status_id": 1173593274872815617,
                "source_status_id_str": "1173593274872815617",
                "source_user_id": 1063959564670791681,
                "source_user_id_str": "1063959564670791681"
            },
            {
                "id": 1173593265079119872,
                "id_str": "1173593265079119872",
                "indices": [
                    60,
                    83
                ],
                "media_url": "http://pbs.twimg.com/media/EElw20vU8AADexz.jpg",
                "media_url_https": "https://pbs.twimg.com/media/EElw20vU8AADexz.jpg",
                "url": "https://t.co/FhCtvBKDD4",
                "display_url": "pic.twitter.com/FhCtvBKDD4",
                "expanded_url": "https://twitter.com/artificialoves/status/1173593274872815617/photo/1",
                "type": "photo",
                "sizes": {
                    "thumb": {
                        "w": 150,
                        "h": 150,
                        "resize": "crop"
                    },
                    "medium": {
                        "w": 675,
                        "h": 1200,
                        "resize": "fit"
                    },
                    "small": {
                        "w": 383,
                        "h": 680,
                        "resize": "fit"
                    },
                    "large": {
                        "w": 1024,
                        "h": 1820,
                        "resize": "fit"
                    }
                },
                "source_status_id": 1173593274872815617,
                "source_status_id_str": "1173593274872815617",
                "source_user_id": 1063959564670791681,
                "source_user_id_str": "1063959564670791681"
            },
            {
                "id": 1173593265083318272,
                "id_str": "1173593265083318272",
                "indices": [
                    60,
                    83
                ],
                "media_url": "http://pbs.twimg.com/media/EElw20wVAAANxr7.jpg",
                "media_url_https": "https://pbs.twimg.com/media/EElw20wVAAANxr7.jpg",
                "url": "https://t.co/FhCtvBKDD4",
                "display_url": "pic.twitter.com/FhCtvBKDD4",
                "expanded_url": "https://twitter.com/artificialoves/status/1173593274872815617/photo/1",
                "type": "photo",
                "sizes": {
                    "thumb": {
                        "w": 150,
                        "h": 150,
                        "resize": "crop"
                    },
                    "large": {
                        "w": 750,
                        "h": 1334,
                        "resize": "fit"
                    },
                    "medium": {
                        "w": 675,
                        "h": 1200,
                        "resize": "fit"
                    },
                    "small": {
                        "w": 382,
                        "h": 680,
                        "resize": "fit"
                    }
                },
                "source_status_id": 1173593274872815617,
                "source_status_id_str": "1173593274872815617",
                "source_user_id": 1063959564670791681,
                "source_user_id_str": "1063959564670791681"
            },
            {
                "id": 1173593265083277314,
                "id_str": "1173593265083277314",
                "indices": [
                    60,
                    83
                ],
                "media_url": "http://pbs.twimg.com/media/EElw20wUYAIDOi4.jpg",
                "media_url_https": "https://pbs.twimg.com/media/EElw20wUYAIDOi4.jpg",
                "url": "https://t.co/FhCtvBKDD4",
                "display_url": "pic.twitter.com/FhCtvBKDD4",
                "expanded_url": "https://twitter.com/artificialoves/status/1173593274872815617/photo/1",
                "type": "photo",
                "sizes": {
                    "thumb": {
                        "w": 150,
                        "h": 150,
                        "resize": "crop"
                    },
                    "small": {
                        "w": 382,
                        "h": 680,
                        "resize": "fit"
                    },
                    "large": {
                        "w": 750,
                        "h": 1334,
                        "resize": "fit"
                    },
                    "medium": {
                        "w": 675,
                        "h": 1200,
                        "resize": "fit"
                    }
                },
                "source_status_id": 1173593274872815617,
                "source_status_id_str": "1173593274872815617",
                "source_user_id": 1063959564670791681,
                "source_user_id_str": "1063959564670791681"
            }
        ]
    },
    "metadata": {
        "iso_language_code": "en",
        "result_type": "recent"
    },
    "source": "<a href=\"http://twitter.com/download/iphone\" rel=\"nofollow\">Twitter for iPhone</a>",
    "in_reply_to_status_id": null,
    "in_reply_to_status_id_str": null,
    "in_reply_to_user_id": null,
    "in_reply_to_user_id_str": null,
    "in_reply_to_screen_name": null,
    "user": {
        "id": 1063959564670791681,
        "id_str": "1063959564670791681",
        "name": "bbh ft. seulgi",
        "screen_name": "artificialoves",
        "location": "",
        "description": "genius, billionaire, playboy, philanthropist",
        "url": "https://t.co/s4rhN8VF0j",
        "entities": {
            "url": {
                "urls": [
                    {
                        "url": "https://t.co/s4rhN8VF0j",
                        "expanded_url": "https://curiouscat.me/wushixcn",
                        "display_url": "curiouscat.me/wushixcn",
                        "indices": [
                            0,
                            23
                        ]
                    }
                ]
            },
            "description": {
                "urls": []
            }
        },
        "protected": false,
        "followers_count": 1635,
        "friends_count": 133,
        "listed_count": 15,
        "created_at": "Sun Nov 18 00:58:22 +0000 2018",
        "favourites_count": 5988,
        "utc_offset": null,
        "time_zone": null,
        "geo_enabled": false,
        "verified": false,
        "statuses_count": 15649,
        "lang": null,
        "contributors_enabled": false,
        "is_translator": false,
        "is_translation_enabled": false,
        "profile_background_color": "F5F8FA",
        "profile_background_image_url": null,
        "profile_background_image_url_https": null,
        "profile_background_tile": false,
        "profile_image_url": "http://pbs.twimg.com/profile_images/1229013911392776193/Cy9qvlVu_normal.jpg",
        "profile_image_url_https": "https://pbs.twimg.com/profile_images/1229013911392776193/Cy9qvlVu_normal.jpg",
        "profile_banner_url": "https://pbs.twimg.com/profile_banners/1063959564670791681/1578623202",
        "profile_link_color": "1DA1F2",
        "profile_sidebar_border_color": "C0DEED",
        "profile_sidebar_fill_color": "DDEEF6",
        "profile_text_color": "333333",
        "profile_use_background_image": true,
        "has_extended_profile": true,
        "default_profile": true,
        "default_profile_image": false,
        "following": null,
        "follow_request_sent": null,
        "notifications": null,
        "translator_type": "none"
    },
    "geo": null,
    "coordinates": null,
    "place": null,
    "contributors": null,
    "retweeted_status": {
        "created_at": "Mon Sep 16 13:43:35 +0000 2019",
        "id": 1173593274872815617,
        "id_str": "1173593274872815617",
        "text": "sehun in a suit \ud83e\udd24\ud83e\udd24\ud83e\udd24\n@Dior @LouisVuitton https://t.co/FhCtvBKDD4",
        "truncated": false,
        "entities": {
            "hashtags": [],
            "symbols": [],
            "user_mentions": [
                {
                    "screen_name": "Dior",
                    "name": "Dior",
                    "id": 348379865,
                    "id_str": "348379865",
                    "indices": [
                        20,
                        25
                    ]
                },
                {
                    "screen_name": "LouisVuitton",
                    "name": "Louis Vuitton",
                    "id": 44084633,
                    "id_str": "44084633",
                    "indices": [
                        26,
                        39
                    ]
                }
            ],
            "urls": [],
            "media": [
                {
                    "id": 1173593265070694400,
                    "id_str": "1173593265070694400",
                    "indices": [
                        40,
                        63
                    ],
                    "media_url": "http://pbs.twimg.com/media/EElw20tUYAAg1RU.jpg",
                    "media_url_https": "https://pbs.twimg.com/media/EElw20tUYAAg1RU.jpg",
                    "url": "https://t.co/FhCtvBKDD4",
                    "display_url": "pic.twitter.com/FhCtvBKDD4",
                    "expanded_url": "https://twitter.com/artificialoves/status/1173593274872815617/photo/1",
                    "type": "photo",
                    "sizes": {
                        "thumb": {
                            "w": 150,
                            "h": 150,
                            "resize": "crop"
                        },
                        "medium": {
                            "w": 584,
                            "h": 1200,
                            "resize": "fit"
                        },
                        "large": {
                            "w": 745,
                            "h": 1532,
                            "resize": "fit"
                        },
                        "small": {
                            "w": 331,
                            "h": 680,
                            "resize": "fit"
                        }
                    }
                }
            ]
        },
        "extended_entities": {
            "media": [
                {
                    "id": 1173593265070694400,
                    "id_str": "1173593265070694400",
                    "indices": [
                        40,
                        63
                    ],
                    "media_url": "http://pbs.twimg.com/media/EElw20tUYAAg1RU.jpg",
                    "media_url_https": "https://pbs.twimg.com/media/EElw20tUYAAg1RU.jpg",
                    "url": "https://t.co/FhCtvBKDD4",
                    "display_url": "pic.twitter.com/FhCtvBKDD4",
                    "expanded_url": "https://twitter.com/artificialoves/status/1173593274872815617/photo/1",
                    "type": "photo",
                    "sizes": {
                        "thumb": {
                            "w": 150,
                            "h": 150,
                            "resize": "crop"
                        },
                        "medium": {
                            "w": 584,
                            "h": 1200,
                            "resize": "fit"
                        },
                        "large": {
                            "w": 745,
                            "h": 1532,
                            "resize": "fit"
                        },
                        "small": {
                            "w": 331,
                            "h": 680,
                            "resize": "fit"
                        }
                    }
                },
                {
                    "id": 1173593265079119872,
                    "id_str": "1173593265079119872",
                    "indices": [
                        40,
                        63
                    ],
                    "media_url": "http://pbs.twimg.com/media/EElw20vU8AADexz.jpg",
                    "media_url_https": "https://pbs.twimg.com/media/EElw20vU8AADexz.jpg",
                    "url": "https://t.co/FhCtvBKDD4",
                    "display_url": "pic.twitter.com/FhCtvBKDD4",
                    "expanded_url": "https://twitter.com/artificialoves/status/1173593274872815617/photo/1",
                    "type": "photo",
                    "sizes": {
                        "thumb": {
                            "w": 150,
                            "h": 150,
                            "resize": "crop"
                        },
                        "medium": {
                            "w": 675,
                            "h": 1200,
                            "resize": "fit"
                        },
                        "small": {
                            "w": 383,
                            "h": 680,
                            "resize": "fit"
                        },
                        "large": {
                            "w": 1024,
                            "h": 1820,
                            "resize": "fit"
                        }
                    }
                },
                {
                    "id": 1173593265083318272,
                    "id_str": "1173593265083318272",
                    "indices": [
                        40,
                        63
                    ],
                    "media_url": "http://pbs.twimg.com/media/EElw20wVAAANxr7.jpg",
                    "media_url_https": "https://pbs.twimg.com/media/EElw20wVAAANxr7.jpg",
                    "url": "https://t.co/FhCtvBKDD4",
                    "display_url": "pic.twitter.com/FhCtvBKDD4",
                    "expanded_url": "https://twitter.com/artificialoves/status/1173593274872815617/photo/1",
                    "type": "photo",
                    "sizes": {
                        "thumb": {
                            "w": 150,
                            "h": 150,
                            "resize": "crop"
                        },
                        "large": {
                            "w": 750,
                            "h": 1334,
                            "resize": "fit"
                        },
                        "medium": {
                            "w": 675,
                            "h": 1200,
                            "resize": "fit"
                        },
                        "small": {
                            "w": 382,
                            "h": 680,
                            "resize": "fit"
                        }
                    }
                },
                {
                    "id": 1173593265083277314,
                    "id_str": "1173593265083277314",
                    "indices": [
                        40,
                        63
                    ],
                    "media_url": "http://pbs.twimg.com/media/EElw20wUYAIDOi4.jpg",
                    "media_url_https": "https://pbs.twimg.com/media/EElw20wUYAIDOi4.jpg",
                    "url": "https://t.co/FhCtvBKDD4",
                    "display_url": "pic.twitter.com/FhCtvBKDD4",
                    "expanded_url": "https://twitter.com/artificialoves/status/1173593274872815617/photo/1",
                    "type": "photo",
                    "sizes": {
                        "thumb": {
                            "w": 150,
                            "h": 150,
                            "resize": "crop"
                        },
                        "small": {
                            "w": 382,
                            "h": 680,
                            "resize": "fit"
                        },
                        "large": {
                            "w": 750,
                            "h": 1334,
                            "resize": "fit"
                        },
                        "medium": {
                            "w": 675,
                            "h": 1200,
                            "resize": "fit"
                        }
                    }
                }
            ]
        },
        "metadata": {
            "iso_language_code": "en",
            "result_type": "recent"
        },
        "source": "<a href=\"http://twitter.com/download/iphone\" rel=\"nofollow\">Twitter for iPhone</a>",
        "in_reply_to_status_id": null,
        "in_reply_to_status_id_str": null,
        "in_reply_to_user_id": null,
        "in_reply_to_user_id_str": null,
        "in_reply_to_screen_name": null,
        "user": {
            "id": 1063959564670791681,
            "id_str": "1063959564670791681",
            "name": "bbh ft. seulgi",
            "screen_name": "artificialoves",
            "location": "",
            "description": "genius, billionaire, playboy, philanthropist",
            "url": "https://t.co/s4rhN8VF0j",
            "entities": {
                "url": {
                    "urls": [
                        {
                            "url": "https://t.co/s4rhN8VF0j",
                            "expanded_url": "https://curiouscat.me/wushixcn",
                            "display_url": "curiouscat.me/wushixcn",
                            "indices": [
                                0,
                                23
                            ]
                        }
                    ]
                },
                "description": {
                    "urls": []
                }
            },
            "protected": false,
            "followers_count": 1635,
            "friends_count": 133,
            "listed_count": 15,
            "created_at": "Sun Nov 18 00:58:22 +0000 2018",
            "favourites_count": 5988,
            "utc_offset": null,
            "time_zone": null,
            "geo_enabled": false,
            "verified": false,
            "statuses_count": 15649,
            "lang": null,
            "contributors_enabled": false,
            "is_translator": false,
            "is_translation_enabled": false,
            "profile_background_color": "F5F8FA",
            "profile_background_image_url": null,
            "profile_background_image_url_https": null,
            "profile_background_tile": false,
            "profile_image_url": "http://pbs.twimg.com/profile_images/1229013911392776193/Cy9qvlVu_normal.jpg",
            "profile_image_url_https": "https://pbs.twimg.com/profile_images/1229013911392776193/Cy9qvlVu_normal.jpg",
            "profile_banner_url": "https://pbs.twimg.com/profile_banners/1063959564670791681/1578623202",
            "profile_link_color": "1DA1F2",
            "profile_sidebar_border_color": "C0DEED",
            "profile_sidebar_fill_color": "DDEEF6",
            "profile_text_color": "333333",
            "profile_use_background_image": true,
            "has_extended_profile": true,
            "default_profile": true,
            "default_profile_image": false,
            "following": null,
            "follow_request_sent": null,
            "notifications": null,
            "translator_type": "none"
        },
        "geo": null,
        "coordinates": null,
        "place": null,
        "contributors": null,
        "is_quote_status": false,
        "retweet_count": 2,
        "favorite_count": 3,
        "favorited": false,
        "retweeted": false,
        "possibly_sensitive": false,
        "lang": "en"
    },
    "is_quote_status": false,
    "retweet_count": 2,
    "favorite_count": 0,
    "favorited": false,
    "retweeted": false,
    "possibly_sensitive": false,
    "lang": "en"
}