{
    "created_at": "Tue Mar 10 10:57:42 +0000 2020",
    "id": 1237331793834991616,
    "id_str": "1237331793834991616",
    "text": "\u4eca\u56de\u306e\u30f4\u30a3\u30c8\u30f3\u306e\u30b7\u30e7\u30fc\u821e\u53f0\u89b3\u3066\u308b\u307f\u305f\u3044\u3067\u305f\u306e\u3057\u3044\u3057\u7d20\u6575\u3060\n\n2020\u79cb\u51ac\u30a6\u30a3\u30e1\u30f3\u30ba\uff65\u30d5\u30a1\u30c3\u30b7\u30e7\u30f3\u30b7\u30e7\u30fc https://t.co/1kEhfet43r @LouisVuitton\u3088\u308a",
    "truncated": false,
    "entities": {
        "hashtags": [],
        "symbols": [],
        "user_mentions": [
            {
                "screen_name": "LouisVuitton",
                "name": "Louis Vuitton",
                "id": 44084633,
                "id_str": "44084633",
                "indices": [
                    76,
                    89
                ]
            }
        ],
        "urls": [
            {
                "url": "https://t.co/1kEhfet43r",
                "expanded_url": "https://player.louisvuitton.com/share/1334188?loc=jpn_jp&ref=twitter",
                "display_url": "player.louisvuitton.com/share/1334188?\u2026",
                "indices": [
                    52,
                    75
                ]
            }
        ]
    },
    "metadata": {
        "iso_language_code": "ja",
        "result_type": "recent"
    },
    "source": "<a href=\"http://twitter.com/download/iphone\" rel=\"nofollow\">Twitter for iPhone</a>",
    "in_reply_to_status_id": null,
    "in_reply_to_status_id_str": null,
    "in_reply_to_user_id": null,
    "in_reply_to_user_id_str": null,
    "in_reply_to_screen_name": null,
    "user": {
        "id": 196152489,
        "id_str": "196152489",
        "name": "mayu",
        "screen_name": "juno176",
        "location": "\u5c0f\u6c5f\u6238\u21d4\u6c5f\u6238",
        "description": "\u90a6\u697d\u30ed\u30c3\u30af\u30dd\u30c3\u30d7\u5bc4\u308a\u304c\u597d\u304d\u3002LOST IN TIME\u30fb\u30b9\u30c8\u30ec\u30a4\u30c6\u30ca\u30fc\u30fb\u30d5\u30b8\u30d5\u30a1\u30d6\u30ea\u30c3\u30af(\u5fd7\u6751\u6642\u4ee3)\u30fb\u30e1\u30ec\u30f3\u30b2\u306a\u3069\u306a\u3069\u3002BUMP OF CHICKEN\u306f\u539f\u70b9\u3002\u96d1\u98df\u3002\u30d4\u30a2\u30ce\u306e\u97f3\u3068\u7e4a\u7d30\u306a\u30ae\u30bf\u30fc\u304c\u597d\u304d\u3002\u30d0\u30ec\u30a8\u3001\u65b0\u4f53\u64cd\u3001\u30c0\u30f3\u30b9\u3084\u3063\u3066\u307e\u3057\u305f\u3002\u6700\u8fd1\u30d5\u30a3\u30ae\u30e5\u30a2\u30b9\u30b1\u30fc\u30c8\u6cbc\u306b\u5d4c\u3063\u3066\u8f9b\u3044\u3002\u3044\u3084\u5e78\u305b\u3002",
        "url": null,
        "entities": {
            "description": {
                "urls": []
            }
        },
        "protected": false,
        "followers_count": 547,
        "friends_count": 565,
        "listed_count": 37,
        "created_at": "Tue Sep 28 13:20:27 +0000 2010",
        "favourites_count": 8444,
        "utc_offset": null,
        "time_zone": null,
        "geo_enabled": true,
        "verified": false,
        "statuses_count": 36905,
        "lang": null,
        "contributors_enabled": false,
        "is_translator": false,
        "is_translation_enabled": false,
        "profile_background_color": "642D8B",
        "profile_background_image_url": "http://abs.twimg.com/images/themes/theme10/bg.gif",
        "profile_background_image_url_https": "https://abs.twimg.com/images/themes/theme10/bg.gif",
        "profile_background_tile": true,
        "profile_image_url": "http://pbs.twimg.com/profile_images/961742160449060864/lJ18a0wG_normal.png",
        "profile_image_url_https": "https://pbs.twimg.com/profile_images/961742160449060864/lJ18a0wG_normal.png",
        "profile_banner_url": "https://pbs.twimg.com/profile_banners/196152489/1426001400",
        "profile_link_color": "FF0000",
        "profile_sidebar_border_color": "65B0DA",
        "profile_sidebar_fill_color": "44138F",
        "profile_text_color": "281957",
        "profile_use_background_image": true,
        "has_extended_profile": true,
        "default_profile": false,
        "default_profile_image": false,
        "following": null,
        "follow_request_sent": null,
        "notifications": null,
        "translator_type": "none"
    },
    "geo": null,
    "coordinates": null,
    "place": null,
    "contributors": null,
    "is_quote_status": false,
    "retweet_count": 0,
    "favorite_count": 0,
    "favorited": false,
    "retweeted": false,
    "possibly_sensitive": false,
    "lang": "ja"
}