{
    "created_at": "Tue Mar 10 04:32:48 +0000 2020",
    "id": 1237234927176908800,
    "id_str": "1237234927176908800",
    "text": "@ModernNotoriety @virgilabloh @nigoldeneye @LouisVuitton Shits ugly lmfao",
    "truncated": false,
    "entities": {
        "hashtags": [],
        "symbols": [],
        "user_mentions": [
            {
                "screen_name": "ModernNotoriety",
                "name": "Modern Notoriety",
                "id": 132668276,
                "id_str": "132668276",
                "indices": [
                    0,
                    16
                ]
            },
            {
                "screen_name": "virgilabloh",
                "name": "virgil abloh",
                "id": 21845792,
                "id_str": "21845792",
                "indices": [
                    17,
                    29
                ]
            },
            {
                "screen_name": "nigoldeneye",
                "name": "NIGO\u00ae",
                "id": 115260374,
                "id_str": "115260374",
                "indices": [
                    30,
                    42
                ]
            },
            {
                "screen_name": "LouisVuitton",
                "name": "Louis Vuitton",
                "id": 44084633,
                "id_str": "44084633",
                "indices": [
                    43,
                    56
                ]
            }
        ],
        "urls": []
    },
    "metadata": {
        "iso_language_code": "en",
        "result_type": "recent"
    },
    "source": "<a href=\"http://twitter.com/download/iphone\" rel=\"nofollow\">Twitter for iPhone</a>",
    "in_reply_to_status_id": 1237038265808683008,
    "in_reply_to_status_id_str": "1237038265808683008",
    "in_reply_to_user_id": 132668276,
    "in_reply_to_user_id_str": "132668276",
    "in_reply_to_screen_name": "ModernNotoriety",
    "user": {
        "id": 516149046,
        "id_str": "516149046",
        "name": "CHRI$TOPHER",
        "screen_name": "NXIE7Y",
        "location": "CHICAGO",
        "description": "FINESSE OR GET FINESSED #LONGLIVE28GRAMS",
        "url": "https://t.co/IKusdXntLf",
        "entities": {
            "url": {
                "urls": [
                    {
                        "url": "https://t.co/IKusdXntLf",
                        "expanded_url": "http://INSTAGRAM.COM/XIE7Y",
                        "display_url": "INSTAGRAM.COM/XIE7Y",
                        "indices": [
                            0,
                            23
                        ]
                    }
                ]
            },
            "description": {
                "urls": []
            }
        },
        "protected": false,
        "followers_count": 1852,
        "friends_count": 872,
        "listed_count": 18,
        "created_at": "Tue Mar 06 03:35:05 +0000 2012",
        "favourites_count": 122667,
        "utc_offset": null,
        "time_zone": null,
        "geo_enabled": true,
        "verified": false,
        "statuses_count": 61127,
        "lang": null,
        "contributors_enabled": false,
        "is_translator": false,
        "is_translation_enabled": true,
        "profile_background_color": "131516",
        "profile_background_image_url": "http://abs.twimg.com/images/themes/theme14/bg.gif",
        "profile_background_image_url_https": "https://abs.twimg.com/images/themes/theme14/bg.gif",
        "profile_background_tile": true,
        "profile_image_url": "http://pbs.twimg.com/profile_images/1233472029560582146/s-VXl_MM_normal.jpg",
        "profile_image_url_https": "https://pbs.twimg.com/profile_images/1233472029560582146/s-VXl_MM_normal.jpg",
        "profile_banner_url": "https://pbs.twimg.com/profile_banners/516149046/1582920352",
        "profile_link_color": "F58EA8",
        "profile_sidebar_border_color": "FFFFFF",
        "profile_sidebar_fill_color": "C0DFEC",
        "profile_text_color": "333333",
        "profile_use_background_image": true,
        "has_extended_profile": false,
        "default_profile": false,
        "default_profile_image": false,
        "following": null,
        "follow_request_sent": null,
        "notifications": null,
        "translator_type": "none"
    },
    "geo": null,
    "coordinates": null,
    "place": {
        "id": "014cdf2b0d6404fa",
        "url": "https://api.twitter.com/1.1/geo/id/014cdf2b0d6404fa.json",
        "place_type": "city",
        "name": "Round Lake",
        "full_name": "Round Lake, IL",
        "country_code": "US",
        "country": "United States",
        "contained_within": [],
        "bounding_box": {
            "type": "Polygon",
            "coordinates": [
                [
                    [
                        -88.140904,
                        42.309615
                    ],
                    [
                        -88.082053,
                        42.309615
                    ],
                    [
                        -88.082053,
                        42.368764
                    ],
                    [
                        -88.140904,
                        42.368764
                    ]
                ]
            ]
        },
        "attributes": {}
    },
    "contributors": null,
    "is_quote_status": false,
    "retweet_count": 0,
    "favorite_count": 0,
    "favorited": false,
    "retweeted": false,
    "lang": "en"
}