{
    "created_at": "Tue Mar 10 02:29:50 +0000 2020",
    "id": 1237203983141404672,
    "id_str": "1237203983141404672",
    "text": "@senvyxo @LouisVuitton I couldn\u2019t agree more!",
    "truncated": false,
    "entities": {
        "hashtags": [],
        "symbols": [],
        "user_mentions": [
            {
                "screen_name": "senvyxo",
                "name": "jambo \ud83c\udf83",
                "id": 970319414146093056,
                "id_str": "970319414146093056",
                "indices": [
                    0,
                    8
                ]
            },
            {
                "screen_name": "LouisVuitton",
                "name": "Louis Vuitton",
                "id": 44084633,
                "id_str": "44084633",
                "indices": [
                    9,
                    22
                ]
            }
        ],
        "urls": []
    },
    "metadata": {
        "iso_language_code": "en",
        "result_type": "recent"
    },
    "source": "<a href=\"http://twitter.com/download/iphone\" rel=\"nofollow\">Twitter for iPhone</a>",
    "in_reply_to_status_id": 1237203797270827008,
    "in_reply_to_status_id_str": "1237203797270827008",
    "in_reply_to_user_id": 970319414146093056,
    "in_reply_to_user_id_str": "970319414146093056",
    "in_reply_to_screen_name": "senvyxo",
    "user": {
        "id": 921448691164155904,
        "id_str": "921448691164155904",
        "name": "\ud835\udcf5\ud835\udcea\ud835\udcfe\ud835\udcfb\ud835\udcee\ud835\udcf7\u2736*\u2022\u00b0\u2727 \u263e",
        "screen_name": "LaHeartSings",
        "location": "",
        "description": "Singer/dancer/drag enthusiast. Married to @THETigerBen. \u2609Cancer \u263dPisces \u2191Libra \ud835\ude0f\ud835\ude22\ud835\ude31\ud835\ude31\ud835\ude2a\ud835\ude2f\ud835\ude26\ud835\ude34\ud835\ude34 \ud835\ude2a\ud835\ude34 \ud835\ude22 \ud835\ude23\ud835\ude36\ud835\ude35\ud835\ude35\ud835\ude26\ud835\ude33\ud835\ude27\ud835\ude2d\ud835\ude3a \ud83e\udd8b TN\u21e2KY\u21e2TN",
        "url": null,
        "entities": {
            "description": {
                "urls": []
            }
        },
        "protected": false,
        "followers_count": 130,
        "friends_count": 320,
        "listed_count": 2,
        "created_at": "Fri Oct 20 18:51:02 +0000 2017",
        "favourites_count": 1987,
        "utc_offset": null,
        "time_zone": null,
        "geo_enabled": true,
        "verified": false,
        "statuses_count": 3251,
        "lang": null,
        "contributors_enabled": false,
        "is_translator": false,
        "is_translation_enabled": false,
        "profile_background_color": "F5F8FA",
        "profile_background_image_url": null,
        "profile_background_image_url_https": null,
        "profile_background_tile": false,
        "profile_image_url": "http://pbs.twimg.com/profile_images/1206427379821879297/D4zgomei_normal.jpg",
        "profile_image_url_https": "https://pbs.twimg.com/profile_images/1206427379821879297/D4zgomei_normal.jpg",
        "profile_banner_url": "https://pbs.twimg.com/profile_banners/921448691164155904/1578226894",
        "profile_link_color": "1DA1F2",
        "profile_sidebar_border_color": "C0DEED",
        "profile_sidebar_fill_color": "DDEEF6",
        "profile_text_color": "333333",
        "profile_use_background_image": true,
        "has_extended_profile": true,
        "default_profile": true,
        "default_profile_image": false,
        "following": null,
        "follow_request_sent": null,
        "notifications": null,
        "translator_type": "none"
    },
    "geo": null,
    "coordinates": null,
    "place": null,
    "contributors": null,
    "is_quote_status": false,
    "retweet_count": 0,
    "favorite_count": 0,
    "favorited": false,
    "retweeted": false,
    "lang": "en"
}