{
    "created_at": "Tue Mar 10 02:36:27 +0000 2020",
    "id": 1237205647399079936,
    "id_str": "1237205647399079936",
    "text": "RT @LouisVuitton: .@ITZYofficial  is in Paris for the #LVSS20 Show. Ask the K-Pop group anything about their trip and the #LouisVuitton Fas\u2026",
    "truncated": false,
    "entities": {
        "hashtags": [
            {
                "text": "LVSS20",
                "indices": [
                    54,
                    61
                ]
            },
            {
                "text": "LouisVuitton",
                "indices": [
                    122,
                    135
                ]
            }
        ],
        "symbols": [],
        "user_mentions": [
            {
                "screen_name": "LouisVuitton",
                "name": "Louis Vuitton",
                "id": 44084633,
                "id_str": "44084633",
                "indices": [
                    3,
                    16
                ]
            },
            {
                "screen_name": "ITZYofficial",
                "name": "ITZY",
                "id": 1062578718214770688,
                "id_str": "1062578718214770688",
                "indices": [
                    19,
                    32
                ]
            }
        ],
        "urls": []
    },
    "metadata": {
        "iso_language_code": "en",
        "result_type": "recent"
    },
    "source": "<a href=\"https://mobile.twitter.com\" rel=\"nofollow\">Twitter Web App</a>",
    "in_reply_to_status_id": null,
    "in_reply_to_status_id_str": null,
    "in_reply_to_user_id": null,
    "in_reply_to_user_id_str": null,
    "in_reply_to_screen_name": null,
    "user": {
        "id": 1159859747316731905,
        "id_str": "1159859747316731905",
        "name": "SolMun",
        "screen_name": "solmun10040912",
        "location": "H\u00e0 N\u1ed9i, Vi\u1ec7t Nam",
        "description": "Yoon Yeonghan ( SVT ) - Yuna ( ITZY )",
        "url": null,
        "entities": {
            "description": {
                "urls": []
            }
        },
        "protected": false,
        "followers_count": 6,
        "friends_count": 1129,
        "listed_count": 0,
        "created_at": "Fri Aug 09 16:11:27 +0000 2019",
        "favourites_count": 7196,
        "utc_offset": null,
        "time_zone": null,
        "geo_enabled": false,
        "verified": false,
        "statuses_count": 3183,
        "lang": null,
        "contributors_enabled": false,
        "is_translator": false,
        "is_translation_enabled": false,
        "profile_background_color": "F5F8FA",
        "profile_background_image_url": null,
        "profile_background_image_url_https": null,
        "profile_background_tile": false,
        "profile_image_url": "http://pbs.twimg.com/profile_images/1227966992574865409/uXwHjoTJ_normal.jpg",
        "profile_image_url_https": "https://pbs.twimg.com/profile_images/1227966992574865409/uXwHjoTJ_normal.jpg",
        "profile_banner_url": "https://pbs.twimg.com/profile_banners/1159859747316731905/1581605121",
        "profile_link_color": "1DA1F2",
        "profile_sidebar_border_color": "C0DEED",
        "profile_sidebar_fill_color": "DDEEF6",
        "profile_text_color": "333333",
        "profile_use_background_image": true,
        "has_extended_profile": true,
        "default_profile": true,
        "default_profile_image": false,
        "following": null,
        "follow_request_sent": null,
        "notifications": null,
        "translator_type": "none"
    },
    "geo": null,
    "coordinates": null,
    "place": null,
    "contributors": null,
    "retweeted_status": {
        "created_at": "Sat Sep 28 08:06:01 +0000 2019",
        "id": 1177856975411044353,
        "id_str": "1177856975411044353",
        "text": ".@ITZYofficial  is in Paris for the #LVSS20 Show. Ask the K-Pop group anything about their trip and the\u2026 https://t.co/4FunNSpoJ2",
        "truncated": true,
        "entities": {
            "hashtags": [
                {
                    "text": "LVSS20",
                    "indices": [
                        36,
                        43
                    ]
                }
            ],
            "symbols": [],
            "user_mentions": [
                {
                    "screen_name": "ITZYofficial",
                    "name": "ITZY",
                    "id": 1062578718214770688,
                    "id_str": "1062578718214770688",
                    "indices": [
                        1,
                        14
                    ]
                }
            ],
            "urls": [
                {
                    "url": "https://t.co/4FunNSpoJ2",
                    "expanded_url": "https://twitter.com/i/web/status/1177856975411044353",
                    "display_url": "twitter.com/i/web/status/1\u2026",
                    "indices": [
                        105,
                        128
                    ]
                }
            ]
        },
        "metadata": {
            "iso_language_code": "en",
            "result_type": "recent"
        },
        "source": "<a href=\"https://www.sprinklr.com\" rel=\"nofollow\">Sprinklr</a>",
        "in_reply_to_status_id": null,
        "in_reply_to_status_id_str": null,
        "in_reply_to_user_id": null,
        "in_reply_to_user_id_str": null,
        "in_reply_to_screen_name": null,
        "user": {
            "id": 44084633,
            "id_str": "44084633",
            "name": "Louis Vuitton",
            "screen_name": "LouisVuitton",
            "location": "",
            "description": "The official Twitter page for Louis Vuitton Worldwide. Contact client services at @LVServices for customer assistance and personalised advice.",
            "url": "http://t.co/znRCgDOH21",
            "entities": {
                "url": {
                    "urls": [
                        {
                            "url": "http://t.co/znRCgDOH21",
                            "expanded_url": "http://www.louisvuitton.com",
                            "display_url": "louisvuitton.com",
                            "indices": [
                                0,
                                22
                            ]
                        }
                    ]
                },
                "description": {
                    "urls": []
                }
            },
            "protected": false,
            "followers_count": 7501392,
            "friends_count": 6,
            "listed_count": 9683,
            "created_at": "Tue Jun 02 08:22:48 +0000 2009",
            "favourites_count": 109,
            "utc_offset": null,
            "time_zone": null,
            "geo_enabled": false,
            "verified": true,
            "statuses_count": 5652,
            "lang": null,
            "contributors_enabled": false,
            "is_translator": false,
            "is_translation_enabled": false,
            "profile_background_color": "000000",
            "profile_background_image_url": "http://abs.twimg.com/images/themes/theme4/bg.gif",
            "profile_background_image_url_https": "https://abs.twimg.com/images/themes/theme4/bg.gif",
            "profile_background_tile": true,
            "profile_image_url": "http://pbs.twimg.com/profile_images/744891970380767232/jum1SDsC_normal.jpg",
            "profile_image_url_https": "https://pbs.twimg.com/profile_images/744891970380767232/jum1SDsC_normal.jpg",
            "profile_banner_url": "https://pbs.twimg.com/profile_banners/44084633/1583070237",
            "profile_link_color": "FF691F",
            "profile_sidebar_border_color": "FFFFFF",
            "profile_sidebar_fill_color": "FFFFFF",
            "profile_text_color": "2B1413",
            "profile_use_background_image": true,
            "has_extended_profile": false,
            "default_profile": false,
            "default_profile_image": false,
            "following": null,
            "follow_request_sent": null,
            "notifications": null,
            "translator_type": "none"
        },
        "geo": null,
        "coordinates": null,
        "place": null,
        "contributors": null,
        "is_quote_status": false,
        "retweet_count": 4942,
        "favorite_count": 22469,
        "favorited": false,
        "retweeted": false,
        "possibly_sensitive": false,
        "lang": "en"
    },
    "is_quote_status": false,
    "retweet_count": 4942,
    "favorite_count": 0,
    "favorited": false,
    "retweeted": false,
    "lang": "en"
}