{
    "created_at": "Tue Mar 10 01:00:30 +0000 2020",
    "id": 1237181501579694081,
    "id_str": "1237181501579694081",
    "text": "RT @FLPrincessSJK: since I\u2019m a total luxury Domme... duh, your chastity keys will be locked on My @LouisVuitton padlock. \ud83d\udd10 \n\nYour clitty wi\u2026",
    "truncated": false,
    "entities": {
        "hashtags": [],
        "symbols": [],
        "user_mentions": [
            {
                "screen_name": "FLPrincessSJK",
                "name": "\ud83d\udc63\ud83d\udcb8\ud835\udca2\ud835\udc5c\ud835\udcb9\ud835\udcb9\ud835\udc52\ud835\udcc8\ud835\udcc8 \ud835\udcae\ud835\udcc9\ud835\udcb6\ud835\udcb8\ud835\udcbe\ud835\udc52 \ud83d\udcb8\ud83e\udd40",
                "id": 720479844463689728,
                "id_str": "720479844463689728",
                "indices": [
                    3,
                    17
                ]
            },
            {
                "screen_name": "LouisVuitton",
                "name": "Louis Vuitton",
                "id": 44084633,
                "id_str": "44084633",
                "indices": [
                    98,
                    111
                ]
            }
        ],
        "urls": []
    },
    "metadata": {
        "iso_language_code": "en",
        "result_type": "recent"
    },
    "source": "<a href=\"http://twitter.com/download/android\" rel=\"nofollow\">Twitter for Android</a>",
    "in_reply_to_status_id": null,
    "in_reply_to_status_id_str": null,
    "in_reply_to_user_id": null,
    "in_reply_to_user_id_str": null,
    "in_reply_to_screen_name": null,
    "user": {
        "id": 1174856766594699264,
        "id_str": "1174856766594699264",
        "name": "Princess B\ud83d\udc51- OF TOP 53%",
        "screen_name": "thatbitch983",
        "location": "United States",
        "description": "\u2022Findom Princess \u2022 21\u2022 MILF \u2022 OF verified\u2022 You will approach me with respect, Mutt. \n$30 tribute BEFORE YOU DM \u203c\nWorship me if you dare, I'm addictive. \ud83d\ude08",
        "url": "https://t.co/ZzvB74uBK6",
        "entities": {
            "url": {
                "urls": [
                    {
                        "url": "https://t.co/ZzvB74uBK6",
                        "expanded_url": "https://onlyfans.com/thatbitch983",
                        "display_url": "onlyfans.com/thatbitch983",
                        "indices": [
                            0,
                            23
                        ]
                    }
                ]
            },
            "description": {
                "urls": []
            }
        },
        "protected": false,
        "followers_count": 197,
        "friends_count": 413,
        "listed_count": 0,
        "created_at": "Fri Sep 20 01:24:32 +0000 2019",
        "favourites_count": 976,
        "utc_offset": null,
        "time_zone": null,
        "geo_enabled": false,
        "verified": false,
        "statuses_count": 757,
        "lang": null,
        "contributors_enabled": false,
        "is_translator": false,
        "is_translation_enabled": false,
        "profile_background_color": "F5F8FA",
        "profile_background_image_url": null,
        "profile_background_image_url_https": null,
        "profile_background_tile": false,
        "profile_image_url": "http://pbs.twimg.com/profile_images/1237223835168055296/1kutXPFr_normal.jpg",
        "profile_image_url_https": "https://pbs.twimg.com/profile_images/1237223835168055296/1kutXPFr_normal.jpg",
        "profile_banner_url": "https://pbs.twimg.com/profile_banners/1174856766594699264/1582595262",
        "profile_link_color": "1DA1F2",
        "profile_sidebar_border_color": "C0DEED",
        "profile_sidebar_fill_color": "DDEEF6",
        "profile_text_color": "333333",
        "profile_use_background_image": true,
        "has_extended_profile": true,
        "default_profile": true,
        "default_profile_image": false,
        "following": null,
        "follow_request_sent": null,
        "notifications": null,
        "translator_type": "none"
    },
    "geo": null,
    "coordinates": null,
    "place": null,
    "contributors": null,
    "retweeted_status": {
        "created_at": "Mon Mar 09 22:43:33 +0000 2020",
        "id": 1237147036329349121,
        "id_str": "1237147036329349121",
        "text": "since I\u2019m a total luxury Domme... duh, your chastity keys will be locked on My @LouisVuitton padlock. \ud83d\udd10 \n\nYour clit\u2026 https://t.co/gJu4Z9Vli2",
        "truncated": true,
        "entities": {
            "hashtags": [],
            "symbols": [],
            "user_mentions": [
                {
                    "screen_name": "LouisVuitton",
                    "name": "Louis Vuitton",
                    "id": 44084633,
                    "id_str": "44084633",
                    "indices": [
                        79,
                        92
                    ]
                }
            ],
            "urls": [
                {
                    "url": "https://t.co/gJu4Z9Vli2",
                    "expanded_url": "https://twitter.com/i/web/status/1237147036329349121",
                    "display_url": "twitter.com/i/web/status/1\u2026",
                    "indices": [
                        117,
                        140
                    ]
                }
            ]
        },
        "metadata": {
            "iso_language_code": "en",
            "result_type": "recent"
        },
        "source": "<a href=\"http://twitter.com/download/iphone\" rel=\"nofollow\">Twitter for iPhone</a>",
        "in_reply_to_status_id": null,
        "in_reply_to_status_id_str": null,
        "in_reply_to_user_id": null,
        "in_reply_to_user_id_str": null,
        "in_reply_to_screen_name": null,
        "user": {
            "id": 720479844463689728,
            "id_str": "720479844463689728",
            "name": "\ud83d\udc63\ud83d\udcb8\ud835\udca2\ud835\udc5c\ud835\udcb9\ud835\udcb9\ud835\udc52\ud835\udcc8\ud835\udcc8 \ud835\udcae\ud835\udcc9\ud835\udcb6\ud835\udcb8\ud835\udcbe\ud835\udc52 \ud83d\udcb8\ud83e\udd40",
            "screen_name": "FLPrincessSJK",
            "location": "$25 INITIAL TRIBUTE",
            "description": "\u2726\u0493\u026a\u0274\u1d05\u1d0f\u1d0d \u2726\u1d04\u1d00s\u029c \u1d0d\u026as\u1d1b\u0280\u1d07ss \u2726\u1d00\u0274 \u1d07x\u1d18\u1d07\u0274s\u026a\u1d20\u1d07 \u0299\u0280\u1d00\u1d1b \u2726\u1d04\u1d00s\u029c \u1d00\u1d18\u1d18: https://t.co/X6EPRGryuw \u2190s\u1d18\u1d0f\u026a\u029f \u1d0d\u1d07 \u2726\u1d21\u026as\u029c \u029f\u026as\u1d1b: https://t.co/Yq3mlV9w3u",
            "url": "https://t.co/k1DtL7cq9k",
            "entities": {
                "url": {
                    "urls": [
                        {
                            "url": "https://t.co/k1DtL7cq9k",
                            "expanded_url": "https://onlyfans.com/hellogoddessstacie",
                            "display_url": "onlyfans.com/hellogoddessst\u2026",
                            "indices": [
                                0,
                                23
                            ]
                        }
                    ]
                },
                "description": {
                    "urls": [
                        {
                            "url": "https://t.co/X6EPRGryuw",
                            "expanded_url": "https://cash.app/$StacieKlein",
                            "display_url": "cash.app/$StacieKlein",
                            "indices": [
                                53,
                                76
                            ]
                        },
                        {
                            "url": "https://t.co/Yq3mlV9w3u",
                            "expanded_url": "http://www.amazon.com/registry/wishlist/1S9PQ52I1OWV",
                            "display_url": "amazon.com/registry/wishl\u2026",
                            "indices": [
                                99,
                                122
                            ]
                        }
                    ]
                }
            },
            "protected": false,
            "followers_count": 7034,
            "friends_count": 152,
            "listed_count": 11,
            "created_at": "Thu Apr 14 05:12:35 +0000 2016",
            "favourites_count": 17136,
            "utc_offset": null,
            "time_zone": null,
            "geo_enabled": false,
            "verified": false,
            "statuses_count": 6164,
            "lang": null,
            "contributors_enabled": false,
            "is_translator": false,
            "is_translation_enabled": false,
            "profile_background_color": "F5F8FA",
            "profile_background_image_url": null,
            "profile_background_image_url_https": null,
            "profile_background_tile": false,
            "profile_image_url": "http://pbs.twimg.com/profile_images/1223878705690357760/HWrYbNeU_normal.jpg",
            "profile_image_url_https": "https://pbs.twimg.com/profile_images/1223878705690357760/HWrYbNeU_normal.jpg",
            "profile_banner_url": "https://pbs.twimg.com/profile_banners/720479844463689728/1572176368",
            "profile_link_color": "1DA1F2",
            "profile_sidebar_border_color": "C0DEED",
            "profile_sidebar_fill_color": "DDEEF6",
            "profile_text_color": "333333",
            "profile_use_background_image": true,
            "has_extended_profile": false,
            "default_profile": true,
            "default_profile_image": false,
            "following": null,
            "follow_request_sent": null,
            "notifications": null,
            "translator_type": "none"
        },
        "geo": null,
        "coordinates": null,
        "place": null,
        "contributors": null,
        "is_quote_status": false,
        "retweet_count": 72,
        "favorite_count": 237,
        "favorited": false,
        "retweeted": false,
        "possibly_sensitive": false,
        "lang": "en"
    },
    "is_quote_status": false,
    "retweet_count": 72,
    "favorite_count": 0,
    "favorited": false,
    "retweeted": false,
    "lang": "en"
}