{
    "created_at": "Tue Mar 10 11:08:00 +0000 2020",
    "id": 1237334385420111873,
    "id_str": "1237334385420111873",
    "text": "Ingin mencoba monogram ikonis LV melumer penuh sensasi\ud83d\ude0d\nVirgil Abloh melansir @louisvuitton koleksi terbaru prianya\u2026 https://t.co/pTtH9b0Zt9",
    "truncated": true,
    "entities": {
        "hashtags": [],
        "symbols": [],
        "user_mentions": [
            {
                "screen_name": "LouisVuitton",
                "name": "Louis Vuitton",
                "id": 44084633,
                "id_str": "44084633",
                "indices": [
                    78,
                    91
                ]
            }
        ],
        "urls": [
            {
                "url": "https://t.co/pTtH9b0Zt9",
                "expanded_url": "https://twitter.com/i/web/status/1237334385420111873",
                "display_url": "twitter.com/i/web/status/1\u2026",
                "indices": [
                    117,
                    140
                ]
            }
        ]
    },
    "metadata": {
        "iso_language_code": "in",
        "result_type": "recent"
    },
    "source": "<a href=\"http://instagram.com\" rel=\"nofollow\">Instagram</a>",
    "in_reply_to_status_id": null,
    "in_reply_to_status_id_str": null,
    "in_reply_to_user_id": null,
    "in_reply_to_user_id_str": null,
    "in_reply_to_screen_name": null,
    "user": {
        "id": 38380691,
        "id_str": "38380691",
        "name": "Adi Surantha",
        "screen_name": "AdiSurantha",
        "location": "Jakarta Capital Region",
        "description": "Indonesian Fashion Stylist / Consultant, Speaker, Blogger. \u2795Fashion, Beauty& Travel Diary, Creative Director \u2795Business Contact: adi.surantha@yahoo.com",
        "url": null,
        "entities": {
            "description": {
                "urls": []
            }
        },
        "protected": false,
        "followers_count": 2809,
        "friends_count": 560,
        "listed_count": 37,
        "created_at": "Thu May 07 05:55:28 +0000 2009",
        "favourites_count": 108,
        "utc_offset": null,
        "time_zone": null,
        "geo_enabled": true,
        "verified": false,
        "statuses_count": 29222,
        "lang": null,
        "contributors_enabled": false,
        "is_translator": false,
        "is_translation_enabled": false,
        "profile_background_color": "C0DEED",
        "profile_background_image_url": "http://abs.twimg.com/images/themes/theme1/bg.png",
        "profile_background_image_url_https": "https://abs.twimg.com/images/themes/theme1/bg.png",
        "profile_background_tile": true,
        "profile_image_url": "http://pbs.twimg.com/profile_images/1871532006/Me__Karl_Lagerfeld_ORES_TWITERIMG_0016_normal.jpg",
        "profile_image_url_https": "https://pbs.twimg.com/profile_images/1871532006/Me__Karl_Lagerfeld_ORES_TWITERIMG_0016_normal.jpg",
        "profile_banner_url": "https://pbs.twimg.com/profile_banners/38380691/1397842627",
        "profile_link_color": "0084B4",
        "profile_sidebar_border_color": "C0DEED",
        "profile_sidebar_fill_color": "DDEEF6",
        "profile_text_color": "333333",
        "profile_use_background_image": true,
        "has_extended_profile": true,
        "default_profile": false,
        "default_profile_image": false,
        "following": null,
        "follow_request_sent": null,
        "notifications": null,
        "translator_type": "none"
    },
    "geo": null,
    "coordinates": null,
    "place": null,
    "contributors": null,
    "is_quote_status": false,
    "retweet_count": 0,
    "favorite_count": 0,
    "favorited": false,
    "retweeted": false,
    "possibly_sensitive": false,
    "lang": "in"
}