{
    "created_at": "Tue Mar 10 15:26:10 +0000 2020",
    "id": 1237399356329902081,
    "id_str": "1237399356329902081",
    "text": "Bullcrap,  while you wear  red bottoms @LouboutinWorld @gucci @LouisVuitton buy clothes at 2A in #HydeParkCorner https://t.co/Imqz27F7vM",
    "truncated": false,
    "entities": {
        "hashtags": [
            {
                "text": "HydeParkCorner",
                "indices": [
                    97,
                    112
                ]
            }
        ],
        "symbols": [],
        "user_mentions": [
            {
                "screen_name": "LouboutinWorld",
                "name": "Christian Louboutin",
                "id": 69615397,
                "id_str": "69615397",
                "indices": [
                    39,
                    54
                ]
            },
            {
                "screen_name": "gucci",
                "name": "gucci",
                "id": 16913418,
                "id_str": "16913418",
                "indices": [
                    55,
                    61
                ]
            },
            {
                "screen_name": "LouisVuitton",
                "name": "Louis Vuitton",
                "id": 44084633,
                "id_str": "44084633",
                "indices": [
                    62,
                    75
                ]
            }
        ],
        "urls": [
            {
                "url": "https://t.co/Imqz27F7vM",
                "expanded_url": "https://twitter.com/GardeeGodrich/status/1237309359908163585",
                "display_url": "twitter.com/GardeeGodrich/\u2026",
                "indices": [
                    113,
                    136
                ]
            }
        ]
    },
    "metadata": {
        "iso_language_code": "en",
        "result_type": "recent"
    },
    "source": "<a href=\"http://twitter.com/download/android\" rel=\"nofollow\">Twitter for Android</a>",
    "in_reply_to_status_id": null,
    "in_reply_to_status_id_str": null,
    "in_reply_to_user_id": null,
    "in_reply_to_user_id_str": null,
    "in_reply_to_screen_name": null,
    "user": {
        "id": 1192842602086895617,
        "id_str": "1192842602086895617",
        "name": "Khulubuse_Zuma",
        "screen_name": "zuma_khulubuse",
        "location": "Nkandla ",
        "description": "Ngobhala ulwimi ongulwaziyo, I'll try the Queen's language",
        "url": null,
        "entities": {
            "description": {
                "urls": []
            }
        },
        "protected": false,
        "followers_count": 2510,
        "friends_count": 145,
        "listed_count": 0,
        "created_at": "Fri Nov 08 16:33:54 +0000 2019",
        "favourites_count": 475,
        "utc_offset": null,
        "time_zone": null,
        "geo_enabled": false,
        "verified": false,
        "statuses_count": 2140,
        "lang": null,
        "contributors_enabled": false,
        "is_translator": false,
        "is_translation_enabled": false,
        "profile_background_color": "F5F8FA",
        "profile_background_image_url": null,
        "profile_background_image_url_https": null,
        "profile_background_tile": false,
        "profile_image_url": "http://pbs.twimg.com/profile_images/1192854463675064320/yD_ksx4k_normal.jpg",
        "profile_image_url_https": "https://pbs.twimg.com/profile_images/1192854463675064320/yD_ksx4k_normal.jpg",
        "profile_link_color": "1DA1F2",
        "profile_sidebar_border_color": "C0DEED",
        "profile_sidebar_fill_color": "DDEEF6",
        "profile_text_color": "333333",
        "profile_use_background_image": true,
        "has_extended_profile": false,
        "default_profile": true,
        "default_profile_image": false,
        "following": null,
        "follow_request_sent": null,
        "notifications": null,
        "translator_type": "none"
    },
    "geo": null,
    "coordinates": null,
    "place": null,
    "contributors": null,
    "is_quote_status": true,
    "quoted_status_id": 1237309359908163585,
    "quoted_status_id_str": "1237309359908163585",
    "quoted_status": {
        "created_at": "Tue Mar 10 09:28:34 +0000 2020",
        "id": 1237309359908163585,
        "id_str": "1237309359908163585",
        "text": "@AndiMakinana The hullabaloo about salaries of MPs is misplaced....MPs cannot even afford own kids in universities\u2026 https://t.co/wwSsu8oHxO",
        "truncated": true,
        "entities": {
            "hashtags": [],
            "symbols": [],
            "user_mentions": [
                {
                    "screen_name": "AndiMakinana",
                    "name": "Scapegoat",
                    "id": 72013267,
                    "id_str": "72013267",
                    "indices": [
                        0,
                        13
                    ]
                }
            ],
            "urls": [
                {
                    "url": "https://t.co/wwSsu8oHxO",
                    "expanded_url": "https://twitter.com/i/web/status/1237309359908163585",
                    "display_url": "twitter.com/i/web/status/1\u2026",
                    "indices": [
                        116,
                        139
                    ]
                }
            ]
        },
        "metadata": {
            "iso_language_code": "en",
            "result_type": "recent"
        },
        "source": "<a href=\"http://twitter.com/download/android\" rel=\"nofollow\">Twitter for Android</a>",
        "in_reply_to_status_id": 1237294412201418752,
        "in_reply_to_status_id_str": "1237294412201418752",
        "in_reply_to_user_id": 72013267,
        "in_reply_to_user_id_str": "72013267",
        "in_reply_to_screen_name": "AndiMakinana",
        "user": {
            "id": 2423391796,
            "id_str": "2423391796",
            "name": "Godrich Gardee",
            "screen_name": "GardeeGodrich",
            "location": "",
            "description": "First Secretary General of @EFFSouthAfrica (2014 - 2019) & Head of International Relations (2019 - .....) Candidate Attorney (2019 - ....)",
            "url": null,
            "entities": {
                "description": {
                    "urls": []
                }
            },
            "protected": false,
            "followers_count": 151914,
            "friends_count": 23606,
            "listed_count": 87,
            "created_at": "Wed Mar 19 20:58:51 +0000 2014",
            "favourites_count": 12660,
            "utc_offset": null,
            "time_zone": null,
            "geo_enabled": true,
            "verified": true,
            "statuses_count": 34064,
            "lang": null,
            "contributors_enabled": false,
            "is_translator": false,
            "is_translation_enabled": false,
            "profile_background_color": "C0DEED",
            "profile_background_image_url": "http://abs.twimg.com/images/themes/theme1/bg.png",
            "profile_background_image_url_https": "https://abs.twimg.com/images/themes/theme1/bg.png",
            "profile_background_tile": false,
            "profile_image_url": "http://pbs.twimg.com/profile_images/1233430628764393472/PWYGFotw_normal.jpg",
            "profile_image_url_https": "https://pbs.twimg.com/profile_images/1233430628764393472/PWYGFotw_normal.jpg",
            "profile_banner_url": "https://pbs.twimg.com/profile_banners/2423391796/1582194780",
            "profile_link_color": "1DA1F2",
            "profile_sidebar_border_color": "C0DEED",
            "profile_sidebar_fill_color": "DDEEF6",
            "profile_text_color": "333333",
            "profile_use_background_image": true,
            "has_extended_profile": false,
            "default_profile": true,
            "default_profile_image": false,
            "following": null,
            "follow_request_sent": null,
            "notifications": null,
            "translator_type": "none"
        },
        "geo": null,
        "coordinates": null,
        "place": null,
        "contributors": null,
        "is_quote_status": false,
        "retweet_count": 63,
        "favorite_count": 127,
        "favorited": false,
        "retweeted": false,
        "lang": "en"
    },
    "retweet_count": 0,
    "favorite_count": 0,
    "favorited": false,
    "retweeted": false,
    "possibly_sensitive": false,
    "lang": "en"
}