{
    "created_at": "Tue Mar 10 08:17:30 +0000 2020",
    "id": 1237291478528880640,
    "id_str": "1237291478528880640",
    "text": "RT @riotgames: Victory travels in @LouisVuitton #LVxLoL #Worlds2019 https://t.co/0qDyndY1Mi",
    "truncated": false,
    "entities": {
        "hashtags": [
            {
                "text": "LVxLoL",
                "indices": [
                    48,
                    55
                ]
            },
            {
                "text": "Worlds2019",
                "indices": [
                    56,
                    67
                ]
            }
        ],
        "symbols": [],
        "user_mentions": [
            {
                "screen_name": "riotgames",
                "name": "Riot Games",
                "id": 20523846,
                "id_str": "20523846",
                "indices": [
                    3,
                    13
                ]
            },
            {
                "screen_name": "LouisVuitton",
                "name": "Louis Vuitton",
                "id": 44084633,
                "id_str": "44084633",
                "indices": [
                    34,
                    47
                ]
            }
        ],
        "urls": [],
        "media": [
            {
                "id": 1192729981845221376,
                "id_str": "1192729981845221376",
                "indices": [
                    68,
                    91
                ],
                "media_url": "http://pbs.twimg.com/media/EI1tmWDXsAAZ8e1.jpg",
                "media_url_https": "https://pbs.twimg.com/media/EI1tmWDXsAAZ8e1.jpg",
                "url": "https://t.co/0qDyndY1Mi",
                "display_url": "pic.twitter.com/0qDyndY1Mi",
                "expanded_url": "https://twitter.com/riotgames/status/1192729989017427968/photo/1",
                "type": "photo",
                "sizes": {
                    "medium": {
                        "w": 900,
                        "h": 1200,
                        "resize": "fit"
                    },
                    "thumb": {
                        "w": 150,
                        "h": 150,
                        "resize": "crop"
                    },
                    "large": {
                        "w": 1536,
                        "h": 2048,
                        "resize": "fit"
                    },
                    "small": {
                        "w": 510,
                        "h": 680,
                        "resize": "fit"
                    }
                },
                "source_status_id": 1192729989017427968,
                "source_status_id_str": "1192729989017427968",
                "source_user_id": 20523846,
                "source_user_id_str": "20523846"
            }
        ]
    },
    "extended_entities": {
        "media": [
            {
                "id": 1192729981845221376,
                "id_str": "1192729981845221376",
                "indices": [
                    68,
                    91
                ],
                "media_url": "http://pbs.twimg.com/media/EI1tmWDXsAAZ8e1.jpg",
                "media_url_https": "https://pbs.twimg.com/media/EI1tmWDXsAAZ8e1.jpg",
                "url": "https://t.co/0qDyndY1Mi",
                "display_url": "pic.twitter.com/0qDyndY1Mi",
                "expanded_url": "https://twitter.com/riotgames/status/1192729989017427968/photo/1",
                "type": "photo",
                "sizes": {
                    "medium": {
                        "w": 900,
                        "h": 1200,
                        "resize": "fit"
                    },
                    "thumb": {
                        "w": 150,
                        "h": 150,
                        "resize": "crop"
                    },
                    "large": {
                        "w": 1536,
                        "h": 2048,
                        "resize": "fit"
                    },
                    "small": {
                        "w": 510,
                        "h": 680,
                        "resize": "fit"
                    }
                },
                "source_status_id": 1192729989017427968,
                "source_status_id_str": "1192729989017427968",
                "source_user_id": 20523846,
                "source_user_id_str": "20523846"
            }
        ]
    },
    "metadata": {
        "iso_language_code": "en",
        "result_type": "recent"
    },
    "source": "<a href=\"https://mobile.twitter.com\" rel=\"nofollow\">Twitter Web App</a>",
    "in_reply_to_status_id": null,
    "in_reply_to_status_id_str": null,
    "in_reply_to_user_id": null,
    "in_reply_to_user_id_str": null,
    "in_reply_to_screen_name": null,
    "user": {
        "id": 150926826,
        "id_str": "150926826",
        "name": "zash",
        "screen_name": "583891823",
        "location": "\u4e2d\u56fd \u6df1\u5733 TENCENT GAME \u793e",
        "description": "Game designer",
        "url": "https://t.co/UaTtjbyYvX",
        "entities": {
            "url": {
                "urls": [
                    {
                        "url": "https://t.co/UaTtjbyYvX",
                        "expanded_url": "https://www.behance.net/zzzzzzzzzz",
                        "display_url": "behance.net/zzzzzzzzzz",
                        "indices": [
                            0,
                            23
                        ]
                    }
                ]
            },
            "description": {
                "urls": []
            }
        },
        "protected": false,
        "followers_count": 98,
        "friends_count": 1463,
        "listed_count": 1,
        "created_at": "Wed Jun 02 04:56:53 +0000 2010",
        "favourites_count": 1654,
        "utc_offset": null,
        "time_zone": null,
        "geo_enabled": false,
        "verified": false,
        "statuses_count": 1644,
        "lang": null,
        "contributors_enabled": false,
        "is_translator": false,
        "is_translation_enabled": false,
        "profile_background_color": "C0DEED",
        "profile_background_image_url": "http://abs.twimg.com/images/themes/theme1/bg.png",
        "profile_background_image_url_https": "https://abs.twimg.com/images/themes/theme1/bg.png",
        "profile_background_tile": false,
        "profile_image_url": "http://pbs.twimg.com/profile_images/794753069800161280/KWbU1lla_normal.jpg",
        "profile_image_url_https": "https://pbs.twimg.com/profile_images/794753069800161280/KWbU1lla_normal.jpg",
        "profile_banner_url": "https://pbs.twimg.com/profile_banners/150926826/1478319048",
        "profile_link_color": "F58EA8",
        "profile_sidebar_border_color": "C0DEED",
        "profile_sidebar_fill_color": "DDEEF6",
        "profile_text_color": "333333",
        "profile_use_background_image": true,
        "has_extended_profile": false,
        "default_profile": false,
        "default_profile_image": false,
        "following": null,
        "follow_request_sent": null,
        "notifications": null,
        "translator_type": "none"
    },
    "geo": null,
    "coordinates": null,
    "place": null,
    "contributors": null,
    "retweeted_status": {
        "created_at": "Fri Nov 08 09:06:03 +0000 2019",
        "id": 1192729989017427968,
        "id_str": "1192729989017427968",
        "text": "Victory travels in @LouisVuitton #LVxLoL #Worlds2019 https://t.co/0qDyndY1Mi",
        "truncated": false,
        "entities": {
            "hashtags": [
                {
                    "text": "LVxLoL",
                    "indices": [
                        33,
                        40
                    ]
                },
                {
                    "text": "Worlds2019",
                    "indices": [
                        41,
                        52
                    ]
                }
            ],
            "symbols": [],
            "user_mentions": [
                {
                    "screen_name": "LouisVuitton",
                    "name": "Louis Vuitton",
                    "id": 44084633,
                    "id_str": "44084633",
                    "indices": [
                        19,
                        32
                    ]
                }
            ],
            "urls": [],
            "media": [
                {
                    "id": 1192729981845221376,
                    "id_str": "1192729981845221376",
                    "indices": [
                        53,
                        76
                    ],
                    "media_url": "http://pbs.twimg.com/media/EI1tmWDXsAAZ8e1.jpg",
                    "media_url_https": "https://pbs.twimg.com/media/EI1tmWDXsAAZ8e1.jpg",
                    "url": "https://t.co/0qDyndY1Mi",
                    "display_url": "pic.twitter.com/0qDyndY1Mi",
                    "expanded_url": "https://twitter.com/riotgames/status/1192729989017427968/photo/1",
                    "type": "photo",
                    "sizes": {
                        "medium": {
                            "w": 900,
                            "h": 1200,
                            "resize": "fit"
                        },
                        "thumb": {
                            "w": 150,
                            "h": 150,
                            "resize": "crop"
                        },
                        "large": {
                            "w": 1536,
                            "h": 2048,
                            "resize": "fit"
                        },
                        "small": {
                            "w": 510,
                            "h": 680,
                            "resize": "fit"
                        }
                    }
                }
            ]
        },
        "extended_entities": {
            "media": [
                {
                    "id": 1192729981845221376,
                    "id_str": "1192729981845221376",
                    "indices": [
                        53,
                        76
                    ],
                    "media_url": "http://pbs.twimg.com/media/EI1tmWDXsAAZ8e1.jpg",
                    "media_url_https": "https://pbs.twimg.com/media/EI1tmWDXsAAZ8e1.jpg",
                    "url": "https://t.co/0qDyndY1Mi",
                    "display_url": "pic.twitter.com/0qDyndY1Mi",
                    "expanded_url": "https://twitter.com/riotgames/status/1192729989017427968/photo/1",
                    "type": "photo",
                    "sizes": {
                        "medium": {
                            "w": 900,
                            "h": 1200,
                            "resize": "fit"
                        },
                        "thumb": {
                            "w": 150,
                            "h": 150,
                            "resize": "crop"
                        },
                        "large": {
                            "w": 1536,
                            "h": 2048,
                            "resize": "fit"
                        },
                        "small": {
                            "w": 510,
                            "h": 680,
                            "resize": "fit"
                        }
                    }
                }
            ]
        },
        "metadata": {
            "iso_language_code": "en",
            "result_type": "recent"
        },
        "source": "<a href=\"http://twitter.com/download/iphone\" rel=\"nofollow\">Twitter for iPhone</a>",
        "in_reply_to_status_id": null,
        "in_reply_to_status_id_str": null,
        "in_reply_to_user_id": null,
        "in_reply_to_user_id_str": null,
        "in_reply_to_screen_name": null,
        "user": {
            "id": 20523846,
            "id_str": "20523846",
            "name": "Riot Games",
            "screen_name": "riotgames",
            "location": "Santa Monica, CA",
            "description": "Riot Games is the developer of @LeagueofLegends, @TFT, @PlayRuneterra, @wildrift, and @playvalorant. For in-game or account issues, try @RiotSupport.",
            "url": "https://t.co/I2rEXt3zmz",
            "entities": {
                "url": {
                    "urls": [
                        {
                            "url": "https://t.co/I2rEXt3zmz",
                            "expanded_url": "http://riotgames.com",
                            "display_url": "riotgames.com",
                            "indices": [
                                0,
                                23
                            ]
                        }
                    ]
                },
                "description": {
                    "urls": []
                }
            },
            "protected": false,
            "followers_count": 1820744,
            "friends_count": 246,
            "listed_count": 2620,
            "created_at": "Tue Feb 10 16:30:49 +0000 2009",
            "favourites_count": 6516,
            "utc_offset": null,
            "time_zone": null,
            "geo_enabled": false,
            "verified": true,
            "statuses_count": 2447,
            "lang": null,
            "contributors_enabled": false,
            "is_translator": false,
            "is_translation_enabled": false,
            "profile_background_color": "131516",
            "profile_background_image_url": "http://abs.twimg.com/images/themes/theme14/bg.gif",
            "profile_background_image_url_https": "https://abs.twimg.com/images/themes/theme14/bg.gif",
            "profile_background_tile": true,
            "profile_image_url": "http://pbs.twimg.com/profile_images/1190380332220125187/xd_Xjb3x_normal.jpg",
            "profile_image_url_https": "https://pbs.twimg.com/profile_images/1190380332220125187/xd_Xjb3x_normal.jpg",
            "profile_banner_url": "https://pbs.twimg.com/profile_banners/20523846/1572643802",
            "profile_link_color": "080808",
            "profile_sidebar_border_color": "FFFFFF",
            "profile_sidebar_fill_color": "DDEEF6",
            "profile_text_color": "333333",
            "profile_use_background_image": false,
            "has_extended_profile": false,
            "default_profile": false,
            "default_profile_image": false,
            "following": null,
            "follow_request_sent": null,
            "notifications": null,
            "translator_type": "none"
        },
        "geo": null,
        "coordinates": null,
        "place": null,
        "contributors": null,
        "is_quote_status": false,
        "retweet_count": 1436,
        "favorite_count": 10278,
        "favorited": false,
        "retweeted": false,
        "possibly_sensitive": false,
        "lang": "en"
    },
    "is_quote_status": false,
    "retweet_count": 1436,
    "favorite_count": 0,
    "favorited": false,
    "retweeted": false,
    "possibly_sensitive": false,
    "lang": "en"
}