{
    "created_at": "Tue Mar 10 05:44:39 +0000 2020",
    "id": 1237253009135951873,
    "id_str": "1237253009135951873",
    "text": "RT @ComplexStyle: Virgil Abloh unveils his new @LouisVuitton collection with Nigo (dubbed LV\u00b2) and talks about his \"streetwear is going to\u2026",
    "truncated": false,
    "entities": {
        "hashtags": [],
        "symbols": [],
        "user_mentions": [
            {
                "screen_name": "ComplexStyle",
                "name": "Complex Style",
                "id": 243162131,
                "id_str": "243162131",
                "indices": [
                    3,
                    16
                ]
            },
            {
                "screen_name": "LouisVuitton",
                "name": "Louis Vuitton",
                "id": 44084633,
                "id_str": "44084633",
                "indices": [
                    47,
                    60
                ]
            }
        ],
        "urls": []
    },
    "metadata": {
        "iso_language_code": "en",
        "result_type": "recent"
    },
    "source": "<a href=\"http://twitter.com/download/iphone\" rel=\"nofollow\">Twitter for iPhone</a>",
    "in_reply_to_status_id": null,
    "in_reply_to_status_id_str": null,
    "in_reply_to_user_id": null,
    "in_reply_to_user_id_str": null,
    "in_reply_to_screen_name": null,
    "user": {
        "id": 1093471132026425344,
        "id_str": "1093471132026425344",
        "name": "\u3074\u3043\u3063\u3077",
        "screen_name": "korokoro_pp",
        "location": "\u65e5\u672c",
        "description": "\u305f\u3076\u3093\u3001\u305f\u307e\u306b\u545f\u304d\u307e\u3059\u3002",
        "url": null,
        "entities": {
            "description": {
                "urls": []
            }
        },
        "protected": false,
        "followers_count": 7,
        "friends_count": 264,
        "listed_count": 0,
        "created_at": "Thu Feb 07 11:26:48 +0000 2019",
        "favourites_count": 1534,
        "utc_offset": null,
        "time_zone": null,
        "geo_enabled": false,
        "verified": false,
        "statuses_count": 389,
        "lang": null,
        "contributors_enabled": false,
        "is_translator": false,
        "is_translation_enabled": false,
        "profile_background_color": "F5F8FA",
        "profile_background_image_url": null,
        "profile_background_image_url_https": null,
        "profile_background_tile": false,
        "profile_image_url": "http://pbs.twimg.com/profile_images/1233643934422691840/N18VqsmV_normal.jpg",
        "profile_image_url_https": "https://pbs.twimg.com/profile_images/1233643934422691840/N18VqsmV_normal.jpg",
        "profile_banner_url": "https://pbs.twimg.com/profile_banners/1093471132026425344/1583726157",
        "profile_link_color": "1DA1F2",
        "profile_sidebar_border_color": "C0DEED",
        "profile_sidebar_fill_color": "DDEEF6",
        "profile_text_color": "333333",
        "profile_use_background_image": true,
        "has_extended_profile": false,
        "default_profile": true,
        "default_profile_image": false,
        "following": null,
        "follow_request_sent": null,
        "notifications": null,
        "translator_type": "none"
    },
    "geo": null,
    "coordinates": null,
    "place": null,
    "contributors": null,
    "retweeted_status": {
        "created_at": "Mon Mar 09 16:52:14 +0000 2020",
        "id": 1237058627086815232,
        "id_str": "1237058627086815232",
        "text": "Virgil Abloh unveils his new @LouisVuitton collection with Nigo (dubbed LV\u00b2) and talks about his \"streetwear is goi\u2026 https://t.co/vcb5YESEDi",
        "truncated": true,
        "entities": {
            "hashtags": [],
            "symbols": [],
            "user_mentions": [
                {
                    "screen_name": "LouisVuitton",
                    "name": "Louis Vuitton",
                    "id": 44084633,
                    "id_str": "44084633",
                    "indices": [
                        29,
                        42
                    ]
                }
            ],
            "urls": [
                {
                    "url": "https://t.co/vcb5YESEDi",
                    "expanded_url": "https://twitter.com/i/web/status/1237058627086815232",
                    "display_url": "twitter.com/i/web/status/1\u2026",
                    "indices": [
                        117,
                        140
                    ]
                }
            ]
        },
        "metadata": {
            "iso_language_code": "en",
            "result_type": "recent"
        },
        "source": "<a href=\"http://www.socialflow.com\" rel=\"nofollow\">SocialFlow</a>",
        "in_reply_to_status_id": null,
        "in_reply_to_status_id_str": null,
        "in_reply_to_user_id": null,
        "in_reply_to_user_id_str": null,
        "in_reply_to_screen_name": null,
        "user": {
            "id": 243162131,
            "id_str": "243162131",
            "name": "Complex Style",
            "screen_name": "ComplexStyle",
            "location": "",
            "description": "Going beyond the hype to tell stories about style.",
            "url": "https://t.co/SFGr9OKkQq",
            "entities": {
                "url": {
                    "urls": [
                        {
                            "url": "https://t.co/SFGr9OKkQq",
                            "expanded_url": "http://www.complex.com/style",
                            "display_url": "complex.com/style",
                            "indices": [
                                0,
                                23
                            ]
                        }
                    ]
                },
                "description": {
                    "urls": []
                }
            },
            "protected": false,
            "followers_count": 113346,
            "friends_count": 545,
            "listed_count": 947,
            "created_at": "Wed Jan 26 12:54:42 +0000 2011",
            "favourites_count": 1078,
            "utc_offset": null,
            "time_zone": null,
            "geo_enabled": true,
            "verified": true,
            "statuses_count": 40256,
            "lang": null,
            "contributors_enabled": false,
            "is_translator": false,
            "is_translation_enabled": false,
            "profile_background_color": "000000",
            "profile_background_image_url": "http://abs.twimg.com/images/themes/theme14/bg.gif",
            "profile_background_image_url_https": "https://abs.twimg.com/images/themes/theme14/bg.gif",
            "profile_background_tile": true,
            "profile_image_url": "http://pbs.twimg.com/profile_images/1158428400173899776/MTP5AYVX_normal.jpg",
            "profile_image_url_https": "https://pbs.twimg.com/profile_images/1158428400173899776/MTP5AYVX_normal.jpg",
            "profile_banner_url": "https://pbs.twimg.com/profile_banners/243162131/1554219471",
            "profile_link_color": "D93346",
            "profile_sidebar_border_color": "FFFFFF",
            "profile_sidebar_fill_color": "EFEFEF",
            "profile_text_color": "333333",
            "profile_use_background_image": false,
            "has_extended_profile": false,
            "default_profile": false,
            "default_profile_image": false,
            "following": null,
            "follow_request_sent": null,
            "notifications": null,
            "translator_type": "none"
        },
        "geo": null,
        "coordinates": null,
        "place": null,
        "contributors": null,
        "is_quote_status": false,
        "retweet_count": 9,
        "favorite_count": 57,
        "favorited": false,
        "retweeted": false,
        "possibly_sensitive": false,
        "lang": "en"
    },
    "is_quote_status": false,
    "retweet_count": 9,
    "favorite_count": 0,
    "favorited": false,
    "retweeted": false,
    "lang": "en"
}