{
    "created_at": "Mon Mar 09 23:18:20 +0000 2020",
    "id": 1237155792786092033,
    "id_str": "1237155792786092033",
    "text": "RT @el_naaww93: @MiniCjaybeezy @hmfrance @KiabiFrance @Primark @Bershka @pullandbear @Superdry @gucci @LouisVuitton @LouisVuitton_JP",
    "truncated": false,
    "entities": {
        "hashtags": [],
        "symbols": [],
        "user_mentions": [
            {
                "screen_name": "el_naaww93",
                "name": "Le N",
                "id": 799079829165457411,
                "id_str": "799079829165457411",
                "indices": [
                    3,
                    14
                ]
            },
            {
                "screen_name": "MiniCjaybeezy",
                "name": "\ud835\udd78\ud835\udd86\ud835\udd93\ud835\udd89\ud835\udd94\ud835\udd91\ud835\udd86 \ud83d\udc7a",
                "id": 903483175,
                "id_str": "903483175",
                "indices": [
                    16,
                    30
                ]
            },
            {
                "screen_name": "hmfrance",
                "name": "H&M France",
                "id": 132161939,
                "id_str": "132161939",
                "indices": [
                    31,
                    40
                ]
            },
            {
                "screen_name": "KiabiFrance",
                "name": "Kiabi France",
                "id": 127810643,
                "id_str": "127810643",
                "indices": [
                    41,
                    53
                ]
            },
            {
                "screen_name": "Primark",
                "name": "Primark",
                "id": 1630182978,
                "id_str": "1630182978",
                "indices": [
                    54,
                    62
                ]
            },
            {
                "screen_name": "Bershka",
                "name": "Bershka",
                "id": 63679163,
                "id_str": "63679163",
                "indices": [
                    63,
                    71
                ]
            },
            {
                "screen_name": "pullandbear",
                "name": "Pull&Bear",
                "id": 53147055,
                "id_str": "53147055",
                "indices": [
                    72,
                    84
                ]
            },
            {
                "screen_name": "Superdry",
                "name": "Superdry",
                "id": 47477421,
                "id_str": "47477421",
                "indices": [
                    85,
                    94
                ]
            },
            {
                "screen_name": "gucci",
                "name": "gucci",
                "id": 16913418,
                "id_str": "16913418",
                "indices": [
                    95,
                    101
                ]
            },
            {
                "screen_name": "LouisVuitton",
                "name": "Louis Vuitton",
                "id": 44084633,
                "id_str": "44084633",
                "indices": [
                    102,
                    115
                ]
            },
            {
                "screen_name": "LouisVuitton_JP",
                "name": "Louis Vuitton Japan",
                "id": 153983303,
                "id_str": "153983303",
                "indices": [
                    116,
                    132
                ]
            }
        ],
        "urls": []
    },
    "metadata": {
        "iso_language_code": "und",
        "result_type": "recent"
    },
    "source": "<a href=\"http://twitter.com/download/iphone\" rel=\"nofollow\">Twitter for iPhone</a>",
    "in_reply_to_status_id": null,
    "in_reply_to_status_id_str": null,
    "in_reply_to_user_id": null,
    "in_reply_to_user_id_str": null,
    "in_reply_to_screen_name": null,
    "user": {
        "id": 903483175,
        "id_str": "903483175",
        "name": "\ud835\udd78\ud835\udd86\ud835\udd93\ud835\udd89\ud835\udd94\ud835\udd91\ud835\udd86 \ud83d\udc7a",
        "screen_name": "MiniCjaybeezy",
        "location": "Savigny-le-Temple, France",
        "description": "\u00e7a se voit tu pues toi",
        "url": null,
        "entities": {
            "description": {
                "urls": []
            }
        },
        "protected": false,
        "followers_count": 1134,
        "friends_count": 291,
        "listed_count": 5,
        "created_at": "Thu Oct 25 08:23:15 +0000 2012",
        "favourites_count": 6109,
        "utc_offset": null,
        "time_zone": null,
        "geo_enabled": true,
        "verified": false,
        "statuses_count": 32617,
        "lang": null,
        "contributors_enabled": false,
        "is_translator": false,
        "is_translation_enabled": false,
        "profile_background_color": "000000",
        "profile_background_image_url": "http://abs.twimg.com/images/themes/theme1/bg.png",
        "profile_background_image_url_https": "https://abs.twimg.com/images/themes/theme1/bg.png",
        "profile_background_tile": false,
        "profile_image_url": "http://pbs.twimg.com/profile_images/1234142420377444354/9PgVs37d_normal.jpg",
        "profile_image_url_https": "https://pbs.twimg.com/profile_images/1234142420377444354/9PgVs37d_normal.jpg",
        "profile_banner_url": "https://pbs.twimg.com/profile_banners/903483175/1583782407",
        "profile_link_color": "BDB9B9",
        "profile_sidebar_border_color": "FFFFFF",
        "profile_sidebar_fill_color": "DDEEF6",
        "profile_text_color": "333333",
        "profile_use_background_image": true,
        "has_extended_profile": true,
        "default_profile": false,
        "default_profile_image": false,
        "following": null,
        "follow_request_sent": null,
        "notifications": null,
        "translator_type": "regular"
    },
    "geo": null,
    "coordinates": null,
    "place": null,
    "contributors": null,
    "retweeted_status": {
        "created_at": "Mon Mar 09 23:12:11 +0000 2020",
        "id": 1237154242047234053,
        "id_str": "1237154242047234053",
        "text": "@MiniCjaybeezy @hmfrance @KiabiFrance @Primark @Bershka @pullandbear @Superdry @gucci @LouisVuitton @LouisVuitton_JP",
        "truncated": false,
        "entities": {
            "hashtags": [],
            "symbols": [],
            "user_mentions": [
                {
                    "screen_name": "MiniCjaybeezy",
                    "name": "\ud835\udd78\ud835\udd86\ud835\udd93\ud835\udd89\ud835\udd94\ud835\udd91\ud835\udd86 \ud83d\udc7a",
                    "id": 903483175,
                    "id_str": "903483175",
                    "indices": [
                        0,
                        14
                    ]
                },
                {
                    "screen_name": "hmfrance",
                    "name": "H&M France",
                    "id": 132161939,
                    "id_str": "132161939",
                    "indices": [
                        15,
                        24
                    ]
                },
                {
                    "screen_name": "KiabiFrance",
                    "name": "Kiabi France",
                    "id": 127810643,
                    "id_str": "127810643",
                    "indices": [
                        25,
                        37
                    ]
                },
                {
                    "screen_name": "Primark",
                    "name": "Primark",
                    "id": 1630182978,
                    "id_str": "1630182978",
                    "indices": [
                        38,
                        46
                    ]
                },
                {
                    "screen_name": "Bershka",
                    "name": "Bershka",
                    "id": 63679163,
                    "id_str": "63679163",
                    "indices": [
                        47,
                        55
                    ]
                },
                {
                    "screen_name": "pullandbear",
                    "name": "Pull&Bear",
                    "id": 53147055,
                    "id_str": "53147055",
                    "indices": [
                        56,
                        68
                    ]
                },
                {
                    "screen_name": "Superdry",
                    "name": "Superdry",
                    "id": 47477421,
                    "id_str": "47477421",
                    "indices": [
                        69,
                        78
                    ]
                },
                {
                    "screen_name": "gucci",
                    "name": "gucci",
                    "id": 16913418,
                    "id_str": "16913418",
                    "indices": [
                        79,
                        85
                    ]
                },
                {
                    "screen_name": "LouisVuitton",
                    "name": "Louis Vuitton",
                    "id": 44084633,
                    "id_str": "44084633",
                    "indices": [
                        86,
                        99
                    ]
                },
                {
                    "screen_name": "LouisVuitton_JP",
                    "name": "Louis Vuitton Japan",
                    "id": 153983303,
                    "id_str": "153983303",
                    "indices": [
                        100,
                        116
                    ]
                }
            ],
            "urls": []
        },
        "metadata": {
            "iso_language_code": "und",
            "result_type": "recent"
        },
        "source": "<a href=\"http://twitter.com/download/iphone\" rel=\"nofollow\">Twitter for iPhone</a>",
        "in_reply_to_status_id": 1237038512685420544,
        "in_reply_to_status_id_str": "1237038512685420544",
        "in_reply_to_user_id": 903483175,
        "in_reply_to_user_id_str": "903483175",
        "in_reply_to_screen_name": "MiniCjaybeezy",
        "user": {
            "id": 799079829165457411,
            "id_str": "799079829165457411",
            "name": "Le N",
            "screen_name": "el_naaww93",
            "location": "Bruxelles, Belgique",
            "description": "utilisateur submerg\u00e9e",
            "url": null,
            "entities": {
                "description": {
                    "urls": []
                }
            },
            "protected": false,
            "followers_count": 377,
            "friends_count": 273,
            "listed_count": 0,
            "created_at": "Thu Nov 17 02:40:52 +0000 2016",
            "favourites_count": 3836,
            "utc_offset": null,
            "time_zone": null,
            "geo_enabled": true,
            "verified": false,
            "statuses_count": 1322,
            "lang": null,
            "contributors_enabled": false,
            "is_translator": false,
            "is_translation_enabled": false,
            "profile_background_color": "F5F8FA",
            "profile_background_image_url": null,
            "profile_background_image_url_https": null,
            "profile_background_tile": false,
            "profile_image_url": "http://pbs.twimg.com/profile_images/1224902605714927616/ko67h2uf_normal.jpg",
            "profile_image_url_https": "https://pbs.twimg.com/profile_images/1224902605714927616/ko67h2uf_normal.jpg",
            "profile_banner_url": "https://pbs.twimg.com/profile_banners/799079829165457411/1578355967",
            "profile_link_color": "1DA1F2",
            "profile_sidebar_border_color": "C0DEED",
            "profile_sidebar_fill_color": "DDEEF6",
            "profile_text_color": "333333",
            "profile_use_background_image": true,
            "has_extended_profile": true,
            "default_profile": true,
            "default_profile_image": false,
            "following": null,
            "follow_request_sent": null,
            "notifications": null,
            "translator_type": "none"
        },
        "geo": null,
        "coordinates": null,
        "place": null,
        "contributors": null,
        "is_quote_status": false,
        "retweet_count": 1,
        "favorite_count": 1,
        "favorited": false,
        "retweeted": false,
        "lang": "und"
    },
    "is_quote_status": false,
    "retweet_count": 1,
    "favorite_count": 0,
    "favorited": false,
    "retweeted": false,
    "lang": "und"
}