{
    "created_at": "Mon Mar 09 22:52:35 +0000 2020",
    "id": 1237149312888508416,
    "id_str": "1237149312888508416",
    "text": "@LouisVuitton @TWNGhesquiere @bryce_dessner @Woodkid @Sporting_CP https://t.co/DYhh3iuKdg",
    "truncated": false,
    "entities": {
        "hashtags": [],
        "symbols": [],
        "user_mentions": [
            {
                "screen_name": "LouisVuitton",
                "name": "Louis Vuitton",
                "id": 44084633,
                "id_str": "44084633",
                "indices": [
                    0,
                    13
                ]
            },
            {
                "screen_name": "TWNGhesquiere",
                "name": "Nicolas Ghesquiere",
                "id": 987110766,
                "id_str": "987110766",
                "indices": [
                    14,
                    28
                ]
            },
            {
                "screen_name": "bryce_dessner",
                "name": "Bryce Dessner",
                "id": 2792550554,
                "id_str": "2792550554",
                "indices": [
                    29,
                    43
                ]
            },
            {
                "screen_name": "Woodkid",
                "name": "WOODKID",
                "id": 51707796,
                "id_str": "51707796",
                "indices": [
                    44,
                    52
                ]
            },
            {
                "screen_name": "Sporting_CP",
                "name": "Sporting Clube de Portugal",
                "id": 21389998,
                "id_str": "21389998",
                "indices": [
                    53,
                    65
                ]
            }
        ],
        "urls": [],
        "media": [
            {
                "id": 1237149302197301248,
                "id_str": "1237149302197301248",
                "indices": [
                    66,
                    89
                ],
                "media_url": "http://pbs.twimg.com/media/ESs8vFOXsAAwe0B.jpg",
                "media_url_https": "https://pbs.twimg.com/media/ESs8vFOXsAAwe0B.jpg",
                "url": "https://t.co/DYhh3iuKdg",
                "display_url": "pic.twitter.com/DYhh3iuKdg",
                "expanded_url": "https://twitter.com/likeamoneybeach/status/1237149312888508416/photo/1",
                "type": "photo",
                "sizes": {
                    "small": {
                        "w": 680,
                        "h": 680,
                        "resize": "fit"
                    },
                    "thumb": {
                        "w": 150,
                        "h": 150,
                        "resize": "crop"
                    },
                    "large": {
                        "w": 886,
                        "h": 886,
                        "resize": "fit"
                    },
                    "medium": {
                        "w": 886,
                        "h": 886,
                        "resize": "fit"
                    }
                }
            }
        ]
    },
    "extended_entities": {
        "media": [
            {
                "id": 1237149302197301248,
                "id_str": "1237149302197301248",
                "indices": [
                    66,
                    89
                ],
                "media_url": "http://pbs.twimg.com/media/ESs8vFOXsAAwe0B.jpg",
                "media_url_https": "https://pbs.twimg.com/media/ESs8vFOXsAAwe0B.jpg",
                "url": "https://t.co/DYhh3iuKdg",
                "display_url": "pic.twitter.com/DYhh3iuKdg",
                "expanded_url": "https://twitter.com/likeamoneybeach/status/1237149312888508416/photo/1",
                "type": "photo",
                "sizes": {
                    "small": {
                        "w": 680,
                        "h": 680,
                        "resize": "fit"
                    },
                    "thumb": {
                        "w": 150,
                        "h": 150,
                        "resize": "crop"
                    },
                    "large": {
                        "w": 886,
                        "h": 886,
                        "resize": "fit"
                    },
                    "medium": {
                        "w": 886,
                        "h": 886,
                        "resize": "fit"
                    }
                }
            }
        ]
    },
    "metadata": {
        "iso_language_code": "und",
        "result_type": "recent"
    },
    "source": "<a href=\"http://twitter.com/download/android\" rel=\"nofollow\">Twitter for Android</a>",
    "in_reply_to_status_id": 1236758661462179842,
    "in_reply_to_status_id_str": "1236758661462179842",
    "in_reply_to_user_id": 44084633,
    "in_reply_to_user_id_str": "44084633",
    "in_reply_to_screen_name": "LouisVuitton",
    "user": {
        "id": 1214459984517447680,
        "id_str": "1214459984517447680",
        "name": "Leandro\ud83c\uddf3\ud83c\uddec",
        "screen_name": "likeamoneybeach",
        "location": "",
        "description": "Acima de tudo e todos, o Sporting Clube de Portugal.",
        "url": null,
        "entities": {
            "description": {
                "urls": []
            }
        },
        "protected": false,
        "followers_count": 116,
        "friends_count": 296,
        "listed_count": 0,
        "created_at": "Tue Jan 07 08:13:30 +0000 2020",
        "favourites_count": 8093,
        "utc_offset": null,
        "time_zone": null,
        "geo_enabled": false,
        "verified": false,
        "statuses_count": 2222,
        "lang": null,
        "contributors_enabled": false,
        "is_translator": false,
        "is_translation_enabled": false,
        "profile_background_color": "F5F8FA",
        "profile_background_image_url": null,
        "profile_background_image_url_https": null,
        "profile_background_tile": false,
        "profile_image_url": "http://pbs.twimg.com/profile_images/1235363934468739072/wUZqMddY_normal.jpg",
        "profile_image_url_https": "https://pbs.twimg.com/profile_images/1235363934468739072/wUZqMddY_normal.jpg",
        "profile_banner_url": "https://pbs.twimg.com/profile_banners/1214459984517447680/1583176478",
        "profile_link_color": "1DA1F2",
        "profile_sidebar_border_color": "C0DEED",
        "profile_sidebar_fill_color": "DDEEF6",
        "profile_text_color": "333333",
        "profile_use_background_image": true,
        "has_extended_profile": false,
        "default_profile": true,
        "default_profile_image": false,
        "following": null,
        "follow_request_sent": null,
        "notifications": null,
        "translator_type": "none"
    },
    "geo": null,
    "coordinates": null,
    "place": null,
    "contributors": null,
    "is_quote_status": false,
    "retweet_count": 0,
    "favorite_count": 0,
    "favorited": false,
    "retweeted": false,
    "possibly_sensitive": false,
    "lang": "und"
}