{
    "created_at": "Mon Mar 09 23:25:11 +0000 2020",
    "id": 1237157515856617472,
    "id_str": "1237157515856617472",
    "text": "RT @Cleansneaksirl: Scuff marks removed on these @louisvuitton trainers \ud83d\udd26\n\nThe hardest part is cleaning these scuff marks you\u2019s have no ide\u2026",
    "truncated": false,
    "entities": {
        "hashtags": [],
        "symbols": [],
        "user_mentions": [
            {
                "screen_name": "Cleansneaksirl",
                "name": "cleansneaks",
                "id": 1199858007867297792,
                "id_str": "1199858007867297792",
                "indices": [
                    3,
                    18
                ]
            },
            {
                "screen_name": "LouisVuitton",
                "name": "Louis Vuitton",
                "id": 44084633,
                "id_str": "44084633",
                "indices": [
                    49,
                    62
                ]
            }
        ],
        "urls": []
    },
    "metadata": {
        "iso_language_code": "en",
        "result_type": "recent"
    },
    "source": "<a href=\"http://twitter.com/download/iphone\" rel=\"nofollow\">Twitter for iPhone</a>",
    "in_reply_to_status_id": null,
    "in_reply_to_status_id_str": null,
    "in_reply_to_user_id": null,
    "in_reply_to_user_id_str": null,
    "in_reply_to_screen_name": null,
    "user": {
        "id": 1204404187443998721,
        "id_str": "1204404187443998721",
        "name": "Jake Thornton",
        "screen_name": "JakeTho82239535",
        "location": "",
        "description": "",
        "url": null,
        "entities": {
            "description": {
                "urls": []
            }
        },
        "protected": false,
        "followers_count": 128,
        "friends_count": 160,
        "listed_count": 0,
        "created_at": "Tue Dec 10 14:15:16 +0000 2019",
        "favourites_count": 856,
        "utc_offset": null,
        "time_zone": null,
        "geo_enabled": false,
        "verified": false,
        "statuses_count": 311,
        "lang": null,
        "contributors_enabled": false,
        "is_translator": false,
        "is_translation_enabled": false,
        "profile_background_color": "F5F8FA",
        "profile_background_image_url": null,
        "profile_background_image_url_https": null,
        "profile_background_tile": false,
        "profile_image_url": "http://pbs.twimg.com/profile_images/1234120866323193856/GNWjbfsA_normal.jpg",
        "profile_image_url_https": "https://pbs.twimg.com/profile_images/1234120866323193856/GNWjbfsA_normal.jpg",
        "profile_link_color": "1DA1F2",
        "profile_sidebar_border_color": "C0DEED",
        "profile_sidebar_fill_color": "DDEEF6",
        "profile_text_color": "333333",
        "profile_use_background_image": true,
        "has_extended_profile": false,
        "default_profile": true,
        "default_profile_image": false,
        "following": null,
        "follow_request_sent": null,
        "notifications": null,
        "translator_type": "none"
    },
    "geo": null,
    "coordinates": null,
    "place": null,
    "contributors": null,
    "retweeted_status": {
        "created_at": "Mon Mar 09 18:55:13 +0000 2020",
        "id": 1237089576793055234,
        "id_str": "1237089576793055234",
        "text": "Scuff marks removed on these @louisvuitton trainers \ud83d\udd26\n\nThe hardest part is cleaning these scuff marks you\u2019s have no\u2026 https://t.co/4u1AwvoK1P",
        "truncated": true,
        "entities": {
            "hashtags": [],
            "symbols": [],
            "user_mentions": [
                {
                    "screen_name": "LouisVuitton",
                    "name": "Louis Vuitton",
                    "id": 44084633,
                    "id_str": "44084633",
                    "indices": [
                        29,
                        42
                    ]
                }
            ],
            "urls": [
                {
                    "url": "https://t.co/4u1AwvoK1P",
                    "expanded_url": "https://twitter.com/i/web/status/1237089576793055234",
                    "display_url": "twitter.com/i/web/status/1\u2026",
                    "indices": [
                        117,
                        140
                    ]
                }
            ]
        },
        "metadata": {
            "iso_language_code": "en",
            "result_type": "recent"
        },
        "source": "<a href=\"http://twitter.com/download/iphone\" rel=\"nofollow\">Twitter for iPhone</a>",
        "in_reply_to_status_id": null,
        "in_reply_to_status_id_str": null,
        "in_reply_to_user_id": null,
        "in_reply_to_user_id_str": null,
        "in_reply_to_screen_name": null,
        "user": {
            "id": 1199858007867297792,
            "id_str": "1199858007867297792",
            "name": "cleansneaks",
            "screen_name": "Cleansneaksirl",
            "location": "",
            "description": "https://t.co/gQgFnwhyOW",
            "url": null,
            "entities": {
                "description": {
                    "urls": [
                        {
                            "url": "https://t.co/gQgFnwhyOW",
                            "expanded_url": "http://Www.cleansneaksirl.com",
                            "display_url": "cleansneaksirl.com",
                            "indices": [
                                0,
                                23
                            ]
                        }
                    ]
                }
            },
            "protected": false,
            "followers_count": 123,
            "friends_count": 54,
            "listed_count": 0,
            "created_at": "Thu Nov 28 01:10:26 +0000 2019",
            "favourites_count": 12,
            "utc_offset": null,
            "time_zone": null,
            "geo_enabled": false,
            "verified": false,
            "statuses_count": 39,
            "lang": null,
            "contributors_enabled": false,
            "is_translator": false,
            "is_translation_enabled": false,
            "profile_background_color": "F5F8FA",
            "profile_background_image_url": null,
            "profile_background_image_url_https": null,
            "profile_background_tile": false,
            "profile_image_url": "http://pbs.twimg.com/profile_images/1199858732341121024/hLt_nW2B_normal.jpg",
            "profile_image_url_https": "https://pbs.twimg.com/profile_images/1199858732341121024/hLt_nW2B_normal.jpg",
            "profile_link_color": "1DA1F2",
            "profile_sidebar_border_color": "C0DEED",
            "profile_sidebar_fill_color": "DDEEF6",
            "profile_text_color": "333333",
            "profile_use_background_image": true,
            "has_extended_profile": false,
            "default_profile": true,
            "default_profile_image": false,
            "following": null,
            "follow_request_sent": null,
            "notifications": null,
            "translator_type": "none"
        },
        "geo": null,
        "coordinates": null,
        "place": null,
        "contributors": null,
        "is_quote_status": false,
        "retweet_count": 2,
        "favorite_count": 5,
        "favorited": false,
        "retweeted": false,
        "possibly_sensitive": false,
        "lang": "en"
    },
    "is_quote_status": false,
    "retweet_count": 2,
    "favorite_count": 0,
    "favorited": false,
    "retweeted": false,
    "lang": "en"
}