{
    "created_at": "Tue Mar 10 05:43:06 +0000 2020",
    "id": 1237252621334974464,
    "id_str": "1237252621334974464",
    "text": "@QueenLou_Lou @StaciesSlut @LouisVuitton he\u2019s truly happy. Can\u2019t wait until he flies down here.",
    "truncated": false,
    "entities": {
        "hashtags": [],
        "symbols": [],
        "user_mentions": [
            {
                "screen_name": "QueenLou_Lou",
                "name": "Q\ud835\udd66\ud835\udd56\ud835\udd56\ud835\udd5f \ud835\udd43\ud835\udd60\ud835\udd66\u2022\ud835\udd43\ud835\udd60\ud835\udd66 \ud83d\udd95\ud83c\udffc\ud83d\udcb8 1.7k",
                "id": 1218510062735560704,
                "id_str": "1218510062735560704",
                "indices": [
                    0,
                    13
                ]
            },
            {
                "screen_name": "StaciesSlut",
                "name": "Stacie\u2019s Sissy Slut",
                "id": 1219878788927873024,
                "id_str": "1219878788927873024",
                "indices": [
                    14,
                    26
                ]
            },
            {
                "screen_name": "LouisVuitton",
                "name": "Louis Vuitton",
                "id": 44084633,
                "id_str": "44084633",
                "indices": [
                    27,
                    40
                ]
            }
        ],
        "urls": []
    },
    "metadata": {
        "iso_language_code": "en",
        "result_type": "recent"
    },
    "source": "<a href=\"http://twitter.com/download/iphone\" rel=\"nofollow\">Twitter for iPhone</a>",
    "in_reply_to_status_id": 1237252094874152960,
    "in_reply_to_status_id_str": "1237252094874152960",
    "in_reply_to_user_id": 1218510062735560704,
    "in_reply_to_user_id_str": "1218510062735560704",
    "in_reply_to_screen_name": "QueenLou_Lou",
    "user": {
        "id": 720479844463689728,
        "id_str": "720479844463689728",
        "name": "\ud83d\udc63\ud83d\udcb8\ud835\udca2\ud835\udc5c\ud835\udcb9\ud835\udcb9\ud835\udc52\ud835\udcc8\ud835\udcc8 \ud835\udcae\ud835\udcc9\ud835\udcb6\ud835\udcb8\ud835\udcbe\ud835\udc52 \ud83d\udcb8\ud83e\udd40",
        "screen_name": "FLPrincessSJK",
        "location": "$25 INITIAL TRIBUTE",
        "description": "\u2726\u0493\u026a\u0274\u1d05\u1d0f\u1d0d \u2726\u1d04\u1d00s\u029c \u1d0d\u026as\u1d1b\u0280\u1d07ss \u2726\u1d00\u0274 \u1d07x\u1d18\u1d07\u0274s\u026a\u1d20\u1d07 \u0299\u0280\u1d00\u1d1b \u2726\u1d04\u1d00s\u029c \u1d00\u1d18\u1d18: https://t.co/X6EPRGryuw \u2190s\u1d18\u1d0f\u026a\u029f \u1d0d\u1d07 \u2726\u1d21\u026as\u029c \u029f\u026as\u1d1b: https://t.co/Yq3mlV9w3u",
        "url": "https://t.co/k1DtL7cq9k",
        "entities": {
            "url": {
                "urls": [
                    {
                        "url": "https://t.co/k1DtL7cq9k",
                        "expanded_url": "https://onlyfans.com/hellogoddessstacie",
                        "display_url": "onlyfans.com/hellogoddessst\u2026",
                        "indices": [
                            0,
                            23
                        ]
                    }
                ]
            },
            "description": {
                "urls": [
                    {
                        "url": "https://t.co/X6EPRGryuw",
                        "expanded_url": "https://cash.app/$StacieKlein",
                        "display_url": "cash.app/$StacieKlein",
                        "indices": [
                            53,
                            76
                        ]
                    },
                    {
                        "url": "https://t.co/Yq3mlV9w3u",
                        "expanded_url": "http://www.amazon.com/registry/wishlist/1S9PQ52I1OWV",
                        "display_url": "amazon.com/registry/wishl\u2026",
                        "indices": [
                            99,
                            122
                        ]
                    }
                ]
            }
        },
        "protected": false,
        "followers_count": 7034,
        "friends_count": 152,
        "listed_count": 11,
        "created_at": "Thu Apr 14 05:12:35 +0000 2016",
        "favourites_count": 17136,
        "utc_offset": null,
        "time_zone": null,
        "geo_enabled": false,
        "verified": false,
        "statuses_count": 6164,
        "lang": null,
        "contributors_enabled": false,
        "is_translator": false,
        "is_translation_enabled": false,
        "profile_background_color": "F5F8FA",
        "profile_background_image_url": null,
        "profile_background_image_url_https": null,
        "profile_background_tile": false,
        "profile_image_url": "http://pbs.twimg.com/profile_images/1223878705690357760/HWrYbNeU_normal.jpg",
        "profile_image_url_https": "https://pbs.twimg.com/profile_images/1223878705690357760/HWrYbNeU_normal.jpg",
        "profile_banner_url": "https://pbs.twimg.com/profile_banners/720479844463689728/1572176368",
        "profile_link_color": "1DA1F2",
        "profile_sidebar_border_color": "C0DEED",
        "profile_sidebar_fill_color": "DDEEF6",
        "profile_text_color": "333333",
        "profile_use_background_image": true,
        "has_extended_profile": false,
        "default_profile": true,
        "default_profile_image": false,
        "following": null,
        "follow_request_sent": null,
        "notifications": null,
        "translator_type": "none"
    },
    "geo": null,
    "coordinates": null,
    "place": null,
    "contributors": null,
    "is_quote_status": false,
    "retweet_count": 0,
    "favorite_count": 2,
    "favorited": false,
    "retweeted": false,
    "lang": "en"
}