{
    "created_at": "Tue Mar 10 16:14:15 +0000 2020",
    "id": 1237411454094946304,
    "id_str": "1237411454094946304",
    "text": "@FLPrincessSJK @LouisVuitton @FindomPromoSub @StaciesSlut \ud83d\ude0d\ud83d\ude0d\ud83d\ude0d",
    "truncated": false,
    "entities": {
        "hashtags": [],
        "symbols": [],
        "user_mentions": [
            {
                "screen_name": "FLPrincessSJK",
                "name": "\ud83d\udc63\ud83d\udcb8\ud835\udca2\ud835\udc5c\ud835\udcb9\ud835\udcb9\ud835\udc52\ud835\udcc8\ud835\udcc8 \ud835\udcae\ud835\udcc9\ud835\udcb6\ud835\udcb8\ud835\udcbe\ud835\udc52 \ud83d\udcb8\ud83e\udd40",
                "id": 720479844463689728,
                "id_str": "720479844463689728",
                "indices": [
                    0,
                    14
                ]
            },
            {
                "screen_name": "LouisVuitton",
                "name": "Louis Vuitton",
                "id": 44084633,
                "id_str": "44084633",
                "indices": [
                    15,
                    28
                ]
            },
            {
                "screen_name": "FindomPromoSub",
                "name": "FindomPromoSub Tag Me!",
                "id": 1046556433511256064,
                "id_str": "1046556433511256064",
                "indices": [
                    29,
                    44
                ]
            },
            {
                "screen_name": "StaciesSlut",
                "name": "Stacie\u2019s Sissy Slut",
                "id": 1219878788927873024,
                "id_str": "1219878788927873024",
                "indices": [
                    45,
                    57
                ]
            }
        ],
        "urls": []
    },
    "metadata": {
        "iso_language_code": "und",
        "result_type": "recent"
    },
    "source": "<a href=\"http://twitter.com/download/android\" rel=\"nofollow\">Twitter for Android</a>",
    "in_reply_to_status_id": 1237147036329349121,
    "in_reply_to_status_id_str": "1237147036329349121",
    "in_reply_to_user_id": 720479844463689728,
    "in_reply_to_user_id_str": "720479844463689728",
    "in_reply_to_screen_name": "FLPrincessSJK",
    "user": {
        "id": 1183616173591498752,
        "id_str": "1183616173591498752",
        "name": "Goddess Rhina",
        "screen_name": "GoddessRhina",
        "location": "\u2022 Kik \u2022 Snapchat \u2022 whatsapp \u2022",
        "description": "VERIFIED | 25 | Asian | CA | FinDom | Femdom | Brat | Nurturing | TRIBUTE $25 |\npaypal - amazon gc | https://t.co/r31JmLPXne",
        "url": "https://t.co/v4KdWEgGRG",
        "entities": {
            "url": {
                "urls": [
                    {
                        "url": "https://t.co/v4KdWEgGRG",
                        "expanded_url": "http://PayPal.Me/goddessrhina",
                        "display_url": "PayPal.Me/goddessrhina",
                        "indices": [
                            0,
                            23
                        ]
                    }
                ]
            },
            "description": {
                "urls": [
                    {
                        "url": "https://t.co/r31JmLPXne",
                        "expanded_url": "https://stars.avn.com/goddessrhina",
                        "display_url": "stars.avn.com/goddessrhina",
                        "indices": [
                            101,
                            124
                        ]
                    }
                ]
            }
        },
        "protected": false,
        "followers_count": 911,
        "friends_count": 465,
        "listed_count": 3,
        "created_at": "Mon Oct 14 05:31:11 +0000 2019",
        "favourites_count": 3979,
        "utc_offset": null,
        "time_zone": null,
        "geo_enabled": true,
        "verified": false,
        "statuses_count": 913,
        "lang": null,
        "contributors_enabled": false,
        "is_translator": false,
        "is_translation_enabled": false,
        "profile_background_color": "F5F8FA",
        "profile_background_image_url": null,
        "profile_background_image_url_https": null,
        "profile_background_tile": false,
        "profile_image_url": "http://pbs.twimg.com/profile_images/1235768498363695104/q5-p2LPY_normal.jpg",
        "profile_image_url_https": "https://pbs.twimg.com/profile_images/1235768498363695104/q5-p2LPY_normal.jpg",
        "profile_banner_url": "https://pbs.twimg.com/profile_banners/1183616173591498752/1573952866",
        "profile_link_color": "1DA1F2",
        "profile_sidebar_border_color": "C0DEED",
        "profile_sidebar_fill_color": "DDEEF6",
        "profile_text_color": "333333",
        "profile_use_background_image": true,
        "has_extended_profile": true,
        "default_profile": true,
        "default_profile_image": false,
        "following": null,
        "follow_request_sent": null,
        "notifications": null,
        "translator_type": "none"
    },
    "geo": null,
    "coordinates": null,
    "place": null,
    "contributors": null,
    "is_quote_status": false,
    "retweet_count": 0,
    "favorite_count": 1,
    "favorited": false,
    "retweeted": false,
    "lang": "und"
}