{
    "created_at": "Mon Mar 09 23:38:34 +0000 2020",
    "id": 1237160881198415872,
    "id_str": "1237160881198415872",
    "text": "@jojocrutch @LouisVuitton Get a switch",
    "truncated": false,
    "entities": {
        "hashtags": [],
        "symbols": [],
        "user_mentions": [
            {
                "screen_name": "jojocrutch",
                "name": "Jordan Crutchfield",
                "id": 1880800681,
                "id_str": "1880800681",
                "indices": [
                    0,
                    11
                ]
            },
            {
                "screen_name": "LouisVuitton",
                "name": "Louis Vuitton",
                "id": 44084633,
                "id_str": "44084633",
                "indices": [
                    12,
                    25
                ]
            }
        ],
        "urls": []
    },
    "metadata": {
        "iso_language_code": "en",
        "result_type": "recent"
    },
    "source": "<a href=\"http://twitter.com/download/iphone\" rel=\"nofollow\">Twitter for iPhone</a>",
    "in_reply_to_status_id": 1237107436395180032,
    "in_reply_to_status_id_str": "1237107436395180032",
    "in_reply_to_user_id": 1880800681,
    "in_reply_to_user_id_str": "1880800681",
    "in_reply_to_screen_name": "jojocrutch",
    "user": {
        "id": 2349529238,
        "id_str": "2349529238",
        "name": "the seed of cormac",
        "screen_name": "AidanMcCarthy9",
        "location": "linden",
        "description": "thunder gun express legend class E state champion",
        "url": null,
        "entities": {
            "description": {
                "urls": []
            }
        },
        "protected": false,
        "followers_count": 541,
        "friends_count": 709,
        "listed_count": 0,
        "created_at": "Tue Feb 18 04:20:00 +0000 2014",
        "favourites_count": 7919,
        "utc_offset": null,
        "time_zone": null,
        "geo_enabled": true,
        "verified": false,
        "statuses_count": 4319,
        "lang": null,
        "contributors_enabled": false,
        "is_translator": false,
        "is_translation_enabled": false,
        "profile_background_color": "C0DEED",
        "profile_background_image_url": "http://abs.twimg.com/images/themes/theme1/bg.png",
        "profile_background_image_url_https": "https://abs.twimg.com/images/themes/theme1/bg.png",
        "profile_background_tile": false,
        "profile_image_url": "http://pbs.twimg.com/profile_images/1198297377314082819/ZxD5VjaG_normal.jpg",
        "profile_image_url_https": "https://pbs.twimg.com/profile_images/1198297377314082819/ZxD5VjaG_normal.jpg",
        "profile_banner_url": "https://pbs.twimg.com/profile_banners/2349529238/1569178470",
        "profile_link_color": "1DA1F2",
        "profile_sidebar_border_color": "C0DEED",
        "profile_sidebar_fill_color": "DDEEF6",
        "profile_text_color": "333333",
        "profile_use_background_image": true,
        "has_extended_profile": true,
        "default_profile": true,
        "default_profile_image": false,
        "following": null,
        "follow_request_sent": null,
        "notifications": null,
        "translator_type": "none"
    },
    "geo": null,
    "coordinates": null,
    "place": null,
    "contributors": null,
    "is_quote_status": false,
    "retweet_count": 0,
    "favorite_count": 0,
    "favorited": false,
    "retweeted": false,
    "lang": "en"
}