{
    "created_at": "Tue Mar 10 11:52:11 +0000 2020",
    "id": 1237345501747408896,
    "id_str": "1237345501747408896",
    "text": "RT @LouisVuitton: Introducing the Tambour Moon Dual Time. #LouisVuitton\u2019s newest watch collection is a contemporary expression of the art o\u2026",
    "truncated": false,
    "entities": {
        "hashtags": [
            {
                "text": "LouisVuitton",
                "indices": [
                    58,
                    71
                ]
            }
        ],
        "symbols": [],
        "user_mentions": [
            {
                "screen_name": "LouisVuitton",
                "name": "Louis Vuitton",
                "id": 44084633,
                "id_str": "44084633",
                "indices": [
                    3,
                    16
                ]
            }
        ],
        "urls": []
    },
    "metadata": {
        "iso_language_code": "en",
        "result_type": "recent"
    },
    "source": "<a href=\"http://twitter.com/download/iphone\" rel=\"nofollow\">Twitter for iPhone</a>",
    "in_reply_to_status_id": null,
    "in_reply_to_status_id_str": null,
    "in_reply_to_user_id": null,
    "in_reply_to_user_id_str": null,
    "in_reply_to_screen_name": null,
    "user": {
        "id": 1061311107564859392,
        "id_str": "1061311107564859392",
        "name": "\ud835\udd4a\ud835\udd38\ud835\udd3b \ud835\udd3e\ud835\udd40\u211d\ud835\udd43 \ud83d\udc30 \ud83c\udf84",
        "screen_name": "Sadgirl_Amjina",
        "location": "",
        "description": "\u0e0a\u0e2d\u0e1a\u0e01\u0e23\u0e30\u0e15\u0e48\u0e32\u0e22 \ud83d\udc30 :: \u0e0a\u0e2d\u0e1a\u0e2d\u0e2d\u0e01\u0e01\u0e33\u0e25\u0e31\u0e07\u0e01\u0e32\u0e22 (\u0e40\u0e27\u0e17+\u0e27\u0e34\u0e48\u0e07+\u0e1b\u0e31\u0e48\u0e19\u0e08\u0e31\u0e01\u0e23\u0e22\u0e32\u0e19) :: \u0e0a\u0e2d\u0e1a\u0e1f\u0e31\u0e07\u0e40\u0e1e\u0e25\u0e07 :: \u0e0a\u0e2d\u0e1a\u0e17\u0e33\u0e40\u0e1a\u0e40\u0e01\u0e2d\u0e23\u0e35\u0e48 :: \u0e40\u0e25\u0e37\u0e2d\u0e01\u0e15\u0e2d\u0e1a DM :: \u0e40\u0e25\u0e37\u0e2d\u0e01\u0e15\u0e2d\u0e1a DM :: \u0e22\u0e49\u0e33\u0e2d\u0e35\u0e01\u0e04\u0e23\u0e31\u0e49\u0e07\u0e27\u0e48\u0e32 \u0e40\u0e25\u0e37\u0e2d\u0e01\u0e15\u0e2d\u0e1a DM :: \ud83e\udd26\ud83c\udffb\u200d\u2640\ufe0f",
        "url": null,
        "entities": {
            "description": {
                "urls": []
            }
        },
        "protected": false,
        "followers_count": 21795,
        "friends_count": 507,
        "listed_count": 9,
        "created_at": "Sat Nov 10 17:34:21 +0000 2018",
        "favourites_count": 22969,
        "utc_offset": null,
        "time_zone": null,
        "geo_enabled": true,
        "verified": false,
        "statuses_count": 20542,
        "lang": null,
        "contributors_enabled": false,
        "is_translator": false,
        "is_translation_enabled": false,
        "profile_background_color": "F5F8FA",
        "profile_background_image_url": null,
        "profile_background_image_url_https": null,
        "profile_background_tile": false,
        "profile_image_url": "http://pbs.twimg.com/profile_images/1228980061899853824/-c0EHh5a_normal.jpg",
        "profile_image_url_https": "https://pbs.twimg.com/profile_images/1228980061899853824/-c0EHh5a_normal.jpg",
        "profile_banner_url": "https://pbs.twimg.com/profile_banners/1061311107564859392/1554801720",
        "profile_link_color": "1DA1F2",
        "profile_sidebar_border_color": "C0DEED",
        "profile_sidebar_fill_color": "DDEEF6",
        "profile_text_color": "333333",
        "profile_use_background_image": true,
        "has_extended_profile": false,
        "default_profile": true,
        "default_profile_image": false,
        "following": null,
        "follow_request_sent": null,
        "notifications": null,
        "translator_type": "none"
    },
    "geo": null,
    "coordinates": null,
    "place": null,
    "contributors": null,
    "retweeted_status": {
        "created_at": "Tue Mar 10 11:30:01 +0000 2020",
        "id": 1237339923310657536,
        "id_str": "1237339923310657536",
        "text": "Introducing the Tambour Moon Dual Time. #LouisVuitton\u2019s newest watch collection is a contemporary expression of the\u2026 https://t.co/1KSnWk05CH",
        "truncated": true,
        "entities": {
            "hashtags": [
                {
                    "text": "LouisVuitton",
                    "indices": [
                        40,
                        53
                    ]
                }
            ],
            "symbols": [],
            "user_mentions": [],
            "urls": [
                {
                    "url": "https://t.co/1KSnWk05CH",
                    "expanded_url": "https://twitter.com/i/web/status/1237339923310657536",
                    "display_url": "twitter.com/i/web/status/1\u2026",
                    "indices": [
                        117,
                        140
                    ]
                }
            ]
        },
        "metadata": {
            "iso_language_code": "en",
            "result_type": "recent"
        },
        "source": "<a href=\"https://www.sprinklr.com\" rel=\"nofollow\">Sprinklr</a>",
        "in_reply_to_status_id": null,
        "in_reply_to_status_id_str": null,
        "in_reply_to_user_id": null,
        "in_reply_to_user_id_str": null,
        "in_reply_to_screen_name": null,
        "user": {
            "id": 44084633,
            "id_str": "44084633",
            "name": "Louis Vuitton",
            "screen_name": "LouisVuitton",
            "location": "",
            "description": "The official Twitter page for Louis Vuitton Worldwide. Contact client services at @LVServices for customer assistance and personalised advice.",
            "url": "http://t.co/znRCgDOH21",
            "entities": {
                "url": {
                    "urls": [
                        {
                            "url": "http://t.co/znRCgDOH21",
                            "expanded_url": "http://www.louisvuitton.com",
                            "display_url": "louisvuitton.com",
                            "indices": [
                                0,
                                22
                            ]
                        }
                    ]
                },
                "description": {
                    "urls": []
                }
            },
            "protected": false,
            "followers_count": 7501392,
            "friends_count": 6,
            "listed_count": 9683,
            "created_at": "Tue Jun 02 08:22:48 +0000 2009",
            "favourites_count": 109,
            "utc_offset": null,
            "time_zone": null,
            "geo_enabled": false,
            "verified": true,
            "statuses_count": 5652,
            "lang": null,
            "contributors_enabled": false,
            "is_translator": false,
            "is_translation_enabled": false,
            "profile_background_color": "000000",
            "profile_background_image_url": "http://abs.twimg.com/images/themes/theme4/bg.gif",
            "profile_background_image_url_https": "https://abs.twimg.com/images/themes/theme4/bg.gif",
            "profile_background_tile": true,
            "profile_image_url": "http://pbs.twimg.com/profile_images/744891970380767232/jum1SDsC_normal.jpg",
            "profile_image_url_https": "https://pbs.twimg.com/profile_images/744891970380767232/jum1SDsC_normal.jpg",
            "profile_banner_url": "https://pbs.twimg.com/profile_banners/44084633/1583070237",
            "profile_link_color": "FF691F",
            "profile_sidebar_border_color": "FFFFFF",
            "profile_sidebar_fill_color": "FFFFFF",
            "profile_text_color": "2B1413",
            "profile_use_background_image": true,
            "has_extended_profile": false,
            "default_profile": false,
            "default_profile_image": false,
            "following": null,
            "follow_request_sent": null,
            "notifications": null,
            "translator_type": "none"
        },
        "geo": null,
        "coordinates": null,
        "place": null,
        "contributors": null,
        "is_quote_status": false,
        "retweet_count": 25,
        "favorite_count": 232,
        "favorited": false,
        "retweeted": false,
        "possibly_sensitive": false,
        "lang": "en"
    },
    "is_quote_status": false,
    "retweet_count": 25,
    "favorite_count": 0,
    "favorited": false,
    "retweeted": false,
    "lang": "en"
}