{
    "created_at": "Mon Mar 09 22:48:47 +0000 2020",
    "id": 1237148356125884416,
    "id_str": "1237148356125884416",
    "text": "@FLPrincessSJK @FoxyP_ @LouisVuitton @FindomPromoSub @StaciesSlut love this",
    "truncated": false,
    "entities": {
        "hashtags": [],
        "symbols": [],
        "user_mentions": [
            {
                "screen_name": "FLPrincessSJK",
                "name": "\ud83d\udc63\ud83d\udcb8\ud835\udca2\ud835\udc5c\ud835\udcb9\ud835\udcb9\ud835\udc52\ud835\udcc8\ud835\udcc8 \ud835\udcae\ud835\udcc9\ud835\udcb6\ud835\udcb8\ud835\udcbe\ud835\udc52 \ud83d\udcb8\ud83e\udd40",
                "id": 720479844463689728,
                "id_str": "720479844463689728",
                "indices": [
                    0,
                    14
                ]
            },
            {
                "screen_name": "FoxyP_",
                "name": "Foxy P \u2728 $3 ONLYFANS \u2728",
                "id": 1220047420236627968,
                "id_str": "1220047420236627968",
                "indices": [
                    15,
                    22
                ]
            },
            {
                "screen_name": "LouisVuitton",
                "name": "Louis Vuitton",
                "id": 44084633,
                "id_str": "44084633",
                "indices": [
                    23,
                    36
                ]
            },
            {
                "screen_name": "FindomPromoSub",
                "name": "FindomPromoSub Tag Me!",
                "id": 1046556433511256064,
                "id_str": "1046556433511256064",
                "indices": [
                    37,
                    52
                ]
            },
            {
                "screen_name": "StaciesSlut",
                "name": "Stacie\u2019s Sissy Slut",
                "id": 1219878788927873024,
                "id_str": "1219878788927873024",
                "indices": [
                    53,
                    65
                ]
            }
        ],
        "urls": []
    },
    "metadata": {
        "iso_language_code": "en",
        "result_type": "recent"
    },
    "source": "<a href=\"http://twitter.com/download/iphone\" rel=\"nofollow\">Twitter for iPhone</a>",
    "in_reply_to_status_id": 1237147036329349121,
    "in_reply_to_status_id_str": "1237147036329349121",
    "in_reply_to_user_id": 720479844463689728,
    "in_reply_to_user_id_str": "720479844463689728",
    "in_reply_to_screen_name": "FLPrincessSJK",
    "user": {
        "id": 1208523583489822720,
        "id_str": "1208523583489822720",
        "name": "\ud83d\udd31 \ud835\udcd6\ud835\udcf8\ud835\udced\ud835\udced\ud835\udcee\ud835\udcfc\ud835\udcfc \ud835\udcdc\ud835\udcea\ud835\udd02 \ud83d\udd31",
        "screen_name": "GMayG444",
        "location": "",
        "description": "\u2728VERIFIED\u2728 |18+ | #FinD \u26d3$50 to unblock. \u203c\ufe0f\ud835\udd99\ud835\udd97\ud835\udd8e\ud835\udd87\ud835\udd9a\ud835\udd99\ud835\udd8a \ud835\udd87\ud835\udd8a\ud835\udd8b\ud835\udd94\ud835\udd97\ud835\udd8a \ud835\udd6f\ud835\udd78 \u203c\ufe0fCash App: $MayG444 \ud83d\udc8c KIK: MayGMay444",
        "url": null,
        "entities": {
            "description": {
                "urls": []
            }
        },
        "protected": false,
        "followers_count": 615,
        "friends_count": 124,
        "listed_count": 0,
        "created_at": "Sat Dec 21 23:04:43 +0000 2019",
        "favourites_count": 3572,
        "utc_offset": null,
        "time_zone": null,
        "geo_enabled": false,
        "verified": false,
        "statuses_count": 1239,
        "lang": null,
        "contributors_enabled": false,
        "is_translator": false,
        "is_translation_enabled": false,
        "profile_background_color": "F5F8FA",
        "profile_background_image_url": null,
        "profile_background_image_url_https": null,
        "profile_background_tile": false,
        "profile_image_url": "http://pbs.twimg.com/profile_images/1237267013166338048/N82bKjDc_normal.jpg",
        "profile_image_url_https": "https://pbs.twimg.com/profile_images/1237267013166338048/N82bKjDc_normal.jpg",
        "profile_banner_url": "https://pbs.twimg.com/profile_banners/1208523583489822720/1582950890",
        "profile_link_color": "1DA1F2",
        "profile_sidebar_border_color": "C0DEED",
        "profile_sidebar_fill_color": "DDEEF6",
        "profile_text_color": "333333",
        "profile_use_background_image": true,
        "has_extended_profile": true,
        "default_profile": true,
        "default_profile_image": false,
        "following": null,
        "follow_request_sent": null,
        "notifications": null,
        "translator_type": "none"
    },
    "geo": null,
    "coordinates": null,
    "place": null,
    "contributors": null,
    "is_quote_status": false,
    "retweet_count": 0,
    "favorite_count": 1,
    "favorited": false,
    "retweeted": false,
    "lang": "en"
}