{
    "created_at": "Tue Mar 10 07:33:26 +0000 2020",
    "id": 1237280389078679552,
    "id_str": "1237280389078679552",
    "text": "Nina wore @ARITZIA Wilfred Carlyle Wool Coat ($149.99), @hm Graphic Hoodie ($24.99), @LouisVuitton Keepall Bandouli\u2026 https://t.co/APJdODYTmr",
    "truncated": true,
    "entities": {
        "hashtags": [],
        "symbols": [],
        "user_mentions": [
            {
                "screen_name": "ARITZIA",
                "name": "aritzia",
                "id": 17137976,
                "id_str": "17137976",
                "indices": [
                    10,
                    18
                ]
            },
            {
                "screen_name": "hm",
                "name": "H&M",
                "id": 14399483,
                "id_str": "14399483",
                "indices": [
                    56,
                    59
                ]
            },
            {
                "screen_name": "LouisVuitton",
                "name": "Louis Vuitton",
                "id": 44084633,
                "id_str": "44084633",
                "indices": [
                    85,
                    98
                ]
            }
        ],
        "urls": [
            {
                "url": "https://t.co/APJdODYTmr",
                "expanded_url": "https://twitter.com/i/web/status/1237280389078679552",
                "display_url": "twitter.com/i/web/status/1\u2026",
                "indices": [
                    117,
                    140
                ]
            }
        ]
    },
    "metadata": {
        "iso_language_code": "en",
        "result_type": "recent"
    },
    "source": "<a href=\"http://twitter.com/download/android\" rel=\"nofollow\">Twitter for Android</a>",
    "in_reply_to_status_id": null,
    "in_reply_to_status_id_str": null,
    "in_reply_to_user_id": null,
    "in_reply_to_user_id_str": null,
    "in_reply_to_screen_name": null,
    "user": {
        "id": 776797960814358528,
        "id_str": "776797960814358528",
        "name": "Nina Dobrev outfits",
        "screen_name": "AllNinasOutfits",
        "location": "Nina Dobrev support account",
        "description": "all about Nina Dobrev's outfits. Fan account",
        "url": "https://t.co/LncVen24EB",
        "entities": {
            "url": {
                "urls": [
                    {
                        "url": "https://t.co/LncVen24EB",
                        "expanded_url": "https://www.instagram.com/allninasoutfits/",
                        "display_url": "instagram.com/allninasoutfit\u2026",
                        "indices": [
                            0,
                            23
                        ]
                    }
                ]
            },
            "description": {
                "urls": []
            }
        },
        "protected": false,
        "followers_count": 661,
        "friends_count": 110,
        "listed_count": 1,
        "created_at": "Fri Sep 16 15:00:40 +0000 2016",
        "favourites_count": 980,
        "utc_offset": null,
        "time_zone": null,
        "geo_enabled": true,
        "verified": false,
        "statuses_count": 1574,
        "lang": null,
        "contributors_enabled": false,
        "is_translator": false,
        "is_translation_enabled": false,
        "profile_background_color": "000000",
        "profile_background_image_url": "http://abs.twimg.com/images/themes/theme1/bg.png",
        "profile_background_image_url_https": "https://abs.twimg.com/images/themes/theme1/bg.png",
        "profile_background_tile": false,
        "profile_image_url": "http://pbs.twimg.com/profile_images/1214505807812997120/XbPYFMcN_normal.jpg",
        "profile_image_url_https": "https://pbs.twimg.com/profile_images/1214505807812997120/XbPYFMcN_normal.jpg",
        "profile_banner_url": "https://pbs.twimg.com/profile_banners/776797960814358528/1552068907",
        "profile_link_color": "E81C4F",
        "profile_sidebar_border_color": "000000",
        "profile_sidebar_fill_color": "000000",
        "profile_text_color": "000000",
        "profile_use_background_image": false,
        "has_extended_profile": false,
        "default_profile": false,
        "default_profile_image": false,
        "following": null,
        "follow_request_sent": null,
        "notifications": null,
        "translator_type": "none"
    },
    "geo": null,
    "coordinates": null,
    "place": null,
    "contributors": null,
    "is_quote_status": false,
    "retweet_count": 4,
    "favorite_count": 9,
    "favorited": false,
    "retweeted": false,
    "possibly_sensitive": false,
    "lang": "en"
}