{
    "created_at": "Tue Mar 10 14:31:00 +0000 2020",
    "id": 1237385469303775232,
    "id_str": "1237385469303775232",
    "text": "RT @LouisVuitton: A composite of signatures. The new Tambour Moon Dual Time embodies #LouisVuitton\u2019s fine watchmaking craftsmanship and cre\u2026",
    "truncated": false,
    "entities": {
        "hashtags": [
            {
                "text": "LouisVuitton",
                "indices": [
                    85,
                    98
                ]
            }
        ],
        "symbols": [],
        "user_mentions": [
            {
                "screen_name": "LouisVuitton",
                "name": "Louis Vuitton",
                "id": 44084633,
                "id_str": "44084633",
                "indices": [
                    3,
                    16
                ]
            }
        ],
        "urls": []
    },
    "metadata": {
        "iso_language_code": "en",
        "result_type": "recent"
    },
    "source": "<a href=\"http://twitter.com/download/iphone\" rel=\"nofollow\">Twitter for iPhone</a>",
    "in_reply_to_status_id": null,
    "in_reply_to_status_id_str": null,
    "in_reply_to_user_id": null,
    "in_reply_to_user_id_str": null,
    "in_reply_to_screen_name": null,
    "user": {
        "id": 1562687114,
        "id_str": "1562687114",
        "name": "\u3086\u5bae",
        "screen_name": "shishi_17",
        "location": "",
        "description": "\u6210\u4eba\u3002\u300emust Read \u30c4\u30a4\u30d7\u30ed\u300f\u5468\u308a\u304c\u72c2\u308f\u305b\u305f\u3093\u3058\u3083\u306a\u3044\u3001\u5143\u3005\u72c2\u3063\u3066\u3044\u308b\u3093\u3060\u3002\u597d\u304d\u27a0K\uff70POP/\u30a2\u30cb\u30e1",
        "url": "https://t.co/kvpMvG1DIq",
        "entities": {
            "url": {
                "urls": [
                    {
                        "url": "https://t.co/kvpMvG1DIq",
                        "expanded_url": "http://twpf.jp/shishi_17",
                        "display_url": "twpf.jp/shishi_17",
                        "indices": [
                            0,
                            23
                        ]
                    }
                ]
            },
            "description": {
                "urls": []
            }
        },
        "protected": false,
        "followers_count": 51,
        "friends_count": 90,
        "listed_count": 1,
        "created_at": "Tue Jul 02 09:19:22 +0000 2013",
        "favourites_count": 3550,
        "utc_offset": null,
        "time_zone": null,
        "geo_enabled": false,
        "verified": false,
        "statuses_count": 1967,
        "lang": null,
        "contributors_enabled": false,
        "is_translator": false,
        "is_translation_enabled": false,
        "profile_background_color": "C0DEED",
        "profile_background_image_url": "http://abs.twimg.com/images/themes/theme1/bg.png",
        "profile_background_image_url_https": "https://abs.twimg.com/images/themes/theme1/bg.png",
        "profile_background_tile": false,
        "profile_image_url": "http://pbs.twimg.com/profile_images/1235238623122845696/glPAjX1Y_normal.jpg",
        "profile_image_url_https": "https://pbs.twimg.com/profile_images/1235238623122845696/glPAjX1Y_normal.jpg",
        "profile_link_color": "1DA1F2",
        "profile_sidebar_border_color": "C0DEED",
        "profile_sidebar_fill_color": "DDEEF6",
        "profile_text_color": "333333",
        "profile_use_background_image": true,
        "has_extended_profile": true,
        "default_profile": true,
        "default_profile_image": false,
        "following": null,
        "follow_request_sent": null,
        "notifications": null,
        "translator_type": "none"
    },
    "geo": null,
    "coordinates": null,
    "place": null,
    "contributors": null,
    "retweeted_status": {
        "created_at": "Tue Mar 10 14:30:01 +0000 2020",
        "id": 1237385222041284608,
        "id_str": "1237385222041284608",
        "text": "A composite of signatures. The new Tambour Moon Dual Time embodies #LouisVuitton\u2019s fine watchmaking craftsmanship a\u2026 https://t.co/XbdAjkILyk",
        "truncated": true,
        "entities": {
            "hashtags": [
                {
                    "text": "LouisVuitton",
                    "indices": [
                        67,
                        80
                    ]
                }
            ],
            "symbols": [],
            "user_mentions": [],
            "urls": [
                {
                    "url": "https://t.co/XbdAjkILyk",
                    "expanded_url": "https://twitter.com/i/web/status/1237385222041284608",
                    "display_url": "twitter.com/i/web/status/1\u2026",
                    "indices": [
                        117,
                        140
                    ]
                }
            ]
        },
        "metadata": {
            "iso_language_code": "en",
            "result_type": "recent"
        },
        "source": "<a href=\"https://www.sprinklr.com\" rel=\"nofollow\">Sprinklr</a>",
        "in_reply_to_status_id": null,
        "in_reply_to_status_id_str": null,
        "in_reply_to_user_id": null,
        "in_reply_to_user_id_str": null,
        "in_reply_to_screen_name": null,
        "user": {
            "id": 44084633,
            "id_str": "44084633",
            "name": "Louis Vuitton",
            "screen_name": "LouisVuitton",
            "location": "",
            "description": "The official Twitter page for Louis Vuitton Worldwide. Contact client services at @LVServices for customer assistance and personalised advice.",
            "url": "http://t.co/znRCgDOH21",
            "entities": {
                "url": {
                    "urls": [
                        {
                            "url": "http://t.co/znRCgDOH21",
                            "expanded_url": "http://www.louisvuitton.com",
                            "display_url": "louisvuitton.com",
                            "indices": [
                                0,
                                22
                            ]
                        }
                    ]
                },
                "description": {
                    "urls": []
                }
            },
            "protected": false,
            "followers_count": 7501392,
            "friends_count": 6,
            "listed_count": 9683,
            "created_at": "Tue Jun 02 08:22:48 +0000 2009",
            "favourites_count": 109,
            "utc_offset": null,
            "time_zone": null,
            "geo_enabled": false,
            "verified": true,
            "statuses_count": 5652,
            "lang": null,
            "contributors_enabled": false,
            "is_translator": false,
            "is_translation_enabled": false,
            "profile_background_color": "000000",
            "profile_background_image_url": "http://abs.twimg.com/images/themes/theme4/bg.gif",
            "profile_background_image_url_https": "https://abs.twimg.com/images/themes/theme4/bg.gif",
            "profile_background_tile": true,
            "profile_image_url": "http://pbs.twimg.com/profile_images/744891970380767232/jum1SDsC_normal.jpg",
            "profile_image_url_https": "https://pbs.twimg.com/profile_images/744891970380767232/jum1SDsC_normal.jpg",
            "profile_banner_url": "https://pbs.twimg.com/profile_banners/44084633/1583070237",
            "profile_link_color": "FF691F",
            "profile_sidebar_border_color": "FFFFFF",
            "profile_sidebar_fill_color": "FFFFFF",
            "profile_text_color": "2B1413",
            "profile_use_background_image": true,
            "has_extended_profile": false,
            "default_profile": false,
            "default_profile_image": false,
            "following": null,
            "follow_request_sent": null,
            "notifications": null,
            "translator_type": "none"
        },
        "geo": null,
        "coordinates": null,
        "place": null,
        "contributors": null,
        "is_quote_status": false,
        "retweet_count": 45,
        "favorite_count": 320,
        "favorited": false,
        "retweeted": false,
        "possibly_sensitive": false,
        "lang": "en"
    },
    "is_quote_status": false,
    "retweet_count": 45,
    "favorite_count": 0,
    "favorited": false,
    "retweeted": false,
    "lang": "en"
}