{
    "created_at": "Tue Mar 10 14:56:57 +0000 2020",
    "id": 1237392002737516544,
    "id_str": "1237392002737516544",
    "text": "@wandakunpls @selenagomez @LouisVuitton @LeagueOfLegends You are so fast I stan \ud83d\ude2d",
    "truncated": false,
    "entities": {
        "hashtags": [],
        "symbols": [],
        "user_mentions": [
            {
                "screen_name": "wandakunpls",
                "name": "WANDA \u2077 \u270c\ufe0f\ud83e\udd21",
                "id": 637033679,
                "id_str": "637033679",
                "indices": [
                    0,
                    12
                ]
            },
            {
                "screen_name": "selenagomez",
                "name": "Selena Gomez",
                "id": 23375688,
                "id_str": "23375688",
                "indices": [
                    13,
                    25
                ]
            },
            {
                "screen_name": "LouisVuitton",
                "name": "Louis Vuitton",
                "id": 44084633,
                "id_str": "44084633",
                "indices": [
                    26,
                    39
                ]
            },
            {
                "screen_name": "LeagueOfLegends",
                "name": "League of Legends",
                "id": 577401044,
                "id_str": "577401044",
                "indices": [
                    40,
                    56
                ]
            }
        ],
        "urls": []
    },
    "metadata": {
        "iso_language_code": "en",
        "result_type": "recent"
    },
    "source": "<a href=\"https://mobile.twitter.com\" rel=\"nofollow\">Twitter Web App</a>",
    "in_reply_to_status_id": 1237390776377544708,
    "in_reply_to_status_id_str": "1237390776377544708",
    "in_reply_to_user_id": 637033679,
    "in_reply_to_user_id_str": "637033679",
    "in_reply_to_screen_name": "wandakunpls",
    "user": {
        "id": 889728842453090304,
        "id_str": "889728842453090304",
        "name": "\u2728 ParAnavrin \u2728",
        "screen_name": "AnavrinMidia",
        "location": "",
        "description": "\u27282D Artist\u2728\nComission Close\nPortfolio\u27a1\ufe0fhttps://t.co/8mKiaQTBbm\nSupport me on Patreon \u27a1\ufe0fhttps://t.co/KGOimwftVa",
        "url": "https://t.co/hzaBHlQ0YV",
        "entities": {
            "url": {
                "urls": [
                    {
                        "url": "https://t.co/hzaBHlQ0YV",
                        "expanded_url": "https://www.instagram.com/anavrinmidia/?hl=fr",
                        "display_url": "instagram.com/anavrinmidia/?\u2026",
                        "indices": [
                            0,
                            23
                        ]
                    }
                ]
            },
            "description": {
                "urls": [
                    {
                        "url": "https://t.co/8mKiaQTBbm",
                        "expanded_url": "http://artstation.com/paranavrin",
                        "display_url": "artstation.com/paranavrin",
                        "indices": [
                            39,
                            62
                        ]
                    },
                    {
                        "url": "https://t.co/KGOimwftVa",
                        "expanded_url": "http://patreon.com/paranavrin",
                        "display_url": "patreon.com/paranavrin",
                        "indices": [
                            87,
                            110
                        ]
                    }
                ]
            }
        },
        "protected": false,
        "followers_count": 666,
        "friends_count": 976,
        "listed_count": 8,
        "created_at": "Tue Jul 25 06:07:41 +0000 2017",
        "favourites_count": 82506,
        "utc_offset": null,
        "time_zone": null,
        "geo_enabled": false,
        "verified": false,
        "statuses_count": 16276,
        "lang": null,
        "contributors_enabled": false,
        "is_translator": false,
        "is_translation_enabled": false,
        "profile_background_color": "000000",
        "profile_background_image_url": "http://abs.twimg.com/images/themes/theme1/bg.png",
        "profile_background_image_url_https": "https://abs.twimg.com/images/themes/theme1/bg.png",
        "profile_background_tile": false,
        "profile_image_url": "http://pbs.twimg.com/profile_images/1231289596253736960/KvVcCRuJ_normal.jpg",
        "profile_image_url_https": "https://pbs.twimg.com/profile_images/1231289596253736960/KvVcCRuJ_normal.jpg",
        "profile_banner_url": "https://pbs.twimg.com/profile_banners/889728842453090304/1573851384",
        "profile_link_color": "19CF86",
        "profile_sidebar_border_color": "000000",
        "profile_sidebar_fill_color": "000000",
        "profile_text_color": "000000",
        "profile_use_background_image": false,
        "has_extended_profile": true,
        "default_profile": false,
        "default_profile_image": false,
        "following": null,
        "follow_request_sent": null,
        "notifications": null,
        "translator_type": "none"
    },
    "geo": null,
    "coordinates": null,
    "place": null,
    "contributors": null,
    "is_quote_status": false,
    "retweet_count": 0,
    "favorite_count": 1,
    "favorited": false,
    "retweeted": false,
    "lang": "en"
}