{
    "created_at": "Tue Mar 10 11:48:30 +0000 2020",
    "id": 1237344575468920836,
    "id_str": "1237344575468920836",
    "text": "ANJER LV NGASIH HADIAH\n\n@LouisVuitton pepet nih jadiin sebagai BA km https://t.co/KpbuG6XH6z",
    "truncated": false,
    "entities": {
        "hashtags": [],
        "symbols": [],
        "user_mentions": [
            {
                "screen_name": "LouisVuitton",
                "name": "Louis Vuitton",
                "id": 44084633,
                "id_str": "44084633",
                "indices": [
                    24,
                    37
                ]
            }
        ],
        "urls": [
            {
                "url": "https://t.co/KpbuG6XH6z",
                "expanded_url": "https://twitter.com/seulstgrm/status/1237343660188073984",
                "display_url": "twitter.com/seulstgrm/stat\u2026",
                "indices": [
                    69,
                    92
                ]
            }
        ]
    },
    "metadata": {
        "iso_language_code": "in",
        "result_type": "recent"
    },
    "source": "<a href=\"http://twitter.com/download/iphone\" rel=\"nofollow\">Twitter for iPhone</a>",
    "in_reply_to_status_id": null,
    "in_reply_to_status_id_str": null,
    "in_reply_to_user_id": null,
    "in_reply_to_user_id_str": null,
    "in_reply_to_screen_name": null,
    "user": {
        "id": 1154393736643670016,
        "id_str": "1154393736643670016",
        "name": "\ud835\udc03\ud835\udc22\ud835\udc1d\ud835\udc22\ud83d\udc3a",
        "screen_name": "calumarthurr",
        "location": "",
        "description": "\ud835\udc8f\ud835\udc90\ud835\udc95 \ud835\udc9a\ud835\udc90\ud835\udc96\ud835\udc93 \ud835\udc90\ud835\udc93\ud835\udc85\ud835\udc8a\ud835\udc8f\ud835\udc82\ud835\udc93\ud835\udc9a \ud835\udc87\ud835\udc82\ud835\udc8f\ud835\udc83\ud835\udc90\ud835\udc9a @RVsmtown-@ygofficialblink \ud835\udc82\ud835\udc8f\ud835\udc85 \ud835\udc7a\ud835\udc74 \ud835\udc7a\ud835\udc95\ud835\udc82\ud835\udc8f \ud83d\udc09",
        "url": null,
        "entities": {
            "description": {
                "urls": []
            }
        },
        "protected": false,
        "followers_count": 534,
        "friends_count": 590,
        "listed_count": 1,
        "created_at": "Thu Jul 25 14:11:29 +0000 2019",
        "favourites_count": 1306,
        "utc_offset": null,
        "time_zone": null,
        "geo_enabled": false,
        "verified": false,
        "statuses_count": 23760,
        "lang": null,
        "contributors_enabled": false,
        "is_translator": false,
        "is_translation_enabled": false,
        "profile_background_color": "F5F8FA",
        "profile_background_image_url": null,
        "profile_background_image_url_https": null,
        "profile_background_tile": false,
        "profile_image_url": "http://pbs.twimg.com/profile_images/1237349045179273217/xlI95Y_x_normal.jpg",
        "profile_image_url_https": "https://pbs.twimg.com/profile_images/1237349045179273217/xlI95Y_x_normal.jpg",
        "profile_banner_url": "https://pbs.twimg.com/profile_banners/1154393736643670016/1581846199",
        "profile_link_color": "1DA1F2",
        "profile_sidebar_border_color": "C0DEED",
        "profile_sidebar_fill_color": "DDEEF6",
        "profile_text_color": "333333",
        "profile_use_background_image": true,
        "has_extended_profile": true,
        "default_profile": true,
        "default_profile_image": false,
        "following": null,
        "follow_request_sent": null,
        "notifications": null,
        "translator_type": "none"
    },
    "geo": null,
    "coordinates": null,
    "place": null,
    "contributors": null,
    "is_quote_status": true,
    "quoted_status_id": 1237343660188073984,
    "quoted_status_id_str": "1237343660188073984",
    "quoted_status": {
        "created_at": "Tue Mar 10 11:44:51 +0000 2020",
        "id": 1237343660188073984,
        "id_str": "1237343660188073984",
        "text": "200310 Seulgistagram #RedVelvet #\ub808\ub4dc\ubca8\ubcb3 #Seulgi #\uc2ac\uae30 #RVF  (3P)\n\nThank you for the gift #louisvuitton#\ud83d\ude06\u2026 https://t.co/eoV38YqEtw",
        "truncated": true,
        "entities": {
            "hashtags": [
                {
                    "text": "RedVelvet",
                    "indices": [
                        21,
                        31
                    ]
                },
                {
                    "text": "\ub808\ub4dc\ubca8\ubcb3",
                    "indices": [
                        32,
                        37
                    ]
                },
                {
                    "text": "Seulgi",
                    "indices": [
                        38,
                        45
                    ]
                },
                {
                    "text": "\uc2ac\uae30",
                    "indices": [
                        46,
                        49
                    ]
                },
                {
                    "text": "RVF",
                    "indices": [
                        50,
                        54
                    ]
                }
            ],
            "symbols": [],
            "user_mentions": [],
            "urls": [
                {
                    "url": "https://t.co/eoV38YqEtw",
                    "expanded_url": "https://twitter.com/i/web/status/1237343660188073984",
                    "display_url": "twitter.com/i/web/status/1\u2026",
                    "indices": [
                        102,
                        125
                    ]
                }
            ]
        },
        "metadata": {
            "iso_language_code": "in",
            "result_type": "recent"
        },
        "source": "<a href=\"https://twitter.com/rvlvt/\" rel=\"nofollow\">Seulgistgrm</a>",
        "in_reply_to_status_id": null,
        "in_reply_to_status_id_str": null,
        "in_reply_to_user_id": null,
        "in_reply_to_user_id_str": null,
        "in_reply_to_screen_name": null,
        "user": {
            "id": 1141491008133222400,
            "id_str": "1141491008133222400",
            "name": "seulstgrm",
            "screen_name": "seulstgrm",
            "location": "",
            "description": "Seulgi's Instagram Updates. Also follow: @rvstgrm @renestgrm @wanstgrm @joystgrm @yeristgrm",
            "url": null,
            "entities": {
                "description": {
                    "urls": []
                }
            },
            "protected": false,
            "followers_count": 16375,
            "friends_count": 0,
            "listed_count": 539,
            "created_at": "Wed Jun 19 23:40:39 +0000 2019",
            "favourites_count": 0,
            "utc_offset": null,
            "time_zone": null,
            "geo_enabled": false,
            "verified": false,
            "statuses_count": 440,
            "lang": null,
            "contributors_enabled": false,
            "is_translator": false,
            "is_translation_enabled": false,
            "profile_background_color": "000000",
            "profile_background_image_url": "http://abs.twimg.com/images/themes/theme1/bg.png",
            "profile_background_image_url_https": "https://abs.twimg.com/images/themes/theme1/bg.png",
            "profile_background_tile": false,
            "profile_image_url": "http://pbs.twimg.com/profile_images/1141492136476418048/Yc5Fh4hv_normal.png",
            "profile_image_url_https": "https://pbs.twimg.com/profile_images/1141492136476418048/Yc5Fh4hv_normal.png",
            "profile_link_color": "FFC300",
            "profile_sidebar_border_color": "000000",
            "profile_sidebar_fill_color": "000000",
            "profile_text_color": "000000",
            "profile_use_background_image": false,
            "has_extended_profile": true,
            "default_profile": false,
            "default_profile_image": false,
            "following": null,
            "follow_request_sent": null,
            "notifications": null,
            "translator_type": "none"
        },
        "geo": null,
        "coordinates": null,
        "place": null,
        "contributors": null,
        "is_quote_status": false,
        "retweet_count": 1302,
        "favorite_count": 1776,
        "favorited": false,
        "retweeted": false,
        "possibly_sensitive": false,
        "lang": "en"
    },
    "retweet_count": 0,
    "favorite_count": 0,
    "favorited": false,
    "retweeted": false,
    "possibly_sensitive": false,
    "lang": "in"
}