{
    "created_at": "Tue Mar 10 01:09:09 +0000 2020",
    "id": 1237183680222834688,
    "id_str": "1237183680222834688",
    "text": "RT @LouisVuitton: .@POPSMOKE10 at the #LVMenFW20 Show. @virgilabloh presented his latest collection for #LouisVuitton at the Jardin des Tui\u2026",
    "truncated": false,
    "entities": {
        "hashtags": [
            {
                "text": "LVMenFW20",
                "indices": [
                    38,
                    48
                ]
            },
            {
                "text": "LouisVuitton",
                "indices": [
                    104,
                    117
                ]
            }
        ],
        "symbols": [],
        "user_mentions": [
            {
                "screen_name": "LouisVuitton",
                "name": "Louis Vuitton",
                "id": 44084633,
                "id_str": "44084633",
                "indices": [
                    3,
                    16
                ]
            },
            {
                "screen_name": "POPSMOKE10",
                "name": "POP SMOKE \ud83d\udcab\ud83d\udcab",
                "id": 1131025001434497024,
                "id_str": "1131025001434497024",
                "indices": [
                    19,
                    30
                ]
            },
            {
                "screen_name": "virgilabloh",
                "name": "virgil abloh",
                "id": 21845792,
                "id_str": "21845792",
                "indices": [
                    55,
                    67
                ]
            }
        ],
        "urls": []
    },
    "metadata": {
        "iso_language_code": "en",
        "result_type": "recent"
    },
    "source": "<a href=\"http://twitter.com/download/iphone\" rel=\"nofollow\">Twitter for iPhone</a>",
    "in_reply_to_status_id": null,
    "in_reply_to_status_id_str": null,
    "in_reply_to_user_id": null,
    "in_reply_to_user_id_str": null,
    "in_reply_to_screen_name": null,
    "user": {
        "id": 1208195424,
        "id_str": "1208195424",
        "name": "Rates Lewis\ud83e\uddea",
        "screen_name": "RATESLEWIS5",
        "location": "",
        "description": "Better Days...",
        "url": null,
        "entities": {
            "description": {
                "urls": []
            }
        },
        "protected": false,
        "followers_count": 593,
        "friends_count": 93,
        "listed_count": 7,
        "created_at": "Fri Feb 22 12:24:58 +0000 2013",
        "favourites_count": 2854,
        "utc_offset": null,
        "time_zone": null,
        "geo_enabled": true,
        "verified": false,
        "statuses_count": 822,
        "lang": null,
        "contributors_enabled": false,
        "is_translator": false,
        "is_translation_enabled": false,
        "profile_background_color": "000000",
        "profile_background_image_url": "http://abs.twimg.com/images/themes/theme1/bg.png",
        "profile_background_image_url_https": "https://abs.twimg.com/images/themes/theme1/bg.png",
        "profile_background_tile": false,
        "profile_image_url": "http://pbs.twimg.com/profile_images/1213082424369991680/G7iT_Npm_normal.jpg",
        "profile_image_url_https": "https://pbs.twimg.com/profile_images/1213082424369991680/G7iT_Npm_normal.jpg",
        "profile_banner_url": "https://pbs.twimg.com/profile_banners/1208195424/1581570818",
        "profile_link_color": "030000",
        "profile_sidebar_border_color": "000000",
        "profile_sidebar_fill_color": "000000",
        "profile_text_color": "000000",
        "profile_use_background_image": false,
        "has_extended_profile": false,
        "default_profile": false,
        "default_profile_image": false,
        "following": null,
        "follow_request_sent": null,
        "notifications": null,
        "translator_type": "none"
    },
    "geo": null,
    "coordinates": null,
    "place": null,
    "contributors": null,
    "retweeted_status": {
        "created_at": "Sat Jan 18 21:02:16 +0000 2020",
        "id": 1218639769518985216,
        "id_str": "1218639769518985216",
        "text": ".@POPSMOKE10 at the #LVMenFW20 Show. @virgilabloh presented his latest collection for #LouisVuitton at the Jardin d\u2026 https://t.co/bejmIkZTrW",
        "truncated": true,
        "entities": {
            "hashtags": [
                {
                    "text": "LVMenFW20",
                    "indices": [
                        20,
                        30
                    ]
                },
                {
                    "text": "LouisVuitton",
                    "indices": [
                        86,
                        99
                    ]
                }
            ],
            "symbols": [],
            "user_mentions": [
                {
                    "screen_name": "POPSMOKE10",
                    "name": "POP SMOKE \ud83d\udcab\ud83d\udcab",
                    "id": 1131025001434497024,
                    "id_str": "1131025001434497024",
                    "indices": [
                        1,
                        12
                    ]
                },
                {
                    "screen_name": "virgilabloh",
                    "name": "virgil abloh",
                    "id": 21845792,
                    "id_str": "21845792",
                    "indices": [
                        37,
                        49
                    ]
                }
            ],
            "urls": [
                {
                    "url": "https://t.co/bejmIkZTrW",
                    "expanded_url": "https://twitter.com/i/web/status/1218639769518985216",
                    "display_url": "twitter.com/i/web/status/1\u2026",
                    "indices": [
                        117,
                        140
                    ]
                }
            ]
        },
        "metadata": {
            "iso_language_code": "en",
            "result_type": "recent"
        },
        "source": "<a href=\"https://www.sprinklr.com\" rel=\"nofollow\">Sprinklr</a>",
        "in_reply_to_status_id": null,
        "in_reply_to_status_id_str": null,
        "in_reply_to_user_id": null,
        "in_reply_to_user_id_str": null,
        "in_reply_to_screen_name": null,
        "user": {
            "id": 44084633,
            "id_str": "44084633",
            "name": "Louis Vuitton",
            "screen_name": "LouisVuitton",
            "location": "",
            "description": "The official Twitter page for Louis Vuitton Worldwide. Contact client services at @LVServices for customer assistance and personalised advice.",
            "url": "http://t.co/znRCgDOH21",
            "entities": {
                "url": {
                    "urls": [
                        {
                            "url": "http://t.co/znRCgDOH21",
                            "expanded_url": "http://www.louisvuitton.com",
                            "display_url": "louisvuitton.com",
                            "indices": [
                                0,
                                22
                            ]
                        }
                    ]
                },
                "description": {
                    "urls": []
                }
            },
            "protected": false,
            "followers_count": 7501392,
            "friends_count": 6,
            "listed_count": 9683,
            "created_at": "Tue Jun 02 08:22:48 +0000 2009",
            "favourites_count": 109,
            "utc_offset": null,
            "time_zone": null,
            "geo_enabled": false,
            "verified": true,
            "statuses_count": 5652,
            "lang": null,
            "contributors_enabled": false,
            "is_translator": false,
            "is_translation_enabled": false,
            "profile_background_color": "000000",
            "profile_background_image_url": "http://abs.twimg.com/images/themes/theme4/bg.gif",
            "profile_background_image_url_https": "https://abs.twimg.com/images/themes/theme4/bg.gif",
            "profile_background_tile": true,
            "profile_image_url": "http://pbs.twimg.com/profile_images/744891970380767232/jum1SDsC_normal.jpg",
            "profile_image_url_https": "https://pbs.twimg.com/profile_images/744891970380767232/jum1SDsC_normal.jpg",
            "profile_banner_url": "https://pbs.twimg.com/profile_banners/44084633/1583070237",
            "profile_link_color": "FF691F",
            "profile_sidebar_border_color": "FFFFFF",
            "profile_sidebar_fill_color": "FFFFFF",
            "profile_text_color": "2B1413",
            "profile_use_background_image": true,
            "has_extended_profile": false,
            "default_profile": false,
            "default_profile_image": false,
            "following": null,
            "follow_request_sent": null,
            "notifications": null,
            "translator_type": "none"
        },
        "geo": null,
        "coordinates": null,
        "place": null,
        "contributors": null,
        "is_quote_status": false,
        "retweet_count": 265,
        "favorite_count": 1321,
        "favorited": false,
        "retweeted": false,
        "possibly_sensitive": false,
        "lang": "en"
    },
    "is_quote_status": false,
    "retweet_count": 265,
    "favorite_count": 0,
    "favorited": false,
    "retweeted": false,
    "lang": "en"
}