{
    "created_at": "Tue Mar 10 07:36:26 +0000 2020",
    "id": 1237281143478616064,
    "id_str": "1237281143478616064",
    "text": "RT @deepikapadukone: I am beyond thrilled to be joining the Louis Vuitton family!To be a part of Nicholas Ghesqui\u00e8re's vision for the world\u2026",
    "truncated": false,
    "entities": {
        "hashtags": [],
        "symbols": [],
        "user_mentions": [
            {
                "screen_name": "deepikapadukone",
                "name": "Deepika Padukone",
                "id": 101695592,
                "id_str": "101695592",
                "indices": [
                    3,
                    19
                ]
            }
        ],
        "urls": []
    },
    "metadata": {
        "iso_language_code": "en",
        "result_type": "recent"
    },
    "source": "<a href=\"http://twitter.com/download/android\" rel=\"nofollow\">Twitter for Android</a>",
    "in_reply_to_status_id": null,
    "in_reply_to_status_id_str": null,
    "in_reply_to_user_id": null,
    "in_reply_to_user_id_str": null,
    "in_reply_to_screen_name": null,
    "user": {
        "id": 1195550837382103040,
        "id_str": "1195550837382103040",
        "name": "\u0641",
        "screen_name": "Dew48603040",
        "location": "DKI Jakarta, Indonesia",
        "description": "Hanya seorang pendosa yang coba selqalu memperbaiki diri:')",
        "url": null,
        "entities": {
            "description": {
                "urls": []
            }
        },
        "protected": false,
        "followers_count": 47,
        "friends_count": 401,
        "listed_count": 0,
        "created_at": "Sat Nov 16 03:55:24 +0000 2019",
        "favourites_count": 104,
        "utc_offset": null,
        "time_zone": null,
        "geo_enabled": false,
        "verified": false,
        "statuses_count": 173,
        "lang": null,
        "contributors_enabled": false,
        "is_translator": false,
        "is_translation_enabled": false,
        "profile_background_color": "F5F8FA",
        "profile_background_image_url": null,
        "profile_background_image_url_https": null,
        "profile_background_tile": false,
        "profile_image_url": "http://pbs.twimg.com/profile_images/1209860772169302017/M81ycFaU_normal.jpg",
        "profile_image_url_https": "https://pbs.twimg.com/profile_images/1209860772169302017/M81ycFaU_normal.jpg",
        "profile_banner_url": "https://pbs.twimg.com/profile_banners/1195550837382103040/1573947282",
        "profile_link_color": "1DA1F2",
        "profile_sidebar_border_color": "C0DEED",
        "profile_sidebar_fill_color": "DDEEF6",
        "profile_text_color": "333333",
        "profile_use_background_image": true,
        "has_extended_profile": false,
        "default_profile": true,
        "default_profile_image": false,
        "following": null,
        "follow_request_sent": null,
        "notifications": null,
        "translator_type": "none"
    },
    "geo": null,
    "coordinates": null,
    "place": null,
    "contributors": null,
    "retweeted_status": {
        "created_at": "Thu Jan 23 05:50:18 +0000 2020",
        "id": 1220222202710282240,
        "id_str": "1220222202710282240",
        "text": "I am beyond thrilled to be joining the Louis Vuitton family!To be a part of Nicholas Ghesqui\u00e8re's vision for the wo\u2026 https://t.co/z8be6bwaHI",
        "truncated": true,
        "entities": {
            "hashtags": [],
            "symbols": [],
            "user_mentions": [],
            "urls": [
                {
                    "url": "https://t.co/z8be6bwaHI",
                    "expanded_url": "https://twitter.com/i/web/status/1220222202710282240",
                    "display_url": "twitter.com/i/web/status/1\u2026",
                    "indices": [
                        117,
                        140
                    ]
                }
            ]
        },
        "metadata": {
            "iso_language_code": "en",
            "result_type": "recent"
        },
        "source": "<a href=\"http://twitter.com/download/iphone\" rel=\"nofollow\">Twitter for iPhone</a>",
        "in_reply_to_status_id": null,
        "in_reply_to_status_id_str": null,
        "in_reply_to_user_id": null,
        "in_reply_to_user_id_str": null,
        "in_reply_to_screen_name": null,
        "user": {
            "id": 101695592,
            "id_str": "101695592",
            "name": "Deepika Padukone",
            "screen_name": "deepikapadukone",
            "location": "",
            "description": "Live,Love & Laugh...",
            "url": "https://t.co/1ab1OFLmfh",
            "entities": {
                "url": {
                    "urls": [
                        {
                            "url": "https://t.co/1ab1OFLmfh",
                            "expanded_url": "http://www.deepikapadukone.com/closet",
                            "display_url": "deepikapadukone.com/closet",
                            "indices": [
                                0,
                                23
                            ]
                        }
                    ]
                },
                "description": {
                    "urls": []
                }
            },
            "protected": false,
            "followers_count": 26884275,
            "friends_count": 74,
            "listed_count": 21728,
            "created_at": "Mon Jan 04 07:51:32 +0000 2010",
            "favourites_count": 36,
            "utc_offset": null,
            "time_zone": null,
            "geo_enabled": false,
            "verified": true,
            "statuses_count": 4024,
            "lang": null,
            "contributors_enabled": false,
            "is_translator": false,
            "is_translation_enabled": false,
            "profile_background_color": "C0DEED",
            "profile_background_image_url": "http://abs.twimg.com/images/themes/theme1/bg.png",
            "profile_background_image_url_https": "https://abs.twimg.com/images/themes/theme1/bg.png",
            "profile_background_tile": false,
            "profile_image_url": "http://pbs.twimg.com/profile_images/1235851550943145984/WWQvzwQi_normal.jpg",
            "profile_image_url_https": "https://pbs.twimg.com/profile_images/1235851550943145984/WWQvzwQi_normal.jpg",
            "profile_banner_url": "https://pbs.twimg.com/profile_banners/101695592/1583484946",
            "profile_link_color": "0084B4",
            "profile_sidebar_border_color": "FFFFFF",
            "profile_sidebar_fill_color": "DDEEF6",
            "profile_text_color": "333333",
            "profile_use_background_image": true,
            "has_extended_profile": true,
            "default_profile": false,
            "default_profile_image": false,
            "following": null,
            "follow_request_sent": null,
            "notifications": null,
            "translator_type": "none"
        },
        "geo": null,
        "coordinates": null,
        "place": null,
        "contributors": null,
        "is_quote_status": false,
        "retweet_count": 1616,
        "favorite_count": 18300,
        "favorited": false,
        "retweeted": false,
        "possibly_sensitive": false,
        "lang": "en"
    },
    "is_quote_status": false,
    "retweet_count": 1616,
    "favorite_count": 0,
    "favorited": false,
    "retweeted": false,
    "lang": "en"
}