{
    "created_at": "Mon Mar 09 22:26:28 +0000 2020",
    "id": 1237142739210457088,
    "id_str": "1237142739210457088",
    "text": "@MrsCMcGuinness @gucci @freddyukireland @LouisVuitton @BackgridUK Wow!!",
    "truncated": false,
    "entities": {
        "hashtags": [],
        "symbols": [],
        "user_mentions": [
            {
                "screen_name": "MrsCMcGuinness",
                "name": "Christine McGuinness",
                "id": 2535634044,
                "id_str": "2535634044",
                "indices": [
                    0,
                    15
                ]
            },
            {
                "screen_name": "gucci",
                "name": "gucci",
                "id": 16913418,
                "id_str": "16913418",
                "indices": [
                    16,
                    22
                ]
            },
            {
                "screen_name": "freddyukireland",
                "name": "Freddy Jeans",
                "id": 799563678441996288,
                "id_str": "799563678441996288",
                "indices": [
                    23,
                    39
                ]
            },
            {
                "screen_name": "LouisVuitton",
                "name": "Louis Vuitton",
                "id": 44084633,
                "id_str": "44084633",
                "indices": [
                    40,
                    53
                ]
            },
            {
                "screen_name": "BackgridUK",
                "name": "Backgrid",
                "id": 2383876891,
                "id_str": "2383876891",
                "indices": [
                    54,
                    65
                ]
            }
        ],
        "urls": []
    },
    "metadata": {
        "iso_language_code": "und",
        "result_type": "recent"
    },
    "source": "<a href=\"http://twitter.com/download/iphone\" rel=\"nofollow\">Twitter for iPhone</a>",
    "in_reply_to_status_id": 1236992507629764608,
    "in_reply_to_status_id_str": "1236992507629764608",
    "in_reply_to_user_id": 2535634044,
    "in_reply_to_user_id_str": "2535634044",
    "in_reply_to_screen_name": "MrsCMcGuinness",
    "user": {
        "id": 2215419986,
        "id_str": "2215419986",
        "name": "Lee hardwick",
        "screen_name": "LeeLjhardwick",
        "location": "Birmingham, UK  ;-)",
        "description": "",
        "url": null,
        "entities": {
            "description": {
                "urls": []
            }
        },
        "protected": false,
        "followers_count": 662,
        "friends_count": 2037,
        "listed_count": 0,
        "created_at": "Tue Nov 26 09:26:19 +0000 2013",
        "favourites_count": 17997,
        "utc_offset": null,
        "time_zone": null,
        "geo_enabled": true,
        "verified": false,
        "statuses_count": 110303,
        "lang": null,
        "contributors_enabled": false,
        "is_translator": false,
        "is_translation_enabled": false,
        "profile_background_color": "C0DEED",
        "profile_background_image_url": "http://abs.twimg.com/images/themes/theme1/bg.png",
        "profile_background_image_url_https": "https://abs.twimg.com/images/themes/theme1/bg.png",
        "profile_background_tile": false,
        "profile_image_url": "http://pbs.twimg.com/profile_images/1224025850565341185/JFrIalNc_normal.jpg",
        "profile_image_url_https": "https://pbs.twimg.com/profile_images/1224025850565341185/JFrIalNc_normal.jpg",
        "profile_banner_url": "https://pbs.twimg.com/profile_banners/2215419986/1551392595",
        "profile_link_color": "1DA1F2",
        "profile_sidebar_border_color": "C0DEED",
        "profile_sidebar_fill_color": "DDEEF6",
        "profile_text_color": "333333",
        "profile_use_background_image": true,
        "has_extended_profile": true,
        "default_profile": true,
        "default_profile_image": false,
        "following": null,
        "follow_request_sent": null,
        "notifications": null,
        "translator_type": "none"
    },
    "geo": null,
    "coordinates": null,
    "place": null,
    "contributors": null,
    "is_quote_status": false,
    "retweet_count": 0,
    "favorite_count": 0,
    "favorited": false,
    "retweeted": false,
    "lang": "und"
}