{
    "created_at": "Tue Mar 10 02:58:40 +0000 2020",
    "id": 1237211238528057345,
    "id_str": "1237211238528057345",
    "text": "@FLPrincessSJK @LouisVuitton @FindomPromoSub @StaciesSlut How much \ud83d\ude0d",
    "truncated": false,
    "entities": {
        "hashtags": [],
        "symbols": [],
        "user_mentions": [
            {
                "screen_name": "FLPrincessSJK",
                "name": "\ud83d\udc63\ud83d\udcb8\ud835\udca2\ud835\udc5c\ud835\udcb9\ud835\udcb9\ud835\udc52\ud835\udcc8\ud835\udcc8 \ud835\udcae\ud835\udcc9\ud835\udcb6\ud835\udcb8\ud835\udcbe\ud835\udc52 \ud83d\udcb8\ud83e\udd40",
                "id": 720479844463689728,
                "id_str": "720479844463689728",
                "indices": [
                    0,
                    14
                ]
            },
            {
                "screen_name": "LouisVuitton",
                "name": "Louis Vuitton",
                "id": 44084633,
                "id_str": "44084633",
                "indices": [
                    15,
                    28
                ]
            },
            {
                "screen_name": "FindomPromoSub",
                "name": "FindomPromoSub Tag Me!",
                "id": 1046556433511256064,
                "id_str": "1046556433511256064",
                "indices": [
                    29,
                    44
                ]
            },
            {
                "screen_name": "StaciesSlut",
                "name": "Stacie\u2019s Sissy Slut",
                "id": 1219878788927873024,
                "id_str": "1219878788927873024",
                "indices": [
                    45,
                    57
                ]
            }
        ],
        "urls": []
    },
    "metadata": {
        "iso_language_code": "en",
        "result_type": "recent"
    },
    "source": "<a href=\"https://mobile.twitter.com\" rel=\"nofollow\">Twitter Web App</a>",
    "in_reply_to_status_id": 1237147036329349121,
    "in_reply_to_status_id_str": "1237147036329349121",
    "in_reply_to_user_id": 720479844463689728,
    "in_reply_to_user_id_str": "720479844463689728",
    "in_reply_to_screen_name": "FLPrincessSJK",
    "user": {
        "id": 1236498024932823040,
        "id_str": "1236498024932823040",
        "name": "Paypigpete",
        "screen_name": "Paypigpete1",
        "location": "",
        "description": "",
        "url": null,
        "entities": {
            "description": {
                "urls": []
            }
        },
        "protected": false,
        "followers_count": 20,
        "friends_count": 70,
        "listed_count": 0,
        "created_at": "Sun Mar 08 03:44:42 +0000 2020",
        "favourites_count": 46,
        "utc_offset": null,
        "time_zone": null,
        "geo_enabled": false,
        "verified": false,
        "statuses_count": 11,
        "lang": null,
        "contributors_enabled": false,
        "is_translator": false,
        "is_translation_enabled": false,
        "profile_background_color": "F5F8FA",
        "profile_background_image_url": null,
        "profile_background_image_url_https": null,
        "profile_background_tile": false,
        "profile_image_url": "http://abs.twimg.com/sticky/default_profile_images/default_profile_normal.png",
        "profile_image_url_https": "https://abs.twimg.com/sticky/default_profile_images/default_profile_normal.png",
        "profile_link_color": "1DA1F2",
        "profile_sidebar_border_color": "C0DEED",
        "profile_sidebar_fill_color": "DDEEF6",
        "profile_text_color": "333333",
        "profile_use_background_image": true,
        "has_extended_profile": true,
        "default_profile": true,
        "default_profile_image": true,
        "following": null,
        "follow_request_sent": null,
        "notifications": null,
        "translator_type": "none"
    },
    "geo": null,
    "coordinates": null,
    "place": null,
    "contributors": null,
    "is_quote_status": false,
    "retweet_count": 0,
    "favorite_count": 2,
    "favorited": false,
    "retweeted": false,
    "lang": "en"
}