{
    "created_at": "Mon Mar 09 22:54:56 +0000 2020",
    "id": 1237149902926417922,
    "id_str": "1237149902926417922",
    "text": "RT @LouisVuitton: #LVFW20\nThe compatibility of functionality and formality. A look worn with new Archlight sneakers from @TWNGhesquiere\u2019s l\u2026",
    "truncated": false,
    "entities": {
        "hashtags": [
            {
                "text": "LVFW20",
                "indices": [
                    18,
                    25
                ]
            }
        ],
        "symbols": [],
        "user_mentions": [
            {
                "screen_name": "LouisVuitton",
                "name": "Louis Vuitton",
                "id": 44084633,
                "id_str": "44084633",
                "indices": [
                    3,
                    16
                ]
            },
            {
                "screen_name": "TWNGhesquiere",
                "name": "Nicolas Ghesquiere",
                "id": 987110766,
                "id_str": "987110766",
                "indices": [
                    121,
                    135
                ]
            }
        ],
        "urls": []
    },
    "metadata": {
        "iso_language_code": "en",
        "result_type": "recent"
    },
    "source": "<a href=\"http://twitter.com/download/iphone\" rel=\"nofollow\">Twitter for iPhone</a>",
    "in_reply_to_status_id": null,
    "in_reply_to_status_id_str": null,
    "in_reply_to_user_id": null,
    "in_reply_to_user_id_str": null,
    "in_reply_to_screen_name": null,
    "user": {
        "id": 28158669,
        "id_str": "28158669",
        "name": "HarLo\ud83c\udf7e\ud83d\udc51\ud83d\udda4",
        "screen_name": "IamLoLo222",
        "location": "NYC/Long Island/Ur Dreams \ud83c\udf2c",
        "description": "Style Conduit/Humorist/DawgCatcher\ud83d\udc36 https://t.co/EzMenZgFIF https://t.co/IztcwgbzPm #resist2020 #Lamb #beyhive #Nippy #\u2653\ufe0f #janfam #horrorfan",
        "url": "https://t.co/gvrsTny5ZN",
        "entities": {
            "url": {
                "urls": [
                    {
                        "url": "https://t.co/gvrsTny5ZN",
                        "expanded_url": "http://www.lorenharristhesybarite.com",
                        "display_url": "lorenharristhesybarite.com",
                        "indices": [
                            0,
                            23
                        ]
                    }
                ]
            },
            "description": {
                "urls": [
                    {
                        "url": "https://t.co/EzMenZgFIF",
                        "expanded_url": "http://lorenharristhesybarite.com",
                        "display_url": "lorenharristhesybarite.com",
                        "indices": [
                            36,
                            59
                        ]
                    },
                    {
                        "url": "https://t.co/IztcwgbzPm",
                        "expanded_url": "http://Instagram.com/cocotwin22",
                        "display_url": "Instagram.com/cocotwin22",
                        "indices": [
                            60,
                            83
                        ]
                    }
                ]
            }
        },
        "protected": false,
        "followers_count": 949,
        "friends_count": 1664,
        "listed_count": 36,
        "created_at": "Wed Apr 01 18:13:52 +0000 2009",
        "favourites_count": 35527,
        "utc_offset": null,
        "time_zone": null,
        "geo_enabled": true,
        "verified": false,
        "statuses_count": 12708,
        "lang": null,
        "contributors_enabled": false,
        "is_translator": false,
        "is_translation_enabled": false,
        "profile_background_color": "EDECE9",
        "profile_background_image_url": "http://abs.twimg.com/images/themes/theme1/bg.png",
        "profile_background_image_url_https": "https://abs.twimg.com/images/themes/theme1/bg.png",
        "profile_background_tile": false,
        "profile_image_url": "http://pbs.twimg.com/profile_images/1219240939518091264/WVdcoFbA_normal.jpg",
        "profile_image_url_https": "https://pbs.twimg.com/profile_images/1219240939518091264/WVdcoFbA_normal.jpg",
        "profile_banner_url": "https://pbs.twimg.com/profile_banners/28158669/1577627655",
        "profile_link_color": "FAB81E",
        "profile_sidebar_border_color": "D3D2CF",
        "profile_sidebar_fill_color": "E3E2DE",
        "profile_text_color": "634047",
        "profile_use_background_image": true,
        "has_extended_profile": true,
        "default_profile": false,
        "default_profile_image": false,
        "following": null,
        "follow_request_sent": null,
        "notifications": null,
        "translator_type": "none"
    },
    "geo": null,
    "coordinates": null,
    "place": null,
    "contributors": null,
    "retweeted_status": {
        "created_at": "Sat Mar 07 08:00:01 +0000 2020",
        "id": 1236199912188137473,
        "id_str": "1236199912188137473",
        "text": "#LVFW20\nThe compatibility of functionality and formality. A look worn with new Archlight sneakers from\u2026 https://t.co/poMUay3Gd7",
        "truncated": true,
        "entities": {
            "hashtags": [
                {
                    "text": "LVFW20",
                    "indices": [
                        0,
                        7
                    ]
                }
            ],
            "symbols": [],
            "user_mentions": [],
            "urls": [
                {
                    "url": "https://t.co/poMUay3Gd7",
                    "expanded_url": "https://twitter.com/i/web/status/1236199912188137473",
                    "display_url": "twitter.com/i/web/status/1\u2026",
                    "indices": [
                        104,
                        127
                    ]
                }
            ]
        },
        "metadata": {
            "iso_language_code": "en",
            "result_type": "recent"
        },
        "source": "<a href=\"https://www.sprinklr.com\" rel=\"nofollow\">Sprinklr</a>",
        "in_reply_to_status_id": null,
        "in_reply_to_status_id_str": null,
        "in_reply_to_user_id": null,
        "in_reply_to_user_id_str": null,
        "in_reply_to_screen_name": null,
        "user": {
            "id": 44084633,
            "id_str": "44084633",
            "name": "Louis Vuitton",
            "screen_name": "LouisVuitton",
            "location": "",
            "description": "The official Twitter page for Louis Vuitton Worldwide. Contact client services at @LVServices for customer assistance and personalised advice.",
            "url": "http://t.co/znRCgDOH21",
            "entities": {
                "url": {
                    "urls": [
                        {
                            "url": "http://t.co/znRCgDOH21",
                            "expanded_url": "http://www.louisvuitton.com",
                            "display_url": "louisvuitton.com",
                            "indices": [
                                0,
                                22
                            ]
                        }
                    ]
                },
                "description": {
                    "urls": []
                }
            },
            "protected": false,
            "followers_count": 7501392,
            "friends_count": 6,
            "listed_count": 9683,
            "created_at": "Tue Jun 02 08:22:48 +0000 2009",
            "favourites_count": 109,
            "utc_offset": null,
            "time_zone": null,
            "geo_enabled": false,
            "verified": true,
            "statuses_count": 5652,
            "lang": null,
            "contributors_enabled": false,
            "is_translator": false,
            "is_translation_enabled": false,
            "profile_background_color": "000000",
            "profile_background_image_url": "http://abs.twimg.com/images/themes/theme4/bg.gif",
            "profile_background_image_url_https": "https://abs.twimg.com/images/themes/theme4/bg.gif",
            "profile_background_tile": true,
            "profile_image_url": "http://pbs.twimg.com/profile_images/744891970380767232/jum1SDsC_normal.jpg",
            "profile_image_url_https": "https://pbs.twimg.com/profile_images/744891970380767232/jum1SDsC_normal.jpg",
            "profile_banner_url": "https://pbs.twimg.com/profile_banners/44084633/1583070237",
            "profile_link_color": "FF691F",
            "profile_sidebar_border_color": "FFFFFF",
            "profile_sidebar_fill_color": "FFFFFF",
            "profile_text_color": "2B1413",
            "profile_use_background_image": true,
            "has_extended_profile": false,
            "default_profile": false,
            "default_profile_image": false,
            "following": null,
            "follow_request_sent": null,
            "notifications": null,
            "translator_type": "none"
        },
        "geo": null,
        "coordinates": null,
        "place": null,
        "contributors": null,
        "is_quote_status": false,
        "retweet_count": 34,
        "favorite_count": 351,
        "favorited": false,
        "retweeted": false,
        "possibly_sensitive": false,
        "lang": "en"
    },
    "is_quote_status": false,
    "retweet_count": 34,
    "favorite_count": 0,
    "favorited": false,
    "retweeted": false,
    "lang": "en"
}