{
    "created_at": "Tue Mar 10 14:12:51 +0000 2020",
    "id": 1237380901727883264,
    "id_str": "1237380901727883264",
    "text": "RT @TheSupremeSaint: .@LouisVuitton FW20 by @virgilabloh \n\n\ud83d\uddd3 July 2020 https://t.co/VhdSmyxarc",
    "truncated": false,
    "entities": {
        "hashtags": [],
        "symbols": [],
        "user_mentions": [
            {
                "screen_name": "TheSupremeSaint",
                "name": "The Supreme Saint",
                "id": 2426313439,
                "id_str": "2426313439",
                "indices": [
                    3,
                    19
                ]
            },
            {
                "screen_name": "LouisVuitton",
                "name": "Louis Vuitton",
                "id": 44084633,
                "id_str": "44084633",
                "indices": [
                    22,
                    35
                ]
            },
            {
                "screen_name": "virgilabloh",
                "name": "virgil abloh",
                "id": 21845792,
                "id_str": "21845792",
                "indices": [
                    44,
                    56
                ]
            }
        ],
        "urls": [],
        "media": [
            {
                "id": 1236008376531922944,
                "id_str": "1236008376531922944",
                "indices": [
                    71,
                    94
                ],
                "media_url": "http://pbs.twimg.com/ext_tw_video_thumb/1236008376531922944/pu/img/x1nsIC_RnTIs1-Rv.jpg",
                "media_url_https": "https://pbs.twimg.com/ext_tw_video_thumb/1236008376531922944/pu/img/x1nsIC_RnTIs1-Rv.jpg",
                "url": "https://t.co/VhdSmyxarc",
                "display_url": "pic.twitter.com/VhdSmyxarc",
                "expanded_url": "https://twitter.com/TheSupremeSaint/status/1236008411214553091/video/1",
                "type": "photo",
                "sizes": {
                    "medium": {
                        "w": 640,
                        "h": 640,
                        "resize": "fit"
                    },
                    "thumb": {
                        "w": 150,
                        "h": 150,
                        "resize": "crop"
                    },
                    "large": {
                        "w": 640,
                        "h": 640,
                        "resize": "fit"
                    },
                    "small": {
                        "w": 640,
                        "h": 640,
                        "resize": "fit"
                    }
                },
                "source_status_id": 1236008411214553091,
                "source_status_id_str": "1236008411214553091",
                "source_user_id": 2426313439,
                "source_user_id_str": "2426313439"
            }
        ]
    },
    "extended_entities": {
        "media": [
            {
                "id": 1236008376531922944,
                "id_str": "1236008376531922944",
                "indices": [
                    71,
                    94
                ],
                "media_url": "http://pbs.twimg.com/ext_tw_video_thumb/1236008376531922944/pu/img/x1nsIC_RnTIs1-Rv.jpg",
                "media_url_https": "https://pbs.twimg.com/ext_tw_video_thumb/1236008376531922944/pu/img/x1nsIC_RnTIs1-Rv.jpg",
                "url": "https://t.co/VhdSmyxarc",
                "display_url": "pic.twitter.com/VhdSmyxarc",
                "expanded_url": "https://twitter.com/TheSupremeSaint/status/1236008411214553091/video/1",
                "type": "video",
                "sizes": {
                    "medium": {
                        "w": 640,
                        "h": 640,
                        "resize": "fit"
                    },
                    "thumb": {
                        "w": 150,
                        "h": 150,
                        "resize": "crop"
                    },
                    "large": {
                        "w": 640,
                        "h": 640,
                        "resize": "fit"
                    },
                    "small": {
                        "w": 640,
                        "h": 640,
                        "resize": "fit"
                    }
                },
                "source_status_id": 1236008411214553091,
                "source_status_id_str": "1236008411214553091",
                "source_user_id": 2426313439,
                "source_user_id_str": "2426313439",
                "video_info": {
                    "aspect_ratio": [
                        1,
                        1
                    ],
                    "duration_millis": 13767,
                    "variants": [
                        {
                            "bitrate": 432000,
                            "content_type": "video/mp4",
                            "url": "https://video.twimg.com/ext_tw_video/1236008376531922944/pu/vid/320x320/BNApGymCgCS09rbK.mp4?tag=10"
                        },
                        {
                            "bitrate": 832000,
                            "content_type": "video/mp4",
                            "url": "https://video.twimg.com/ext_tw_video/1236008376531922944/pu/vid/480x480/Ramwznflmb6lTrz7.mp4?tag=10"
                        },
                        {
                            "content_type": "application/x-mpegURL",
                            "url": "https://video.twimg.com/ext_tw_video/1236008376531922944/pu/pl/rTCFoE9Gf7paaSmS.m3u8?tag=10"
                        },
                        {
                            "bitrate": 1280000,
                            "content_type": "video/mp4",
                            "url": "https://video.twimg.com/ext_tw_video/1236008376531922944/pu/vid/640x640/g8ctaFBwbL84JFyl.mp4?tag=10"
                        }
                    ]
                },
                "additional_media_info": {
                    "monetizable": false,
                    "source_user": {
                        "id": 2426313439,
                        "id_str": "2426313439",
                        "name": "The Supreme Saint",
                        "screen_name": "TheSupremeSaint",
                        "location": "Miami",
                        "description": "Streetwear, Sneakers, Releases, and Culture. Not affiliated with Supreme New York.",
                        "url": "https://t.co/3xWw35mL93",
                        "entities": {
                            "url": {
                                "urls": [
                                    {
                                        "url": "https://t.co/3xWw35mL93",
                                        "expanded_url": "http://TheSupremeSaint.com",
                                        "display_url": "TheSupremeSaint.com",
                                        "indices": [
                                            0,
                                            23
                                        ]
                                    }
                                ]
                            },
                            "description": {
                                "urls": []
                            }
                        },
                        "protected": false,
                        "followers_count": 148914,
                        "friends_count": 416,
                        "listed_count": 221,
                        "created_at": "Thu Apr 03 23:07:20 +0000 2014",
                        "favourites_count": 362,
                        "utc_offset": null,
                        "time_zone": null,
                        "geo_enabled": true,
                        "verified": true,
                        "statuses_count": 18693,
                        "lang": null,
                        "contributors_enabled": false,
                        "is_translator": false,
                        "is_translation_enabled": false,
                        "profile_background_color": "FFFFFF",
                        "profile_background_image_url": "http://abs.twimg.com/images/themes/theme1/bg.png",
                        "profile_background_image_url_https": "https://abs.twimg.com/images/themes/theme1/bg.png",
                        "profile_background_tile": true,
                        "profile_image_url": "http://pbs.twimg.com/profile_images/1155956892176224261/HE5gwUmI_normal.jpg",
                        "profile_image_url_https": "https://pbs.twimg.com/profile_images/1155956892176224261/HE5gwUmI_normal.jpg",
                        "profile_banner_url": "https://pbs.twimg.com/profile_banners/2426313439/1565540716",
                        "profile_link_color": "FF0000",
                        "profile_sidebar_border_color": "FFFFFF",
                        "profile_sidebar_fill_color": "DDEEF6",
                        "profile_text_color": "333333",
                        "profile_use_background_image": false,
                        "has_extended_profile": false,
                        "default_profile": false,
                        "default_profile_image": false,
                        "following": null,
                        "follow_request_sent": null,
                        "notifications": null,
                        "translator_type": "none"
                    }
                }
            }
        ]
    },
    "metadata": {
        "iso_language_code": "und",
        "result_type": "recent"
    },
    "source": "<a href=\"http://twitter.com/download/iphone\" rel=\"nofollow\">Twitter for iPhone</a>",
    "in_reply_to_status_id": null,
    "in_reply_to_status_id_str": null,
    "in_reply_to_user_id": null,
    "in_reply_to_user_id_str": null,
    "in_reply_to_screen_name": null,
    "user": {
        "id": 1144964986554507266,
        "id_str": "1144964986554507266",
        "name": "DOWN TO BUY OR SELL",
        "screen_name": "youryenmonger",
        "location": "\ud83c\uddf3\ud83c\uddec",
        "description": "Silhouette Agent, Car Dealer. DM for Business",
        "url": null,
        "entities": {
            "description": {
                "urls": []
            }
        },
        "protected": false,
        "followers_count": 238,
        "friends_count": 509,
        "listed_count": 0,
        "created_at": "Sat Jun 29 13:45:00 +0000 2019",
        "favourites_count": 255,
        "utc_offset": null,
        "time_zone": null,
        "geo_enabled": true,
        "verified": false,
        "statuses_count": 282,
        "lang": null,
        "contributors_enabled": false,
        "is_translator": false,
        "is_translation_enabled": false,
        "profile_background_color": "F5F8FA",
        "profile_background_image_url": null,
        "profile_background_image_url_https": null,
        "profile_background_tile": false,
        "profile_image_url": "http://pbs.twimg.com/profile_images/1224997616603189249/KSrlZBGg_normal.jpg",
        "profile_image_url_https": "https://pbs.twimg.com/profile_images/1224997616603189249/KSrlZBGg_normal.jpg",
        "profile_banner_url": "https://pbs.twimg.com/profile_banners/1144964986554507266/1561816028",
        "profile_link_color": "1DA1F2",
        "profile_sidebar_border_color": "C0DEED",
        "profile_sidebar_fill_color": "DDEEF6",
        "profile_text_color": "333333",
        "profile_use_background_image": true,
        "has_extended_profile": true,
        "default_profile": true,
        "default_profile_image": false,
        "following": null,
        "follow_request_sent": null,
        "notifications": null,
        "translator_type": "none"
    },
    "geo": null,
    "coordinates": null,
    "place": null,
    "contributors": null,
    "retweeted_status": {
        "created_at": "Fri Mar 06 19:19:03 +0000 2020",
        "id": 1236008411214553091,
        "id_str": "1236008411214553091",
        "text": ".@LouisVuitton FW20 by @virgilabloh \n\n\ud83d\uddd3 July 2020 https://t.co/VhdSmyxarc",
        "truncated": false,
        "entities": {
            "hashtags": [],
            "symbols": [],
            "user_mentions": [
                {
                    "screen_name": "LouisVuitton",
                    "name": "Louis Vuitton",
                    "id": 44084633,
                    "id_str": "44084633",
                    "indices": [
                        1,
                        14
                    ]
                },
                {
                    "screen_name": "virgilabloh",
                    "name": "virgil abloh",
                    "id": 21845792,
                    "id_str": "21845792",
                    "indices": [
                        23,
                        35
                    ]
                }
            ],
            "urls": [],
            "media": [
                {
                    "id": 1236008376531922944,
                    "id_str": "1236008376531922944",
                    "indices": [
                        50,
                        73
                    ],
                    "media_url": "http://pbs.twimg.com/ext_tw_video_thumb/1236008376531922944/pu/img/x1nsIC_RnTIs1-Rv.jpg",
                    "media_url_https": "https://pbs.twimg.com/ext_tw_video_thumb/1236008376531922944/pu/img/x1nsIC_RnTIs1-Rv.jpg",
                    "url": "https://t.co/VhdSmyxarc",
                    "display_url": "pic.twitter.com/VhdSmyxarc",
                    "expanded_url": "https://twitter.com/TheSupremeSaint/status/1236008411214553091/video/1",
                    "type": "photo",
                    "sizes": {
                        "medium": {
                            "w": 640,
                            "h": 640,
                            "resize": "fit"
                        },
                        "thumb": {
                            "w": 150,
                            "h": 150,
                            "resize": "crop"
                        },
                        "large": {
                            "w": 640,
                            "h": 640,
                            "resize": "fit"
                        },
                        "small": {
                            "w": 640,
                            "h": 640,
                            "resize": "fit"
                        }
                    }
                }
            ]
        },
        "extended_entities": {
            "media": [
                {
                    "id": 1236008376531922944,
                    "id_str": "1236008376531922944",
                    "indices": [
                        50,
                        73
                    ],
                    "media_url": "http://pbs.twimg.com/ext_tw_video_thumb/1236008376531922944/pu/img/x1nsIC_RnTIs1-Rv.jpg",
                    "media_url_https": "https://pbs.twimg.com/ext_tw_video_thumb/1236008376531922944/pu/img/x1nsIC_RnTIs1-Rv.jpg",
                    "url": "https://t.co/VhdSmyxarc",
                    "display_url": "pic.twitter.com/VhdSmyxarc",
                    "expanded_url": "https://twitter.com/TheSupremeSaint/status/1236008411214553091/video/1",
                    "type": "video",
                    "sizes": {
                        "medium": {
                            "w": 640,
                            "h": 640,
                            "resize": "fit"
                        },
                        "thumb": {
                            "w": 150,
                            "h": 150,
                            "resize": "crop"
                        },
                        "large": {
                            "w": 640,
                            "h": 640,
                            "resize": "fit"
                        },
                        "small": {
                            "w": 640,
                            "h": 640,
                            "resize": "fit"
                        }
                    },
                    "video_info": {
                        "aspect_ratio": [
                            1,
                            1
                        ],
                        "duration_millis": 13767,
                        "variants": [
                            {
                                "bitrate": 432000,
                                "content_type": "video/mp4",
                                "url": "https://video.twimg.com/ext_tw_video/1236008376531922944/pu/vid/320x320/BNApGymCgCS09rbK.mp4?tag=10"
                            },
                            {
                                "bitrate": 832000,
                                "content_type": "video/mp4",
                                "url": "https://video.twimg.com/ext_tw_video/1236008376531922944/pu/vid/480x480/Ramwznflmb6lTrz7.mp4?tag=10"
                            },
                            {
                                "content_type": "application/x-mpegURL",
                                "url": "https://video.twimg.com/ext_tw_video/1236008376531922944/pu/pl/rTCFoE9Gf7paaSmS.m3u8?tag=10"
                            },
                            {
                                "bitrate": 1280000,
                                "content_type": "video/mp4",
                                "url": "https://video.twimg.com/ext_tw_video/1236008376531922944/pu/vid/640x640/g8ctaFBwbL84JFyl.mp4?tag=10"
                            }
                        ]
                    },
                    "additional_media_info": {
                        "monetizable": false
                    }
                }
            ]
        },
        "metadata": {
            "iso_language_code": "und",
            "result_type": "recent"
        },
        "source": "<a href=\"http://twitter.com/download/iphone\" rel=\"nofollow\">Twitter for iPhone</a>",
        "in_reply_to_status_id": null,
        "in_reply_to_status_id_str": null,
        "in_reply_to_user_id": null,
        "in_reply_to_user_id_str": null,
        "in_reply_to_screen_name": null,
        "user": {
            "id": 2426313439,
            "id_str": "2426313439",
            "name": "The Supreme Saint",
            "screen_name": "TheSupremeSaint",
            "location": "Miami",
            "description": "Streetwear, Sneakers, Releases, and Culture. Not affiliated with Supreme New York.",
            "url": "https://t.co/3xWw35mL93",
            "entities": {
                "url": {
                    "urls": [
                        {
                            "url": "https://t.co/3xWw35mL93",
                            "expanded_url": "http://TheSupremeSaint.com",
                            "display_url": "TheSupremeSaint.com",
                            "indices": [
                                0,
                                23
                            ]
                        }
                    ]
                },
                "description": {
                    "urls": []
                }
            },
            "protected": false,
            "followers_count": 148914,
            "friends_count": 416,
            "listed_count": 221,
            "created_at": "Thu Apr 03 23:07:20 +0000 2014",
            "favourites_count": 362,
            "utc_offset": null,
            "time_zone": null,
            "geo_enabled": true,
            "verified": true,
            "statuses_count": 18693,
            "lang": null,
            "contributors_enabled": false,
            "is_translator": false,
            "is_translation_enabled": false,
            "profile_background_color": "FFFFFF",
            "profile_background_image_url": "http://abs.twimg.com/images/themes/theme1/bg.png",
            "profile_background_image_url_https": "https://abs.twimg.com/images/themes/theme1/bg.png",
            "profile_background_tile": true,
            "profile_image_url": "http://pbs.twimg.com/profile_images/1155956892176224261/HE5gwUmI_normal.jpg",
            "profile_image_url_https": "https://pbs.twimg.com/profile_images/1155956892176224261/HE5gwUmI_normal.jpg",
            "profile_banner_url": "https://pbs.twimg.com/profile_banners/2426313439/1565540716",
            "profile_link_color": "FF0000",
            "profile_sidebar_border_color": "FFFFFF",
            "profile_sidebar_fill_color": "DDEEF6",
            "profile_text_color": "333333",
            "profile_use_background_image": false,
            "has_extended_profile": false,
            "default_profile": false,
            "default_profile_image": false,
            "following": null,
            "follow_request_sent": null,
            "notifications": null,
            "translator_type": "none"
        },
        "geo": null,
        "coordinates": null,
        "place": null,
        "contributors": null,
        "is_quote_status": false,
        "retweet_count": 73,
        "favorite_count": 535,
        "favorited": false,
        "retweeted": false,
        "possibly_sensitive": false,
        "lang": "und"
    },
    "is_quote_status": false,
    "retweet_count": 73,
    "favorite_count": 0,
    "favorited": false,
    "retweeted": false,
    "possibly_sensitive": false,
    "lang": "und"
}