{
    "created_at": "Mon Mar 09 22:22:31 +0000 2020",
    "id": 1237141742580834305,
    "id_str": "1237141742580834305",
    "text": "@ShawnMendes @LouisVuitton @virgilabloh @RecordingAcad I miss youuuu\ud83d\ude2d\ud83d\ude2d\ud83d\ude2d\ud83d\ude2d\ud83d\ude2d\ud83d\ude2d\ud83d\ude2d",
    "truncated": false,
    "entities": {
        "hashtags": [],
        "symbols": [],
        "user_mentions": [
            {
                "screen_name": "ShawnMendes",
                "name": "Shawn Mendes",
                "id": 379408088,
                "id_str": "379408088",
                "indices": [
                    0,
                    12
                ]
            },
            {
                "screen_name": "LouisVuitton",
                "name": "Louis Vuitton",
                "id": 44084633,
                "id_str": "44084633",
                "indices": [
                    13,
                    26
                ]
            },
            {
                "screen_name": "virgilabloh",
                "name": "virgil abloh",
                "id": 21845792,
                "id_str": "21845792",
                "indices": [
                    27,
                    39
                ]
            },
            {
                "screen_name": "RecordingAcad",
                "name": "Recording Academy / GRAMMYs",
                "id": 17243213,
                "id_str": "17243213",
                "indices": [
                    40,
                    54
                ]
            }
        ],
        "urls": []
    },
    "metadata": {
        "iso_language_code": "en",
        "result_type": "recent"
    },
    "source": "<a href=\"http://twitter.com/download/android\" rel=\"nofollow\">Twitter for Android</a>",
    "in_reply_to_status_id": 1221631670312292352,
    "in_reply_to_status_id_str": "1221631670312292352",
    "in_reply_to_user_id": 379408088,
    "in_reply_to_user_id_str": "379408088",
    "in_reply_to_screen_name": "ShawnMendes",
    "user": {
        "id": 1213605818173517824,
        "id_str": "1213605818173517824",
        "name": "\ud83c\udde8\ud83c\udde6~Camz~\ud83c\udde6\ud83c\uddf7",
        "screen_name": "perfectlyjapan_",
        "location": "",
        "description": "Shawn mendes\ud83d\udc97\nCami cabello\ud83d\udcab\ud83d\udc8e\n                                                                             Never losing sight of the one i keep inside...\ud83d\udc9b\ud83d\udc95",
        "url": null,
        "entities": {
            "description": {
                "urls": []
            }
        },
        "protected": false,
        "followers_count": 50,
        "friends_count": 55,
        "listed_count": 4,
        "created_at": "Sat Jan 04 23:39:24 +0000 2020",
        "favourites_count": 2320,
        "utc_offset": null,
        "time_zone": null,
        "geo_enabled": false,
        "verified": false,
        "statuses_count": 1461,
        "lang": null,
        "contributors_enabled": false,
        "is_translator": false,
        "is_translation_enabled": false,
        "profile_background_color": "F5F8FA",
        "profile_background_image_url": null,
        "profile_background_image_url_https": null,
        "profile_background_tile": false,
        "profile_image_url": "http://pbs.twimg.com/profile_images/1237229645872930817/kso84QB5_normal.jpg",
        "profile_image_url_https": "https://pbs.twimg.com/profile_images/1237229645872930817/kso84QB5_normal.jpg",
        "profile_banner_url": "https://pbs.twimg.com/profile_banners/1213605818173517824/1581779276",
        "profile_link_color": "1DA1F2",
        "profile_sidebar_border_color": "C0DEED",
        "profile_sidebar_fill_color": "DDEEF6",
        "profile_text_color": "333333",
        "profile_use_background_image": true,
        "has_extended_profile": true,
        "default_profile": true,
        "default_profile_image": false,
        "following": null,
        "follow_request_sent": null,
        "notifications": null,
        "translator_type": "none"
    },
    "geo": null,
    "coordinates": null,
    "place": null,
    "contributors": null,
    "is_quote_status": false,
    "retweet_count": 0,
    "favorite_count": 0,
    "favorited": false,
    "retweeted": false,
    "lang": "en"
}