{
    "created_at": "Tue Mar 10 12:53:37 +0000 2020",
    "id": 1237360962371555330,
    "id_str": "1237360962371555330",
    "text": "RT @LouisVuitton: #LVFW20\nThe convergence of the past in the present. @TWNGhesquiere presented his latest #LouisVuitton Collection at the C\u2026",
    "truncated": false,
    "entities": {
        "hashtags": [
            {
                "text": "LVFW20",
                "indices": [
                    18,
                    25
                ]
            },
            {
                "text": "LouisVuitton",
                "indices": [
                    106,
                    119
                ]
            }
        ],
        "symbols": [],
        "user_mentions": [
            {
                "screen_name": "LouisVuitton",
                "name": "Louis Vuitton",
                "id": 44084633,
                "id_str": "44084633",
                "indices": [
                    3,
                    16
                ]
            },
            {
                "screen_name": "TWNGhesquiere",
                "name": "Nicolas Ghesquiere",
                "id": 987110766,
                "id_str": "987110766",
                "indices": [
                    70,
                    84
                ]
            }
        ],
        "urls": []
    },
    "metadata": {
        "iso_language_code": "en",
        "result_type": "recent"
    },
    "source": "<a href=\"https://mobile.twitter.com\" rel=\"nofollow\">Twitter Web App</a>",
    "in_reply_to_status_id": null,
    "in_reply_to_status_id_str": null,
    "in_reply_to_user_id": null,
    "in_reply_to_user_id_str": null,
    "in_reply_to_screen_name": null,
    "user": {
        "id": 614165314,
        "id_str": "614165314",
        "name": "kajpadia",
        "screen_name": "kajpadia",
        "location": "Dubai",
        "description": "Creative excellence",
        "url": null,
        "entities": {
            "description": {
                "urls": []
            }
        },
        "protected": false,
        "followers_count": 499,
        "friends_count": 394,
        "listed_count": 228,
        "created_at": "Thu Jun 21 09:18:06 +0000 2012",
        "favourites_count": 552,
        "utc_offset": null,
        "time_zone": null,
        "geo_enabled": false,
        "verified": false,
        "statuses_count": 85401,
        "lang": null,
        "contributors_enabled": false,
        "is_translator": false,
        "is_translation_enabled": false,
        "profile_background_color": "C0DEED",
        "profile_background_image_url": "http://abs.twimg.com/images/themes/theme1/bg.png",
        "profile_background_image_url_https": "https://abs.twimg.com/images/themes/theme1/bg.png",
        "profile_background_tile": false,
        "profile_image_url": "http://pbs.twimg.com/profile_images/931503775772303367/QNNjN5MM_normal.jpg",
        "profile_image_url_https": "https://pbs.twimg.com/profile_images/931503775772303367/QNNjN5MM_normal.jpg",
        "profile_banner_url": "https://pbs.twimg.com/profile_banners/614165314/1379699742",
        "profile_link_color": "1DA1F2",
        "profile_sidebar_border_color": "C0DEED",
        "profile_sidebar_fill_color": "DDEEF6",
        "profile_text_color": "333333",
        "profile_use_background_image": true,
        "has_extended_profile": false,
        "default_profile": true,
        "default_profile_image": false,
        "following": null,
        "follow_request_sent": null,
        "notifications": null,
        "translator_type": "none"
    },
    "geo": null,
    "coordinates": null,
    "place": null,
    "contributors": null,
    "retweeted_status": {
        "created_at": "Sun Mar 08 21:00:17 +0000 2020",
        "id": 1236758661462179842,
        "id_str": "1236758661462179842",
        "text": "#LVFW20\nThe convergence of the past in the present. @TWNGhesquiere presented his latest #LouisVuitton Collection at\u2026 https://t.co/jNZm0ZlAkq",
        "truncated": true,
        "entities": {
            "hashtags": [
                {
                    "text": "LVFW20",
                    "indices": [
                        0,
                        7
                    ]
                },
                {
                    "text": "LouisVuitton",
                    "indices": [
                        88,
                        101
                    ]
                }
            ],
            "symbols": [],
            "user_mentions": [
                {
                    "screen_name": "TWNGhesquiere",
                    "name": "Nicolas Ghesquiere",
                    "id": 987110766,
                    "id_str": "987110766",
                    "indices": [
                        52,
                        66
                    ]
                }
            ],
            "urls": [
                {
                    "url": "https://t.co/jNZm0ZlAkq",
                    "expanded_url": "https://twitter.com/i/web/status/1236758661462179842",
                    "display_url": "twitter.com/i/web/status/1\u2026",
                    "indices": [
                        117,
                        140
                    ]
                }
            ]
        },
        "metadata": {
            "iso_language_code": "en",
            "result_type": "recent"
        },
        "source": "<a href=\"https://www.sprinklr.com\" rel=\"nofollow\">Sprinklr</a>",
        "in_reply_to_status_id": null,
        "in_reply_to_status_id_str": null,
        "in_reply_to_user_id": null,
        "in_reply_to_user_id_str": null,
        "in_reply_to_screen_name": null,
        "user": {
            "id": 44084633,
            "id_str": "44084633",
            "name": "Louis Vuitton",
            "screen_name": "LouisVuitton",
            "location": "",
            "description": "The official Twitter page for Louis Vuitton Worldwide. Contact client services at @LVServices for customer assistance and personalised advice.",
            "url": "http://t.co/znRCgDOH21",
            "entities": {
                "url": {
                    "urls": [
                        {
                            "url": "http://t.co/znRCgDOH21",
                            "expanded_url": "http://www.louisvuitton.com",
                            "display_url": "louisvuitton.com",
                            "indices": [
                                0,
                                22
                            ]
                        }
                    ]
                },
                "description": {
                    "urls": []
                }
            },
            "protected": false,
            "followers_count": 7501392,
            "friends_count": 6,
            "listed_count": 9683,
            "created_at": "Tue Jun 02 08:22:48 +0000 2009",
            "favourites_count": 109,
            "utc_offset": null,
            "time_zone": null,
            "geo_enabled": false,
            "verified": true,
            "statuses_count": 5652,
            "lang": null,
            "contributors_enabled": false,
            "is_translator": false,
            "is_translation_enabled": false,
            "profile_background_color": "000000",
            "profile_background_image_url": "http://abs.twimg.com/images/themes/theme4/bg.gif",
            "profile_background_image_url_https": "https://abs.twimg.com/images/themes/theme4/bg.gif",
            "profile_background_tile": true,
            "profile_image_url": "http://pbs.twimg.com/profile_images/744891970380767232/jum1SDsC_normal.jpg",
            "profile_image_url_https": "https://pbs.twimg.com/profile_images/744891970380767232/jum1SDsC_normal.jpg",
            "profile_banner_url": "https://pbs.twimg.com/profile_banners/44084633/1583070237",
            "profile_link_color": "FF691F",
            "profile_sidebar_border_color": "FFFFFF",
            "profile_sidebar_fill_color": "FFFFFF",
            "profile_text_color": "2B1413",
            "profile_use_background_image": true,
            "has_extended_profile": false,
            "default_profile": false,
            "default_profile_image": false,
            "following": null,
            "follow_request_sent": null,
            "notifications": null,
            "translator_type": "none"
        },
        "geo": null,
        "coordinates": null,
        "place": null,
        "contributors": null,
        "is_quote_status": false,
        "retweet_count": 80,
        "favorite_count": 544,
        "favorited": false,
        "retweeted": false,
        "possibly_sensitive": false,
        "lang": "en"
    },
    "is_quote_status": false,
    "retweet_count": 80,
    "favorite_count": 0,
    "favorited": false,
    "retweeted": false,
    "lang": "en"
}