{
    "created_at": "Tue Mar 10 00:40:31 +0000 2020",
    "id": 1237176473846517764,
    "id_str": "1237176473846517764",
    "text": "@BadFoxGraphics @marthamaccallum @TOMFORD @Versace @armani @KylieJenner @gucci @LouisVuitton @SpecialReport\u2026 https://t.co/X7z1EPRbXg",
    "truncated": true,
    "entities": {
        "hashtags": [],
        "symbols": [],
        "user_mentions": [
            {
                "screen_name": "BadFoxGraphics",
                "name": "Bad Fox Graphics",
                "id": 3375809956,
                "id_str": "3375809956",
                "indices": [
                    0,
                    15
                ]
            },
            {
                "screen_name": "marthamaccallum",
                "name": "Martha MacCallum",
                "id": 46681100,
                "id_str": "46681100",
                "indices": [
                    16,
                    32
                ]
            },
            {
                "screen_name": "TOMFORD",
                "name": "TOM FORD",
                "id": 2327933017,
                "id_str": "2327933017",
                "indices": [
                    33,
                    41
                ]
            },
            {
                "screen_name": "Versace",
                "name": "VERSACE",
                "id": 72568426,
                "id_str": "72568426",
                "indices": [
                    42,
                    50
                ]
            },
            {
                "screen_name": "armani",
                "name": "Armani",
                "id": 78021221,
                "id_str": "78021221",
                "indices": [
                    51,
                    58
                ]
            },
            {
                "screen_name": "KylieJenner",
                "name": "Kylie Jenner",
                "id": 236699098,
                "id_str": "236699098",
                "indices": [
                    59,
                    71
                ]
            },
            {
                "screen_name": "gucci",
                "name": "gucci",
                "id": 16913418,
                "id_str": "16913418",
                "indices": [
                    72,
                    78
                ]
            },
            {
                "screen_name": "LouisVuitton",
                "name": "Louis Vuitton",
                "id": 44084633,
                "id_str": "44084633",
                "indices": [
                    79,
                    92
                ]
            },
            {
                "screen_name": "SpecialReport",
                "name": "Special Report Team",
                "id": 122207745,
                "id_str": "122207745",
                "indices": [
                    93,
                    107
                ]
            }
        ],
        "urls": [
            {
                "url": "https://t.co/X7z1EPRbXg",
                "expanded_url": "https://twitter.com/i/web/status/1237176473846517764",
                "display_url": "twitter.com/i/web/status/1\u2026",
                "indices": [
                    109,
                    132
                ]
            }
        ]
    },
    "metadata": {
        "iso_language_code": "und",
        "result_type": "recent"
    },
    "source": "<a href=\"http://twitter.com/#!/download/ipad\" rel=\"nofollow\">Twitter for iPad</a>",
    "in_reply_to_status_id": 1237166301275213825,
    "in_reply_to_status_id_str": "1237166301275213825",
    "in_reply_to_user_id": 3375809956,
    "in_reply_to_user_id_str": "3375809956",
    "in_reply_to_screen_name": "BadFoxGraphics",
    "user": {
        "id": 1223292669020995585,
        "id_str": "1223292669020995585",
        "name": "uss34mlb",
        "screen_name": "uss34mlb",
        "location": "Kent, OH",
        "description": "GOD is so kool  \ud83d\ude4f\ud83c\udfff  attention to detail \u2b50\ufe0f watertight integrity \u2b50\ufe0f good cardio is awesome \u2b50\ufe0f Rip King Kobra \ud83d\udc0d\ud83d\udc51\ud83d\udc0d\ud83c\udfc0\ud83d\ude4f",
        "url": null,
        "entities": {
            "description": {
                "urls": []
            }
        },
        "protected": false,
        "followers_count": 43,
        "friends_count": 1207,
        "listed_count": 1,
        "created_at": "Fri Jan 31 17:11:42 +0000 2020",
        "favourites_count": 5737,
        "utc_offset": null,
        "time_zone": null,
        "geo_enabled": false,
        "verified": false,
        "statuses_count": 3946,
        "lang": null,
        "contributors_enabled": false,
        "is_translator": false,
        "is_translation_enabled": false,
        "profile_background_color": "F5F8FA",
        "profile_background_image_url": null,
        "profile_background_image_url_https": null,
        "profile_background_tile": false,
        "profile_image_url": "http://pbs.twimg.com/profile_images/1230789062606409728/btSltkyc_normal.jpg",
        "profile_image_url_https": "https://pbs.twimg.com/profile_images/1230789062606409728/btSltkyc_normal.jpg",
        "profile_banner_url": "https://pbs.twimg.com/profile_banners/1223292669020995585/1582277998",
        "profile_link_color": "1DA1F2",
        "profile_sidebar_border_color": "C0DEED",
        "profile_sidebar_fill_color": "DDEEF6",
        "profile_text_color": "333333",
        "profile_use_background_image": true,
        "has_extended_profile": true,
        "default_profile": true,
        "default_profile_image": false,
        "following": null,
        "follow_request_sent": null,
        "notifications": null,
        "translator_type": "none"
    },
    "geo": null,
    "coordinates": null,
    "place": null,
    "contributors": null,
    "is_quote_status": false,
    "retweet_count": 0,
    "favorite_count": 0,
    "favorited": false,
    "retweeted": false,
    "lang": "und"
}