{
    "created_at": "Tue Mar 10 16:14:50 +0000 2020",
    "id": 1237411602674126848,
    "id_str": "1237411602674126848",
    "text": "@FLPrincessSJK @LouisVuitton @FindomPromoSub @StaciesSlut love that \ud83d\ude0d\u2728",
    "truncated": false,
    "entities": {
        "hashtags": [],
        "symbols": [],
        "user_mentions": [
            {
                "screen_name": "FLPrincessSJK",
                "name": "\ud83d\udc63\ud83d\udcb8\ud835\udca2\ud835\udc5c\ud835\udcb9\ud835\udcb9\ud835\udc52\ud835\udcc8\ud835\udcc8 \ud835\udcae\ud835\udcc9\ud835\udcb6\ud835\udcb8\ud835\udcbe\ud835\udc52 \ud83d\udcb8\ud83e\udd40",
                "id": 720479844463689728,
                "id_str": "720479844463689728",
                "indices": [
                    0,
                    14
                ]
            },
            {
                "screen_name": "LouisVuitton",
                "name": "Louis Vuitton",
                "id": 44084633,
                "id_str": "44084633",
                "indices": [
                    15,
                    28
                ]
            },
            {
                "screen_name": "FindomPromoSub",
                "name": "FindomPromoSub Tag Me!",
                "id": 1046556433511256064,
                "id_str": "1046556433511256064",
                "indices": [
                    29,
                    44
                ]
            },
            {
                "screen_name": "StaciesSlut",
                "name": "Stacie\u2019s Sissy Slut",
                "id": 1219878788927873024,
                "id_str": "1219878788927873024",
                "indices": [
                    45,
                    57
                ]
            }
        ],
        "urls": []
    },
    "metadata": {
        "iso_language_code": "en",
        "result_type": "recent"
    },
    "source": "<a href=\"http://twitter.com/download/iphone\" rel=\"nofollow\">Twitter for iPhone</a>",
    "in_reply_to_status_id": 1237147036329349121,
    "in_reply_to_status_id_str": "1237147036329349121",
    "in_reply_to_user_id": 720479844463689728,
    "in_reply_to_user_id_str": "720479844463689728",
    "in_reply_to_screen_name": "FLPrincessSJK",
    "user": {
        "id": 1049384041387106305,
        "id_str": "1049384041387106305",
        "name": "mean princess",
        "screen_name": "BrattyDivinity",
        "location": "",
        "description": "Homewrecking brat \u2661 19 \u2661 Findom Princess \u2661 Sadist \u2661 \ud835\ude16\ud835\ude2f\ud835\ude2d\ud835\ude3a \ud835\ude2a\ud835\ude2f\ud835\ude35\ud835\ude26\ud835\ude33\ud835\ude26\ud835\ude34\ud835\ude35\ud835\ude26\ud835\ude25 \ud835\ude2a\ud835\ude2f \ud835\ude3a\ud835\ude30\ud835\ude36\ud835\ude33 \ud835\ude2e\ud835\ude30\ud835\ude2f\ud835\ude26\ud835\ude3a \u2661",
        "url": "https://t.co/uGbr3mEqKH",
        "entities": {
            "url": {
                "urls": [
                    {
                        "url": "https://t.co/uGbr3mEqKH",
                        "expanded_url": "http://onlyfans.com/brattydivinity",
                        "display_url": "onlyfans.com/brattydivinity",
                        "indices": [
                            0,
                            23
                        ]
                    }
                ]
            },
            "description": {
                "urls": []
            }
        },
        "protected": false,
        "followers_count": 2805,
        "friends_count": 403,
        "listed_count": 9,
        "created_at": "Mon Oct 08 19:40:26 +0000 2018",
        "favourites_count": 6208,
        "utc_offset": null,
        "time_zone": null,
        "geo_enabled": false,
        "verified": false,
        "statuses_count": 5801,
        "lang": null,
        "contributors_enabled": false,
        "is_translator": false,
        "is_translation_enabled": false,
        "profile_background_color": "000000",
        "profile_background_image_url": "http://abs.twimg.com/images/themes/theme1/bg.png",
        "profile_background_image_url_https": "https://abs.twimg.com/images/themes/theme1/bg.png",
        "profile_background_tile": false,
        "profile_image_url": "http://pbs.twimg.com/profile_images/1181030086935490560/5vzcLAjZ_normal.jpg",
        "profile_image_url_https": "https://pbs.twimg.com/profile_images/1181030086935490560/5vzcLAjZ_normal.jpg",
        "profile_banner_url": "https://pbs.twimg.com/profile_banners/1049384041387106305/1578008050",
        "profile_link_color": "F58EA8",
        "profile_sidebar_border_color": "000000",
        "profile_sidebar_fill_color": "000000",
        "profile_text_color": "000000",
        "profile_use_background_image": false,
        "has_extended_profile": false,
        "default_profile": false,
        "default_profile_image": false,
        "following": null,
        "follow_request_sent": null,
        "notifications": null,
        "translator_type": "none"
    },
    "geo": null,
    "coordinates": null,
    "place": null,
    "contributors": null,
    "is_quote_status": false,
    "retweet_count": 0,
    "favorite_count": 1,
    "favorited": false,
    "retweeted": false,
    "lang": "en"
}