{
    "created_at": "Mon Mar 09 23:12:21 +0000 2020",
    "id": 1237154287018553350,
    "id_str": "1237154287018553350",
    "text": "RT @LVMH: .@LouisVuitton brought #ParisFashionWeek to a close with a time clash. Bringing together past and present, Nicolas Ghesqui\u00e8re aff\u2026",
    "truncated": false,
    "entities": {
        "hashtags": [
            {
                "text": "ParisFashionWeek",
                "indices": [
                    33,
                    50
                ]
            }
        ],
        "symbols": [],
        "user_mentions": [
            {
                "screen_name": "LVMH",
                "name": "LVMH",
                "id": 558606074,
                "id_str": "558606074",
                "indices": [
                    3,
                    8
                ]
            },
            {
                "screen_name": "LouisVuitton",
                "name": "Louis Vuitton",
                "id": 44084633,
                "id_str": "44084633",
                "indices": [
                    11,
                    24
                ]
            }
        ],
        "urls": []
    },
    "metadata": {
        "iso_language_code": "en",
        "result_type": "recent"
    },
    "source": "<a href=\"http://twitter.com/download/iphone\" rel=\"nofollow\">Twitter for iPhone</a>",
    "in_reply_to_status_id": null,
    "in_reply_to_status_id_str": null,
    "in_reply_to_user_id": null,
    "in_reply_to_user_id_str": null,
    "in_reply_to_screen_name": null,
    "user": {
        "id": 455115804,
        "id_str": "455115804",
        "name": "Simon Frew",
        "screen_name": "SiFrew",
        "location": "Barbican, London EC2",
        "description": "Banking Consultant & luxury travel blogger working with Four Seasons, Mandarin Oriental, Ritz-Carlton & Veuve Clicquot. My #travelblog is https://t.co/m0zvpcqu5E.",
        "url": "https://t.co/m0zvpcqu5E",
        "entities": {
            "url": {
                "urls": [
                    {
                        "url": "https://t.co/m0zvpcqu5E",
                        "expanded_url": "http://www.sifrew.com",
                        "display_url": "sifrew.com",
                        "indices": [
                            0,
                            23
                        ]
                    }
                ]
            },
            "description": {
                "urls": [
                    {
                        "url": "https://t.co/m0zvpcqu5E",
                        "expanded_url": "http://www.sifrew.com",
                        "display_url": "sifrew.com",
                        "indices": [
                            138,
                            161
                        ]
                    }
                ]
            }
        },
        "protected": false,
        "followers_count": 3239,
        "friends_count": 2199,
        "listed_count": 251,
        "created_at": "Wed Jan 04 19:09:54 +0000 2012",
        "favourites_count": 60191,
        "utc_offset": null,
        "time_zone": null,
        "geo_enabled": true,
        "verified": false,
        "statuses_count": 60846,
        "lang": null,
        "contributors_enabled": false,
        "is_translator": false,
        "is_translation_enabled": false,
        "profile_background_color": "C0DEED",
        "profile_background_image_url": "http://abs.twimg.com/images/themes/theme1/bg.png",
        "profile_background_image_url_https": "https://abs.twimg.com/images/themes/theme1/bg.png",
        "profile_background_tile": false,
        "profile_image_url": "http://pbs.twimg.com/profile_images/1216772469207502848/J33JYLap_normal.jpg",
        "profile_image_url_https": "https://pbs.twimg.com/profile_images/1216772469207502848/J33JYLap_normal.jpg",
        "profile_banner_url": "https://pbs.twimg.com/profile_banners/455115804/1448188086",
        "profile_link_color": "1DA1F2",
        "profile_sidebar_border_color": "C0DEED",
        "profile_sidebar_fill_color": "DDEEF6",
        "profile_text_color": "333333",
        "profile_use_background_image": true,
        "has_extended_profile": true,
        "default_profile": true,
        "default_profile_image": false,
        "following": null,
        "follow_request_sent": null,
        "notifications": null,
        "translator_type": "none"
    },
    "geo": null,
    "coordinates": null,
    "place": null,
    "contributors": null,
    "retweeted_status": {
        "created_at": "Thu Mar 05 11:30:00 +0000 2020",
        "id": 1235527980526362624,
        "id_str": "1235527980526362624",
        "text": ".@LouisVuitton brought #ParisFashionWeek to a close with a time clash. Bringing together past and present, Nicolas\u2026 https://t.co/51icTDKJMB",
        "truncated": true,
        "entities": {
            "hashtags": [
                {
                    "text": "ParisFashionWeek",
                    "indices": [
                        23,
                        40
                    ]
                }
            ],
            "symbols": [],
            "user_mentions": [
                {
                    "screen_name": "LouisVuitton",
                    "name": "Louis Vuitton",
                    "id": 44084633,
                    "id_str": "44084633",
                    "indices": [
                        1,
                        14
                    ]
                }
            ],
            "urls": [
                {
                    "url": "https://t.co/51icTDKJMB",
                    "expanded_url": "https://twitter.com/i/web/status/1235527980526362624",
                    "display_url": "twitter.com/i/web/status/1\u2026",
                    "indices": [
                        116,
                        139
                    ]
                }
            ]
        },
        "metadata": {
            "iso_language_code": "en",
            "result_type": "recent"
        },
        "source": "<a href=\"https://ads-api.twitter.com\" rel=\"nofollow\">Twitter for Advertisers</a>",
        "in_reply_to_status_id": null,
        "in_reply_to_status_id_str": null,
        "in_reply_to_user_id": null,
        "in_reply_to_user_id_str": null,
        "in_reply_to_screen_name": null,
        "user": {
            "id": 558606074,
            "id_str": "558606074",
            "name": "LVMH",
            "screen_name": "LVMH",
            "location": "Paris",
            "description": "Official account of the LVMH Group | World leader in luxury with a unique portfolio of over 75 prestigious brands",
            "url": "https://t.co/mVANwizxI5",
            "entities": {
                "url": {
                    "urls": [
                        {
                            "url": "https://t.co/mVANwizxI5",
                            "expanded_url": "http://www.lvmh.com",
                            "display_url": "lvmh.com",
                            "indices": [
                                0,
                                23
                            ]
                        }
                    ]
                },
                "description": {
                    "urls": []
                }
            },
            "protected": false,
            "followers_count": 114427,
            "friends_count": 55,
            "listed_count": 1040,
            "created_at": "Fri Apr 20 12:48:28 +0000 2012",
            "favourites_count": 4106,
            "utc_offset": null,
            "time_zone": null,
            "geo_enabled": true,
            "verified": true,
            "statuses_count": 13009,
            "lang": null,
            "contributors_enabled": false,
            "is_translator": false,
            "is_translation_enabled": false,
            "profile_background_color": "F2F2F2",
            "profile_background_image_url": "http://abs.twimg.com/images/themes/theme1/bg.png",
            "profile_background_image_url_https": "https://abs.twimg.com/images/themes/theme1/bg.png",
            "profile_background_tile": true,
            "profile_image_url": "http://pbs.twimg.com/profile_images/918029450670772224/tj5dNzl2_normal.jpg",
            "profile_image_url_https": "https://pbs.twimg.com/profile_images/918029450670772224/tj5dNzl2_normal.jpg",
            "profile_banner_url": "https://pbs.twimg.com/profile_banners/558606074/1583170231",
            "profile_link_color": "061621",
            "profile_sidebar_border_color": "FFFFFF",
            "profile_sidebar_fill_color": "DDEEF6",
            "profile_text_color": "333333",
            "profile_use_background_image": true,
            "has_extended_profile": false,
            "default_profile": false,
            "default_profile_image": false,
            "following": null,
            "follow_request_sent": null,
            "notifications": null,
            "translator_type": "none"
        },
        "geo": null,
        "coordinates": null,
        "place": null,
        "contributors": null,
        "is_quote_status": false,
        "retweet_count": 10,
        "favorite_count": 29,
        "favorited": false,
        "retweeted": false,
        "possibly_sensitive": false,
        "lang": "en"
    },
    "is_quote_status": false,
    "retweet_count": 10,
    "favorite_count": 0,
    "favorited": false,
    "retweeted": false,
    "lang": "en"
}