{
    "created_at": "Tue Mar 10 02:06:28 +0000 2020",
    "id": 1237198103469608960,
    "id_str": "1237198103469608960",
    "text": "@StreetFashion01 @josemarie_e @virgilabloh @LouisVuitton Always winning \u270c\ud83c\udffd",
    "truncated": false,
    "entities": {
        "hashtags": [],
        "symbols": [],
        "user_mentions": [
            {
                "screen_name": "StreetFashion01",
                "name": "Outlander Magazine",
                "id": 2875648066,
                "id_str": "2875648066",
                "indices": [
                    0,
                    16
                ]
            },
            {
                "screen_name": "josemarie_e",
                "name": "Hot mess",
                "id": 977882643432865793,
                "id_str": "977882643432865793",
                "indices": [
                    17,
                    29
                ]
            },
            {
                "screen_name": "virgilabloh",
                "name": "virgil abloh",
                "id": 21845792,
                "id_str": "21845792",
                "indices": [
                    30,
                    42
                ]
            },
            {
                "screen_name": "LouisVuitton",
                "name": "Louis Vuitton",
                "id": 44084633,
                "id_str": "44084633",
                "indices": [
                    43,
                    56
                ]
            }
        ],
        "urls": []
    },
    "metadata": {
        "iso_language_code": "en",
        "result_type": "recent"
    },
    "source": "<a href=\"http://twitter.com/download/iphone\" rel=\"nofollow\">Twitter for iPhone</a>",
    "in_reply_to_status_id": 1237058462099668992,
    "in_reply_to_status_id_str": "1237058462099668992",
    "in_reply_to_user_id": 2875648066,
    "in_reply_to_user_id_str": "2875648066",
    "in_reply_to_screen_name": "StreetFashion01",
    "user": {
        "id": 875362333601800193,
        "id_str": "875362333601800193",
        "name": "pabii",
        "screen_name": "vergiliusPABLO",
        "location": "\u79c1\u306e\u982d\ud83d\udef8\ud83d\udef8\ud83d\udef8",
        "description": "converse & skateboards \u00abyour Japanese plug\u00bb",
        "url": "https://t.co/tFcvRKIh51",
        "entities": {
            "url": {
                "urls": [
                    {
                        "url": "https://t.co/tFcvRKIh51",
                        "expanded_url": "https://www.instagram.com/north___denver",
                        "display_url": "instagram.com/north___denver",
                        "indices": [
                            0,
                            23
                        ]
                    }
                ]
            },
            "description": {
                "urls": []
            }
        },
        "protected": false,
        "followers_count": 604,
        "friends_count": 403,
        "listed_count": 0,
        "created_at": "Thu Jun 15 14:40:18 +0000 2017",
        "favourites_count": 9735,
        "utc_offset": null,
        "time_zone": null,
        "geo_enabled": true,
        "verified": false,
        "statuses_count": 10859,
        "lang": null,
        "contributors_enabled": false,
        "is_translator": false,
        "is_translation_enabled": false,
        "profile_background_color": "F5F8FA",
        "profile_background_image_url": null,
        "profile_background_image_url_https": null,
        "profile_background_tile": false,
        "profile_image_url": "http://pbs.twimg.com/profile_images/1236003120993513472/yAF3rMaw_normal.jpg",
        "profile_image_url_https": "https://pbs.twimg.com/profile_images/1236003120993513472/yAF3rMaw_normal.jpg",
        "profile_banner_url": "https://pbs.twimg.com/profile_banners/875362333601800193/1582316288",
        "profile_link_color": "1DA1F2",
        "profile_sidebar_border_color": "C0DEED",
        "profile_sidebar_fill_color": "DDEEF6",
        "profile_text_color": "333333",
        "profile_use_background_image": true,
        "has_extended_profile": true,
        "default_profile": true,
        "default_profile_image": false,
        "following": null,
        "follow_request_sent": null,
        "notifications": null,
        "translator_type": "none"
    },
    "geo": null,
    "coordinates": null,
    "place": null,
    "contributors": null,
    "is_quote_status": false,
    "retweet_count": 0,
    "favorite_count": 1,
    "favorited": false,
    "retweeted": false,
    "lang": "en"
}