{
    "created_at": "Tue Mar 10 05:45:57 +0000 2020",
    "id": 1237253339546615808,
    "id_str": "1237253339546615808",
    "text": "Street wise Coffee and Daily Sketches to make this day count!!! Game Face On #gameface #success #billionairemindset\u2026 https://t.co/rueNsQe9ws",
    "truncated": true,
    "entities": {
        "hashtags": [
            {
                "text": "gameface",
                "indices": [
                    77,
                    86
                ]
            },
            {
                "text": "success",
                "indices": [
                    87,
                    95
                ]
            },
            {
                "text": "billionairemindset",
                "indices": [
                    96,
                    115
                ]
            }
        ],
        "symbols": [],
        "user_mentions": [],
        "urls": [
            {
                "url": "https://t.co/rueNsQe9ws",
                "expanded_url": "https://twitter.com/i/web/status/1237253339546615808",
                "display_url": "twitter.com/i/web/status/1\u2026",
                "indices": [
                    117,
                    140
                ]
            }
        ]
    },
    "metadata": {
        "iso_language_code": "en",
        "result_type": "recent"
    },
    "source": "<a href=\"http://instagram.com\" rel=\"nofollow\">Instagram</a>",
    "in_reply_to_status_id": null,
    "in_reply_to_status_id_str": null,
    "in_reply_to_user_id": null,
    "in_reply_to_user_id_str": null,
    "in_reply_to_screen_name": null,
    "user": {
        "id": 4661124928,
        "id_str": "4661124928",
        "name": "Franz the Power Chef",
        "screen_name": "Powerchef888",
        "location": "",
        "description": "Perfection is possible, otherwise there would be no word for it!",
        "url": "https://t.co/e52LmdHwQW",
        "entities": {
            "url": {
                "urls": [
                    {
                        "url": "https://t.co/e52LmdHwQW",
                        "expanded_url": "http://www.hashtaghotcaterers.com",
                        "display_url": "hashtaghotcaterers.com",
                        "indices": [
                            0,
                            23
                        ]
                    }
                ]
            },
            "description": {
                "urls": []
            }
        },
        "protected": false,
        "followers_count": 47,
        "friends_count": 48,
        "listed_count": 0,
        "created_at": "Thu Dec 31 04:46:49 +0000 2015",
        "favourites_count": 63,
        "utc_offset": null,
        "time_zone": null,
        "geo_enabled": false,
        "verified": false,
        "statuses_count": 118,
        "lang": null,
        "contributors_enabled": false,
        "is_translator": false,
        "is_translation_enabled": false,
        "profile_background_color": "F5F8FA",
        "profile_background_image_url": null,
        "profile_background_image_url_https": null,
        "profile_background_tile": false,
        "profile_image_url": "http://pbs.twimg.com/profile_images/682424236758155264/0T_QUHcv_normal.jpg",
        "profile_image_url_https": "https://pbs.twimg.com/profile_images/682424236758155264/0T_QUHcv_normal.jpg",
        "profile_banner_url": "https://pbs.twimg.com/profile_banners/4661124928/1456719757",
        "profile_link_color": "1DA1F2",
        "profile_sidebar_border_color": "C0DEED",
        "profile_sidebar_fill_color": "DDEEF6",
        "profile_text_color": "333333",
        "profile_use_background_image": true,
        "has_extended_profile": true,
        "default_profile": true,
        "default_profile_image": false,
        "following": null,
        "follow_request_sent": null,
        "notifications": null,
        "translator_type": "none"
    },
    "geo": null,
    "coordinates": null,
    "place": null,
    "contributors": null,
    "is_quote_status": false,
    "retweet_count": 0,
    "favorite_count": 0,
    "favorited": false,
    "retweeted": false,
    "possibly_sensitive": false,
    "lang": "en"
}