{
    "created_at": "Tue Mar 10 00:29:41 +0000 2020",
    "id": 1237173746097688576,
    "id_str": "1237173746097688576",
    "text": "@JLoCharts @chicagojlover @JLo @jarule @TOMFORD @Versace @armani @LouisVuitton @KylieJenner @GQMagazine @GQStyle\u2026 https://t.co/S6TYNbEw9t",
    "truncated": true,
    "entities": {
        "hashtags": [],
        "symbols": [],
        "user_mentions": [
            {
                "screen_name": "JLoCharts",
                "name": "Jennifer Lopez Charts",
                "id": 1140719032561258499,
                "id_str": "1140719032561258499",
                "indices": [
                    0,
                    10
                ]
            },
            {
                "screen_name": "chicagojlover",
                "name": "ShakiraXJLoSuperBowl \ud83c\udfc8",
                "id": 2838713867,
                "id_str": "2838713867",
                "indices": [
                    11,
                    25
                ]
            },
            {
                "screen_name": "JLo",
                "name": "Jennifer Lopez",
                "id": 85603854,
                "id_str": "85603854",
                "indices": [
                    26,
                    30
                ]
            },
            {
                "screen_name": "jarule",
                "name": "Ja Rule",
                "id": 26842030,
                "id_str": "26842030",
                "indices": [
                    31,
                    38
                ]
            },
            {
                "screen_name": "TOMFORD",
                "name": "TOM FORD",
                "id": 2327933017,
                "id_str": "2327933017",
                "indices": [
                    39,
                    47
                ]
            },
            {
                "screen_name": "Versace",
                "name": "VERSACE",
                "id": 72568426,
                "id_str": "72568426",
                "indices": [
                    48,
                    56
                ]
            },
            {
                "screen_name": "armani",
                "name": "Armani",
                "id": 78021221,
                "id_str": "78021221",
                "indices": [
                    57,
                    64
                ]
            },
            {
                "screen_name": "LouisVuitton",
                "name": "Louis Vuitton",
                "id": 44084633,
                "id_str": "44084633",
                "indices": [
                    65,
                    78
                ]
            },
            {
                "screen_name": "KylieJenner",
                "name": "Kylie Jenner",
                "id": 236699098,
                "id_str": "236699098",
                "indices": [
                    79,
                    91
                ]
            },
            {
                "screen_name": "GQMagazine",
                "name": "GQ Magazine",
                "id": 21701757,
                "id_str": "21701757",
                "indices": [
                    92,
                    103
                ]
            },
            {
                "screen_name": "GQStyle",
                "name": "GQ Style",
                "id": 102446093,
                "id_str": "102446093",
                "indices": [
                    104,
                    112
                ]
            }
        ],
        "urls": [
            {
                "url": "https://t.co/S6TYNbEw9t",
                "expanded_url": "https://twitter.com/i/web/status/1237173746097688576",
                "display_url": "twitter.com/i/web/status/1\u2026",
                "indices": [
                    114,
                    137
                ]
            }
        ]
    },
    "metadata": {
        "iso_language_code": "und",
        "result_type": "recent"
    },
    "source": "<a href=\"http://twitter.com/#!/download/ipad\" rel=\"nofollow\">Twitter for iPad</a>",
    "in_reply_to_status_id": 1237153250144632832,
    "in_reply_to_status_id_str": "1237153250144632832",
    "in_reply_to_user_id": 1140719032561258499,
    "in_reply_to_user_id_str": "1140719032561258499",
    "in_reply_to_screen_name": "JLoCharts",
    "user": {
        "id": 1223292669020995585,
        "id_str": "1223292669020995585",
        "name": "uss34mlb",
        "screen_name": "uss34mlb",
        "location": "Kent, OH",
        "description": "GOD is so kool  \ud83d\ude4f\ud83c\udfff  attention to detail \u2b50\ufe0f watertight integrity \u2b50\ufe0f good cardio is awesome \u2b50\ufe0f Rip King Kobra \ud83d\udc0d\ud83d\udc51\ud83d\udc0d\ud83c\udfc0\ud83d\ude4f",
        "url": null,
        "entities": {
            "description": {
                "urls": []
            }
        },
        "protected": false,
        "followers_count": 43,
        "friends_count": 1207,
        "listed_count": 1,
        "created_at": "Fri Jan 31 17:11:42 +0000 2020",
        "favourites_count": 5737,
        "utc_offset": null,
        "time_zone": null,
        "geo_enabled": false,
        "verified": false,
        "statuses_count": 3946,
        "lang": null,
        "contributors_enabled": false,
        "is_translator": false,
        "is_translation_enabled": false,
        "profile_background_color": "F5F8FA",
        "profile_background_image_url": null,
        "profile_background_image_url_https": null,
        "profile_background_tile": false,
        "profile_image_url": "http://pbs.twimg.com/profile_images/1230789062606409728/btSltkyc_normal.jpg",
        "profile_image_url_https": "https://pbs.twimg.com/profile_images/1230789062606409728/btSltkyc_normal.jpg",
        "profile_banner_url": "https://pbs.twimg.com/profile_banners/1223292669020995585/1582277998",
        "profile_link_color": "1DA1F2",
        "profile_sidebar_border_color": "C0DEED",
        "profile_sidebar_fill_color": "DDEEF6",
        "profile_text_color": "333333",
        "profile_use_background_image": true,
        "has_extended_profile": true,
        "default_profile": true,
        "default_profile_image": false,
        "following": null,
        "follow_request_sent": null,
        "notifications": null,
        "translator_type": "none"
    },
    "geo": null,
    "coordinates": null,
    "place": null,
    "contributors": null,
    "is_quote_status": false,
    "retweet_count": 0,
    "favorite_count": 0,
    "favorited": false,
    "retweeted": false,
    "lang": "und"
}