{
    "created_at": "Tue Mar 10 15:06:06 +0000 2020",
    "id": 1237394303992778753,
    "id_str": "1237394303992778753",
    "text": "@AnavrinMidia @selenagomez @LouisVuitton @LeagueOfLegends The collab we need but don't deserveeeee",
    "truncated": false,
    "entities": {
        "hashtags": [],
        "symbols": [],
        "user_mentions": [
            {
                "screen_name": "AnavrinMidia",
                "name": "\u2728 ParAnavrin \u2728",
                "id": 889728842453090304,
                "id_str": "889728842453090304",
                "indices": [
                    0,
                    13
                ]
            },
            {
                "screen_name": "selenagomez",
                "name": "Selena Gomez",
                "id": 23375688,
                "id_str": "23375688",
                "indices": [
                    14,
                    26
                ]
            },
            {
                "screen_name": "LouisVuitton",
                "name": "Louis Vuitton",
                "id": 44084633,
                "id_str": "44084633",
                "indices": [
                    27,
                    40
                ]
            },
            {
                "screen_name": "LeagueOfLegends",
                "name": "League of Legends",
                "id": 577401044,
                "id_str": "577401044",
                "indices": [
                    41,
                    57
                ]
            }
        ],
        "urls": []
    },
    "metadata": {
        "iso_language_code": "en",
        "result_type": "recent"
    },
    "source": "<a href=\"https://mobile.twitter.com\" rel=\"nofollow\">Twitter Web App</a>",
    "in_reply_to_status_id": 1237392247185764352,
    "in_reply_to_status_id_str": "1237392247185764352",
    "in_reply_to_user_id": 889728842453090304,
    "in_reply_to_user_id_str": "889728842453090304",
    "in_reply_to_screen_name": "AnavrinMidia",
    "user": {
        "id": 637033679,
        "id_str": "637033679",
        "name": "WANDA \u2077 \u270c\ufe0f\ud83e\udd21",
        "screen_name": "wandakunpls",
        "location": "Freljord",
        "description": "\u2665 22 | \u2640\ufe0f| Spanish | Freelance Illustrator | Doodler | EUWest | Kpop trasheu | bts & gidle are cool \u2665 | \u2709\ufe0f wandakunart@gmail.com",
        "url": "https://t.co/r21Y3m6TMW",
        "entities": {
            "url": {
                "urls": [
                    {
                        "url": "https://t.co/r21Y3m6TMW",
                        "expanded_url": "https://www.artstation.com/wandakun",
                        "display_url": "artstation.com/wandakun",
                        "indices": [
                            0,
                            23
                        ]
                    }
                ]
            },
            "description": {
                "urls": []
            }
        },
        "protected": false,
        "followers_count": 22313,
        "friends_count": 986,
        "listed_count": 158,
        "created_at": "Mon Jul 16 15:00:03 +0000 2012",
        "favourites_count": 65482,
        "utc_offset": null,
        "time_zone": null,
        "geo_enabled": true,
        "verified": false,
        "statuses_count": 102546,
        "lang": null,
        "contributors_enabled": false,
        "is_translator": false,
        "is_translation_enabled": true,
        "profile_background_color": "022330",
        "profile_background_image_url": "http://abs.twimg.com/images/themes/theme1/bg.png",
        "profile_background_image_url_https": "https://abs.twimg.com/images/themes/theme1/bg.png",
        "profile_background_tile": true,
        "profile_image_url": "http://pbs.twimg.com/profile_images/1220813819267756034/SWJBk68y_normal.jpg",
        "profile_image_url_https": "https://pbs.twimg.com/profile_images/1220813819267756034/SWJBk68y_normal.jpg",
        "profile_banner_url": "https://pbs.twimg.com/profile_banners/637033679/1578559188",
        "profile_link_color": "981CEB",
        "profile_sidebar_border_color": "000000",
        "profile_sidebar_fill_color": "DDEEF6",
        "profile_text_color": "333333",
        "profile_use_background_image": true,
        "has_extended_profile": true,
        "default_profile": false,
        "default_profile_image": false,
        "following": null,
        "follow_request_sent": null,
        "notifications": null,
        "translator_type": "regular"
    },
    "geo": null,
    "coordinates": null,
    "place": null,
    "contributors": null,
    "is_quote_status": false,
    "retweet_count": 0,
    "favorite_count": 1,
    "favorited": false,
    "retweeted": false,
    "lang": "en"
}