{
    "created_at": "Tue Mar 10 00:37:15 +0000 2020",
    "id": 1237175650441662465,
    "id_str": "1237175650441662465",
    "text": "RT @erinasimon: Wait hold up, hold up....is @selenagomez wearing the @LeagueOfLegends x @LouisVuitton Qiyana skin t-shirt?\n\nIf Selena is a\u2026",
    "truncated": false,
    "entities": {
        "hashtags": [],
        "symbols": [],
        "user_mentions": [
            {
                "screen_name": "erinasimon",
                "name": "Erin Ashley Simon",
                "id": 54121036,
                "id_str": "54121036",
                "indices": [
                    3,
                    14
                ]
            },
            {
                "screen_name": "selenagomez",
                "name": "Selena Gomez",
                "id": 23375688,
                "id_str": "23375688",
                "indices": [
                    44,
                    56
                ]
            },
            {
                "screen_name": "LeagueOfLegends",
                "name": "League of Legends",
                "id": 577401044,
                "id_str": "577401044",
                "indices": [
                    69,
                    85
                ]
            },
            {
                "screen_name": "LouisVuitton",
                "name": "Louis Vuitton",
                "id": 44084633,
                "id_str": "44084633",
                "indices": [
                    88,
                    101
                ]
            }
        ],
        "urls": []
    },
    "metadata": {
        "iso_language_code": "en",
        "result_type": "recent"
    },
    "source": "<a href=\"http://twitter.com/download/iphone\" rel=\"nofollow\">Twitter for iPhone</a>",
    "in_reply_to_status_id": null,
    "in_reply_to_status_id_str": null,
    "in_reply_to_user_id": null,
    "in_reply_to_user_id_str": null,
    "in_reply_to_screen_name": null,
    "user": {
        "id": 787703330629754881,
        "id_str": "787703330629754881",
        "name": "David U Castro",
        "screen_name": "KinggCastro",
        "location": "Beaumont, TX",
        "description": "",
        "url": null,
        "entities": {
            "description": {
                "urls": []
            }
        },
        "protected": false,
        "followers_count": 124,
        "friends_count": 256,
        "listed_count": 0,
        "created_at": "Sun Oct 16 17:14:43 +0000 2016",
        "favourites_count": 8233,
        "utc_offset": null,
        "time_zone": null,
        "geo_enabled": false,
        "verified": false,
        "statuses_count": 1541,
        "lang": null,
        "contributors_enabled": false,
        "is_translator": false,
        "is_translation_enabled": false,
        "profile_background_color": "F5F8FA",
        "profile_background_image_url": null,
        "profile_background_image_url_https": null,
        "profile_background_tile": false,
        "profile_image_url": "http://pbs.twimg.com/profile_images/1237175343888453632/2aMO7Mfo_normal.jpg",
        "profile_image_url_https": "https://pbs.twimg.com/profile_images/1237175343888453632/2aMO7Mfo_normal.jpg",
        "profile_banner_url": "https://pbs.twimg.com/profile_banners/787703330629754881/1571711669",
        "profile_link_color": "1DA1F2",
        "profile_sidebar_border_color": "C0DEED",
        "profile_sidebar_fill_color": "DDEEF6",
        "profile_text_color": "333333",
        "profile_use_background_image": true,
        "has_extended_profile": true,
        "default_profile": true,
        "default_profile_image": false,
        "following": null,
        "follow_request_sent": null,
        "notifications": null,
        "translator_type": "none"
    },
    "geo": null,
    "coordinates": null,
    "place": null,
    "contributors": null,
    "retweeted_status": {
        "created_at": "Tue Mar 10 00:34:47 +0000 2020",
        "id": 1237175029277827073,
        "id_str": "1237175029277827073",
        "text": "Wait hold up, hold up....is @selenagomez wearing the @LeagueOfLegends x @LouisVuitton Qiyana skin t-shirt?\n\nIf Sele\u2026 https://t.co/OTNOVtiUxl",
        "truncated": true,
        "entities": {
            "hashtags": [],
            "symbols": [],
            "user_mentions": [
                {
                    "screen_name": "selenagomez",
                    "name": "Selena Gomez",
                    "id": 23375688,
                    "id_str": "23375688",
                    "indices": [
                        28,
                        40
                    ]
                },
                {
                    "screen_name": "LeagueOfLegends",
                    "name": "League of Legends",
                    "id": 577401044,
                    "id_str": "577401044",
                    "indices": [
                        53,
                        69
                    ]
                },
                {
                    "screen_name": "LouisVuitton",
                    "name": "Louis Vuitton",
                    "id": 44084633,
                    "id_str": "44084633",
                    "indices": [
                        72,
                        85
                    ]
                }
            ],
            "urls": [
                {
                    "url": "https://t.co/OTNOVtiUxl",
                    "expanded_url": "https://twitter.com/i/web/status/1237175029277827073",
                    "display_url": "twitter.com/i/web/status/1\u2026",
                    "indices": [
                        117,
                        140
                    ]
                }
            ]
        },
        "metadata": {
            "iso_language_code": "en",
            "result_type": "recent"
        },
        "source": "<a href=\"https://mobile.twitter.com\" rel=\"nofollow\">Twitter Web App</a>",
        "in_reply_to_status_id": null,
        "in_reply_to_status_id_str": null,
        "in_reply_to_user_id": null,
        "in_reply_to_user_id_str": null,
        "in_reply_to_screen_name": null,
        "user": {
            "id": 54121036,
            "id_str": "54121036",
            "name": "Erin Ashley Simon",
            "screen_name": "erinasimon",
            "location": "",
            "description": "\ud83d\udcfa TV Host in esports + gaming + culture / \ud83d\udc41 Watch me on @cheddaresports, @att & @grassroutespod / Agents: Creative Artists Agency (CAA)",
            "url": "https://t.co/g3XWaHHGIC",
            "entities": {
                "url": {
                    "urls": [
                        {
                            "url": "https://t.co/g3XWaHHGIC",
                            "expanded_url": "http://www.erinasimon.com",
                            "display_url": "erinasimon.com",
                            "indices": [
                                0,
                                23
                            ]
                        }
                    ]
                },
                "description": {
                    "urls": []
                }
            },
            "protected": false,
            "followers_count": 13346,
            "friends_count": 2207,
            "listed_count": 253,
            "created_at": "Mon Jul 06 05:02:45 +0000 2009",
            "favourites_count": 19328,
            "utc_offset": null,
            "time_zone": null,
            "geo_enabled": true,
            "verified": true,
            "statuses_count": 80567,
            "lang": null,
            "contributors_enabled": false,
            "is_translator": false,
            "is_translation_enabled": false,
            "profile_background_color": "F9F9F9",
            "profile_background_image_url": "http://abs.twimg.com/images/themes/theme14/bg.gif",
            "profile_background_image_url_https": "https://abs.twimg.com/images/themes/theme14/bg.gif",
            "profile_background_tile": false,
            "profile_image_url": "http://pbs.twimg.com/profile_images/1216226921517850624/Mke5lPiO_normal.jpg",
            "profile_image_url_https": "https://pbs.twimg.com/profile_images/1216226921517850624/Mke5lPiO_normal.jpg",
            "profile_banner_url": "https://pbs.twimg.com/profile_banners/54121036/1572460024",
            "profile_link_color": "1B95E0",
            "profile_sidebar_border_color": "FFFFFF",
            "profile_sidebar_fill_color": "EFEFEF",
            "profile_text_color": "333333",
            "profile_use_background_image": false,
            "has_extended_profile": true,
            "default_profile": false,
            "default_profile_image": false,
            "following": null,
            "follow_request_sent": null,
            "notifications": null,
            "translator_type": "none"
        },
        "geo": null,
        "coordinates": null,
        "place": null,
        "contributors": null,
        "is_quote_status": true,
        "quoted_status_id": 1237070611920420868,
        "quoted_status_id_str": "1237070611920420868",
        "quoted_status": {
            "created_at": "Mon Mar 09 17:39:52 +0000 2020",
            "id": 1237070611920420868,
            "id_str": "1237070611920420868",
            "text": "\u201ceverybody loves this line, it's so funny. but i did get a real toaster from madison\u201d \u2014@selenagomez on \u201crare\u201d\nfull\u2026 https://t.co/GdxXEFGaT2",
            "truncated": true,
            "entities": {
                "hashtags": [],
                "symbols": [],
                "user_mentions": [
                    {
                        "screen_name": "selenagomez",
                        "name": "Selena Gomez",
                        "id": 23375688,
                        "id_str": "23375688",
                        "indices": [
                            87,
                            99
                        ]
                    }
                ],
                "urls": [
                    {
                        "url": "https://t.co/GdxXEFGaT2",
                        "expanded_url": "https://twitter.com/i/web/status/1237070611920420868",
                        "display_url": "twitter.com/i/web/status/1\u2026",
                        "indices": [
                            116,
                            139
                        ]
                    }
                ]
            },
            "metadata": {
                "iso_language_code": "en",
                "result_type": "recent"
            },
            "source": "<a href=\"https://mobile.twitter.com\" rel=\"nofollow\">Twitter Web App</a>",
            "in_reply_to_status_id": null,
            "in_reply_to_status_id_str": null,
            "in_reply_to_user_id": null,
            "in_reply_to_user_id_str": null,
            "in_reply_to_screen_name": null,
            "user": {
                "id": 72073289,
                "id_str": "72073289",
                "name": "Genius",
                "screen_name": "Genius",
                "location": "Brooklyn, NY",
                "description": "Music Intelligence",
                "url": "https://t.co/gSx5BOiTNw",
                "entities": {
                    "url": {
                        "urls": [
                            {
                                "url": "https://t.co/gSx5BOiTNw",
                                "expanded_url": "http://genius.com",
                                "display_url": "genius.com",
                                "indices": [
                                    0,
                                    23
                                ]
                            }
                        ]
                    },
                    "description": {
                        "urls": []
                    }
                },
                "protected": false,
                "followers_count": 1298228,
                "friends_count": 1847,
                "listed_count": 4680,
                "created_at": "Sun Sep 06 16:51:14 +0000 2009",
                "favourites_count": 14279,
                "utc_offset": null,
                "time_zone": null,
                "geo_enabled": true,
                "verified": true,
                "statuses_count": 19314,
                "lang": null,
                "contributors_enabled": false,
                "is_translator": false,
                "is_translation_enabled": false,
                "profile_background_color": "131516",
                "profile_background_image_url": "http://abs.twimg.com/images/themes/theme14/bg.gif",
                "profile_background_image_url_https": "https://abs.twimg.com/images/themes/theme14/bg.gif",
                "profile_background_tile": false,
                "profile_image_url": "http://pbs.twimg.com/profile_images/885222003174551552/cv3KtGVS_normal.jpg",
                "profile_image_url_https": "https://pbs.twimg.com/profile_images/885222003174551552/cv3KtGVS_normal.jpg",
                "profile_banner_url": "https://pbs.twimg.com/profile_banners/72073289/1555594744",
                "profile_link_color": "000000",
                "profile_sidebar_border_color": "FFFFFF",
                "profile_sidebar_fill_color": "EFEFEF",
                "profile_text_color": "333333",
                "profile_use_background_image": false,
                "has_extended_profile": false,
                "default_profile": false,
                "default_profile_image": false,
                "following": null,
                "follow_request_sent": null,
                "notifications": null,
                "translator_type": "none"
            },
            "geo": null,
            "coordinates": null,
            "place": null,
            "contributors": null,
            "is_quote_status": false,
            "retweet_count": 4200,
            "favorite_count": 31244,
            "favorited": false,
            "retweeted": false,
            "possibly_sensitive": false,
            "lang": "en"
        },
        "retweet_count": 6,
        "favorite_count": 26,
        "favorited": false,
        "retweeted": false,
        "possibly_sensitive": false,
        "lang": "en"
    },
    "is_quote_status": true,
    "quoted_status_id": 1237070611920420868,
    "quoted_status_id_str": "1237070611920420868",
    "retweet_count": 6,
    "favorite_count": 0,
    "favorited": false,
    "retweeted": false,
    "lang": "en"
}