{
    "created_at": "Tue Mar 10 00:25:10 +0000 2020",
    "id": 1237172608178806785,
    "id_str": "1237172608178806785",
    "text": "RT @LouisVuitton: #CodyFern and #AngelicaRoss at the #LVFW20 show. Watch the latest #LouisVuitton fashion show by @TWNGhesquiere at https:/\u2026",
    "truncated": false,
    "entities": {
        "hashtags": [
            {
                "text": "CodyFern",
                "indices": [
                    18,
                    27
                ]
            },
            {
                "text": "AngelicaRoss",
                "indices": [
                    32,
                    45
                ]
            },
            {
                "text": "LVFW20",
                "indices": [
                    53,
                    60
                ]
            },
            {
                "text": "LouisVuitton",
                "indices": [
                    84,
                    97
                ]
            }
        ],
        "symbols": [],
        "user_mentions": [
            {
                "screen_name": "LouisVuitton",
                "name": "Louis Vuitton",
                "id": 44084633,
                "id_str": "44084633",
                "indices": [
                    3,
                    16
                ]
            },
            {
                "screen_name": "TWNGhesquiere",
                "name": "Nicolas Ghesquiere",
                "id": 987110766,
                "id_str": "987110766",
                "indices": [
                    114,
                    128
                ]
            }
        ],
        "urls": []
    },
    "metadata": {
        "iso_language_code": "en",
        "result_type": "recent"
    },
    "source": "<a href=\"http://twitter.com/download/android\" rel=\"nofollow\">Twitter for Android</a>",
    "in_reply_to_status_id": null,
    "in_reply_to_status_id_str": null,
    "in_reply_to_user_id": null,
    "in_reply_to_user_id_str": null,
    "in_reply_to_screen_name": null,
    "user": {
        "id": 4086478198,
        "id_str": "4086478198",
        "name": "apollove \ud83e\udd92",
        "screen_name": "a_pol_lon",
        "location": "flowers children",
        "description": "pourquoi tu stalkes ?\njsuis un mec et j'aime surfer sur les vagues de penelope",
        "url": "https://t.co/O6Tz8ZU41V",
        "entities": {
            "url": {
                "urls": [
                    {
                        "url": "https://t.co/O6Tz8ZU41V",
                        "expanded_url": "https://www.instagram.com/ll.apollon/?hl=fr",
                        "display_url": "instagram.com/ll.apollon/?hl\u2026",
                        "indices": [
                            0,
                            23
                        ]
                    }
                ]
            },
            "description": {
                "urls": []
            }
        },
        "protected": false,
        "followers_count": 283,
        "friends_count": 241,
        "listed_count": 6,
        "created_at": "Sun Nov 01 01:09:44 +0000 2015",
        "favourites_count": 38210,
        "utc_offset": null,
        "time_zone": null,
        "geo_enabled": true,
        "verified": false,
        "statuses_count": 22040,
        "lang": null,
        "contributors_enabled": false,
        "is_translator": false,
        "is_translation_enabled": false,
        "profile_background_color": "000000",
        "profile_background_image_url": "http://abs.twimg.com/images/themes/theme1/bg.png",
        "profile_background_image_url_https": "https://abs.twimg.com/images/themes/theme1/bg.png",
        "profile_background_tile": false,
        "profile_image_url": "http://pbs.twimg.com/profile_images/1234594156326146049/4POteWoN_normal.jpg",
        "profile_image_url_https": "https://pbs.twimg.com/profile_images/1234594156326146049/4POteWoN_normal.jpg",
        "profile_banner_url": "https://pbs.twimg.com/profile_banners/4086478198/1582190009",
        "profile_link_color": "1B95E0",
        "profile_sidebar_border_color": "000000",
        "profile_sidebar_fill_color": "000000",
        "profile_text_color": "000000",
        "profile_use_background_image": false,
        "has_extended_profile": true,
        "default_profile": false,
        "default_profile_image": false,
        "following": null,
        "follow_request_sent": null,
        "notifications": null,
        "translator_type": "none"
    },
    "geo": null,
    "coordinates": null,
    "place": null,
    "contributors": null,
    "retweeted_status": {
        "created_at": "Fri Mar 06 13:16:43 +0000 2020",
        "id": 1235917226290577408,
        "id_str": "1235917226290577408",
        "text": "#CodyFern and #AngelicaRoss at the #LVFW20 show. Watch the latest #LouisVuitton fashion show by @TWNGhesquiere at\u2026 https://t.co/DEC48vM6Rn",
        "truncated": true,
        "entities": {
            "hashtags": [
                {
                    "text": "CodyFern",
                    "indices": [
                        0,
                        9
                    ]
                },
                {
                    "text": "AngelicaRoss",
                    "indices": [
                        14,
                        27
                    ]
                },
                {
                    "text": "LVFW20",
                    "indices": [
                        35,
                        42
                    ]
                },
                {
                    "text": "LouisVuitton",
                    "indices": [
                        66,
                        79
                    ]
                }
            ],
            "symbols": [],
            "user_mentions": [
                {
                    "screen_name": "TWNGhesquiere",
                    "name": "Nicolas Ghesquiere",
                    "id": 987110766,
                    "id_str": "987110766",
                    "indices": [
                        96,
                        110
                    ]
                }
            ],
            "urls": [
                {
                    "url": "https://t.co/DEC48vM6Rn",
                    "expanded_url": "https://twitter.com/i/web/status/1235917226290577408",
                    "display_url": "twitter.com/i/web/status/1\u2026",
                    "indices": [
                        115,
                        138
                    ]
                }
            ]
        },
        "metadata": {
            "iso_language_code": "en",
            "result_type": "recent"
        },
        "source": "<a href=\"https://www.sprinklr.com\" rel=\"nofollow\">Sprinklr</a>",
        "in_reply_to_status_id": null,
        "in_reply_to_status_id_str": null,
        "in_reply_to_user_id": null,
        "in_reply_to_user_id_str": null,
        "in_reply_to_screen_name": null,
        "user": {
            "id": 44084633,
            "id_str": "44084633",
            "name": "Louis Vuitton",
            "screen_name": "LouisVuitton",
            "location": "",
            "description": "The official Twitter page for Louis Vuitton Worldwide. Contact client services at @LVServices for customer assistance and personalised advice.",
            "url": "http://t.co/znRCgDOH21",
            "entities": {
                "url": {
                    "urls": [
                        {
                            "url": "http://t.co/znRCgDOH21",
                            "expanded_url": "http://www.louisvuitton.com",
                            "display_url": "louisvuitton.com",
                            "indices": [
                                0,
                                22
                            ]
                        }
                    ]
                },
                "description": {
                    "urls": []
                }
            },
            "protected": false,
            "followers_count": 7501392,
            "friends_count": 6,
            "listed_count": 9683,
            "created_at": "Tue Jun 02 08:22:48 +0000 2009",
            "favourites_count": 109,
            "utc_offset": null,
            "time_zone": null,
            "geo_enabled": false,
            "verified": true,
            "statuses_count": 5652,
            "lang": null,
            "contributors_enabled": false,
            "is_translator": false,
            "is_translation_enabled": false,
            "profile_background_color": "000000",
            "profile_background_image_url": "http://abs.twimg.com/images/themes/theme4/bg.gif",
            "profile_background_image_url_https": "https://abs.twimg.com/images/themes/theme4/bg.gif",
            "profile_background_tile": true,
            "profile_image_url": "http://pbs.twimg.com/profile_images/744891970380767232/jum1SDsC_normal.jpg",
            "profile_image_url_https": "https://pbs.twimg.com/profile_images/744891970380767232/jum1SDsC_normal.jpg",
            "profile_banner_url": "https://pbs.twimg.com/profile_banners/44084633/1583070237",
            "profile_link_color": "FF691F",
            "profile_sidebar_border_color": "FFFFFF",
            "profile_sidebar_fill_color": "FFFFFF",
            "profile_text_color": "2B1413",
            "profile_use_background_image": true,
            "has_extended_profile": false,
            "default_profile": false,
            "default_profile_image": false,
            "following": null,
            "follow_request_sent": null,
            "notifications": null,
            "translator_type": "none"
        },
        "geo": null,
        "coordinates": null,
        "place": null,
        "contributors": null,
        "is_quote_status": false,
        "retweet_count": 65,
        "favorite_count": 646,
        "favorited": false,
        "retweeted": false,
        "possibly_sensitive": false,
        "lang": "en"
    },
    "is_quote_status": false,
    "retweet_count": 65,
    "favorite_count": 0,
    "favorited": false,
    "retweeted": false,
    "lang": "en"
}