{
    "created_at": "Tue Mar 10 10:09:30 +0000 2020",
    "id": 1237319661017952256,
    "id_str": "1237319661017952256",
    "text": "RT @wu_yi_fan: 200304 #KrisWu on the cover of &lt;T Magazine&gt; for the 3rd time! \ud83d\ude4c\n\n\ud83d\udcdaMarch 2020 \u201cWomen\u2019s Fashion\u201d\n\ud83e\udde5Styled in @LouisVuitton &amp; @B\u2026",
    "truncated": false,
    "entities": {
        "hashtags": [
            {
                "text": "KrisWu",
                "indices": [
                    22,
                    29
                ]
            }
        ],
        "symbols": [],
        "user_mentions": [
            {
                "screen_name": "wu_yi_fan",
                "name": "\u3164becca \ud83e\udd82",
                "id": 528725449,
                "id_str": "528725449",
                "indices": [
                    3,
                    13
                ]
            },
            {
                "screen_name": "LouisVuitton",
                "name": "Louis Vuitton",
                "id": 44084633,
                "id_str": "44084633",
                "indices": [
                    127,
                    140
                ]
            }
        ],
        "urls": []
    },
    "metadata": {
        "iso_language_code": "en",
        "result_type": "recent"
    },
    "source": "<a href=\"http://twitter.com/download/iphone\" rel=\"nofollow\">Twitter for iPhone</a>",
    "in_reply_to_status_id": null,
    "in_reply_to_status_id_str": null,
    "in_reply_to_user_id": null,
    "in_reply_to_user_id_str": null,
    "in_reply_to_screen_name": null,
    "user": {
        "id": 1058322700223995905,
        "id_str": "1058322700223995905",
        "name": "Nicole wong",
        "screen_name": "WongKin34952095",
        "location": "\u9999\u6e2f",
        "description": "",
        "url": null,
        "entities": {
            "description": {
                "urls": []
            }
        },
        "protected": false,
        "followers_count": 3,
        "friends_count": 18,
        "listed_count": 0,
        "created_at": "Fri Nov 02 11:39:29 +0000 2018",
        "favourites_count": 2166,
        "utc_offset": null,
        "time_zone": null,
        "geo_enabled": false,
        "verified": false,
        "statuses_count": 1434,
        "lang": null,
        "contributors_enabled": false,
        "is_translator": false,
        "is_translation_enabled": false,
        "profile_background_color": "F5F8FA",
        "profile_background_image_url": null,
        "profile_background_image_url_https": null,
        "profile_background_tile": false,
        "profile_image_url": "http://pbs.twimg.com/profile_images/1100541211646066694/JkQ6A-Ai_normal.jpg",
        "profile_image_url_https": "https://pbs.twimg.com/profile_images/1100541211646066694/JkQ6A-Ai_normal.jpg",
        "profile_link_color": "1DA1F2",
        "profile_sidebar_border_color": "C0DEED",
        "profile_sidebar_fill_color": "DDEEF6",
        "profile_text_color": "333333",
        "profile_use_background_image": true,
        "has_extended_profile": true,
        "default_profile": true,
        "default_profile_image": false,
        "following": null,
        "follow_request_sent": null,
        "notifications": null,
        "translator_type": "none"
    },
    "geo": null,
    "coordinates": null,
    "place": null,
    "contributors": null,
    "retweeted_status": {
        "created_at": "Wed Mar 04 04:37:19 +0000 2020",
        "id": 1235061739722436610,
        "id_str": "1235061739722436610",
        "text": "200304 #KrisWu on the cover of &lt;T Magazine&gt; for the 3rd time! \ud83d\ude4c\n\n\ud83d\udcdaMarch 2020 \u201cWomen\u2019s Fashion\u201d\n\ud83e\udde5Styled in\u2026 https://t.co/dpjFFTCnn7",
        "truncated": true,
        "entities": {
            "hashtags": [
                {
                    "text": "KrisWu",
                    "indices": [
                        7,
                        14
                    ]
                }
            ],
            "symbols": [],
            "user_mentions": [],
            "urls": [
                {
                    "url": "https://t.co/dpjFFTCnn7",
                    "expanded_url": "https://twitter.com/i/web/status/1235061739722436610",
                    "display_url": "twitter.com/i/web/status/1\u2026",
                    "indices": [
                        113,
                        136
                    ]
                }
            ]
        },
        "metadata": {
            "iso_language_code": "en",
            "result_type": "recent"
        },
        "source": "<a href=\"http://twitter.com/download/iphone\" rel=\"nofollow\">Twitter for iPhone</a>",
        "in_reply_to_status_id": null,
        "in_reply_to_status_id_str": null,
        "in_reply_to_user_id": null,
        "in_reply_to_user_id_str": null,
        "in_reply_to_screen_name": null,
        "user": {
            "id": 528725449,
            "id_str": "528725449",
            "name": "\u3164becca \ud83e\udd82",
            "screen_name": "wu_yi_fan",
            "location": "",
            "description": "\u2800\u2800\u2800\u2800\u2800\u2800\u2800 \u2668\ufe0fupdates/translations/subs \u2800\u2800\u2800\u2800\u2800\u2800\u2800\u2800\u2800 \u2800\u2800\u2800\u2800\u2800\u2800 \u2800\u2800\u2800\u2800\u2800 \u2800for #kriswu\ud83c\udf0c \u2800\u2800\u2800\u2800\u2800\u2800\u2800\u2800 \u2800\u2800\u2800\u2800\u2800\u2800\u2800\u2800\u2800 \u2800\u2800\u2800\u2800\u2800\u4e0d\u79bb\u4e0d\u5f03\u2800\u2800\u2800\u2800\u2800\u2800\u2800\u2800\u2800 \u2800\u2800\u2800\u2800\u2800\u2800\u2800\u2800\u2800 \u2800 \u2800\u2800\u2800\u2800\u2800\u2800\u2800\u2800 \u966a\u4f34\u662f\u6700\u957f\u60c5\u7684\u544a\u767d\u2764\ufe0f\u2800\u2800\u2800\u2800\u2800 \u2800\u2800\u2800\u2800\u2800\u2800\u2800\u2800\u2800",
            "url": "https://t.co/NSt5EmjKRF",
            "entities": {
                "url": {
                    "urls": [
                        {
                            "url": "https://t.co/NSt5EmjKRF",
                            "expanded_url": "http://wuyifankris.com",
                            "display_url": "wuyifankris.com",
                            "indices": [
                                0,
                                23
                            ]
                        }
                    ]
                },
                "description": {
                    "urls": []
                }
            },
            "protected": false,
            "followers_count": 85105,
            "friends_count": 116,
            "listed_count": 1038,
            "created_at": "Sun Mar 18 18:15:35 +0000 2012",
            "favourites_count": 3186,
            "utc_offset": null,
            "time_zone": null,
            "geo_enabled": true,
            "verified": false,
            "statuses_count": 87911,
            "lang": null,
            "contributors_enabled": false,
            "is_translator": false,
            "is_translation_enabled": false,
            "profile_background_color": "FFFFFF",
            "profile_background_image_url": "http://abs.twimg.com/images/themes/theme1/bg.png",
            "profile_background_image_url_https": "https://abs.twimg.com/images/themes/theme1/bg.png",
            "profile_background_tile": false,
            "profile_image_url": "http://pbs.twimg.com/profile_images/917100896445779974/UjzsK6K8_normal.jpg",
            "profile_image_url_https": "https://pbs.twimg.com/profile_images/917100896445779974/UjzsK6K8_normal.jpg",
            "profile_banner_url": "https://pbs.twimg.com/profile_banners/528725449/1541200242",
            "profile_link_color": "222222",
            "profile_sidebar_border_color": "FFFFFF",
            "profile_sidebar_fill_color": "DDEEF6",
            "profile_text_color": "333333",
            "profile_use_background_image": true,
            "has_extended_profile": true,
            "default_profile": false,
            "default_profile_image": false,
            "following": null,
            "follow_request_sent": null,
            "notifications": null,
            "translator_type": "none"
        },
        "geo": null,
        "coordinates": null,
        "place": null,
        "contributors": null,
        "is_quote_status": false,
        "retweet_count": 500,
        "favorite_count": 703,
        "favorited": false,
        "retweeted": false,
        "possibly_sensitive": false,
        "lang": "en"
    },
    "is_quote_status": false,
    "retweet_count": 500,
    "favorite_count": 0,
    "favorited": false,
    "retweeted": false,
    "lang": "en"
}