{
    "created_at": "Tue Mar 10 11:58:10 +0000 2020",
    "id": 1237347008865681409,
    "id_str": "1237347008865681409",
    "text": "RT @ELLEINDIA: Savour the sun\n.\nOn @deepikapadukone: Silk crepe dress, @LouisVuitton. 18K gold earrings, @TiffanyAndCo. \n.\nEditor-in-chief:\u2026",
    "truncated": false,
    "entities": {
        "hashtags": [],
        "symbols": [],
        "user_mentions": [
            {
                "screen_name": "ELLEINDIA",
                "name": "ELLE India",
                "id": 44849431,
                "id_str": "44849431",
                "indices": [
                    3,
                    13
                ]
            },
            {
                "screen_name": "deepikapadukone",
                "name": "Deepika Padukone",
                "id": 101695592,
                "id_str": "101695592",
                "indices": [
                    35,
                    51
                ]
            },
            {
                "screen_name": "LouisVuitton",
                "name": "Louis Vuitton",
                "id": 44084633,
                "id_str": "44084633",
                "indices": [
                    71,
                    84
                ]
            },
            {
                "screen_name": "TiffanyAndCo",
                "name": "Tiffany & Co.",
                "id": 90774609,
                "id_str": "90774609",
                "indices": [
                    105,
                    118
                ]
            }
        ],
        "urls": []
    },
    "metadata": {
        "iso_language_code": "en",
        "result_type": "recent"
    },
    "source": "<a href=\"http://twitter.com/download/android\" rel=\"nofollow\">Twitter for Android</a>",
    "in_reply_to_status_id": null,
    "in_reply_to_status_id_str": null,
    "in_reply_to_user_id": null,
    "in_reply_to_user_id_str": null,
    "in_reply_to_screen_name": null,
    "user": {
        "id": 1440383161,
        "id_str": "1440383161",
        "name": "Young Castro",
        "screen_name": "_KingRaph_",
        "location": "",
        "description": "\u262e\ufe0f\ud83d\udc99\u2795",
        "url": null,
        "entities": {
            "description": {
                "urls": []
            }
        },
        "protected": false,
        "followers_count": 100,
        "friends_count": 1280,
        "listed_count": 0,
        "created_at": "Sun May 19 06:15:45 +0000 2013",
        "favourites_count": 14195,
        "utc_offset": null,
        "time_zone": null,
        "geo_enabled": false,
        "verified": false,
        "statuses_count": 14948,
        "lang": null,
        "contributors_enabled": false,
        "is_translator": false,
        "is_translation_enabled": false,
        "profile_background_color": "000000",
        "profile_background_image_url": "http://abs.twimg.com/images/themes/theme1/bg.png",
        "profile_background_image_url_https": "https://abs.twimg.com/images/themes/theme1/bg.png",
        "profile_background_tile": false,
        "profile_image_url": "http://pbs.twimg.com/profile_images/907253116617105408/CsSyuzbm_normal.jpg",
        "profile_image_url_https": "https://pbs.twimg.com/profile_images/907253116617105408/CsSyuzbm_normal.jpg",
        "profile_banner_url": "https://pbs.twimg.com/profile_banners/1440383161/1503908862",
        "profile_link_color": "000000",
        "profile_sidebar_border_color": "000000",
        "profile_sidebar_fill_color": "000000",
        "profile_text_color": "000000",
        "profile_use_background_image": false,
        "has_extended_profile": false,
        "default_profile": false,
        "default_profile_image": false,
        "following": null,
        "follow_request_sent": null,
        "notifications": null,
        "translator_type": "none"
    },
    "geo": null,
    "coordinates": null,
    "place": null,
    "contributors": null,
    "retweeted_status": {
        "created_at": "Sat Mar 07 08:37:03 +0000 2020",
        "id": 1236209232107585536,
        "id_str": "1236209232107585536",
        "text": "Savour the sun\n.\nOn @deepikapadukone: Silk crepe dress, @LouisVuitton. 18K gold earrings, @TiffanyAndCo. \n.\nEditor-\u2026 https://t.co/3FlThNsImW",
        "truncated": true,
        "entities": {
            "hashtags": [],
            "symbols": [],
            "user_mentions": [
                {
                    "screen_name": "deepikapadukone",
                    "name": "Deepika Padukone",
                    "id": 101695592,
                    "id_str": "101695592",
                    "indices": [
                        20,
                        36
                    ]
                },
                {
                    "screen_name": "LouisVuitton",
                    "name": "Louis Vuitton",
                    "id": 44084633,
                    "id_str": "44084633",
                    "indices": [
                        56,
                        69
                    ]
                },
                {
                    "screen_name": "TiffanyAndCo",
                    "name": "Tiffany & Co.",
                    "id": 90774609,
                    "id_str": "90774609",
                    "indices": [
                        90,
                        103
                    ]
                }
            ],
            "urls": [
                {
                    "url": "https://t.co/3FlThNsImW",
                    "expanded_url": "https://twitter.com/i/web/status/1236209232107585536",
                    "display_url": "twitter.com/i/web/status/1\u2026",
                    "indices": [
                        117,
                        140
                    ]
                }
            ]
        },
        "metadata": {
            "iso_language_code": "en",
            "result_type": "recent"
        },
        "source": "<a href=\"http://twitter.com/download/iphone\" rel=\"nofollow\">Twitter for iPhone</a>",
        "in_reply_to_status_id": null,
        "in_reply_to_status_id_str": null,
        "in_reply_to_user_id": null,
        "in_reply_to_user_id_str": null,
        "in_reply_to_screen_name": null,
        "user": {
            "id": 44849431,
            "id_str": "44849431",
            "name": "ELLE India",
            "screen_name": "ELLEINDIA",
            "location": "",
            "description": "Fashion. Beauty. Feminism. Celebrity. Travel. Find us on Instagram: @elleindia",
            "url": "https://t.co/Z8mZR1QhFe",
            "entities": {
                "url": {
                    "urls": [
                        {
                            "url": "https://t.co/Z8mZR1QhFe",
                            "expanded_url": "http://WWW.ELLE.IN",
                            "display_url": "ELLE.IN",
                            "indices": [
                                0,
                                23
                            ]
                        }
                    ]
                },
                "description": {
                    "urls": []
                }
            },
            "protected": false,
            "followers_count": 1302155,
            "friends_count": 366,
            "listed_count": 360,
            "created_at": "Fri Jun 05 08:16:37 +0000 2009",
            "favourites_count": 2270,
            "utc_offset": null,
            "time_zone": null,
            "geo_enabled": true,
            "verified": true,
            "statuses_count": 24311,
            "lang": null,
            "contributors_enabled": false,
            "is_translator": false,
            "is_translation_enabled": false,
            "profile_background_color": "131516",
            "profile_background_image_url": "http://abs.twimg.com/images/themes/theme4/bg.gif",
            "profile_background_image_url_https": "https://abs.twimg.com/images/themes/theme4/bg.gif",
            "profile_background_tile": false,
            "profile_image_url": "http://pbs.twimg.com/profile_images/1235818542672433157/H5x5lzb4_normal.jpg",
            "profile_image_url_https": "https://pbs.twimg.com/profile_images/1235818542672433157/H5x5lzb4_normal.jpg",
            "profile_banner_url": "https://pbs.twimg.com/profile_banners/44849431/1583477077",
            "profile_link_color": "F58EA8",
            "profile_sidebar_border_color": "000000",
            "profile_sidebar_fill_color": "FFFFFF",
            "profile_text_color": "000000",
            "profile_use_background_image": false,
            "has_extended_profile": false,
            "default_profile": false,
            "default_profile_image": false,
            "following": null,
            "follow_request_sent": null,
            "notifications": null,
            "translator_type": "none"
        },
        "geo": null,
        "coordinates": null,
        "place": null,
        "contributors": null,
        "is_quote_status": false,
        "retweet_count": 73,
        "favorite_count": 411,
        "favorited": false,
        "retweeted": false,
        "possibly_sensitive": false,
        "lang": "en"
    },
    "is_quote_status": false,
    "retweet_count": 73,
    "favorite_count": 0,
    "favorited": false,
    "retweeted": false,
    "lang": "en"
}