{
    "created_at": "Tue Mar 10 12:01:43 +0000 2020",
    "id": 1237347903514894336,
    "id_str": "1237347903514894336",
    "text": "@seulpics @RVsmtown @LouisVuitton Seulgi english queen!!\ud83d\udc9b\nhttps://t.co/Ypl4zhK08E",
    "truncated": false,
    "entities": {
        "hashtags": [],
        "symbols": [],
        "user_mentions": [
            {
                "screen_name": "seulpics",
                "name": "Seulgi pics \u2661 \uc2ac\uae30 \ub098\ube44\uc57c",
                "id": 2507356597,
                "id_str": "2507356597",
                "indices": [
                    0,
                    9
                ]
            },
            {
                "screen_name": "RVsmtown",
                "name": "Red Velvet",
                "id": 873092428755894272,
                "id_str": "873092428755894272",
                "indices": [
                    10,
                    19
                ]
            },
            {
                "screen_name": "LouisVuitton",
                "name": "Louis Vuitton",
                "id": 44084633,
                "id_str": "44084633",
                "indices": [
                    20,
                    33
                ]
            }
        ],
        "urls": [],
        "media": [
            {
                "id": 1235908998181933057,
                "id_str": "1235908998181933057",
                "indices": [
                    58,
                    81
                ],
                "media_url": "http://pbs.twimg.com/ext_tw_video_thumb/1235908998181933057/pu/img/tphhKxgOrVMTf6EH.jpg",
                "media_url_https": "https://pbs.twimg.com/ext_tw_video_thumb/1235908998181933057/pu/img/tphhKxgOrVMTf6EH.jpg",
                "url": "https://t.co/Ypl4zhK08E",
                "display_url": "pic.twitter.com/Ypl4zhK08E",
                "expanded_url": "https://twitter.com/seulstgrm/status/1235909038493360129/video/1",
                "type": "photo",
                "sizes": {
                    "thumb": {
                        "w": 150,
                        "h": 150,
                        "resize": "crop"
                    },
                    "large": {
                        "w": 720,
                        "h": 406,
                        "resize": "fit"
                    },
                    "small": {
                        "w": 680,
                        "h": 383,
                        "resize": "fit"
                    },
                    "medium": {
                        "w": 720,
                        "h": 406,
                        "resize": "fit"
                    }
                },
                "source_status_id": 1235909038493360129,
                "source_status_id_str": "1235909038493360129",
                "source_user_id": 1141491008133222400,
                "source_user_id_str": "1141491008133222400"
            }
        ]
    },
    "extended_entities": {
        "media": [
            {
                "id": 1235908998181933057,
                "id_str": "1235908998181933057",
                "indices": [
                    58,
                    81
                ],
                "media_url": "http://pbs.twimg.com/ext_tw_video_thumb/1235908998181933057/pu/img/tphhKxgOrVMTf6EH.jpg",
                "media_url_https": "https://pbs.twimg.com/ext_tw_video_thumb/1235908998181933057/pu/img/tphhKxgOrVMTf6EH.jpg",
                "url": "https://t.co/Ypl4zhK08E",
                "display_url": "pic.twitter.com/Ypl4zhK08E",
                "expanded_url": "https://twitter.com/seulstgrm/status/1235909038493360129/video/1",
                "type": "video",
                "sizes": {
                    "thumb": {
                        "w": 150,
                        "h": 150,
                        "resize": "crop"
                    },
                    "large": {
                        "w": 720,
                        "h": 406,
                        "resize": "fit"
                    },
                    "small": {
                        "w": 680,
                        "h": 383,
                        "resize": "fit"
                    },
                    "medium": {
                        "w": 720,
                        "h": 406,
                        "resize": "fit"
                    }
                },
                "source_status_id": 1235909038493360129,
                "source_status_id_str": "1235909038493360129",
                "source_user_id": 1141491008133222400,
                "source_user_id_str": "1141491008133222400",
                "video_info": {
                    "aspect_ratio": [
                        360,
                        203
                    ],
                    "duration_millis": 44534,
                    "variants": [
                        {
                            "content_type": "application/x-mpegURL",
                            "url": "https://video.twimg.com/ext_tw_video/1235908998181933057/pu/pl/fidHBacsTaJ6_JkL.m3u8?tag=10"
                        },
                        {
                            "bitrate": 832000,
                            "content_type": "video/mp4",
                            "url": "https://video.twimg.com/ext_tw_video/1235908998181933057/pu/vid/720x406/wENlFa47RYdzF6LN.mp4?tag=10"
                        },
                        {
                            "bitrate": 256000,
                            "content_type": "video/mp4",
                            "url": "https://video.twimg.com/ext_tw_video/1235908998181933057/pu/vid/478x270/ghX7qxeY6VBandrU.mp4?tag=10"
                        }
                    ]
                },
                "additional_media_info": {
                    "monetizable": false,
                    "source_user": {
                        "id": 1141491008133222400,
                        "id_str": "1141491008133222400",
                        "name": "seulstgrm",
                        "screen_name": "seulstgrm",
                        "location": "",
                        "description": "Seulgi's Instagram Updates. Also follow: @rvstgrm @renestgrm @wanstgrm @joystgrm @yeristgrm",
                        "url": null,
                        "entities": {
                            "description": {
                                "urls": []
                            }
                        },
                        "protected": false,
                        "followers_count": 16375,
                        "friends_count": 0,
                        "listed_count": 539,
                        "created_at": "Wed Jun 19 23:40:39 +0000 2019",
                        "favourites_count": 0,
                        "utc_offset": null,
                        "time_zone": null,
                        "geo_enabled": false,
                        "verified": false,
                        "statuses_count": 440,
                        "lang": null,
                        "contributors_enabled": false,
                        "is_translator": false,
                        "is_translation_enabled": false,
                        "profile_background_color": "000000",
                        "profile_background_image_url": "http://abs.twimg.com/images/themes/theme1/bg.png",
                        "profile_background_image_url_https": "https://abs.twimg.com/images/themes/theme1/bg.png",
                        "profile_background_tile": false,
                        "profile_image_url": "http://pbs.twimg.com/profile_images/1141492136476418048/Yc5Fh4hv_normal.png",
                        "profile_image_url_https": "https://pbs.twimg.com/profile_images/1141492136476418048/Yc5Fh4hv_normal.png",
                        "profile_link_color": "FFC300",
                        "profile_sidebar_border_color": "000000",
                        "profile_sidebar_fill_color": "000000",
                        "profile_text_color": "000000",
                        "profile_use_background_image": false,
                        "has_extended_profile": true,
                        "default_profile": false,
                        "default_profile_image": false,
                        "following": null,
                        "follow_request_sent": null,
                        "notifications": null,
                        "translator_type": "none"
                    }
                }
            }
        ]
    },
    "metadata": {
        "iso_language_code": "ht",
        "result_type": "recent"
    },
    "source": "<a href=\"http://twitter.com/download/android\" rel=\"nofollow\">Twitter for Android</a>",
    "in_reply_to_status_id": 1237344639591387136,
    "in_reply_to_status_id_str": "1237344639591387136",
    "in_reply_to_user_id": 2507356597,
    "in_reply_to_user_id_str": "2507356597",
    "in_reply_to_screen_name": "seulpics",
    "user": {
        "id": 978500316143353856,
        "id_str": "978500316143353856",
        "name": "kif",
        "screen_name": "bearlips55",
        "location": "",
        "description": "",
        "url": null,
        "entities": {
            "description": {
                "urls": []
            }
        },
        "protected": false,
        "followers_count": 13,
        "friends_count": 232,
        "listed_count": 0,
        "created_at": "Tue Mar 27 05:13:49 +0000 2018",
        "favourites_count": 35010,
        "utc_offset": null,
        "time_zone": null,
        "geo_enabled": false,
        "verified": false,
        "statuses_count": 29061,
        "lang": null,
        "contributors_enabled": false,
        "is_translator": false,
        "is_translation_enabled": false,
        "profile_background_color": "F5F8FA",
        "profile_background_image_url": null,
        "profile_background_image_url_https": null,
        "profile_background_tile": false,
        "profile_image_url": "http://pbs.twimg.com/profile_images/1227025265840181248/QzTo8qTW_normal.jpg",
        "profile_image_url_https": "https://pbs.twimg.com/profile_images/1227025265840181248/QzTo8qTW_normal.jpg",
        "profile_banner_url": "https://pbs.twimg.com/profile_banners/978500316143353856/1579334668",
        "profile_link_color": "1DA1F2",
        "profile_sidebar_border_color": "C0DEED",
        "profile_sidebar_fill_color": "DDEEF6",
        "profile_text_color": "333333",
        "profile_use_background_image": true,
        "has_extended_profile": true,
        "default_profile": true,
        "default_profile_image": false,
        "following": null,
        "follow_request_sent": null,
        "notifications": null,
        "translator_type": "none"
    },
    "geo": null,
    "coordinates": null,
    "place": null,
    "contributors": null,
    "is_quote_status": false,
    "retweet_count": 0,
    "favorite_count": 0,
    "favorited": false,
    "retweeted": false,
    "possibly_sensitive": false,
    "lang": "ht"
}