{
    "created_at": "Tue Mar 10 00:10:18 +0000 2020",
    "id": 1237168870953107456,
    "id_str": "1237168870953107456",
    "text": "RT @kristsingstyle: 20200228\n#devypacksoflove \n@stjinx_maya Wearing\n- @VANS_66 Skateboard Canvas\n- @LouisVuitton Bracelet\n- @Apple iwatch\n-\u2026",
    "truncated": false,
    "entities": {
        "hashtags": [
            {
                "text": "devypacksoflove",
                "indices": [
                    29,
                    45
                ]
            }
        ],
        "symbols": [],
        "user_mentions": [
            {
                "screen_name": "kristsingstyle",
                "name": "KristSingtoStyle",
                "id": 1236715861777375232,
                "id_str": "1236715861777375232",
                "indices": [
                    3,
                    18
                ]
            },
            {
                "screen_name": "stjinx_maya",
                "name": "[S]!MBA",
                "id": 3656882112,
                "id_str": "3656882112",
                "indices": [
                    47,
                    59
                ]
            },
            {
                "screen_name": "VANS_66",
                "name": "Vans",
                "id": 15383636,
                "id_str": "15383636",
                "indices": [
                    70,
                    78
                ]
            },
            {
                "screen_name": "LouisVuitton",
                "name": "Louis Vuitton",
                "id": 44084633,
                "id_str": "44084633",
                "indices": [
                    99,
                    112
                ]
            },
            {
                "screen_name": "Apple",
                "name": "Apple",
                "id": 380749300,
                "id_str": "380749300",
                "indices": [
                    124,
                    130
                ]
            }
        ],
        "urls": []
    },
    "metadata": {
        "iso_language_code": "en",
        "result_type": "recent"
    },
    "source": "<a href=\"http://twitter.com/download/android\" rel=\"nofollow\">Twitter for Android</a>",
    "in_reply_to_status_id": null,
    "in_reply_to_status_id_str": null,
    "in_reply_to_user_id": null,
    "in_reply_to_user_id_str": null,
    "in_reply_to_screen_name": null,
    "user": {
        "id": 742721465934446592,
        "id_str": "742721465934446592",
        "name": "Nawan N'Roses",
        "screen_name": "lphanawan",
        "location": "Bangkok, Thailand",
        "description": "ToFindTheOneYouLove\nTheWayYouWantToGo\nTheOneYouWantToBe",
        "url": null,
        "entities": {
            "description": {
                "urls": []
            }
        },
        "protected": false,
        "followers_count": 46,
        "friends_count": 59,
        "listed_count": 0,
        "created_at": "Tue Jun 14 14:12:51 +0000 2016",
        "favourites_count": 17981,
        "utc_offset": null,
        "time_zone": null,
        "geo_enabled": false,
        "verified": false,
        "statuses_count": 65301,
        "lang": null,
        "contributors_enabled": false,
        "is_translator": false,
        "is_translation_enabled": false,
        "profile_background_color": "F5F8FA",
        "profile_background_image_url": null,
        "profile_background_image_url_https": null,
        "profile_background_tile": false,
        "profile_image_url": "http://pbs.twimg.com/profile_images/1217830079637573634/pJ4QDrO0_normal.jpg",
        "profile_image_url_https": "https://pbs.twimg.com/profile_images/1217830079637573634/pJ4QDrO0_normal.jpg",
        "profile_banner_url": "https://pbs.twimg.com/profile_banners/742721465934446592/1520480005",
        "profile_link_color": "1DA1F2",
        "profile_sidebar_border_color": "C0DEED",
        "profile_sidebar_fill_color": "DDEEF6",
        "profile_text_color": "333333",
        "profile_use_background_image": true,
        "has_extended_profile": false,
        "default_profile": true,
        "default_profile_image": false,
        "following": null,
        "follow_request_sent": null,
        "notifications": null,
        "translator_type": "none"
    },
    "geo": null,
    "coordinates": null,
    "place": null,
    "contributors": null,
    "retweeted_status": {
        "created_at": "Mon Mar 09 12:38:17 +0000 2020",
        "id": 1236994719021850630,
        "id_str": "1236994719021850630",
        "text": "20200228\n#devypacksoflove \n@stjinx_maya Wearing\n- @VANS_66 Skateboard Canvas\n- @LouisVuitton Bracelet\n- @Apple iwat\u2026 https://t.co/4vtqLD2hlM",
        "truncated": true,
        "entities": {
            "hashtags": [
                {
                    "text": "devypacksoflove",
                    "indices": [
                        9,
                        25
                    ]
                }
            ],
            "symbols": [],
            "user_mentions": [
                {
                    "screen_name": "stjinx_maya",
                    "name": "[S]!MBA",
                    "id": 3656882112,
                    "id_str": "3656882112",
                    "indices": [
                        27,
                        39
                    ]
                },
                {
                    "screen_name": "VANS_66",
                    "name": "Vans",
                    "id": 15383636,
                    "id_str": "15383636",
                    "indices": [
                        50,
                        58
                    ]
                },
                {
                    "screen_name": "LouisVuitton",
                    "name": "Louis Vuitton",
                    "id": 44084633,
                    "id_str": "44084633",
                    "indices": [
                        79,
                        92
                    ]
                },
                {
                    "screen_name": "Apple",
                    "name": "Apple",
                    "id": 380749300,
                    "id_str": "380749300",
                    "indices": [
                        104,
                        110
                    ]
                }
            ],
            "urls": [
                {
                    "url": "https://t.co/4vtqLD2hlM",
                    "expanded_url": "https://twitter.com/i/web/status/1236994719021850630",
                    "display_url": "twitter.com/i/web/status/1\u2026",
                    "indices": [
                        117,
                        140
                    ]
                }
            ]
        },
        "metadata": {
            "iso_language_code": "en",
            "result_type": "recent"
        },
        "source": "<a href=\"http://twitter.com/#!/download/ipad\" rel=\"nofollow\">Twitter for iPad</a>",
        "in_reply_to_status_id": null,
        "in_reply_to_status_id_str": null,
        "in_reply_to_user_id": null,
        "in_reply_to_user_id_str": null,
        "in_reply_to_screen_name": null,
        "user": {
            "id": 1236715861777375232,
            "id_str": "1236715861777375232",
            "name": "KristSingtoStyle",
            "screen_name": "kristsingstyle",
            "location": "oversea",
            "description": "Only For @kristtps @__singto #kristperawat #singtoprachaya #\u0e17\u0e35\u0e21\u0e1e\u0e35\u0e23\u0e0d\u0e32 #kristsingtostyle ING\uff1akristsingtostyle",
            "url": null,
            "entities": {
                "description": {
                    "urls": []
                }
            },
            "protected": false,
            "followers_count": 54,
            "friends_count": 3,
            "listed_count": 0,
            "created_at": "Sun Mar 08 18:10:23 +0000 2020",
            "favourites_count": 50,
            "utc_offset": null,
            "time_zone": null,
            "geo_enabled": false,
            "verified": false,
            "statuses_count": 53,
            "lang": null,
            "contributors_enabled": false,
            "is_translator": false,
            "is_translation_enabled": false,
            "profile_background_color": "F5F8FA",
            "profile_background_image_url": null,
            "profile_background_image_url_https": null,
            "profile_background_tile": false,
            "profile_image_url": "http://pbs.twimg.com/profile_images/1236716794976456704/O5W4F7S3_normal.jpg",
            "profile_image_url_https": "https://pbs.twimg.com/profile_images/1236716794976456704/O5W4F7S3_normal.jpg",
            "profile_banner_url": "https://pbs.twimg.com/profile_banners/1236715861777375232/1583741146",
            "profile_link_color": "1DA1F2",
            "profile_sidebar_border_color": "C0DEED",
            "profile_sidebar_fill_color": "DDEEF6",
            "profile_text_color": "333333",
            "profile_use_background_image": true,
            "has_extended_profile": true,
            "default_profile": true,
            "default_profile_image": false,
            "following": null,
            "follow_request_sent": null,
            "notifications": null,
            "translator_type": "none"
        },
        "geo": null,
        "coordinates": null,
        "place": null,
        "contributors": null,
        "is_quote_status": false,
        "retweet_count": 11,
        "favorite_count": 5,
        "favorited": false,
        "retweeted": false,
        "possibly_sensitive": false,
        "lang": "en"
    },
    "is_quote_status": false,
    "retweet_count": 11,
    "favorite_count": 0,
    "favorited": false,
    "retweeted": false,
    "lang": "en"
}