{
    "created_at": "Tue Mar 10 01:01:46 +0000 2020",
    "id": 1237181820355194880,
    "id_str": "1237181820355194880",
    "text": "RT @VVFriedman: So here I am at the @LouisVuitton\u2069 factory with the LV cattle in the LV fields in Johnson County, Texas for the POTUS ribbo\u2026",
    "truncated": false,
    "entities": {
        "hashtags": [],
        "symbols": [],
        "user_mentions": [
            {
                "screen_name": "VVFriedman",
                "name": "Vanessa Friedman",
                "id": 28175824,
                "id_str": "28175824",
                "indices": [
                    3,
                    14
                ]
            },
            {
                "screen_name": "LouisVuitton",
                "name": "Louis Vuitton",
                "id": 44084633,
                "id_str": "44084633",
                "indices": [
                    36,
                    49
                ]
            }
        ],
        "urls": []
    },
    "metadata": {
        "iso_language_code": "en",
        "result_type": "recent"
    },
    "source": "<a href=\"http://twitter.com/download/android\" rel=\"nofollow\">Twitter for Android</a>",
    "in_reply_to_status_id": null,
    "in_reply_to_status_id_str": null,
    "in_reply_to_user_id": null,
    "in_reply_to_user_id_str": null,
    "in_reply_to_screen_name": null,
    "user": {
        "id": 2975554121,
        "id_str": "2975554121",
        "name": "dolores wood\u2b50\u2b50\u2b50",
        "screen_name": "deemw1",
        "location": "Florida, USA",
        "description": "MAGA2020\u2b50\u2b50\u2b50\ud83c\uddfa\ud83c\uddf8\ud83c\uddfa\ud83c\uddf8\ud83c\uddfa\ud83c\uddf8  \ud83c\udf86   \n                Founder:\ud83c\udfc5Kult 45 Florida\ud83c\udfc5\nmaking friends with Patriots everywhere",
        "url": null,
        "entities": {
            "description": {
                "urls": []
            }
        },
        "protected": false,
        "followers_count": 1688,
        "friends_count": 1943,
        "listed_count": 0,
        "created_at": "Mon Jan 12 23:54:19 +0000 2015",
        "favourites_count": 23594,
        "utc_offset": null,
        "time_zone": null,
        "geo_enabled": false,
        "verified": false,
        "statuses_count": 14570,
        "lang": null,
        "contributors_enabled": false,
        "is_translator": false,
        "is_translation_enabled": false,
        "profile_background_color": "C0DEED",
        "profile_background_image_url": "http://abs.twimg.com/images/themes/theme1/bg.png",
        "profile_background_image_url_https": "https://abs.twimg.com/images/themes/theme1/bg.png",
        "profile_background_tile": false,
        "profile_image_url": "http://pbs.twimg.com/profile_images/1208428695335165953/cZWy70X8_normal.jpg",
        "profile_image_url_https": "https://pbs.twimg.com/profile_images/1208428695335165953/cZWy70X8_normal.jpg",
        "profile_link_color": "1DA1F2",
        "profile_sidebar_border_color": "C0DEED",
        "profile_sidebar_fill_color": "DDEEF6",
        "profile_text_color": "333333",
        "profile_use_background_image": true,
        "has_extended_profile": false,
        "default_profile": true,
        "default_profile_image": false,
        "following": null,
        "follow_request_sent": null,
        "notifications": null,
        "translator_type": "none"
    },
    "geo": null,
    "coordinates": null,
    "place": null,
    "contributors": null,
    "retweeted_status": {
        "created_at": "Thu Oct 17 19:32:40 +0000 2019",
        "id": 1184915147439198209,
        "id_str": "1184915147439198209",
        "text": "So here I am at the @LouisVuitton\u2069 factory with the LV cattle in the LV fields in Johnson County, Texas for the POT\u2026 https://t.co/LRg9cdL8LE",
        "truncated": true,
        "entities": {
            "hashtags": [],
            "symbols": [],
            "user_mentions": [
                {
                    "screen_name": "LouisVuitton",
                    "name": "Louis Vuitton",
                    "id": 44084633,
                    "id_str": "44084633",
                    "indices": [
                        20,
                        33
                    ]
                }
            ],
            "urls": [
                {
                    "url": "https://t.co/LRg9cdL8LE",
                    "expanded_url": "https://twitter.com/i/web/status/1184915147439198209",
                    "display_url": "twitter.com/i/web/status/1\u2026",
                    "indices": [
                        117,
                        140
                    ]
                }
            ]
        },
        "metadata": {
            "iso_language_code": "en",
            "result_type": "recent"
        },
        "source": "<a href=\"http://twitter.com/download/iphone\" rel=\"nofollow\">Twitter for iPhone</a>",
        "in_reply_to_status_id": null,
        "in_reply_to_status_id_str": null,
        "in_reply_to_user_id": null,
        "in_reply_to_user_id_str": null,
        "in_reply_to_screen_name": null,
        "user": {
            "id": 28175824,
            "id_str": "28175824",
            "name": "Vanessa Friedman",
            "screen_name": "VVFriedman",
            "location": "",
            "description": "New York Times and INYT fashion director/critic, FT alumna, mother (of 3), flying trapezer, slow-but-happy bike rider, views are all my own",
            "url": "https://t.co/UmqCI5RSM5",
            "entities": {
                "url": {
                    "urls": [
                        {
                            "url": "https://t.co/UmqCI5RSM5",
                            "expanded_url": "http://www.nytimes.com",
                            "display_url": "nytimes.com",
                            "indices": [
                                0,
                                23
                            ]
                        }
                    ]
                },
                "description": {
                    "urls": []
                }
            },
            "protected": false,
            "followers_count": 155372,
            "friends_count": 326,
            "listed_count": 1101,
            "created_at": "Wed Apr 01 19:36:57 +0000 2009",
            "favourites_count": 5994,
            "utc_offset": null,
            "time_zone": null,
            "geo_enabled": true,
            "verified": true,
            "statuses_count": 13029,
            "lang": null,
            "contributors_enabled": false,
            "is_translator": false,
            "is_translation_enabled": false,
            "profile_background_color": "C0DEED",
            "profile_background_image_url": "http://abs.twimg.com/images/themes/theme1/bg.png",
            "profile_background_image_url_https": "https://abs.twimg.com/images/themes/theme1/bg.png",
            "profile_background_tile": false,
            "profile_image_url": "http://pbs.twimg.com/profile_images/378800000049147877/f8f3b0e8ea12e91072ca533416334fcf_normal.jpeg",
            "profile_image_url_https": "https://pbs.twimg.com/profile_images/378800000049147877/f8f3b0e8ea12e91072ca533416334fcf_normal.jpeg",
            "profile_link_color": "1DA1F2",
            "profile_sidebar_border_color": "C0DEED",
            "profile_sidebar_fill_color": "DDEEF6",
            "profile_text_color": "333333",
            "profile_use_background_image": true,
            "has_extended_profile": false,
            "default_profile": true,
            "default_profile_image": false,
            "following": null,
            "follow_request_sent": null,
            "notifications": null,
            "translator_type": "none"
        },
        "geo": null,
        "coordinates": null,
        "place": null,
        "contributors": null,
        "is_quote_status": false,
        "retweet_count": 6078,
        "favorite_count": 24749,
        "favorited": false,
        "retweeted": false,
        "possibly_sensitive": false,
        "lang": "en"
    },
    "is_quote_status": false,
    "retweet_count": 6078,
    "favorite_count": 0,
    "favorited": false,
    "retweeted": false,
    "lang": "en"
}