{
    "created_at": "Tue Mar 10 11:46:34 +0000 2020",
    "id": 1237344092163637248,
    "id_str": "1237344092163637248",
    "text": "RT @chaengseulss: seulgi louis vuitton ambassador when? @LouisVuitton https://t.co/JZwUnP0POH",
    "truncated": false,
    "entities": {
        "hashtags": [],
        "symbols": [],
        "user_mentions": [
            {
                "screen_name": "chaengseulss",
                "name": "maz",
                "id": 3436681336,
                "id_str": "3436681336",
                "indices": [
                    3,
                    16
                ]
            },
            {
                "screen_name": "LouisVuitton",
                "name": "Louis Vuitton",
                "id": 44084633,
                "id_str": "44084633",
                "indices": [
                    56,
                    69
                ]
            }
        ],
        "urls": [],
        "media": [
            {
                "id": 1237343967567581186,
                "id_str": "1237343967567581186",
                "indices": [
                    70,
                    93
                ],
                "media_url": "http://pbs.twimg.com/media/ESvtyGPWkAIyehA.jpg",
                "media_url_https": "https://pbs.twimg.com/media/ESvtyGPWkAIyehA.jpg",
                "url": "https://t.co/JZwUnP0POH",
                "display_url": "pic.twitter.com/JZwUnP0POH",
                "expanded_url": "https://twitter.com/chaengseulss/status/1237343985074569218/photo/1",
                "type": "photo",
                "sizes": {
                    "small": {
                        "w": 544,
                        "h": 680,
                        "resize": "fit"
                    },
                    "thumb": {
                        "w": 150,
                        "h": 150,
                        "resize": "crop"
                    },
                    "large": {
                        "w": 1080,
                        "h": 1350,
                        "resize": "fit"
                    },
                    "medium": {
                        "w": 960,
                        "h": 1200,
                        "resize": "fit"
                    }
                },
                "source_status_id": 1237343985074569218,
                "source_status_id_str": "1237343985074569218",
                "source_user_id": 3436681336,
                "source_user_id_str": "3436681336"
            }
        ]
    },
    "extended_entities": {
        "media": [
            {
                "id": 1237343967567581186,
                "id_str": "1237343967567581186",
                "indices": [
                    70,
                    93
                ],
                "media_url": "http://pbs.twimg.com/media/ESvtyGPWkAIyehA.jpg",
                "media_url_https": "https://pbs.twimg.com/media/ESvtyGPWkAIyehA.jpg",
                "url": "https://t.co/JZwUnP0POH",
                "display_url": "pic.twitter.com/JZwUnP0POH",
                "expanded_url": "https://twitter.com/chaengseulss/status/1237343985074569218/photo/1",
                "type": "photo",
                "sizes": {
                    "small": {
                        "w": 544,
                        "h": 680,
                        "resize": "fit"
                    },
                    "thumb": {
                        "w": 150,
                        "h": 150,
                        "resize": "crop"
                    },
                    "large": {
                        "w": 1080,
                        "h": 1350,
                        "resize": "fit"
                    },
                    "medium": {
                        "w": 960,
                        "h": 1200,
                        "resize": "fit"
                    }
                },
                "source_status_id": 1237343985074569218,
                "source_status_id_str": "1237343985074569218",
                "source_user_id": 3436681336,
                "source_user_id_str": "3436681336"
            },
            {
                "id": 1237343967705993216,
                "id_str": "1237343967705993216",
                "indices": [
                    70,
                    93
                ],
                "media_url": "http://pbs.twimg.com/media/ESvtyGwWkAAk8bh.jpg",
                "media_url_https": "https://pbs.twimg.com/media/ESvtyGwWkAAk8bh.jpg",
                "url": "https://t.co/JZwUnP0POH",
                "display_url": "pic.twitter.com/JZwUnP0POH",
                "expanded_url": "https://twitter.com/chaengseulss/status/1237343985074569218/photo/1",
                "type": "photo",
                "sizes": {
                    "thumb": {
                        "w": 150,
                        "h": 150,
                        "resize": "crop"
                    },
                    "medium": {
                        "w": 960,
                        "h": 1200,
                        "resize": "fit"
                    },
                    "large": {
                        "w": 1080,
                        "h": 1350,
                        "resize": "fit"
                    },
                    "small": {
                        "w": 544,
                        "h": 680,
                        "resize": "fit"
                    }
                },
                "source_status_id": 1237343985074569218,
                "source_status_id_str": "1237343985074569218",
                "source_user_id": 3436681336,
                "source_user_id_str": "3436681336"
            },
            {
                "id": 1237343970591756291,
                "id_str": "1237343970591756291",
                "indices": [
                    70,
                    93
                ],
                "media_url": "http://pbs.twimg.com/media/ESvtyRgX0AM9bOJ.jpg",
                "media_url_https": "https://pbs.twimg.com/media/ESvtyRgX0AM9bOJ.jpg",
                "url": "https://t.co/JZwUnP0POH",
                "display_url": "pic.twitter.com/JZwUnP0POH",
                "expanded_url": "https://twitter.com/chaengseulss/status/1237343985074569218/photo/1",
                "type": "photo",
                "sizes": {
                    "medium": {
                        "w": 963,
                        "h": 1200,
                        "resize": "fit"
                    },
                    "thumb": {
                        "w": 150,
                        "h": 150,
                        "resize": "crop"
                    },
                    "small": {
                        "w": 546,
                        "h": 680,
                        "resize": "fit"
                    },
                    "large": {
                        "w": 1080,
                        "h": 1346,
                        "resize": "fit"
                    }
                },
                "source_status_id": 1237343985074569218,
                "source_status_id_str": "1237343985074569218",
                "source_user_id": 3436681336,
                "source_user_id_str": "3436681336"
            }
        ]
    },
    "metadata": {
        "iso_language_code": "fi",
        "result_type": "recent"
    },
    "source": "<a href=\"http://twitter.com/download/android\" rel=\"nofollow\">Twitter for Android</a>",
    "in_reply_to_status_id": null,
    "in_reply_to_status_id_str": null,
    "in_reply_to_user_id": null,
    "in_reply_to_user_id_str": null,
    "in_reply_to_screen_name": null,
    "user": {
        "id": 1137267737896599552,
        "id_str": "1137267737896599552",
        "name": "##CYAN \ud83d\udd87",
        "screen_name": "DAHYESTUDIOS",
        "location": "be/pak.",
        "description": "#JEONGYEON : y'all smell that? it's the goras.",
        "url": null,
        "entities": {
            "description": {
                "urls": []
            }
        },
        "protected": false,
        "followers_count": 105,
        "friends_count": 97,
        "listed_count": 7,
        "created_at": "Sat Jun 08 07:58:52 +0000 2019",
        "favourites_count": 15592,
        "utc_offset": null,
        "time_zone": null,
        "geo_enabled": false,
        "verified": false,
        "statuses_count": 8209,
        "lang": null,
        "contributors_enabled": false,
        "is_translator": false,
        "is_translation_enabled": false,
        "profile_background_color": "F5F8FA",
        "profile_background_image_url": null,
        "profile_background_image_url_https": null,
        "profile_background_tile": false,
        "profile_image_url": "http://pbs.twimg.com/profile_images/1220822455373172736/Nbv_K789_normal.jpg",
        "profile_image_url_https": "https://pbs.twimg.com/profile_images/1220822455373172736/Nbv_K789_normal.jpg",
        "profile_banner_url": "https://pbs.twimg.com/profile_banners/1137267737896599552/1579901792",
        "profile_link_color": "1DA1F2",
        "profile_sidebar_border_color": "C0DEED",
        "profile_sidebar_fill_color": "DDEEF6",
        "profile_text_color": "333333",
        "profile_use_background_image": true,
        "has_extended_profile": false,
        "default_profile": true,
        "default_profile_image": false,
        "following": null,
        "follow_request_sent": null,
        "notifications": null,
        "translator_type": "none"
    },
    "geo": null,
    "coordinates": null,
    "place": null,
    "contributors": null,
    "retweeted_status": {
        "created_at": "Tue Mar 10 11:46:09 +0000 2020",
        "id": 1237343985074569218,
        "id_str": "1237343985074569218",
        "text": "seulgi louis vuitton ambassador when? @LouisVuitton https://t.co/JZwUnP0POH",
        "truncated": false,
        "entities": {
            "hashtags": [],
            "symbols": [],
            "user_mentions": [
                {
                    "screen_name": "LouisVuitton",
                    "name": "Louis Vuitton",
                    "id": 44084633,
                    "id_str": "44084633",
                    "indices": [
                        38,
                        51
                    ]
                }
            ],
            "urls": [],
            "media": [
                {
                    "id": 1237343967567581186,
                    "id_str": "1237343967567581186",
                    "indices": [
                        52,
                        75
                    ],
                    "media_url": "http://pbs.twimg.com/media/ESvtyGPWkAIyehA.jpg",
                    "media_url_https": "https://pbs.twimg.com/media/ESvtyGPWkAIyehA.jpg",
                    "url": "https://t.co/JZwUnP0POH",
                    "display_url": "pic.twitter.com/JZwUnP0POH",
                    "expanded_url": "https://twitter.com/chaengseulss/status/1237343985074569218/photo/1",
                    "type": "photo",
                    "sizes": {
                        "small": {
                            "w": 544,
                            "h": 680,
                            "resize": "fit"
                        },
                        "thumb": {
                            "w": 150,
                            "h": 150,
                            "resize": "crop"
                        },
                        "large": {
                            "w": 1080,
                            "h": 1350,
                            "resize": "fit"
                        },
                        "medium": {
                            "w": 960,
                            "h": 1200,
                            "resize": "fit"
                        }
                    }
                }
            ]
        },
        "extended_entities": {
            "media": [
                {
                    "id": 1237343967567581186,
                    "id_str": "1237343967567581186",
                    "indices": [
                        52,
                        75
                    ],
                    "media_url": "http://pbs.twimg.com/media/ESvtyGPWkAIyehA.jpg",
                    "media_url_https": "https://pbs.twimg.com/media/ESvtyGPWkAIyehA.jpg",
                    "url": "https://t.co/JZwUnP0POH",
                    "display_url": "pic.twitter.com/JZwUnP0POH",
                    "expanded_url": "https://twitter.com/chaengseulss/status/1237343985074569218/photo/1",
                    "type": "photo",
                    "sizes": {
                        "small": {
                            "w": 544,
                            "h": 680,
                            "resize": "fit"
                        },
                        "thumb": {
                            "w": 150,
                            "h": 150,
                            "resize": "crop"
                        },
                        "large": {
                            "w": 1080,
                            "h": 1350,
                            "resize": "fit"
                        },
                        "medium": {
                            "w": 960,
                            "h": 1200,
                            "resize": "fit"
                        }
                    }
                },
                {
                    "id": 1237343967705993216,
                    "id_str": "1237343967705993216",
                    "indices": [
                        52,
                        75
                    ],
                    "media_url": "http://pbs.twimg.com/media/ESvtyGwWkAAk8bh.jpg",
                    "media_url_https": "https://pbs.twimg.com/media/ESvtyGwWkAAk8bh.jpg",
                    "url": "https://t.co/JZwUnP0POH",
                    "display_url": "pic.twitter.com/JZwUnP0POH",
                    "expanded_url": "https://twitter.com/chaengseulss/status/1237343985074569218/photo/1",
                    "type": "photo",
                    "sizes": {
                        "thumb": {
                            "w": 150,
                            "h": 150,
                            "resize": "crop"
                        },
                        "medium": {
                            "w": 960,
                            "h": 1200,
                            "resize": "fit"
                        },
                        "large": {
                            "w": 1080,
                            "h": 1350,
                            "resize": "fit"
                        },
                        "small": {
                            "w": 544,
                            "h": 680,
                            "resize": "fit"
                        }
                    }
                },
                {
                    "id": 1237343970591756291,
                    "id_str": "1237343970591756291",
                    "indices": [
                        52,
                        75
                    ],
                    "media_url": "http://pbs.twimg.com/media/ESvtyRgX0AM9bOJ.jpg",
                    "media_url_https": "https://pbs.twimg.com/media/ESvtyRgX0AM9bOJ.jpg",
                    "url": "https://t.co/JZwUnP0POH",
                    "display_url": "pic.twitter.com/JZwUnP0POH",
                    "expanded_url": "https://twitter.com/chaengseulss/status/1237343985074569218/photo/1",
                    "type": "photo",
                    "sizes": {
                        "medium": {
                            "w": 963,
                            "h": 1200,
                            "resize": "fit"
                        },
                        "thumb": {
                            "w": 150,
                            "h": 150,
                            "resize": "crop"
                        },
                        "small": {
                            "w": 546,
                            "h": 680,
                            "resize": "fit"
                        },
                        "large": {
                            "w": 1080,
                            "h": 1346,
                            "resize": "fit"
                        }
                    }
                }
            ]
        },
        "metadata": {
            "iso_language_code": "fi",
            "result_type": "recent"
        },
        "source": "<a href=\"http://twitter.com/download/iphone\" rel=\"nofollow\">Twitter for iPhone</a>",
        "in_reply_to_status_id": null,
        "in_reply_to_status_id_str": null,
        "in_reply_to_user_id": null,
        "in_reply_to_user_id_str": null,
        "in_reply_to_screen_name": null,
        "user": {
            "id": 3436681336,
            "id_str": "3436681336",
            "name": "maz",
            "screen_name": "chaengseulss",
            "location": "hinapia\u2019s basement",
            "description": "#JOYS\u00c9: demi first, life second",
            "url": "https://t.co/h6QEanuUqB",
            "entities": {
                "url": {
                    "urls": [
                        {
                            "url": "https://t.co/h6QEanuUqB",
                            "expanded_url": "http://curiouscat.me/chaengseulss",
                            "display_url": "curiouscat.me/chaengseulss",
                            "indices": [
                                0,
                                23
                            ]
                        }
                    ]
                },
                "description": {
                    "urls": []
                }
            },
            "protected": false,
            "followers_count": 2063,
            "friends_count": 677,
            "listed_count": 79,
            "created_at": "Sun Aug 23 11:58:45 +0000 2015",
            "favourites_count": 34591,
            "utc_offset": null,
            "time_zone": null,
            "geo_enabled": true,
            "verified": false,
            "statuses_count": 32455,
            "lang": null,
            "contributors_enabled": false,
            "is_translator": false,
            "is_translation_enabled": false,
            "profile_background_color": "000000",
            "profile_background_image_url": "http://abs.twimg.com/images/themes/theme1/bg.png",
            "profile_background_image_url_https": "https://abs.twimg.com/images/themes/theme1/bg.png",
            "profile_background_tile": false,
            "profile_image_url": "http://pbs.twimg.com/profile_images/1237140305075412996/p6DRmIu7_normal.jpg",
            "profile_image_url_https": "https://pbs.twimg.com/profile_images/1237140305075412996/p6DRmIu7_normal.jpg",
            "profile_banner_url": "https://pbs.twimg.com/profile_banners/3436681336/1583670355",
            "profile_link_color": "E81C4F",
            "profile_sidebar_border_color": "000000",
            "profile_sidebar_fill_color": "000000",
            "profile_text_color": "000000",
            "profile_use_background_image": false,
            "has_extended_profile": true,
            "default_profile": false,
            "default_profile_image": false,
            "following": null,
            "follow_request_sent": null,
            "notifications": null,
            "translator_type": "none"
        },
        "geo": null,
        "coordinates": null,
        "place": null,
        "contributors": null,
        "is_quote_status": false,
        "retweet_count": 2,
        "favorite_count": 5,
        "favorited": false,
        "retweeted": false,
        "possibly_sensitive": false,
        "lang": "fi"
    },
    "is_quote_status": false,
    "retweet_count": 2,
    "favorite_count": 0,
    "favorited": false,
    "retweeted": false,
    "possibly_sensitive": false,
    "lang": "fi"
}