{
    "created_at": "Tue Mar 10 03:28:59 +0000 2020",
    "id": 1237218867446829056,
    "id_str": "1237218867446829056",
    "text": "@LouisVuitton X \" @virgilabloh \" X Nigo https://t.co/6QQAPGWfO0",
    "truncated": false,
    "entities": {
        "hashtags": [],
        "symbols": [],
        "user_mentions": [
            {
                "screen_name": "LouisVuitton",
                "name": "Louis Vuitton",
                "id": 44084633,
                "id_str": "44084633",
                "indices": [
                    0,
                    13
                ]
            },
            {
                "screen_name": "virgilabloh",
                "name": "virgil abloh",
                "id": 21845792,
                "id_str": "21845792",
                "indices": [
                    18,
                    30
                ]
            }
        ],
        "urls": [],
        "media": [
            {
                "id": 1237217796708118534,
                "id_str": "1237217796708118534",
                "indices": [
                    40,
                    63
                ],
                "media_url": "http://pbs.twimg.com/media/ESt7B_KUMAYV694.png",
                "media_url_https": "https://pbs.twimg.com/media/ESt7B_KUMAYV694.png",
                "url": "https://t.co/6QQAPGWfO0",
                "display_url": "pic.twitter.com/6QQAPGWfO0",
                "expanded_url": "https://twitter.com/farhanjad_/status/1237218867446829056/photo/1",
                "type": "photo",
                "sizes": {
                    "small": {
                        "w": 409,
                        "h": 622,
                        "resize": "fit"
                    },
                    "thumb": {
                        "w": 150,
                        "h": 150,
                        "resize": "crop"
                    },
                    "medium": {
                        "w": 409,
                        "h": 622,
                        "resize": "fit"
                    },
                    "large": {
                        "w": 409,
                        "h": 622,
                        "resize": "fit"
                    }
                }
            }
        ]
    },
    "extended_entities": {
        "media": [
            {
                "id": 1237217796708118534,
                "id_str": "1237217796708118534",
                "indices": [
                    40,
                    63
                ],
                "media_url": "http://pbs.twimg.com/media/ESt7B_KUMAYV694.png",
                "media_url_https": "https://pbs.twimg.com/media/ESt7B_KUMAYV694.png",
                "url": "https://t.co/6QQAPGWfO0",
                "display_url": "pic.twitter.com/6QQAPGWfO0",
                "expanded_url": "https://twitter.com/farhanjad_/status/1237218867446829056/photo/1",
                "type": "photo",
                "sizes": {
                    "small": {
                        "w": 409,
                        "h": 622,
                        "resize": "fit"
                    },
                    "thumb": {
                        "w": 150,
                        "h": 150,
                        "resize": "crop"
                    },
                    "medium": {
                        "w": 409,
                        "h": 622,
                        "resize": "fit"
                    },
                    "large": {
                        "w": 409,
                        "h": 622,
                        "resize": "fit"
                    }
                }
            },
            {
                "id": 1237218195322187776,
                "id_str": "1237218195322187776",
                "indices": [
                    40,
                    63
                ],
                "media_url": "http://pbs.twimg.com/media/ESt7ZMHUMAAJY_I.png",
                "media_url_https": "https://pbs.twimg.com/media/ESt7ZMHUMAAJY_I.png",
                "url": "https://t.co/6QQAPGWfO0",
                "display_url": "pic.twitter.com/6QQAPGWfO0",
                "expanded_url": "https://twitter.com/farhanjad_/status/1237218867446829056/photo/1",
                "type": "photo",
                "sizes": {
                    "medium": {
                        "w": 407,
                        "h": 620,
                        "resize": "fit"
                    },
                    "large": {
                        "w": 407,
                        "h": 620,
                        "resize": "fit"
                    },
                    "small": {
                        "w": 407,
                        "h": 620,
                        "resize": "fit"
                    },
                    "thumb": {
                        "w": 150,
                        "h": 150,
                        "resize": "crop"
                    }
                }
            },
            {
                "id": 1237218232752173056,
                "id_str": "1237218232752173056",
                "indices": [
                    40,
                    63
                ],
                "media_url": "http://pbs.twimg.com/media/ESt7bXjUcAAflXf.png",
                "media_url_https": "https://pbs.twimg.com/media/ESt7bXjUcAAflXf.png",
                "url": "https://t.co/6QQAPGWfO0",
                "display_url": "pic.twitter.com/6QQAPGWfO0",
                "expanded_url": "https://twitter.com/farhanjad_/status/1237218867446829056/photo/1",
                "type": "photo",
                "sizes": {
                    "medium": {
                        "w": 409,
                        "h": 629,
                        "resize": "fit"
                    },
                    "large": {
                        "w": 409,
                        "h": 629,
                        "resize": "fit"
                    },
                    "thumb": {
                        "w": 150,
                        "h": 150,
                        "resize": "crop"
                    },
                    "small": {
                        "w": 409,
                        "h": 629,
                        "resize": "fit"
                    }
                }
            },
            {
                "id": 1237218279275368448,
                "id_str": "1237218279275368448",
                "indices": [
                    40,
                    63
                ],
                "media_url": "http://pbs.twimg.com/media/ESt7eE3UEAAfT0Z.png",
                "media_url_https": "https://pbs.twimg.com/media/ESt7eE3UEAAfT0Z.png",
                "url": "https://t.co/6QQAPGWfO0",
                "display_url": "pic.twitter.com/6QQAPGWfO0",
                "expanded_url": "https://twitter.com/farhanjad_/status/1237218867446829056/photo/1",
                "type": "photo",
                "sizes": {
                    "large": {
                        "w": 417,
                        "h": 624,
                        "resize": "fit"
                    },
                    "small": {
                        "w": 417,
                        "h": 624,
                        "resize": "fit"
                    },
                    "medium": {
                        "w": 417,
                        "h": 624,
                        "resize": "fit"
                    },
                    "thumb": {
                        "w": 150,
                        "h": 150,
                        "resize": "crop"
                    }
                }
            }
        ]
    },
    "metadata": {
        "iso_language_code": "es",
        "result_type": "recent"
    },
    "source": "<a href=\"https://mobile.twitter.com\" rel=\"nofollow\">Twitter Web App</a>",
    "in_reply_to_status_id": null,
    "in_reply_to_status_id_str": null,
    "in_reply_to_user_id": 44084633,
    "in_reply_to_user_id_str": "44084633",
    "in_reply_to_screen_name": "LouisVuitton",
    "user": {
        "id": 198846817,
        "id_str": "198846817",
        "name": "jad \u9ed9\u308c",
        "screen_name": "farhanjad_",
        "location": "L\u0489o\u0489c\u0489h\u0489 \u0489N\u0489e\u0489s\u0489s\u0489",
        "description": "\ud835\udc13\ud835\udc28\ud835\udc28 \ud835\udc1d\ud835\udc1e\ud835\udc1a\ud835\udc1f, \ud835\udc1d\ud835\udc2e\ud835\udc26\ud835\udc1b, \ud835\udc1a\ud835\udc27\ud835\udc1d \ud835\udc1b\ud835\udc25\ud835\udc22\ud835\udc27\ud835\udc1d \ud835\udc2d\ud835\udc28 \ud835\udc2c\ud835\udc1e\ud835\udc1e \ud835\udc2d\ud835\udc21\ud835\udc1e \ud835\udc1d\ud835\udc1a\ud835\udc26\ud835\udc1a\ud835\udc20\ud835\udc1e \ud835\udc08'\ud835\udc2f\ud835\udc1e \ud835\udc1d\ud835\udc28\ud835\udc27\ud835\udc1e",
        "url": "https://t.co/qBP2lhsCJb",
        "entities": {
            "url": {
                "urls": [
                    {
                        "url": "https://t.co/qBP2lhsCJb",
                        "expanded_url": "https://instagram.com/jad.goyard",
                        "display_url": "instagram.com/jad.goyard",
                        "indices": [
                            0,
                            23
                        ]
                    }
                ]
            },
            "description": {
                "urls": []
            }
        },
        "protected": false,
        "followers_count": 380,
        "friends_count": 809,
        "listed_count": 6,
        "created_at": "Tue Oct 05 12:04:56 +0000 2010",
        "favourites_count": 19004,
        "utc_offset": null,
        "time_zone": null,
        "geo_enabled": true,
        "verified": false,
        "statuses_count": 59448,
        "lang": null,
        "contributors_enabled": false,
        "is_translator": false,
        "is_translation_enabled": false,
        "profile_background_color": "C6E2EE",
        "profile_background_image_url": "http://abs.twimg.com/images/themes/theme1/bg.png",
        "profile_background_image_url_https": "https://abs.twimg.com/images/themes/theme1/bg.png",
        "profile_background_tile": false,
        "profile_image_url": "http://pbs.twimg.com/profile_images/1236941664050003968/aD6UaRqI_normal.jpg",
        "profile_image_url_https": "https://pbs.twimg.com/profile_images/1236941664050003968/aD6UaRqI_normal.jpg",
        "profile_banner_url": "https://pbs.twimg.com/profile_banners/198846817/1583403624",
        "profile_link_color": "1F98C7",
        "profile_sidebar_border_color": "000000",
        "profile_sidebar_fill_color": "141014",
        "profile_text_color": "EBEB8A",
        "profile_use_background_image": true,
        "has_extended_profile": true,
        "default_profile": false,
        "default_profile_image": false,
        "following": null,
        "follow_request_sent": null,
        "notifications": null,
        "translator_type": "none"
    },
    "geo": null,
    "coordinates": null,
    "place": null,
    "contributors": null,
    "is_quote_status": false,
    "retweet_count": 0,
    "favorite_count": 0,
    "favorited": false,
    "retweeted": false,
    "possibly_sensitive": false,
    "lang": "es"
}