{
    "created_at": "Mon Mar 09 23:05:12 +0000 2020",
    "id": 1237152486743396352,
    "id_str": "1237152486743396352",
    "text": "RT @VogueRunway: .@virgilabloh on @LouisVuitton's new collaboration with Japanese streetwear pioneer Nigo, and what the designer really mea\u2026",
    "truncated": false,
    "entities": {
        "hashtags": [],
        "symbols": [],
        "user_mentions": [
            {
                "screen_name": "VogueRunway",
                "name": "Vogue Runway",
                "id": 21401466,
                "id_str": "21401466",
                "indices": [
                    3,
                    15
                ]
            },
            {
                "screen_name": "virgilabloh",
                "name": "virgil abloh",
                "id": 21845792,
                "id_str": "21845792",
                "indices": [
                    18,
                    30
                ]
            },
            {
                "screen_name": "LouisVuitton",
                "name": "Louis Vuitton",
                "id": 44084633,
                "id_str": "44084633",
                "indices": [
                    34,
                    47
                ]
            }
        ],
        "urls": []
    },
    "metadata": {
        "iso_language_code": "en",
        "result_type": "recent"
    },
    "source": "<a href=\"http://twitter.com/download/android\" rel=\"nofollow\">Twitter for Android</a>",
    "in_reply_to_status_id": null,
    "in_reply_to_status_id_str": null,
    "in_reply_to_user_id": null,
    "in_reply_to_user_id_str": null,
    "in_reply_to_screen_name": null,
    "user": {
        "id": 547077394,
        "id_str": "547077394",
        "name": "eleanor quiroz",
        "screen_name": "eleanorquiroz",
        "location": "Distrito Federal, M\u00e9xico",
        "description": "The old Eleanor can't  come to the phone right now. Why? Oh! Cuz she's  dead.",
        "url": null,
        "entities": {
            "description": {
                "urls": []
            }
        },
        "protected": false,
        "followers_count": 127,
        "friends_count": 114,
        "listed_count": 15,
        "created_at": "Fri Apr 06 20:12:18 +0000 2012",
        "favourites_count": 16187,
        "utc_offset": null,
        "time_zone": null,
        "geo_enabled": true,
        "verified": false,
        "statuses_count": 22492,
        "lang": null,
        "contributors_enabled": false,
        "is_translator": false,
        "is_translation_enabled": false,
        "profile_background_color": "000000",
        "profile_background_image_url": "http://abs.twimg.com/images/themes/theme5/bg.gif",
        "profile_background_image_url_https": "https://abs.twimg.com/images/themes/theme5/bg.gif",
        "profile_background_tile": false,
        "profile_image_url": "http://pbs.twimg.com/profile_images/1232079450839240705/g16712y1_normal.jpg",
        "profile_image_url_https": "https://pbs.twimg.com/profile_images/1232079450839240705/g16712y1_normal.jpg",
        "profile_banner_url": "https://pbs.twimg.com/profile_banners/547077394/1582426017",
        "profile_link_color": "ABB8C2",
        "profile_sidebar_border_color": "000000",
        "profile_sidebar_fill_color": "000000",
        "profile_text_color": "000000",
        "profile_use_background_image": false,
        "has_extended_profile": true,
        "default_profile": false,
        "default_profile_image": false,
        "following": null,
        "follow_request_sent": null,
        "notifications": null,
        "translator_type": "none"
    },
    "geo": null,
    "coordinates": null,
    "place": null,
    "contributors": null,
    "retweeted_status": {
        "created_at": "Mon Mar 09 13:58:21 +0000 2020",
        "id": 1237014867023888385,
        "id_str": "1237014867023888385",
        "text": ".@virgilabloh on @LouisVuitton's new collaboration with Japanese streetwear pioneer Nigo, and what the designer rea\u2026 https://t.co/3wLoUa03zC",
        "truncated": true,
        "entities": {
            "hashtags": [],
            "symbols": [],
            "user_mentions": [
                {
                    "screen_name": "virgilabloh",
                    "name": "virgil abloh",
                    "id": 21845792,
                    "id_str": "21845792",
                    "indices": [
                        1,
                        13
                    ]
                },
                {
                    "screen_name": "LouisVuitton",
                    "name": "Louis Vuitton",
                    "id": 44084633,
                    "id_str": "44084633",
                    "indices": [
                        17,
                        30
                    ]
                }
            ],
            "urls": [
                {
                    "url": "https://t.co/3wLoUa03zC",
                    "expanded_url": "https://twitter.com/i/web/status/1237014867023888385",
                    "display_url": "twitter.com/i/web/status/1\u2026",
                    "indices": [
                        117,
                        140
                    ]
                }
            ]
        },
        "metadata": {
            "iso_language_code": "en",
            "result_type": "recent"
        },
        "source": "<a href=\"http://www.socialflow.com\" rel=\"nofollow\">SocialFlow</a>",
        "in_reply_to_status_id": null,
        "in_reply_to_status_id_str": null,
        "in_reply_to_user_id": null,
        "in_reply_to_user_id_str": null,
        "in_reply_to_screen_name": null,
        "user": {
            "id": 21401466,
            "id_str": "21401466",
            "name": "Vogue Runway",
            "screen_name": "VogueRunway",
            "location": "",
            "description": "See fashion first.",
            "url": "http://t.co/kO1U5DuWNv",
            "entities": {
                "url": {
                    "urls": [
                        {
                            "url": "http://t.co/kO1U5DuWNv",
                            "expanded_url": "http://www.VogueRunway.com",
                            "display_url": "VogueRunway.com",
                            "indices": [
                                0,
                                22
                            ]
                        }
                    ]
                },
                "description": {
                    "urls": []
                }
            },
            "protected": false,
            "followers_count": 2070131,
            "friends_count": 619,
            "listed_count": 9979,
            "created_at": "Fri Feb 20 14:46:10 +0000 2009",
            "favourites_count": 3965,
            "utc_offset": null,
            "time_zone": null,
            "geo_enabled": true,
            "verified": true,
            "statuses_count": 113128,
            "lang": null,
            "contributors_enabled": false,
            "is_translator": false,
            "is_translation_enabled": false,
            "profile_background_color": "000000",
            "profile_background_image_url": "http://abs.twimg.com/images/themes/theme1/bg.png",
            "profile_background_image_url_https": "https://abs.twimg.com/images/themes/theme1/bg.png",
            "profile_background_tile": false,
            "profile_image_url": "http://pbs.twimg.com/profile_images/645995871889330176/9rDRhKZb_normal.jpg",
            "profile_image_url_https": "https://pbs.twimg.com/profile_images/645995871889330176/9rDRhKZb_normal.jpg",
            "profile_banner_url": "https://pbs.twimg.com/profile_banners/21401466/1569955000",
            "profile_link_color": "5D98BA",
            "profile_sidebar_border_color": "FFFFFF",
            "profile_sidebar_fill_color": "F8F8F8",
            "profile_text_color": "333333",
            "profile_use_background_image": false,
            "has_extended_profile": false,
            "default_profile": false,
            "default_profile_image": false,
            "following": null,
            "follow_request_sent": null,
            "notifications": null,
            "translator_type": "none"
        },
        "geo": null,
        "coordinates": null,
        "place": null,
        "contributors": null,
        "is_quote_status": false,
        "retweet_count": 13,
        "favorite_count": 69,
        "favorited": false,
        "retweeted": false,
        "possibly_sensitive": false,
        "lang": "en"
    },
    "is_quote_status": false,
    "retweet_count": 13,
    "favorite_count": 0,
    "favorited": false,
    "retweeted": false,
    "lang": "en"
}