{
    "created_at": "Tue Mar 10 09:59:08 +0000 2020",
    "id": 1237317055281577985,
    "id_str": "1237317055281577985",
    "text": "@JaunRazaElia @SnF_Ideas @Facebook @gucci @LouisVuitton @MichaelKors Bwahahahaha yaar ye true bibi bechare ghareebo\u2026 https://t.co/lMbkMhafTL",
    "truncated": true,
    "entities": {
        "hashtags": [],
        "symbols": [],
        "user_mentions": [
            {
                "screen_name": "JaunRazaElia",
                "name": "Maysam Raza",
                "id": 24955296,
                "id_str": "24955296",
                "indices": [
                    0,
                    13
                ]
            },
            {
                "screen_name": "SnF_Ideas",
                "name": "Sabeeka Syeda Zahra",
                "id": 465161458,
                "id_str": "465161458",
                "indices": [
                    14,
                    24
                ]
            },
            {
                "screen_name": "Facebook",
                "name": "Facebook",
                "id": 2425151,
                "id_str": "2425151",
                "indices": [
                    25,
                    34
                ]
            },
            {
                "screen_name": "gucci",
                "name": "gucci",
                "id": 16913418,
                "id_str": "16913418",
                "indices": [
                    35,
                    41
                ]
            },
            {
                "screen_name": "LouisVuitton",
                "name": "Louis Vuitton",
                "id": 44084633,
                "id_str": "44084633",
                "indices": [
                    42,
                    55
                ]
            },
            {
                "screen_name": "MichaelKors",
                "name": "Michael Kors",
                "id": 153474021,
                "id_str": "153474021",
                "indices": [
                    56,
                    68
                ]
            }
        ],
        "urls": [
            {
                "url": "https://t.co/lMbkMhafTL",
                "expanded_url": "https://twitter.com/i/web/status/1237317055281577985",
                "display_url": "twitter.com/i/web/status/1\u2026",
                "indices": [
                    117,
                    140
                ]
            }
        ]
    },
    "metadata": {
        "iso_language_code": "tl",
        "result_type": "recent"
    },
    "source": "<a href=\"http://twitter.com/download/iphone\" rel=\"nofollow\">Twitter for iPhone</a>",
    "in_reply_to_status_id": 1236959325530267650,
    "in_reply_to_status_id_str": "1236959325530267650",
    "in_reply_to_user_id": 24955296,
    "in_reply_to_user_id_str": "24955296",
    "in_reply_to_screen_name": "JaunRazaElia",
    "user": {
        "id": 2269109136,
        "id_str": "2269109136",
        "name": "Nabeel Kazmain",
        "screen_name": "NKazmain",
        "location": "United Arab Emirates",
        "description": "Love Pak Army \u2764\ufe0f Love IK. Nothing Above Pakistan \ud83c\uddf5\ud83c\uddf0",
        "url": null,
        "entities": {
            "description": {
                "urls": []
            }
        },
        "protected": false,
        "followers_count": 101,
        "friends_count": 176,
        "listed_count": 3,
        "created_at": "Mon Dec 30 16:36:49 +0000 2013",
        "favourites_count": 11617,
        "utc_offset": null,
        "time_zone": null,
        "geo_enabled": false,
        "verified": false,
        "statuses_count": 758,
        "lang": null,
        "contributors_enabled": false,
        "is_translator": false,
        "is_translation_enabled": false,
        "profile_background_color": "022330",
        "profile_background_image_url": "http://abs.twimg.com/images/themes/theme15/bg.png",
        "profile_background_image_url_https": "https://abs.twimg.com/images/themes/theme15/bg.png",
        "profile_background_tile": false,
        "profile_image_url": "http://pbs.twimg.com/profile_images/1152363168448094214/K69LV3av_normal.jpg",
        "profile_image_url_https": "https://pbs.twimg.com/profile_images/1152363168448094214/K69LV3av_normal.jpg",
        "profile_banner_url": "https://pbs.twimg.com/profile_banners/2269109136/1409836990",
        "profile_link_color": "DD2E44",
        "profile_sidebar_border_color": "000000",
        "profile_sidebar_fill_color": "DDEEF6",
        "profile_text_color": "333333",
        "profile_use_background_image": true,
        "has_extended_profile": true,
        "default_profile": false,
        "default_profile_image": false,
        "following": null,
        "follow_request_sent": null,
        "notifications": null,
        "translator_type": "none"
    },
    "geo": null,
    "coordinates": null,
    "place": null,
    "contributors": null,
    "is_quote_status": false,
    "retweet_count": 0,
    "favorite_count": 0,
    "favorited": false,
    "retweeted": false,
    "lang": "tl"
}