{
    "created_at": "Tue Mar 10 00:09:07 +0000 2020",
    "id": 1237168569739137024,
    "id_str": "1237168569739137024",
    "text": "@JeffreeStar @LouisVuitton Where are those shades from!?!",
    "truncated": false,
    "entities": {
        "hashtags": [],
        "symbols": [],
        "user_mentions": [
            {
                "screen_name": "JeffreeStar",
                "name": "Jeffree Star",
                "id": 18236230,
                "id_str": "18236230",
                "indices": [
                    0,
                    12
                ]
            },
            {
                "screen_name": "LouisVuitton",
                "name": "Louis Vuitton",
                "id": 44084633,
                "id_str": "44084633",
                "indices": [
                    13,
                    26
                ]
            }
        ],
        "urls": []
    },
    "metadata": {
        "iso_language_code": "en",
        "result_type": "recent"
    },
    "source": "<a href=\"http://twitter.com/download/iphone\" rel=\"nofollow\">Twitter for iPhone</a>",
    "in_reply_to_status_id": 1235668091251519488,
    "in_reply_to_status_id_str": "1235668091251519488",
    "in_reply_to_user_id": 18236230,
    "in_reply_to_user_id_str": "18236230",
    "in_reply_to_screen_name": "JeffreeStar",
    "user": {
        "id": 895348234721255424,
        "id_str": "895348234721255424",
        "name": "Anders Orea",
        "screen_name": "b3astboi14",
        "location": "Madera, CA",
        "description": "\ud83d\udc7b: Monrizzle14",
        "url": "https://t.co/nndf3X3YQu",
        "entities": {
            "url": {
                "urls": [
                    {
                        "url": "https://t.co/nndf3X3YQu",
                        "expanded_url": "http://www.instagram.com/b3astboi14",
                        "display_url": "instagram.com/b3astboi14",
                        "indices": [
                            0,
                            23
                        ]
                    }
                ]
            },
            "description": {
                "urls": []
            }
        },
        "protected": false,
        "followers_count": 18,
        "friends_count": 191,
        "listed_count": 0,
        "created_at": "Wed Aug 09 18:17:08 +0000 2017",
        "favourites_count": 574,
        "utc_offset": null,
        "time_zone": null,
        "geo_enabled": false,
        "verified": false,
        "statuses_count": 503,
        "lang": null,
        "contributors_enabled": false,
        "is_translator": false,
        "is_translation_enabled": false,
        "profile_background_color": "F5F8FA",
        "profile_background_image_url": null,
        "profile_background_image_url_https": null,
        "profile_background_tile": false,
        "profile_image_url": "http://pbs.twimg.com/profile_images/1229589502030561280/8JzsaqFR_normal.jpg",
        "profile_image_url_https": "https://pbs.twimg.com/profile_images/1229589502030561280/8JzsaqFR_normal.jpg",
        "profile_banner_url": "https://pbs.twimg.com/profile_banners/895348234721255424/1581991957",
        "profile_link_color": "1DA1F2",
        "profile_sidebar_border_color": "C0DEED",
        "profile_sidebar_fill_color": "DDEEF6",
        "profile_text_color": "333333",
        "profile_use_background_image": true,
        "has_extended_profile": true,
        "default_profile": true,
        "default_profile_image": false,
        "following": null,
        "follow_request_sent": null,
        "notifications": null,
        "translator_type": "none"
    },
    "geo": null,
    "coordinates": null,
    "place": null,
    "contributors": null,
    "is_quote_status": false,
    "retweet_count": 0,
    "favorite_count": 0,
    "favorited": false,
    "retweeted": false,
    "lang": "en"
}