{
    "created_at": "Tue Mar 10 01:06:17 +0000 2020",
    "id": 1237182958471204866,
    "id_str": "1237182958471204866",
    "text": "@_Cellaaaa @ZARA @LouisVuitton \ud83d\ude18\u2764\ufe0f",
    "truncated": false,
    "entities": {
        "hashtags": [],
        "symbols": [],
        "user_mentions": [
            {
                "screen_name": "_Cellaaaa",
                "name": "celladadondiva",
                "id": 2612662148,
                "id_str": "2612662148",
                "indices": [
                    0,
                    10
                ]
            },
            {
                "screen_name": "ZARA",
                "name": "ZARA",
                "id": 346742249,
                "id_str": "346742249",
                "indices": [
                    11,
                    16
                ]
            },
            {
                "screen_name": "LouisVuitton",
                "name": "Louis Vuitton",
                "id": 44084633,
                "id_str": "44084633",
                "indices": [
                    17,
                    30
                ]
            }
        ],
        "urls": []
    },
    "metadata": {
        "iso_language_code": "und",
        "result_type": "recent"
    },
    "source": "<a href=\"http://twitter.com/download/iphone\" rel=\"nofollow\">Twitter for iPhone</a>",
    "in_reply_to_status_id": 1237181296687951872,
    "in_reply_to_status_id_str": "1237181296687951872",
    "in_reply_to_user_id": 2612662148,
    "in_reply_to_user_id_str": "2612662148",
    "in_reply_to_screen_name": "_Cellaaaa",
    "user": {
        "id": 780520877674815488,
        "id_str": "780520877674815488",
        "name": "b i g s t e p p e r \ud83d\udc60",
        "screen_name": "numbaonethreat2",
        "location": "e v o l v i n g \ud83c\udf3b",
        "description": "o7.o5.14 \u2764\ufe0f;;",
        "url": null,
        "entities": {
            "description": {
                "urls": []
            }
        },
        "protected": false,
        "followers_count": 600,
        "friends_count": 413,
        "listed_count": 6,
        "created_at": "Mon Sep 26 21:34:13 +0000 2016",
        "favourites_count": 2276,
        "utc_offset": null,
        "time_zone": null,
        "geo_enabled": false,
        "verified": false,
        "statuses_count": 14746,
        "lang": null,
        "contributors_enabled": false,
        "is_translator": false,
        "is_translation_enabled": false,
        "profile_background_color": "F5F8FA",
        "profile_background_image_url": null,
        "profile_background_image_url_https": null,
        "profile_background_tile": false,
        "profile_image_url": "http://pbs.twimg.com/profile_images/1224521964959739904/0a0XpTFc_normal.jpg",
        "profile_image_url_https": "https://pbs.twimg.com/profile_images/1224521964959739904/0a0XpTFc_normal.jpg",
        "profile_banner_url": "https://pbs.twimg.com/profile_banners/780520877674815488/1583082532",
        "profile_link_color": "1DA1F2",
        "profile_sidebar_border_color": "C0DEED",
        "profile_sidebar_fill_color": "DDEEF6",
        "profile_text_color": "333333",
        "profile_use_background_image": true,
        "has_extended_profile": true,
        "default_profile": true,
        "default_profile_image": false,
        "following": null,
        "follow_request_sent": null,
        "notifications": null,
        "translator_type": "none"
    },
    "geo": null,
    "coordinates": null,
    "place": null,
    "contributors": null,
    "is_quote_status": false,
    "retweet_count": 0,
    "favorite_count": 1,
    "favorited": false,
    "retweeted": false,
    "lang": "und"
}