{
    "created_at": "Mon Mar 09 22:44:34 +0000 2020",
    "id": 1237147293951897600,
    "id_str": "1237147293951897600",
    "text": "@berluti @Dior @LouisVuitton plz consider #Sehun from #EXO as your ambassador \ud83d\ude4f\n\nHe has a large following in kpop &amp;\u2026 https://t.co/PJe8a5x68u",
    "truncated": true,
    "entities": {
        "hashtags": [
            {
                "text": "Sehun",
                "indices": [
                    42,
                    48
                ]
            },
            {
                "text": "EXO",
                "indices": [
                    54,
                    58
                ]
            }
        ],
        "symbols": [],
        "user_mentions": [
            {
                "screen_name": "berluti",
                "name": "Berluti",
                "id": 1449650078,
                "id_str": "1449650078",
                "indices": [
                    0,
                    8
                ]
            },
            {
                "screen_name": "Dior",
                "name": "Dior",
                "id": 348379865,
                "id_str": "348379865",
                "indices": [
                    9,
                    14
                ]
            },
            {
                "screen_name": "LouisVuitton",
                "name": "Louis Vuitton",
                "id": 44084633,
                "id_str": "44084633",
                "indices": [
                    15,
                    28
                ]
            }
        ],
        "urls": [
            {
                "url": "https://t.co/PJe8a5x68u",
                "expanded_url": "https://twitter.com/i/web/status/1237147293951897600",
                "display_url": "twitter.com/i/web/status/1\u2026",
                "indices": [
                    121,
                    144
                ]
            }
        ]
    },
    "metadata": {
        "iso_language_code": "en",
        "result_type": "recent"
    },
    "source": "<a href=\"http://twitter.com/download/iphone\" rel=\"nofollow\">Twitter for iPhone</a>",
    "in_reply_to_status_id": null,
    "in_reply_to_status_id_str": null,
    "in_reply_to_user_id": 1449650078,
    "in_reply_to_user_id_str": "1449650078",
    "in_reply_to_screen_name": "berluti",
    "user": {
        "id": 1057892307029106688,
        "id_str": "1057892307029106688",
        "name": "Jesus is With Chen",
        "screen_name": "Rainbow_Floppp",
        "location": "",
        "description": "",
        "url": null,
        "entities": {
            "description": {
                "urls": []
            }
        },
        "protected": false,
        "followers_count": 883,
        "friends_count": 1036,
        "listed_count": 2,
        "created_at": "Thu Nov 01 07:09:15 +0000 2018",
        "favourites_count": 238090,
        "utc_offset": null,
        "time_zone": null,
        "geo_enabled": false,
        "verified": false,
        "statuses_count": 263570,
        "lang": null,
        "contributors_enabled": false,
        "is_translator": false,
        "is_translation_enabled": false,
        "profile_background_color": "F5F8FA",
        "profile_background_image_url": null,
        "profile_background_image_url_https": null,
        "profile_background_tile": false,
        "profile_image_url": "http://pbs.twimg.com/profile_images/1195414874312073216/wJn4ETF__normal.jpg",
        "profile_image_url_https": "https://pbs.twimg.com/profile_images/1195414874312073216/wJn4ETF__normal.jpg",
        "profile_link_color": "1DA1F2",
        "profile_sidebar_border_color": "C0DEED",
        "profile_sidebar_fill_color": "DDEEF6",
        "profile_text_color": "333333",
        "profile_use_background_image": true,
        "has_extended_profile": false,
        "default_profile": true,
        "default_profile_image": false,
        "following": null,
        "follow_request_sent": null,
        "notifications": null,
        "translator_type": "none"
    },
    "geo": null,
    "coordinates": null,
    "place": null,
    "contributors": null,
    "is_quote_status": true,
    "quoted_status_id": 1237003468952309761,
    "quoted_status_id_str": "1237003468952309761",
    "quoted_status": {
        "created_at": "Mon Mar 09 13:13:04 +0000 2020",
        "id": 1237003468952309761,
        "id_str": "1237003468952309761",
        "text": "xunqis the day they finally reveal sehun not only as the face of louis vuitton, berluti, dior but the entire lvmh e\u2026 https://t.co/5bF54I5RZ7",
        "truncated": true,
        "entities": {
            "hashtags": [],
            "symbols": [],
            "user_mentions": [],
            "urls": [
                {
                    "url": "https://t.co/5bF54I5RZ7",
                    "expanded_url": "https://twitter.com/i/web/status/1237003468952309761",
                    "display_url": "twitter.com/i/web/status/1\u2026",
                    "indices": [
                        117,
                        140
                    ]
                }
            ]
        },
        "metadata": {
            "iso_language_code": "en",
            "result_type": "recent"
        },
        "source": "<a href=\"http://twitter.com/download/iphone\" rel=\"nofollow\">Twitter for iPhone</a>",
        "in_reply_to_status_id": null,
        "in_reply_to_status_id_str": null,
        "in_reply_to_user_id": null,
        "in_reply_to_user_id_str": null,
        "in_reply_to_screen_name": null,
        "user": {
            "id": 869538582,
            "id_str": "869538582",
            "name": "Oh Sehun",
            "screen_name": "sehunavenue",
            "location": "",
            "description": "Oh Sehun World Domination.",
            "url": null,
            "entities": {
                "description": {
                    "urls": []
                }
            },
            "protected": false,
            "followers_count": 2410,
            "friends_count": 97,
            "listed_count": 81,
            "created_at": "Tue Oct 09 09:22:59 +0000 2012",
            "favourites_count": 22240,
            "utc_offset": null,
            "time_zone": null,
            "geo_enabled": false,
            "verified": false,
            "statuses_count": 10778,
            "lang": null,
            "contributors_enabled": false,
            "is_translator": false,
            "is_translation_enabled": false,
            "profile_background_color": "000000",
            "profile_background_image_url": "http://abs.twimg.com/images/themes/theme14/bg.gif",
            "profile_background_image_url_https": "https://abs.twimg.com/images/themes/theme14/bg.gif",
            "profile_background_tile": true,
            "profile_image_url": "http://pbs.twimg.com/profile_images/1231562533078622208/wZKesteP_normal.jpg",
            "profile_image_url_https": "https://pbs.twimg.com/profile_images/1231562533078622208/wZKesteP_normal.jpg",
            "profile_banner_url": "https://pbs.twimg.com/profile_banners/869538582/1582462368",
            "profile_link_color": "154360",
            "profile_sidebar_border_color": "FFFFFF",
            "profile_sidebar_fill_color": "DDC6AB",
            "profile_text_color": "757268",
            "profile_use_background_image": false,
            "has_extended_profile": false,
            "default_profile": false,
            "default_profile_image": false,
            "following": null,
            "follow_request_sent": null,
            "notifications": null,
            "translator_type": "none"
        },
        "geo": null,
        "coordinates": null,
        "place": null,
        "contributors": null,
        "is_quote_status": false,
        "retweet_count": 194,
        "favorite_count": 444,
        "favorited": false,
        "retweeted": false,
        "possibly_sensitive": false,
        "lang": "en"
    },
    "retweet_count": 1,
    "favorite_count": 4,
    "favorited": false,
    "retweeted": false,
    "possibly_sensitive": false,
    "lang": "en"
}