{
    "created_at": "Mon Mar 09 23:14:45 +0000 2020",
    "id": 1237154887974215680,
    "id_str": "1237154887974215680",
    "text": "RT @dezeen: The facade of @LouisVuitton's store in Osaka is based on the sails of old Japanese merchant ships. https://t.co/CmLplHcc8s",
    "truncated": false,
    "entities": {
        "hashtags": [],
        "symbols": [],
        "user_mentions": [
            {
                "screen_name": "dezeen",
                "name": "Dezeen",
                "id": 26012202,
                "id_str": "26012202",
                "indices": [
                    3,
                    10
                ]
            },
            {
                "screen_name": "LouisVuitton",
                "name": "Louis Vuitton",
                "id": 44084633,
                "id_str": "44084633",
                "indices": [
                    26,
                    39
                ]
            }
        ],
        "urls": [
            {
                "url": "https://t.co/CmLplHcc8s",
                "expanded_url": "https://www.dezeen.com/2020/02/21/louis-vuittons-flagship-osaka-store-covered-in-curving-glass-sails/",
                "display_url": "dezeen.com/2020/02/21/lou\u2026",
                "indices": [
                    111,
                    134
                ]
            }
        ]
    },
    "metadata": {
        "iso_language_code": "en",
        "result_type": "recent"
    },
    "source": "<a href=\"http://twitter.com/download/iphone\" rel=\"nofollow\">Twitter for iPhone</a>",
    "in_reply_to_status_id": null,
    "in_reply_to_status_id_str": null,
    "in_reply_to_user_id": null,
    "in_reply_to_user_id_str": null,
    "in_reply_to_screen_name": null,
    "user": {
        "id": 450605145,
        "id_str": "450605145",
        "name": "\u5efa\u7bc9\u95a2\u9023\u60c5\u5831",
        "screen_name": "k_joho",
        "location": "",
        "description": "\u30cd\u30c3\u30c8\u4e0a\u306e\u5efa\u7bc9\u30fb\u4f4f\u307e\u3044\u30fb\u90fd\u5e02\u8a08\u753b\u95a2\u9023\u60c5\u5831\u3092\u4e2d\u5fc3\u306b\u30c4\u30a4\u30fc\u30c8\u30fb\u30ea\u30c4\u30a4\u30fc\u30c8\u3057\u307e\u3059\u3002",
        "url": null,
        "entities": {
            "description": {
                "urls": []
            }
        },
        "protected": false,
        "followers_count": 9994,
        "friends_count": 4414,
        "listed_count": 179,
        "created_at": "Fri Dec 30 12:48:55 +0000 2011",
        "favourites_count": 1,
        "utc_offset": null,
        "time_zone": null,
        "geo_enabled": false,
        "verified": false,
        "statuses_count": 7842,
        "lang": null,
        "contributors_enabled": false,
        "is_translator": false,
        "is_translation_enabled": false,
        "profile_background_color": "C0DEED",
        "profile_background_image_url": "http://abs.twimg.com/images/themes/theme1/bg.png",
        "profile_background_image_url_https": "https://abs.twimg.com/images/themes/theme1/bg.png",
        "profile_background_tile": false,
        "profile_image_url": "http://pbs.twimg.com/profile_images/875500085978710016/GTUrj4Fw_normal.jpg",
        "profile_image_url_https": "https://pbs.twimg.com/profile_images/875500085978710016/GTUrj4Fw_normal.jpg",
        "profile_link_color": "1DA1F2",
        "profile_sidebar_border_color": "C0DEED",
        "profile_sidebar_fill_color": "DDEEF6",
        "profile_text_color": "333333",
        "profile_use_background_image": true,
        "has_extended_profile": false,
        "default_profile": true,
        "default_profile_image": false,
        "following": null,
        "follow_request_sent": null,
        "notifications": null,
        "translator_type": "none"
    },
    "geo": null,
    "coordinates": null,
    "place": null,
    "contributors": null,
    "retweeted_status": {
        "created_at": "Mon Mar 09 22:56:03 +0000 2020",
        "id": 1237150181914796034,
        "id_str": "1237150181914796034",
        "text": "The facade of @LouisVuitton's store in Osaka is based on the sails of old Japanese merchant ships. https://t.co/CmLplHcc8s",
        "truncated": false,
        "entities": {
            "hashtags": [],
            "symbols": [],
            "user_mentions": [
                {
                    "screen_name": "LouisVuitton",
                    "name": "Louis Vuitton",
                    "id": 44084633,
                    "id_str": "44084633",
                    "indices": [
                        14,
                        27
                    ]
                }
            ],
            "urls": [
                {
                    "url": "https://t.co/CmLplHcc8s",
                    "expanded_url": "https://www.dezeen.com/2020/02/21/louis-vuittons-flagship-osaka-store-covered-in-curving-glass-sails/",
                    "display_url": "dezeen.com/2020/02/21/lou\u2026",
                    "indices": [
                        99,
                        122
                    ]
                }
            ]
        },
        "metadata": {
            "iso_language_code": "en",
            "result_type": "recent"
        },
        "source": "<a href=\"https://sproutsocial.com\" rel=\"nofollow\">Sprout Social</a>",
        "in_reply_to_status_id": null,
        "in_reply_to_status_id_str": null,
        "in_reply_to_user_id": null,
        "in_reply_to_user_id_str": null,
        "in_reply_to_screen_name": null,
        "user": {
            "id": 26012202,
            "id_str": "26012202",
            "name": "Dezeen",
            "screen_name": "dezeen",
            "location": "London",
            "description": "The world's most influential architecture and design magazine.",
            "url": "https://t.co/Z7Bz4pBHYd",
            "entities": {
                "url": {
                    "urls": [
                        {
                            "url": "https://t.co/Z7Bz4pBHYd",
                            "expanded_url": "https://www.dezeen.com/newsletters/",
                            "display_url": "dezeen.com/newsletters/",
                            "indices": [
                                0,
                                23
                            ]
                        }
                    ]
                },
                "description": {
                    "urls": []
                }
            },
            "protected": false,
            "followers_count": 961602,
            "friends_count": 15028,
            "listed_count": 10537,
            "created_at": "Mon Mar 23 14:38:43 +0000 2009",
            "favourites_count": 1519,
            "utc_offset": null,
            "time_zone": null,
            "geo_enabled": true,
            "verified": false,
            "statuses_count": 117602,
            "lang": null,
            "contributors_enabled": false,
            "is_translator": false,
            "is_translation_enabled": false,
            "profile_background_color": "FFFFFF",
            "profile_background_image_url": "http://abs.twimg.com/images/themes/theme1/bg.png",
            "profile_background_image_url_https": "https://abs.twimg.com/images/themes/theme1/bg.png",
            "profile_background_tile": false,
            "profile_image_url": "http://pbs.twimg.com/profile_images/801122329908707328/cVOgX_ER_normal.jpg",
            "profile_image_url_https": "https://pbs.twimg.com/profile_images/801122329908707328/cVOgX_ER_normal.jpg",
            "profile_banner_url": "https://pbs.twimg.com/profile_banners/26012202/1556808853",
            "profile_link_color": "6C6E95",
            "profile_sidebar_border_color": "FFFFFF",
            "profile_sidebar_fill_color": "FFFFFF",
            "profile_text_color": "000000",
            "profile_use_background_image": false,
            "has_extended_profile": false,
            "default_profile": false,
            "default_profile_image": false,
            "following": null,
            "follow_request_sent": null,
            "notifications": null,
            "translator_type": "none"
        },
        "geo": null,
        "coordinates": null,
        "place": null,
        "contributors": null,
        "is_quote_status": false,
        "retweet_count": 19,
        "favorite_count": 78,
        "favorited": false,
        "retweeted": false,
        "possibly_sensitive": false,
        "lang": "en"
    },
    "is_quote_status": false,
    "retweet_count": 19,
    "favorite_count": 0,
    "favorited": false,
    "retweeted": false,
    "possibly_sensitive": false,
    "lang": "en"
}