{
    "created_at": "Tue Mar 10 11:39:12 +0000 2020",
    "id": 1237342237241065473,
    "id_str": "1237342237241065473",
    "text": "@FLPrincessSJK @LouisVuitton @FindomPromoSub @StaciesSlut Love this! \ud83d\ude0d",
    "truncated": false,
    "entities": {
        "hashtags": [],
        "symbols": [],
        "user_mentions": [
            {
                "screen_name": "FLPrincessSJK",
                "name": "\ud83d\udc63\ud83d\udcb8\ud835\udca2\ud835\udc5c\ud835\udcb9\ud835\udcb9\ud835\udc52\ud835\udcc8\ud835\udcc8 \ud835\udcae\ud835\udcc9\ud835\udcb6\ud835\udcb8\ud835\udcbe\ud835\udc52 \ud83d\udcb8\ud83e\udd40",
                "id": 720479844463689728,
                "id_str": "720479844463689728",
                "indices": [
                    0,
                    14
                ]
            },
            {
                "screen_name": "LouisVuitton",
                "name": "Louis Vuitton",
                "id": 44084633,
                "id_str": "44084633",
                "indices": [
                    15,
                    28
                ]
            },
            {
                "screen_name": "FindomPromoSub",
                "name": "FindomPromoSub Tag Me!",
                "id": 1046556433511256064,
                "id_str": "1046556433511256064",
                "indices": [
                    29,
                    44
                ]
            },
            {
                "screen_name": "StaciesSlut",
                "name": "Stacie\u2019s Sissy Slut",
                "id": 1219878788927873024,
                "id_str": "1219878788927873024",
                "indices": [
                    45,
                    57
                ]
            }
        ],
        "urls": []
    },
    "metadata": {
        "iso_language_code": "en",
        "result_type": "recent"
    },
    "source": "<a href=\"http://twitter.com/download/iphone\" rel=\"nofollow\">Twitter for iPhone</a>",
    "in_reply_to_status_id": 1237147036329349121,
    "in_reply_to_status_id_str": "1237147036329349121",
    "in_reply_to_user_id": 720479844463689728,
    "in_reply_to_user_id_str": "720479844463689728",
    "in_reply_to_screen_name": "FLPrincessSJK",
    "user": {
        "id": 1132673124586197002,
        "id_str": "1132673124586197002",
        "name": "\ud83c\uddec\ud83c\udde7Goddess Mia\ud83c\uddef\ud83c\uddf2 \ud83c\udf89Birthday 24/03\ud83c\udf81",
        "screen_name": "Goddess__Mia",
        "location": "London, England",
        "description": "Ebony FinDomme/FemDomme \ud83d\udda4 Bank Transfer - 163130 - 23085265 / CashApp -\u00a3goddessmiauk / PayPal - DM me / Paxum & Amazon UK - goddessmia19@outlook.com \ud83d\udc51",
        "url": "https://t.co/VJZlmyOH5F",
        "entities": {
            "url": {
                "urls": [
                    {
                        "url": "https://t.co/VJZlmyOH5F",
                        "expanded_url": "https://allmylinks.com/goddessmiax",
                        "display_url": "allmylinks.com/goddessmiax",
                        "indices": [
                            0,
                            23
                        ]
                    }
                ]
            },
            "description": {
                "urls": []
            }
        },
        "protected": false,
        "followers_count": 1795,
        "friends_count": 734,
        "listed_count": 3,
        "created_at": "Sun May 26 15:41:31 +0000 2019",
        "favourites_count": 11449,
        "utc_offset": null,
        "time_zone": null,
        "geo_enabled": false,
        "verified": false,
        "statuses_count": 6025,
        "lang": null,
        "contributors_enabled": false,
        "is_translator": false,
        "is_translation_enabled": false,
        "profile_background_color": "F5F8FA",
        "profile_background_image_url": null,
        "profile_background_image_url_https": null,
        "profile_background_tile": false,
        "profile_image_url": "http://pbs.twimg.com/profile_images/1132674198965575681/qNzNEBJj_normal.jpg",
        "profile_image_url_https": "https://pbs.twimg.com/profile_images/1132674198965575681/qNzNEBJj_normal.jpg",
        "profile_banner_url": "https://pbs.twimg.com/profile_banners/1132673124586197002/1560438382",
        "profile_link_color": "1DA1F2",
        "profile_sidebar_border_color": "C0DEED",
        "profile_sidebar_fill_color": "DDEEF6",
        "profile_text_color": "333333",
        "profile_use_background_image": true,
        "has_extended_profile": true,
        "default_profile": true,
        "default_profile_image": false,
        "following": null,
        "follow_request_sent": null,
        "notifications": null,
        "translator_type": "none"
    },
    "geo": null,
    "coordinates": null,
    "place": null,
    "contributors": null,
    "is_quote_status": false,
    "retweet_count": 0,
    "favorite_count": 1,
    "favorited": false,
    "retweeted": false,
    "lang": "en"
}