{
    "created_at": "Tue Mar 10 00:26:29 +0000 2020",
    "id": 1237172941030211584,
    "id_str": "1237172941030211584",
    "text": "RT @MirandaKerr: Thank you @louisvuitton for my cute #capucinesbb \ud83d\udc97 https://t.co/cAlrBQhvse",
    "truncated": false,
    "entities": {
        "hashtags": [
            {
                "text": "capucinesbb",
                "indices": [
                    53,
                    65
                ]
            }
        ],
        "symbols": [],
        "user_mentions": [
            {
                "screen_name": "MirandaKerr",
                "name": "Miranda Kerr",
                "id": 141052723,
                "id_str": "141052723",
                "indices": [
                    3,
                    15
                ]
            },
            {
                "screen_name": "LouisVuitton",
                "name": "Louis Vuitton",
                "id": 44084633,
                "id_str": "44084633",
                "indices": [
                    27,
                    40
                ]
            }
        ],
        "urls": [
            {
                "url": "https://t.co/cAlrBQhvse",
                "expanded_url": "https://www.instagram.com/p/B9hgfAkB8Vv/?igshid=k6c4lmjj26ec",
                "display_url": "instagram.com/p/B9hgfAkB8Vv/\u2026",
                "indices": [
                    68,
                    91
                ]
            }
        ]
    },
    "metadata": {
        "iso_language_code": "en",
        "result_type": "recent"
    },
    "source": "<a href=\"http://twitter.com/#!/download/ipad\" rel=\"nofollow\">Twitter for iPad</a>",
    "in_reply_to_status_id": null,
    "in_reply_to_status_id_str": null,
    "in_reply_to_user_id": null,
    "in_reply_to_user_id_str": null,
    "in_reply_to_screen_name": null,
    "user": {
        "id": 36332025,
        "id_str": "36332025",
        "name": "gocoo",
        "screen_name": "gocoo",
        "location": "Tokyo",
        "description": "https://t.co/XwBk4UJRE0",
        "url": "https://t.co/v6NlBlNS6z",
        "entities": {
            "url": {
                "urls": [
                    {
                        "url": "https://t.co/v6NlBlNS6z",
                        "expanded_url": "https://www.instagram.com/gocoo_59/",
                        "display_url": "instagram.com/gocoo_59/",
                        "indices": [
                            0,
                            23
                        ]
                    }
                ]
            },
            "description": {
                "urls": [
                    {
                        "url": "https://t.co/XwBk4UJRE0",
                        "expanded_url": "https://soundcloud.com/59gocoo/",
                        "display_url": "soundcloud.com/59gocoo/",
                        "indices": [
                            0,
                            23
                        ]
                    }
                ]
            }
        },
        "protected": false,
        "followers_count": 5080,
        "friends_count": 285,
        "listed_count": 1077,
        "created_at": "Wed Apr 29 10:54:05 +0000 2009",
        "favourites_count": 893,
        "utc_offset": null,
        "time_zone": null,
        "geo_enabled": true,
        "verified": false,
        "statuses_count": 1800128,
        "lang": null,
        "contributors_enabled": false,
        "is_translator": false,
        "is_translation_enabled": false,
        "profile_background_color": "C0DEED",
        "profile_background_image_url": "http://abs.twimg.com/images/themes/theme1/bg.png",
        "profile_background_image_url_https": "https://abs.twimg.com/images/themes/theme1/bg.png",
        "profile_background_tile": false,
        "profile_image_url": "http://pbs.twimg.com/profile_images/979625255277703168/IUBFq2rG_normal.jpg",
        "profile_image_url_https": "https://pbs.twimg.com/profile_images/979625255277703168/IUBFq2rG_normal.jpg",
        "profile_banner_url": "https://pbs.twimg.com/profile_banners/36332025/1395703224",
        "profile_link_color": "1DA1F2",
        "profile_sidebar_border_color": "C0DEED",
        "profile_sidebar_fill_color": "DDEEF6",
        "profile_text_color": "333333",
        "profile_use_background_image": true,
        "has_extended_profile": true,
        "default_profile": true,
        "default_profile_image": false,
        "following": null,
        "follow_request_sent": null,
        "notifications": null,
        "translator_type": "none"
    },
    "geo": null,
    "coordinates": null,
    "place": null,
    "contributors": null,
    "retweeted_status": {
        "created_at": "Mon Mar 09 18:50:08 +0000 2020",
        "id": 1237088295936569346,
        "id_str": "1237088295936569346",
        "text": "Thank you @louisvuitton for my cute #capucinesbb \ud83d\udc97 https://t.co/cAlrBQhvse",
        "truncated": false,
        "entities": {
            "hashtags": [
                {
                    "text": "capucinesbb",
                    "indices": [
                        36,
                        48
                    ]
                }
            ],
            "symbols": [],
            "user_mentions": [
                {
                    "screen_name": "LouisVuitton",
                    "name": "Louis Vuitton",
                    "id": 44084633,
                    "id_str": "44084633",
                    "indices": [
                        10,
                        23
                    ]
                }
            ],
            "urls": [
                {
                    "url": "https://t.co/cAlrBQhvse",
                    "expanded_url": "https://www.instagram.com/p/B9hgfAkB8Vv/?igshid=k6c4lmjj26ec",
                    "display_url": "instagram.com/p/B9hgfAkB8Vv/\u2026",
                    "indices": [
                        51,
                        74
                    ]
                }
            ]
        },
        "metadata": {
            "iso_language_code": "en",
            "result_type": "recent"
        },
        "source": "<a href=\"http://instagram.com\" rel=\"nofollow\">Instagram</a>",
        "in_reply_to_status_id": null,
        "in_reply_to_status_id_str": null,
        "in_reply_to_user_id": null,
        "in_reply_to_user_id_str": null,
        "in_reply_to_screen_name": null,
        "user": {
            "id": 141052723,
            "id_str": "141052723",
            "name": "Miranda Kerr",
            "screen_name": "MirandaKerr",
            "location": "",
            "description": "https://t.co/dtBFhcNCzP",
            "url": null,
            "entities": {
                "description": {
                    "urls": [
                        {
                            "url": "https://t.co/dtBFhcNCzP",
                            "expanded_url": "https://www.universalfurniture.com/mirandakerrhome",
                            "display_url": "universalfurniture.com/mirandakerrhome",
                            "indices": [
                                0,
                                23
                            ]
                        }
                    ]
                }
            },
            "protected": false,
            "followers_count": 5248126,
            "friends_count": 648,
            "listed_count": 8376,
            "created_at": "Fri May 07 02:19:22 +0000 2010",
            "favourites_count": 9,
            "utc_offset": null,
            "time_zone": null,
            "geo_enabled": false,
            "verified": true,
            "statuses_count": 3756,
            "lang": null,
            "contributors_enabled": false,
            "is_translator": false,
            "is_translation_enabled": false,
            "profile_background_color": "B7B5BA",
            "profile_background_image_url": "http://abs.twimg.com/images/themes/theme1/bg.png",
            "profile_background_image_url_https": "https://abs.twimg.com/images/themes/theme1/bg.png",
            "profile_background_tile": false,
            "profile_image_url": "http://pbs.twimg.com/profile_images/1135995577118756865/4cjvetRG_normal.jpg",
            "profile_image_url_https": "https://pbs.twimg.com/profile_images/1135995577118756865/4cjvetRG_normal.jpg",
            "profile_banner_url": "https://pbs.twimg.com/profile_banners/141052723/1552539183",
            "profile_link_color": "6E777A",
            "profile_sidebar_border_color": "FFFFFF",
            "profile_sidebar_fill_color": "DDEEF6",
            "profile_text_color": "333333",
            "profile_use_background_image": true,
            "has_extended_profile": false,
            "default_profile": false,
            "default_profile_image": false,
            "following": null,
            "follow_request_sent": null,
            "notifications": null,
            "translator_type": "none"
        },
        "geo": null,
        "coordinates": null,
        "place": null,
        "contributors": null,
        "is_quote_status": false,
        "retweet_count": 15,
        "favorite_count": 109,
        "favorited": false,
        "retweeted": false,
        "possibly_sensitive": false,
        "lang": "en"
    },
    "is_quote_status": false,
    "retweet_count": 15,
    "favorite_count": 0,
    "favorited": false,
    "retweeted": false,
    "possibly_sensitive": false,
    "lang": "en"
}