{
    "created_at": "Tue Mar 10 12:18:09 +0000 2020",
    "id": 1237352038771634176,
    "id_str": "1237352038771634176",
    "text": "Seen at the @YMCA today: girl walking around in the weight room with a @LouisVuitton mega-purse...girl...who the he\u2026 https://t.co/55o6k6NJOL",
    "truncated": true,
    "entities": {
        "hashtags": [],
        "symbols": [],
        "user_mentions": [
            {
                "screen_name": "ymca",
                "name": "The Y",
                "id": 309679834,
                "id_str": "309679834",
                "indices": [
                    12,
                    17
                ]
            },
            {
                "screen_name": "LouisVuitton",
                "name": "Louis Vuitton",
                "id": 44084633,
                "id_str": "44084633",
                "indices": [
                    71,
                    84
                ]
            }
        ],
        "urls": [
            {
                "url": "https://t.co/55o6k6NJOL",
                "expanded_url": "https://twitter.com/i/web/status/1237352038771634176",
                "display_url": "twitter.com/i/web/status/1\u2026",
                "indices": [
                    117,
                    140
                ]
            }
        ]
    },
    "metadata": {
        "iso_language_code": "en",
        "result_type": "recent"
    },
    "source": "<a href=\"http://twitter.com/download/iphone\" rel=\"nofollow\">Twitter for iPhone</a>",
    "in_reply_to_status_id": null,
    "in_reply_to_status_id_str": null,
    "in_reply_to_user_id": null,
    "in_reply_to_user_id_str": null,
    "in_reply_to_screen_name": null,
    "user": {
        "id": 3282885482,
        "id_str": "3282885482",
        "name": "Olivier Caza",
        "screen_name": "oliviercaza",
        "location": "",
        "description": "Mtb, running, music, business, travel, food...",
        "url": null,
        "entities": {
            "description": {
                "urls": []
            }
        },
        "protected": false,
        "followers_count": 34,
        "friends_count": 146,
        "listed_count": 0,
        "created_at": "Sat Jul 18 01:36:04 +0000 2015",
        "favourites_count": 2025,
        "utc_offset": null,
        "time_zone": null,
        "geo_enabled": false,
        "verified": false,
        "statuses_count": 455,
        "lang": null,
        "contributors_enabled": false,
        "is_translator": false,
        "is_translation_enabled": false,
        "profile_background_color": "C0DEED",
        "profile_background_image_url": "http://abs.twimg.com/images/themes/theme1/bg.png",
        "profile_background_image_url_https": "https://abs.twimg.com/images/themes/theme1/bg.png",
        "profile_background_tile": false,
        "profile_image_url": "http://pbs.twimg.com/profile_images/622221364250816512/o7eXXv-G_normal.jpg",
        "profile_image_url_https": "https://pbs.twimg.com/profile_images/622221364250816512/o7eXXv-G_normal.jpg",
        "profile_link_color": "1DA1F2",
        "profile_sidebar_border_color": "C0DEED",
        "profile_sidebar_fill_color": "DDEEF6",
        "profile_text_color": "333333",
        "profile_use_background_image": true,
        "has_extended_profile": false,
        "default_profile": true,
        "default_profile_image": false,
        "following": null,
        "follow_request_sent": null,
        "notifications": null,
        "translator_type": "none"
    },
    "geo": null,
    "coordinates": null,
    "place": null,
    "contributors": null,
    "is_quote_status": false,
    "retweet_count": 0,
    "favorite_count": 0,
    "favorited": false,
    "retweeted": false,
    "lang": "en"
}