{
    "created_at": "Tue Mar 10 04:40:45 +0000 2020",
    "id": 1237236929676091393,
    "id_str": "1237236929676091393",
    "text": "RT @jessihasbeans: O hey, Prestige True Damage Qiyana!\nWhat a dream to work with @snatti, Alex Flores and the splash team on a skin costume\u2026",
    "truncated": false,
    "entities": {
        "hashtags": [],
        "symbols": [],
        "user_mentions": [
            {
                "screen_name": "jessihasbeans",
                "name": "Jessica Oyhenart",
                "id": 36373395,
                "id_str": "36373395",
                "indices": [
                    3,
                    17
                ]
            },
            {
                "screen_name": "snatti",
                "name": "atey ghailan",
                "id": 241467963,
                "id_str": "241467963",
                "indices": [
                    81,
                    88
                ]
            }
        ],
        "urls": []
    },
    "metadata": {
        "iso_language_code": "en",
        "result_type": "recent"
    },
    "source": "<a href=\"http://twitter.com/download/android\" rel=\"nofollow\">Twitter for Android</a>",
    "in_reply_to_status_id": null,
    "in_reply_to_status_id_str": null,
    "in_reply_to_user_id": null,
    "in_reply_to_user_id_str": null,
    "in_reply_to_screen_name": null,
    "user": {
        "id": 296562553,
        "id_str": "296562553",
        "name": "rem \u2606",
        "screen_name": "kitefullofkoi",
        "location": "Minneapolis, USA",
        "description": "they/she \u2606 writer/artist. multifandom.",
        "url": null,
        "entities": {
            "description": {
                "urls": []
            }
        },
        "protected": false,
        "followers_count": 248,
        "friends_count": 825,
        "listed_count": 8,
        "created_at": "Wed May 11 00:38:07 +0000 2011",
        "favourites_count": 54293,
        "utc_offset": null,
        "time_zone": null,
        "geo_enabled": false,
        "verified": false,
        "statuses_count": 59775,
        "lang": null,
        "contributors_enabled": false,
        "is_translator": false,
        "is_translation_enabled": false,
        "profile_background_color": "573151",
        "profile_background_image_url": "http://abs.twimg.com/images/themes/theme9/bg.gif",
        "profile_background_image_url_https": "https://abs.twimg.com/images/themes/theme9/bg.gif",
        "profile_background_tile": true,
        "profile_image_url": "http://pbs.twimg.com/profile_images/928352432584720384/N6vIk2Yv_normal.jpg",
        "profile_image_url_https": "https://pbs.twimg.com/profile_images/928352432584720384/N6vIk2Yv_normal.jpg",
        "profile_banner_url": "https://pbs.twimg.com/profile_banners/296562553/1526574147",
        "profile_link_color": "6FB4F0",
        "profile_sidebar_border_color": "9ED9B6",
        "profile_sidebar_fill_color": "F8F9BB",
        "profile_text_color": "F5A094",
        "profile_use_background_image": true,
        "has_extended_profile": false,
        "default_profile": false,
        "default_profile_image": false,
        "following": null,
        "follow_request_sent": null,
        "notifications": null,
        "translator_type": "none"
    },
    "geo": null,
    "coordinates": null,
    "place": null,
    "contributors": null,
    "retweeted_status": {
        "created_at": "Wed Oct 30 04:33:15 +0000 2019",
        "id": 1189399845330513920,
        "id_str": "1189399845330513920",
        "text": "O hey, Prestige True Damage Qiyana!\nWhat a dream to work with @snatti, Alex Flores and the splash team on a skin co\u2026 https://t.co/KZLoXUa53M",
        "truncated": true,
        "entities": {
            "hashtags": [],
            "symbols": [],
            "user_mentions": [
                {
                    "screen_name": "snatti",
                    "name": "atey ghailan",
                    "id": 241467963,
                    "id_str": "241467963",
                    "indices": [
                        62,
                        69
                    ]
                }
            ],
            "urls": [
                {
                    "url": "https://t.co/KZLoXUa53M",
                    "expanded_url": "https://twitter.com/i/web/status/1189399845330513920",
                    "display_url": "twitter.com/i/web/status/1\u2026",
                    "indices": [
                        117,
                        140
                    ]
                }
            ]
        },
        "metadata": {
            "iso_language_code": "en",
            "result_type": "recent"
        },
        "source": "<a href=\"https://mobile.twitter.com\" rel=\"nofollow\">Twitter Web App</a>",
        "in_reply_to_status_id": null,
        "in_reply_to_status_id_str": null,
        "in_reply_to_user_id": null,
        "in_reply_to_user_id_str": null,
        "in_reply_to_screen_name": null,
        "user": {
            "id": 36373395,
            "id_str": "36373395",
            "name": "Jessica Oyhenart",
            "screen_name": "jessihasbeans",
            "location": "Los Angeles, CA",
            "description": "Illustration Art Lead + Visual Designer.  Maker of Games, Mother of dragons (cats).",
            "url": "https://t.co/aX2WhQn1u7",
            "entities": {
                "url": {
                    "urls": [
                        {
                            "url": "https://t.co/aX2WhQn1u7",
                            "expanded_url": "http://jessibean.artstation.com",
                            "display_url": "jessibean.artstation.com",
                            "indices": [
                                0,
                                23
                            ]
                        }
                    ]
                },
                "description": {
                    "urls": []
                }
            },
            "protected": false,
            "followers_count": 16904,
            "friends_count": 123,
            "listed_count": 105,
            "created_at": "Wed Apr 29 14:44:24 +0000 2009",
            "favourites_count": 552,
            "utc_offset": null,
            "time_zone": null,
            "geo_enabled": false,
            "verified": false,
            "statuses_count": 122,
            "lang": null,
            "contributors_enabled": false,
            "is_translator": false,
            "is_translation_enabled": false,
            "profile_background_color": "000000",
            "profile_background_image_url": "http://abs.twimg.com/images/themes/theme1/bg.png",
            "profile_background_image_url_https": "https://abs.twimg.com/images/themes/theme1/bg.png",
            "profile_background_tile": false,
            "profile_image_url": "http://pbs.twimg.com/profile_images/979930550717657089/hbmt6nB0_normal.jpg",
            "profile_image_url_https": "https://pbs.twimg.com/profile_images/979930550717657089/hbmt6nB0_normal.jpg",
            "profile_banner_url": "https://pbs.twimg.com/profile_banners/36373395/1522468722",
            "profile_link_color": "ABB8C2",
            "profile_sidebar_border_color": "000000",
            "profile_sidebar_fill_color": "000000",
            "profile_text_color": "000000",
            "profile_use_background_image": false,
            "has_extended_profile": false,
            "default_profile": false,
            "default_profile_image": false,
            "following": null,
            "follow_request_sent": null,
            "notifications": null,
            "translator_type": "none"
        },
        "geo": null,
        "coordinates": null,
        "place": null,
        "contributors": null,
        "is_quote_status": false,
        "retweet_count": 139,
        "favorite_count": 1023,
        "favorited": false,
        "retweeted": false,
        "possibly_sensitive": false,
        "lang": "en"
    },
    "is_quote_status": false,
    "retweet_count": 139,
    "favorite_count": 0,
    "favorited": false,
    "retweeted": false,
    "lang": "en"
}