{
    "created_at": "Tue Mar 10 08:10:24 +0000 2020",
    "id": 1237289691583524865,
    "id_str": "1237289691583524865",
    "text": "RT @LouisVuitton: @j_louchou, you will receive a notification on March 3rd when the #LouisVuitton #LVFW20 Show is streaming live. https://t\u2026",
    "truncated": false,
    "entities": {
        "hashtags": [
            {
                "text": "LouisVuitton",
                "indices": [
                    84,
                    97
                ]
            },
            {
                "text": "LVFW20",
                "indices": [
                    98,
                    105
                ]
            }
        ],
        "symbols": [],
        "user_mentions": [
            {
                "screen_name": "LouisVuitton",
                "name": "Louis Vuitton",
                "id": 44084633,
                "id_str": "44084633",
                "indices": [
                    3,
                    16
                ]
            },
            {
                "screen_name": "j_louchou",
                "name": "louane",
                "id": 1675488828,
                "id_str": "1675488828",
                "indices": [
                    18,
                    28
                ]
            }
        ],
        "urls": []
    },
    "metadata": {
        "iso_language_code": "en",
        "result_type": "recent"
    },
    "source": "<a href=\"http://twitter.com/download/iphone\" rel=\"nofollow\">Twitter for iPhone</a>",
    "in_reply_to_status_id": null,
    "in_reply_to_status_id_str": null,
    "in_reply_to_user_id": null,
    "in_reply_to_user_id_str": null,
    "in_reply_to_screen_name": null,
    "user": {
        "id": 1675488828,
        "id_str": "1675488828",
        "name": "louane",
        "screen_name": "j_louchou",
        "location": "La Baule-Escoublac, France",
        "description": "y\u2019a que quand je suis premi\u00e8re que je reste \u00e0 ma place",
        "url": null,
        "entities": {
            "description": {
                "urls": []
            }
        },
        "protected": false,
        "followers_count": 174,
        "friends_count": 775,
        "listed_count": 1,
        "created_at": "Fri Aug 16 11:36:47 +0000 2013",
        "favourites_count": 1072,
        "utc_offset": null,
        "time_zone": null,
        "geo_enabled": true,
        "verified": false,
        "statuses_count": 4365,
        "lang": null,
        "contributors_enabled": false,
        "is_translator": false,
        "is_translation_enabled": false,
        "profile_background_color": "000000",
        "profile_background_image_url": "http://abs.twimg.com/images/themes/theme1/bg.png",
        "profile_background_image_url_https": "https://abs.twimg.com/images/themes/theme1/bg.png",
        "profile_background_tile": false,
        "profile_image_url": "http://pbs.twimg.com/profile_images/1186204692382191616/Y08Ahx-G_normal.jpg",
        "profile_image_url_https": "https://pbs.twimg.com/profile_images/1186204692382191616/Y08Ahx-G_normal.jpg",
        "profile_banner_url": "https://pbs.twimg.com/profile_banners/1675488828/1583827922",
        "profile_link_color": "91D2FA",
        "profile_sidebar_border_color": "000000",
        "profile_sidebar_fill_color": "000000",
        "profile_text_color": "000000",
        "profile_use_background_image": false,
        "has_extended_profile": true,
        "default_profile": false,
        "default_profile_image": false,
        "following": null,
        "follow_request_sent": null,
        "notifications": null,
        "translator_type": "none"
    },
    "geo": null,
    "coordinates": null,
    "place": null,
    "contributors": null,
    "retweeted_status": {
        "created_at": "Sun Mar 01 09:33:01 +0000 2020",
        "id": 1234048991412858881,
        "id_str": "1234048991412858881",
        "text": "@j_louchou, you will receive a notification on March 3rd when the #LouisVuitton #LVFW20 Show is streaming live. https://t.co/ZlLgEkPPm8",
        "truncated": false,
        "entities": {
            "hashtags": [
                {
                    "text": "LouisVuitton",
                    "indices": [
                        66,
                        79
                    ]
                },
                {
                    "text": "LVFW20",
                    "indices": [
                        80,
                        87
                    ]
                }
            ],
            "symbols": [],
            "user_mentions": [
                {
                    "screen_name": "j_louchou",
                    "name": "louane",
                    "id": 1675488828,
                    "id_str": "1675488828",
                    "indices": [
                        0,
                        10
                    ]
                }
            ],
            "urls": [],
            "media": [
                {
                    "id": 1233321896604770304,
                    "id_str": "1233321896604770304",
                    "indices": [
                        112,
                        135
                    ],
                    "media_url": "http://pbs.twimg.com/media/ER2juwTWoAAjEZU.jpg",
                    "media_url_https": "https://pbs.twimg.com/media/ER2juwTWoAAjEZU.jpg",
                    "url": "https://t.co/ZlLgEkPPm8",
                    "display_url": "pic.twitter.com/ZlLgEkPPm8",
                    "expanded_url": "https://twitter.com/LouisVuitton/status/1234048991412858881/photo/1",
                    "type": "photo",
                    "sizes": {
                        "small": {
                            "w": 680,
                            "h": 680,
                            "resize": "fit"
                        },
                        "thumb": {
                            "w": 150,
                            "h": 150,
                            "resize": "crop"
                        },
                        "medium": {
                            "w": 1024,
                            "h": 1024,
                            "resize": "fit"
                        },
                        "large": {
                            "w": 1024,
                            "h": 1024,
                            "resize": "fit"
                        }
                    }
                }
            ]
        },
        "extended_entities": {
            "media": [
                {
                    "id": 1233321896604770304,
                    "id_str": "1233321896604770304",
                    "indices": [
                        112,
                        135
                    ],
                    "media_url": "http://pbs.twimg.com/media/ER2juwTWoAAjEZU.jpg",
                    "media_url_https": "https://pbs.twimg.com/media/ER2juwTWoAAjEZU.jpg",
                    "url": "https://t.co/ZlLgEkPPm8",
                    "display_url": "pic.twitter.com/ZlLgEkPPm8",
                    "expanded_url": "https://twitter.com/LouisVuitton/status/1234048991412858881/photo/1",
                    "type": "photo",
                    "sizes": {
                        "small": {
                            "w": 680,
                            "h": 680,
                            "resize": "fit"
                        },
                        "thumb": {
                            "w": 150,
                            "h": 150,
                            "resize": "crop"
                        },
                        "medium": {
                            "w": 1024,
                            "h": 1024,
                            "resize": "fit"
                        },
                        "large": {
                            "w": 1024,
                            "h": 1024,
                            "resize": "fit"
                        }
                    }
                }
            ]
        },
        "metadata": {
            "iso_language_code": "en",
            "result_type": "recent"
        },
        "source": "<a href=\"http://www.qwvr.co\" rel=\"nofollow\">QWVR</a>",
        "in_reply_to_status_id": null,
        "in_reply_to_status_id_str": null,
        "in_reply_to_user_id": 1675488828,
        "in_reply_to_user_id_str": "1675488828",
        "in_reply_to_screen_name": "j_louchou",
        "user": {
            "id": 44084633,
            "id_str": "44084633",
            "name": "Louis Vuitton",
            "screen_name": "LouisVuitton",
            "location": "",
            "description": "The official Twitter page for Louis Vuitton Worldwide. Contact client services at @LVServices for customer assistance and personalised advice.",
            "url": "http://t.co/znRCgDOH21",
            "entities": {
                "url": {
                    "urls": [
                        {
                            "url": "http://t.co/znRCgDOH21",
                            "expanded_url": "http://www.louisvuitton.com",
                            "display_url": "louisvuitton.com",
                            "indices": [
                                0,
                                22
                            ]
                        }
                    ]
                },
                "description": {
                    "urls": []
                }
            },
            "protected": false,
            "followers_count": 7501392,
            "friends_count": 6,
            "listed_count": 9683,
            "created_at": "Tue Jun 02 08:22:48 +0000 2009",
            "favourites_count": 109,
            "utc_offset": null,
            "time_zone": null,
            "geo_enabled": false,
            "verified": true,
            "statuses_count": 5652,
            "lang": null,
            "contributors_enabled": false,
            "is_translator": false,
            "is_translation_enabled": false,
            "profile_background_color": "000000",
            "profile_background_image_url": "http://abs.twimg.com/images/themes/theme4/bg.gif",
            "profile_background_image_url_https": "https://abs.twimg.com/images/themes/theme4/bg.gif",
            "profile_background_tile": true,
            "profile_image_url": "http://pbs.twimg.com/profile_images/744891970380767232/jum1SDsC_normal.jpg",
            "profile_image_url_https": "https://pbs.twimg.com/profile_images/744891970380767232/jum1SDsC_normal.jpg",
            "profile_banner_url": "https://pbs.twimg.com/profile_banners/44084633/1583070237",
            "profile_link_color": "FF691F",
            "profile_sidebar_border_color": "FFFFFF",
            "profile_sidebar_fill_color": "FFFFFF",
            "profile_text_color": "2B1413",
            "profile_use_background_image": true,
            "has_extended_profile": false,
            "default_profile": false,
            "default_profile_image": false,
            "following": null,
            "follow_request_sent": null,
            "notifications": null,
            "translator_type": "none"
        },
        "geo": null,
        "coordinates": null,
        "place": null,
        "contributors": null,
        "is_quote_status": false,
        "retweet_count": 1,
        "favorite_count": 1,
        "favorited": false,
        "retweeted": false,
        "possibly_sensitive": false,
        "scopes": {
            "followers": false
        },
        "lang": "en"
    },
    "is_quote_status": false,
    "retweet_count": 1,
    "favorite_count": 0,
    "favorited": false,
    "retweeted": false,
    "lang": "en"
}