{
    "created_at": "Tue Mar 10 09:13:11 +0000 2020",
    "id": 1237305489735778305,
    "id_str": "1237305489735778305",
    "text": "\u6700\u5f8c\u306e\u3000@LouisVuitton show\u306e\u6642\ud83c\uddeb\ud83c\uddf7\n\n#ParisFashionWeek #pariscollection https://t.co/6csy5rx6KO",
    "truncated": false,
    "entities": {
        "hashtags": [
            {
                "text": "ParisFashionWeek",
                "indices": [
                    28,
                    45
                ]
            },
            {
                "text": "pariscollection",
                "indices": [
                    46,
                    62
                ]
            }
        ],
        "symbols": [],
        "user_mentions": [
            {
                "screen_name": "LouisVuitton",
                "name": "Louis Vuitton",
                "id": 44084633,
                "id_str": "44084633",
                "indices": [
                    4,
                    17
                ]
            }
        ],
        "urls": [],
        "media": [
            {
                "id": 1237305483540795394,
                "id_str": "1237305483540795394",
                "indices": [
                    63,
                    86
                ],
                "media_url": "http://pbs.twimg.com/media/ESvKyCEXkAIFSr8.jpg",
                "media_url_https": "https://pbs.twimg.com/media/ESvKyCEXkAIFSr8.jpg",
                "url": "https://t.co/6csy5rx6KO",
                "display_url": "pic.twitter.com/6csy5rx6KO",
                "expanded_url": "https://twitter.com/manahamada0222/status/1237305489735778305/photo/1",
                "type": "photo",
                "sizes": {
                    "thumb": {
                        "w": 150,
                        "h": 150,
                        "resize": "crop"
                    },
                    "large": {
                        "w": 900,
                        "h": 1125,
                        "resize": "fit"
                    },
                    "medium": {
                        "w": 900,
                        "h": 1125,
                        "resize": "fit"
                    },
                    "small": {
                        "w": 544,
                        "h": 680,
                        "resize": "fit"
                    }
                }
            }
        ]
    },
    "extended_entities": {
        "media": [
            {
                "id": 1237305483540795394,
                "id_str": "1237305483540795394",
                "indices": [
                    63,
                    86
                ],
                "media_url": "http://pbs.twimg.com/media/ESvKyCEXkAIFSr8.jpg",
                "media_url_https": "https://pbs.twimg.com/media/ESvKyCEXkAIFSr8.jpg",
                "url": "https://t.co/6csy5rx6KO",
                "display_url": "pic.twitter.com/6csy5rx6KO",
                "expanded_url": "https://twitter.com/manahamada0222/status/1237305489735778305/photo/1",
                "type": "photo",
                "sizes": {
                    "thumb": {
                        "w": 150,
                        "h": 150,
                        "resize": "crop"
                    },
                    "large": {
                        "w": 900,
                        "h": 1125,
                        "resize": "fit"
                    },
                    "medium": {
                        "w": 900,
                        "h": 1125,
                        "resize": "fit"
                    },
                    "small": {
                        "w": 544,
                        "h": 680,
                        "resize": "fit"
                    }
                }
            }
        ]
    },
    "metadata": {
        "iso_language_code": "ja",
        "result_type": "recent"
    },
    "source": "<a href=\"http://twitter.com/download/iphone\" rel=\"nofollow\">Twitter for iPhone</a>",
    "in_reply_to_status_id": null,
    "in_reply_to_status_id_str": null,
    "in_reply_to_user_id": null,
    "in_reply_to_user_id_str": null,
    "in_reply_to_screen_name": null,
    "user": {
        "id": 392696345,
        "id_str": "392696345",
        "name": "\u6ff1\u7530\u8309\u5948 Mana Hamada",
        "screen_name": "manahamada0222",
        "location": "Tokyo-to, Japan",
        "description": "\ud83c\uddeb\ud83c\uddf7 Urban https://t.co/w0qb4KvsNj  https://t.co/Pswyz3zi8A",
        "url": "https://t.co/gslXRKXvis",
        "entities": {
            "url": {
                "urls": [
                    {
                        "url": "https://t.co/gslXRKXvis",
                        "expanded_url": "http://Instagram.com/manahamada0222",
                        "display_url": "Instagram.com/manahamada0222",
                        "indices": [
                            0,
                            23
                        ]
                    }
                ]
            },
            "description": {
                "urls": [
                    {
                        "url": "https://t.co/w0qb4KvsNj",
                        "expanded_url": "https://www.urbantalents.com",
                        "display_url": "urbantalents.com",
                        "indices": [
                            9,
                            32
                        ]
                    },
                    {
                        "url": "https://t.co/Pswyz3zi8A",
                        "expanded_url": "https://4855775061.amebaownd.com/",
                        "display_url": "4855775061.amebaownd.com",
                        "indices": [
                            34,
                            57
                        ]
                    }
                ]
            }
        },
        "protected": false,
        "followers_count": 1728,
        "friends_count": 351,
        "listed_count": 35,
        "created_at": "Mon Oct 17 12:50:22 +0000 2011",
        "favourites_count": 7349,
        "utc_offset": null,
        "time_zone": null,
        "geo_enabled": true,
        "verified": false,
        "statuses_count": 28895,
        "lang": null,
        "contributors_enabled": false,
        "is_translator": false,
        "is_translation_enabled": false,
        "profile_background_color": "642D8B",
        "profile_background_image_url": "http://abs.twimg.com/images/themes/theme10/bg.gif",
        "profile_background_image_url_https": "https://abs.twimg.com/images/themes/theme10/bg.gif",
        "profile_background_tile": true,
        "profile_image_url": "http://pbs.twimg.com/profile_images/1237417412892467200/BQfkN3b-_normal.jpg",
        "profile_image_url_https": "https://pbs.twimg.com/profile_images/1237417412892467200/BQfkN3b-_normal.jpg",
        "profile_banner_url": "https://pbs.twimg.com/profile_banners/392696345/1571820229",
        "profile_link_color": "FF0000",
        "profile_sidebar_border_color": "65B0DA",
        "profile_sidebar_fill_color": "7AC3EE",
        "profile_text_color": "3D1957",
        "profile_use_background_image": true,
        "has_extended_profile": true,
        "default_profile": false,
        "default_profile_image": false,
        "following": null,
        "follow_request_sent": null,
        "notifications": null,
        "translator_type": "none"
    },
    "geo": null,
    "coordinates": null,
    "place": null,
    "contributors": null,
    "is_quote_status": false,
    "retweet_count": 0,
    "favorite_count": 0,
    "favorited": false,
    "retweeted": false,
    "possibly_sensitive": false,
    "lang": "ja"
}