{
    "created_at": "Tue Mar 10 12:47:44 +0000 2020",
    "id": 1237359484957310976,
    "id_str": "1237359484957310976",
    "text": "@ChickenLickenSA outchea lookin like they jus did a collab with @LouisVuitton https://t.co/2bSXMJdazL",
    "truncated": false,
    "entities": {
        "hashtags": [],
        "symbols": [],
        "user_mentions": [
            {
                "screen_name": "ChickenLickenSA",
                "name": "Chicken Licken",
                "id": 190250018,
                "id_str": "190250018",
                "indices": [
                    0,
                    16
                ]
            },
            {
                "screen_name": "LouisVuitton",
                "name": "Louis Vuitton",
                "id": 44084633,
                "id_str": "44084633",
                "indices": [
                    64,
                    77
                ]
            }
        ],
        "urls": [],
        "media": [
            {
                "id": 1237359470138834949,
                "id_str": "1237359470138834949",
                "indices": [
                    78,
                    101
                ],
                "media_url": "http://pbs.twimg.com/media/ESv74d0XQAUjKfl.jpg",
                "media_url_https": "https://pbs.twimg.com/media/ESv74d0XQAUjKfl.jpg",
                "url": "https://t.co/2bSXMJdazL",
                "display_url": "pic.twitter.com/2bSXMJdazL",
                "expanded_url": "https://twitter.com/kingswaystreet/status/1237359484957310976/photo/1",
                "type": "photo",
                "sizes": {
                    "thumb": {
                        "w": 150,
                        "h": 150,
                        "resize": "crop"
                    },
                    "small": {
                        "w": 383,
                        "h": 680,
                        "resize": "fit"
                    },
                    "large": {
                        "w": 576,
                        "h": 1024,
                        "resize": "fit"
                    },
                    "medium": {
                        "w": 576,
                        "h": 1024,
                        "resize": "fit"
                    }
                }
            }
        ]
    },
    "extended_entities": {
        "media": [
            {
                "id": 1237359470138834949,
                "id_str": "1237359470138834949",
                "indices": [
                    78,
                    101
                ],
                "media_url": "http://pbs.twimg.com/media/ESv74d0XQAUjKfl.jpg",
                "media_url_https": "https://pbs.twimg.com/media/ESv74d0XQAUjKfl.jpg",
                "url": "https://t.co/2bSXMJdazL",
                "display_url": "pic.twitter.com/2bSXMJdazL",
                "expanded_url": "https://twitter.com/kingswaystreet/status/1237359484957310976/photo/1",
                "type": "photo",
                "sizes": {
                    "thumb": {
                        "w": 150,
                        "h": 150,
                        "resize": "crop"
                    },
                    "small": {
                        "w": 383,
                        "h": 680,
                        "resize": "fit"
                    },
                    "large": {
                        "w": 576,
                        "h": 1024,
                        "resize": "fit"
                    },
                    "medium": {
                        "w": 576,
                        "h": 1024,
                        "resize": "fit"
                    }
                }
            }
        ]
    },
    "metadata": {
        "iso_language_code": "en",
        "result_type": "recent"
    },
    "source": "<a href=\"http://twitter.com/download/iphone\" rel=\"nofollow\">Twitter for iPhone</a>",
    "in_reply_to_status_id": null,
    "in_reply_to_status_id_str": null,
    "in_reply_to_user_id": 190250018,
    "in_reply_to_user_id_str": "190250018",
    "in_reply_to_screen_name": "ChickenLickenSA",
    "user": {
        "id": 799591148343984128,
        "id_str": "799591148343984128",
        "name": "GLXRY",
        "screen_name": "kingswaystreet",
        "location": "BFN, South Africa & Online",
        "description": "Gods Favorite Independent Artist\ud83d\udc51 Spotify: https://t.co/wSkF5ziEUu SoundCloud: https://t.co/nmieSbTnQC IG: https://t.co/95jh7SLYAv YouTube: https://t.co/2x6tTOh63V #independentartist101",
        "url": "https://t.co/HDWNeWpaQl",
        "entities": {
            "url": {
                "urls": [
                    {
                        "url": "https://t.co/HDWNeWpaQl",
                        "expanded_url": "http://shop.iamglxry.com",
                        "display_url": "shop.iamglxry.com",
                        "indices": [
                            0,
                            23
                        ]
                    }
                ]
            },
            "description": {
                "urls": [
                    {
                        "url": "https://t.co/wSkF5ziEUu",
                        "expanded_url": "http://sptfy.com/glxry",
                        "display_url": "sptfy.com/glxry",
                        "indices": [
                            43,
                            66
                        ]
                    },
                    {
                        "url": "https://t.co/nmieSbTnQC",
                        "expanded_url": "http://shorturl.at/pCDK4",
                        "display_url": "shorturl.at/pCDK4",
                        "indices": [
                            79,
                            102
                        ]
                    },
                    {
                        "url": "https://t.co/95jh7SLYAv",
                        "expanded_url": "http://shorturl.at/lqJ24",
                        "display_url": "shorturl.at/lqJ24",
                        "indices": [
                            107,
                            130
                        ]
                    },
                    {
                        "url": "https://t.co/2x6tTOh63V",
                        "expanded_url": "http://shorturl.at/cCDU6",
                        "display_url": "shorturl.at/cCDU6",
                        "indices": [
                            140,
                            163
                        ]
                    }
                ]
            }
        },
        "protected": false,
        "followers_count": 474,
        "friends_count": 1538,
        "listed_count": 4,
        "created_at": "Fri Nov 18 12:32:40 +0000 2016",
        "favourites_count": 14182,
        "utc_offset": null,
        "time_zone": null,
        "geo_enabled": false,
        "verified": false,
        "statuses_count": 3702,
        "lang": null,
        "contributors_enabled": false,
        "is_translator": false,
        "is_translation_enabled": false,
        "profile_background_color": "F5F8FA",
        "profile_background_image_url": null,
        "profile_background_image_url_https": null,
        "profile_background_tile": false,
        "profile_image_url": "http://pbs.twimg.com/profile_images/1036402016824766464/kwT87D0W_normal.jpg",
        "profile_image_url_https": "https://pbs.twimg.com/profile_images/1036402016824766464/kwT87D0W_normal.jpg",
        "profile_banner_url": "https://pbs.twimg.com/profile_banners/799591148343984128/1572221343",
        "profile_link_color": "1DA1F2",
        "profile_sidebar_border_color": "C0DEED",
        "profile_sidebar_fill_color": "DDEEF6",
        "profile_text_color": "333333",
        "profile_use_background_image": true,
        "has_extended_profile": false,
        "default_profile": true,
        "default_profile_image": false,
        "following": null,
        "follow_request_sent": null,
        "notifications": null,
        "translator_type": "none"
    },
    "geo": null,
    "coordinates": null,
    "place": null,
    "contributors": null,
    "is_quote_status": false,
    "retweet_count": 0,
    "favorite_count": 0,
    "favorited": false,
    "retweeted": false,
    "possibly_sensitive": false,
    "lang": "en"
}