{
    "created_at": "Tue Mar 10 01:45:55 +0000 2020",
    "id": 1237192930973978626,
    "id_str": "1237192930973978626",
    "text": "Cop em? Or Drop em? @louisvuitton https://t.co/YAHqsvEJgh",
    "truncated": false,
    "entities": {
        "hashtags": [],
        "symbols": [],
        "user_mentions": [
            {
                "screen_name": "LouisVuitton",
                "name": "Louis Vuitton",
                "id": 44084633,
                "id_str": "44084633",
                "indices": [
                    20,
                    33
                ]
            }
        ],
        "urls": [
            {
                "url": "https://t.co/YAHqsvEJgh",
                "expanded_url": "https://www.instagram.com/p/B9iQEd6lR59/?igshid=zbdiqpy99roy",
                "display_url": "instagram.com/p/B9iQEd6lR59/\u2026",
                "indices": [
                    34,
                    57
                ]
            }
        ]
    },
    "metadata": {
        "iso_language_code": "en",
        "result_type": "recent"
    },
    "source": "<a href=\"http://instagram.com\" rel=\"nofollow\">Instagram</a>",
    "in_reply_to_status_id": null,
    "in_reply_to_status_id_str": null,
    "in_reply_to_user_id": null,
    "in_reply_to_user_id_str": null,
    "in_reply_to_screen_name": null,
    "user": {
        "id": 2244469351,
        "id_str": "2244469351",
        "name": "The Fashion Addicts",
        "screen_name": "thefshnaddicts",
        "location": "NYC",
        "description": "Exclusive & extraordinary fashion! Check out the site!",
        "url": "https://t.co/1FotJVPRkc",
        "entities": {
            "url": {
                "urls": [
                    {
                        "url": "https://t.co/1FotJVPRkc",
                        "expanded_url": "http://www.Thefashionaddicts.com",
                        "display_url": "Thefashionaddicts.com",
                        "indices": [
                            0,
                            23
                        ]
                    }
                ]
            },
            "description": {
                "urls": []
            }
        },
        "protected": false,
        "followers_count": 190,
        "friends_count": 170,
        "listed_count": 15,
        "created_at": "Fri Dec 13 20:37:47 +0000 2013",
        "favourites_count": 262,
        "utc_offset": null,
        "time_zone": null,
        "geo_enabled": false,
        "verified": false,
        "statuses_count": 8493,
        "lang": null,
        "contributors_enabled": false,
        "is_translator": false,
        "is_translation_enabled": false,
        "profile_background_color": "C0DEED",
        "profile_background_image_url": "http://abs.twimg.com/images/themes/theme1/bg.png",
        "profile_background_image_url_https": "https://abs.twimg.com/images/themes/theme1/bg.png",
        "profile_background_tile": false,
        "profile_image_url": "http://pbs.twimg.com/profile_images/679491957069070338/zImJEjGO_normal.jpg",
        "profile_image_url_https": "https://pbs.twimg.com/profile_images/679491957069070338/zImJEjGO_normal.jpg",
        "profile_banner_url": "https://pbs.twimg.com/profile_banners/2244469351/1450838941",
        "profile_link_color": "1DA1F2",
        "profile_sidebar_border_color": "C0DEED",
        "profile_sidebar_fill_color": "DDEEF6",
        "profile_text_color": "333333",
        "profile_use_background_image": true,
        "has_extended_profile": false,
        "default_profile": true,
        "default_profile_image": false,
        "following": null,
        "follow_request_sent": null,
        "notifications": null,
        "translator_type": "none"
    },
    "geo": null,
    "coordinates": null,
    "place": null,
    "contributors": null,
    "is_quote_status": false,
    "retweet_count": 0,
    "favorite_count": 0,
    "favorited": false,
    "retweeted": false,
    "possibly_sensitive": false,
    "lang": "en"
}