{
    "created_at": "Tue Mar 10 09:39:43 +0000 2020",
    "id": 1237312167763783682,
    "id_str": "1237312167763783682",
    "text": "\ucc9c\ucc9c\ud788.\n.\n2020. 03. 10. #dailydrawing\n@louisvuitton #louisvuitton #\ub8e8\uc774\ube44\ud1b5 2020fw\n#marker #colirpencil on officepaper\n.\u2026 https://t.co/QlJdwsskhv",
    "truncated": true,
    "entities": {
        "hashtags": [
            {
                "text": "dailydrawing",
                "indices": [
                    21,
                    34
                ]
            },
            {
                "text": "louisvuitton",
                "indices": [
                    49,
                    62
                ]
            },
            {
                "text": "\ub8e8\uc774\ube44\ud1b5",
                "indices": [
                    63,
                    68
                ]
            },
            {
                "text": "marker",
                "indices": [
                    76,
                    83
                ]
            },
            {
                "text": "colirpencil",
                "indices": [
                    84,
                    96
                ]
            }
        ],
        "symbols": [],
        "user_mentions": [
            {
                "screen_name": "LouisVuitton",
                "name": "Louis Vuitton",
                "id": 44084633,
                "id_str": "44084633",
                "indices": [
                    35,
                    48
                ]
            }
        ],
        "urls": [
            {
                "url": "https://t.co/QlJdwsskhv",
                "expanded_url": "https://twitter.com/i/web/status/1237312167763783682",
                "display_url": "twitter.com/i/web/status/1\u2026",
                "indices": [
                    115,
                    138
                ]
            }
        ]
    },
    "metadata": {
        "result_type": "recent",
        "iso_language_code": "ko"
    },
    "source": "<a href=\"http://twitter.com/download/android\" rel=\"nofollow\">Twitter for Android</a>",
    "in_reply_to_status_id": null,
    "in_reply_to_status_id_str": null,
    "in_reply_to_user_id": null,
    "in_reply_to_user_id_str": null,
    "in_reply_to_screen_name": null,
    "user": {
        "id": 3072126422,
        "id_str": "3072126422",
        "name": "Hayeon Jeong",
        "screen_name": "sangtohy",
        "location": "",
        "description": "",
        "url": null,
        "entities": {
            "description": {
                "urls": []
            }
        },
        "protected": false,
        "followers_count": 5,
        "friends_count": 40,
        "listed_count": 0,
        "created_at": "Wed Mar 11 00:40:09 +0000 2015",
        "favourites_count": 17,
        "utc_offset": null,
        "time_zone": null,
        "geo_enabled": false,
        "verified": false,
        "statuses_count": 68,
        "lang": null,
        "contributors_enabled": false,
        "is_translator": false,
        "is_translation_enabled": false,
        "profile_background_color": "C0DEED",
        "profile_background_image_url": "http://abs.twimg.com/images/themes/theme1/bg.png",
        "profile_background_image_url_https": "https://abs.twimg.com/images/themes/theme1/bg.png",
        "profile_background_tile": false,
        "profile_image_url": "http://pbs.twimg.com/profile_images/646300425277169664/UHnYZ6na_normal.jpg",
        "profile_image_url_https": "https://pbs.twimg.com/profile_images/646300425277169664/UHnYZ6na_normal.jpg",
        "profile_link_color": "1DA1F2",
        "profile_sidebar_border_color": "C0DEED",
        "profile_sidebar_fill_color": "DDEEF6",
        "profile_text_color": "333333",
        "profile_use_background_image": true,
        "has_extended_profile": false,
        "default_profile": true,
        "default_profile_image": false,
        "following": null,
        "follow_request_sent": null,
        "notifications": null,
        "translator_type": "none"
    },
    "geo": null,
    "coordinates": null,
    "place": null,
    "contributors": null,
    "is_quote_status": false,
    "retweet_count": 0,
    "favorite_count": 3,
    "favorited": false,
    "retweeted": false,
    "possibly_sensitive": false,
    "lang": "ko"
}