{
    "created_at": "Tue Mar 10 13:54:20 +0000 2020",
    "id": 1237376244049522690,
    "id_str": "1237376244049522690",
    "text": "@ShawnMendes @LouisVuitton @virgilabloh @RecordingAcad I know I\u2019m late but I just want to say that it\u2019s very nice \ud83d\udc4d\ud83c\udffc",
    "truncated": false,
    "entities": {
        "hashtags": [],
        "symbols": [],
        "user_mentions": [
            {
                "screen_name": "ShawnMendes",
                "name": "Shawn Mendes",
                "id": 379408088,
                "id_str": "379408088",
                "indices": [
                    0,
                    12
                ]
            },
            {
                "screen_name": "LouisVuitton",
                "name": "Louis Vuitton",
                "id": 44084633,
                "id_str": "44084633",
                "indices": [
                    13,
                    26
                ]
            },
            {
                "screen_name": "virgilabloh",
                "name": "virgil abloh",
                "id": 21845792,
                "id_str": "21845792",
                "indices": [
                    27,
                    39
                ]
            },
            {
                "screen_name": "RecordingAcad",
                "name": "Recording Academy / GRAMMYs",
                "id": 17243213,
                "id_str": "17243213",
                "indices": [
                    40,
                    54
                ]
            }
        ],
        "urls": []
    },
    "metadata": {
        "iso_language_code": "en",
        "result_type": "recent"
    },
    "source": "<a href=\"http://twitter.com/download/iphone\" rel=\"nofollow\">Twitter for iPhone</a>",
    "in_reply_to_status_id": 1221631670312292352,
    "in_reply_to_status_id_str": "1221631670312292352",
    "in_reply_to_user_id": 379408088,
    "in_reply_to_user_id_str": "379408088",
    "in_reply_to_screen_name": "ShawnMendes",
    "user": {
        "id": 1915052473,
        "id_str": "1915052473",
        "name": "\ud835\udd0a\ud835\udd29\ud835\udd1e\ud835\udd2a\ud835\udd2c\ud835\udd2f\ud835\udd2c\ud835\udd32\ud835\udd30 \ud835\udd1a\ud835\udd2c\ud835\udd2a\ud835\udd1e\ud835\udd2b \u24db\u24d3",
        "screen_name": "glamorous_LD",
        "location": "Toronto, Ontario",
        "description": "A dancer \ud83d\udc83\ud83c\udffc Artis \u2113.\u2202 \ud83c\udde8\ud83c\udde6\ud83c\uddef\ud83c\uddf2\ud83c\udff4\udb40\udc67\udb40\udc62\udb40\udc65\udb40\udc6e\udb40\udc67\udb40\udc7f\ud83c\uddfa\ud83c\uddf8 #glamorous_woman #AQuoteFromGlamorousWoman happy",
        "url": null,
        "entities": {
            "description": {
                "urls": []
            }
        },
        "protected": false,
        "followers_count": 273,
        "friends_count": 144,
        "listed_count": 1,
        "created_at": "Sat Sep 28 18:55:51 +0000 2013",
        "favourites_count": 1715,
        "utc_offset": null,
        "time_zone": null,
        "geo_enabled": true,
        "verified": false,
        "statuses_count": 3630,
        "lang": null,
        "contributors_enabled": false,
        "is_translator": false,
        "is_translation_enabled": false,
        "profile_background_color": "3108FF",
        "profile_background_image_url": "http://abs.twimg.com/images/themes/theme15/bg.png",
        "profile_background_image_url_https": "https://abs.twimg.com/images/themes/theme15/bg.png",
        "profile_background_tile": false,
        "profile_image_url": "http://pbs.twimg.com/profile_images/1212454423185756160/uTtoYXCf_normal.jpg",
        "profile_image_url_https": "https://pbs.twimg.com/profile_images/1212454423185756160/uTtoYXCf_normal.jpg",
        "profile_banner_url": "https://pbs.twimg.com/profile_banners/1915052473/1577906636",
        "profile_link_color": "780AF7",
        "profile_sidebar_border_color": "FFFFFF",
        "profile_sidebar_fill_color": "7AC3EE",
        "profile_text_color": "3D1957",
        "profile_use_background_image": true,
        "has_extended_profile": true,
        "default_profile": false,
        "default_profile_image": false,
        "following": null,
        "follow_request_sent": null,
        "notifications": null,
        "translator_type": "none"
    },
    "geo": null,
    "coordinates": null,
    "place": {
        "id": "3797791ff9c0e4c6",
        "url": "https://api.twitter.com/1.1/geo/id/3797791ff9c0e4c6.json",
        "place_type": "city",
        "name": "Toronto",
        "full_name": "Toronto, Ontario",
        "country_code": "CA",
        "country": "Canada",
        "contained_within": [],
        "bounding_box": {
            "type": "Polygon",
            "coordinates": [
                [
                    [
                        -79.639319,
                        43.403221
                    ],
                    [
                        -78.90582,
                        43.403221
                    ],
                    [
                        -78.90582,
                        43.855401
                    ],
                    [
                        -79.639319,
                        43.855401
                    ]
                ]
            ]
        },
        "attributes": {}
    },
    "contributors": null,
    "is_quote_status": false,
    "retweet_count": 0,
    "favorite_count": 0,
    "favorited": false,
    "retweeted": false,
    "lang": "en"
}