{
    "created_at": "Tue Mar 10 16:16:30 +0000 2020",
    "id": 1237412021332738048,
    "id_str": "1237412021332738048",
    "text": "@LouisVuitton @TWNGhesquiere The jacket has a hella yes from me the bag? Nah thnx.",
    "truncated": false,
    "entities": {
        "hashtags": [],
        "symbols": [],
        "user_mentions": [
            {
                "screen_name": "LouisVuitton",
                "name": "Louis Vuitton",
                "id": 44084633,
                "id_str": "44084633",
                "indices": [
                    0,
                    13
                ]
            },
            {
                "screen_name": "TWNGhesquiere",
                "name": "Nicolas Ghesquiere",
                "id": 987110766,
                "id_str": "987110766",
                "indices": [
                    14,
                    28
                ]
            }
        ],
        "urls": []
    },
    "metadata": {
        "iso_language_code": "en",
        "result_type": "recent"
    },
    "source": "<a href=\"http://twitter.com/download/android\" rel=\"nofollow\">Twitter for Android</a>",
    "in_reply_to_status_id": 1235338748981899264,
    "in_reply_to_status_id_str": "1235338748981899264",
    "in_reply_to_user_id": 44084633,
    "in_reply_to_user_id_str": "44084633",
    "in_reply_to_screen_name": "LouisVuitton",
    "user": {
        "id": 2789585779,
        "id_str": "2789585779",
        "name": "xxPixieDotxx",
        "screen_name": "0ChantallicA0",
        "location": "Earth",
        "description": "aka LilSunnySaurus - Gamer - Twitch Streamer/Affiliate - Radio Host - Ex Model - LGBTQ - :) E=mc2",
        "url": null,
        "entities": {
            "description": {
                "urls": []
            }
        },
        "protected": false,
        "followers_count": 68,
        "friends_count": 138,
        "listed_count": 8,
        "created_at": "Thu Sep 04 10:42:35 +0000 2014",
        "favourites_count": 976,
        "utc_offset": null,
        "time_zone": null,
        "geo_enabled": false,
        "verified": false,
        "statuses_count": 572,
        "lang": null,
        "contributors_enabled": false,
        "is_translator": false,
        "is_translation_enabled": false,
        "profile_background_color": "000000",
        "profile_background_image_url": "http://abs.twimg.com/images/themes/theme1/bg.png",
        "profile_background_image_url_https": "https://abs.twimg.com/images/themes/theme1/bg.png",
        "profile_background_tile": false,
        "profile_image_url": "http://pbs.twimg.com/profile_images/1233542415987957761/2Mu1YYUM_normal.jpg",
        "profile_image_url_https": "https://pbs.twimg.com/profile_images/1233542415987957761/2Mu1YYUM_normal.jpg",
        "profile_banner_url": "https://pbs.twimg.com/profile_banners/2789585779/1477995569",
        "profile_link_color": "981CEB",
        "profile_sidebar_border_color": "000000",
        "profile_sidebar_fill_color": "000000",
        "profile_text_color": "000000",
        "profile_use_background_image": false,
        "has_extended_profile": true,
        "default_profile": false,
        "default_profile_image": false,
        "following": null,
        "follow_request_sent": null,
        "notifications": null,
        "translator_type": "none"
    },
    "geo": null,
    "coordinates": null,
    "place": null,
    "contributors": null,
    "is_quote_status": false,
    "retweet_count": 0,
    "favorite_count": 0,
    "favorited": false,
    "retweeted": false,
    "lang": "en"
}