{
    "created_at": "Tue Mar 10 01:09:31 +0000 2020",
    "id": 1237183769926176769,
    "id_str": "1237183769926176769",
    "text": "@erinasimon @selenagomez @LeagueOfLegends @LouisVuitton Looking good!!! \ud83e\udd29",
    "truncated": false,
    "entities": {
        "hashtags": [],
        "symbols": [],
        "user_mentions": [
            {
                "screen_name": "erinasimon",
                "name": "Erin Ashley Simon",
                "id": 54121036,
                "id_str": "54121036",
                "indices": [
                    0,
                    11
                ]
            },
            {
                "screen_name": "selenagomez",
                "name": "Selena Gomez",
                "id": 23375688,
                "id_str": "23375688",
                "indices": [
                    12,
                    24
                ]
            },
            {
                "screen_name": "LeagueOfLegends",
                "name": "League of Legends",
                "id": 577401044,
                "id_str": "577401044",
                "indices": [
                    25,
                    41
                ]
            },
            {
                "screen_name": "LouisVuitton",
                "name": "Louis Vuitton",
                "id": 44084633,
                "id_str": "44084633",
                "indices": [
                    42,
                    55
                ]
            }
        ],
        "urls": []
    },
    "metadata": {
        "iso_language_code": "en",
        "result_type": "recent"
    },
    "source": "<a href=\"http://twitter.com/download/iphone\" rel=\"nofollow\">Twitter for iPhone</a>",
    "in_reply_to_status_id": 1237175029277827073,
    "in_reply_to_status_id_str": "1237175029277827073",
    "in_reply_to_user_id": 54121036,
    "in_reply_to_user_id_str": "54121036",
    "in_reply_to_screen_name": "erinasimon",
    "user": {
        "id": 2485411604,
        "id_str": "2485411604",
        "name": "Naz Aletaha",
        "screen_name": "NazAletaha",
        "location": "Los Angeles,CA",
        "description": "Head of Global Esports Partnerships & Business Development @Lolesports @RiotGames",
        "url": null,
        "entities": {
            "description": {
                "urls": []
            }
        },
        "protected": false,
        "followers_count": 816,
        "friends_count": 205,
        "listed_count": 5,
        "created_at": "Fri May 09 13:45:02 +0000 2014",
        "favourites_count": 1049,
        "utc_offset": null,
        "time_zone": null,
        "geo_enabled": true,
        "verified": true,
        "statuses_count": 110,
        "lang": null,
        "contributors_enabled": false,
        "is_translator": false,
        "is_translation_enabled": false,
        "profile_background_color": "C0DEED",
        "profile_background_image_url": "http://abs.twimg.com/images/themes/theme1/bg.png",
        "profile_background_image_url_https": "https://abs.twimg.com/images/themes/theme1/bg.png",
        "profile_background_tile": false,
        "profile_image_url": "http://pbs.twimg.com/profile_images/1100198443933261825/WmrsOBIX_normal.jpg",
        "profile_image_url_https": "https://pbs.twimg.com/profile_images/1100198443933261825/WmrsOBIX_normal.jpg",
        "profile_banner_url": "https://pbs.twimg.com/profile_banners/2485411604/1569262148",
        "profile_link_color": "1DA1F2",
        "profile_sidebar_border_color": "C0DEED",
        "profile_sidebar_fill_color": "DDEEF6",
        "profile_text_color": "333333",
        "profile_use_background_image": true,
        "has_extended_profile": false,
        "default_profile": true,
        "default_profile_image": false,
        "following": null,
        "follow_request_sent": null,
        "notifications": null,
        "translator_type": "none"
    },
    "geo": null,
    "coordinates": null,
    "place": null,
    "contributors": null,
    "is_quote_status": false,
    "retweet_count": 0,
    "favorite_count": 1,
    "favorited": false,
    "retweeted": false,
    "lang": "en"
}