{
    "created_at": "Tue Mar 10 02:48:19 +0000 2020",
    "id": 1237208635958120451,
    "id_str": "1237208635958120451",
    "text": "RT @CodyFernHQ: \ud83d\udcfd\u3163\"Cody Fern on Why Fashion Shouldn't Be Defined by Gender\" via @LouisVuitton https://t.co/VaVyauHkmt",
    "truncated": false,
    "entities": {
        "hashtags": [],
        "symbols": [],
        "user_mentions": [
            {
                "screen_name": "CodyFernHQ",
                "name": "Cody Fern News",
                "id": 1041385852423864320,
                "id_str": "1041385852423864320",
                "indices": [
                    3,
                    14
                ]
            },
            {
                "screen_name": "LouisVuitton",
                "name": "Louis Vuitton",
                "id": 44084633,
                "id_str": "44084633",
                "indices": [
                    80,
                    93
                ]
            }
        ],
        "urls": [
            {
                "url": "https://t.co/VaVyauHkmt",
                "expanded_url": "https://youtu.be/Ogf0IVL4R18",
                "display_url": "youtu.be/Ogf0IVL4R18",
                "indices": [
                    94,
                    117
                ]
            }
        ]
    },
    "metadata": {
        "iso_language_code": "en",
        "result_type": "recent"
    },
    "source": "<a href=\"http://twitter.com/download/iphone\" rel=\"nofollow\">Twitter for iPhone</a>",
    "in_reply_to_status_id": null,
    "in_reply_to_status_id_str": null,
    "in_reply_to_user_id": null,
    "in_reply_to_user_id_str": null,
    "in_reply_to_screen_name": null,
    "user": {
        "id": 1029268046,
        "id_str": "1029268046",
        "name": "erick",
        "screen_name": "Erickcourage",
        "location": "Baja California",
        "description": "\u201cHi cousin\u2019s Mexico\u201d - @DarrenCriss | \ud83c\uddf2\ud83c\uddfd",
        "url": null,
        "entities": {
            "description": {
                "urls": []
            }
        },
        "protected": false,
        "followers_count": 1872,
        "friends_count": 626,
        "listed_count": 63,
        "created_at": "Sat Dec 22 21:05:56 +0000 2012",
        "favourites_count": 85808,
        "utc_offset": null,
        "time_zone": null,
        "geo_enabled": true,
        "verified": false,
        "statuses_count": 117869,
        "lang": null,
        "contributors_enabled": false,
        "is_translator": false,
        "is_translation_enabled": false,
        "profile_background_color": "000000",
        "profile_background_image_url": "http://abs.twimg.com/images/themes/theme14/bg.gif",
        "profile_background_image_url_https": "https://abs.twimg.com/images/themes/theme14/bg.gif",
        "profile_background_tile": true,
        "profile_image_url": "http://pbs.twimg.com/profile_images/1221713566954209281/j2yJToCj_normal.jpg",
        "profile_image_url_https": "https://pbs.twimg.com/profile_images/1221713566954209281/j2yJToCj_normal.jpg",
        "profile_banner_url": "https://pbs.twimg.com/profile_banners/1029268046/1580114264",
        "profile_link_color": "000000",
        "profile_sidebar_border_color": "000000",
        "profile_sidebar_fill_color": "EFEFEF",
        "profile_text_color": "333333",
        "profile_use_background_image": true,
        "has_extended_profile": true,
        "default_profile": false,
        "default_profile_image": false,
        "following": null,
        "follow_request_sent": null,
        "notifications": null,
        "translator_type": "regular"
    },
    "geo": null,
    "coordinates": null,
    "place": null,
    "contributors": null,
    "retweeted_status": {
        "created_at": "Tue Mar 10 00:21:55 +0000 2020",
        "id": 1237171791640039425,
        "id_str": "1237171791640039425",
        "text": "\ud83d\udcfd\u3163\"Cody Fern on Why Fashion Shouldn't Be Defined by Gender\" via @LouisVuitton https://t.co/VaVyauHkmt",
        "truncated": false,
        "entities": {
            "hashtags": [],
            "symbols": [],
            "user_mentions": [
                {
                    "screen_name": "LouisVuitton",
                    "name": "Louis Vuitton",
                    "id": 44084633,
                    "id_str": "44084633",
                    "indices": [
                        64,
                        77
                    ]
                }
            ],
            "urls": [
                {
                    "url": "https://t.co/VaVyauHkmt",
                    "expanded_url": "https://youtu.be/Ogf0IVL4R18",
                    "display_url": "youtu.be/Ogf0IVL4R18",
                    "indices": [
                        78,
                        101
                    ]
                }
            ]
        },
        "metadata": {
            "iso_language_code": "en",
            "result_type": "recent"
        },
        "source": "<a href=\"http://twitter.com/download/iphone\" rel=\"nofollow\">Twitter for iPhone</a>",
        "in_reply_to_status_id": null,
        "in_reply_to_status_id_str": null,
        "in_reply_to_user_id": null,
        "in_reply_to_user_id_str": null,
        "in_reply_to_screen_name": null,
        "user": {
            "id": 1041385852423864320,
            "id_str": "1041385852423864320",
            "name": "Cody Fern News",
            "screen_name": "CodyFernHQ",
            "location": "",
            "description": "Dedicated to keeping you up-to-date with all news related to actor and filmmaker Cody Fern! Fan run, with love. Inquiries? Email us at codyfernhq@gmail.com \u2728",
            "url": null,
            "entities": {
                "description": {
                    "urls": []
                }
            },
            "protected": false,
            "followers_count": 2055,
            "friends_count": 3,
            "listed_count": 5,
            "created_at": "Sun Sep 16 17:58:30 +0000 2018",
            "favourites_count": 990,
            "utc_offset": null,
            "time_zone": null,
            "geo_enabled": false,
            "verified": false,
            "statuses_count": 1342,
            "lang": null,
            "contributors_enabled": false,
            "is_translator": false,
            "is_translation_enabled": false,
            "profile_background_color": "F5F8FA",
            "profile_background_image_url": null,
            "profile_background_image_url_https": null,
            "profile_background_tile": false,
            "profile_image_url": "http://pbs.twimg.com/profile_images/1106004937161535490/Nx_AIzM5_normal.jpg",
            "profile_image_url_https": "https://pbs.twimg.com/profile_images/1106004937161535490/Nx_AIzM5_normal.jpg",
            "profile_banner_url": "https://pbs.twimg.com/profile_banners/1041385852423864320/1552315633",
            "profile_link_color": "1DA1F2",
            "profile_sidebar_border_color": "C0DEED",
            "profile_sidebar_fill_color": "DDEEF6",
            "profile_text_color": "333333",
            "profile_use_background_image": true,
            "has_extended_profile": false,
            "default_profile": true,
            "default_profile_image": false,
            "following": null,
            "follow_request_sent": null,
            "notifications": null,
            "translator_type": "none"
        },
        "geo": null,
        "coordinates": null,
        "place": null,
        "contributors": null,
        "is_quote_status": false,
        "retweet_count": 7,
        "favorite_count": 29,
        "favorited": false,
        "retweeted": false,
        "possibly_sensitive": false,
        "lang": "en"
    },
    "is_quote_status": false,
    "retweet_count": 7,
    "favorite_count": 0,
    "favorited": false,
    "retweeted": false,
    "possibly_sensitive": false,
    "lang": "en"
}