{
    "created_at": "Tue Mar 10 06:40:54 +0000 2020",
    "id": 1237267167789416448,
    "id_str": "1237267167789416448",
    "text": "I'm at @LOUISVUITTON in \u5927\u962a\u5e02 \u5317\u533a, \u5927\u962a\u5e9c https://t.co/2nb3Horuk4",
    "truncated": false,
    "entities": {
        "hashtags": [],
        "symbols": [],
        "user_mentions": [
            {
                "screen_name": "LouisVuitton",
                "name": "Louis Vuitton",
                "id": 44084633,
                "id_str": "44084633",
                "indices": [
                    7,
                    20
                ]
            }
        ],
        "urls": [
            {
                "url": "https://t.co/2nb3Horuk4",
                "expanded_url": "https://www.swarmapp.com/c/9HHpvqMvA0p",
                "display_url": "swarmapp.com/c/9HHpvqMvA0p",
                "indices": [
                    36,
                    59
                ]
            }
        ]
    },
    "metadata": {
        "iso_language_code": "ja",
        "result_type": "recent"
    },
    "source": "<a href=\"https://www.swarmapp.com\" rel=\"nofollow\">Foursquare Swarm</a>",
    "in_reply_to_status_id": null,
    "in_reply_to_status_id_str": null,
    "in_reply_to_user_id": null,
    "in_reply_to_user_id_str": null,
    "in_reply_to_screen_name": null,
    "user": {
        "id": 2214816229,
        "id_str": "2214816229",
        "name": "\u3075\u3058\u3061\u3083",
        "screen_name": "Bkfjchq___",
        "location": "\u30ae\u30e7\u30ed\u76ee2\u53f0",
        "description": "\u3057\u3070\u3089\u304f\u672c\u57a2\u3068\u3057\u3066\u4f7f\u7528\u3057\u307e\u3059\u3002\u30bd\u30ed\u30f3\u30c4\u30fc\u304c\u5927\u597d\u304d\u306a\u56f2\u3044\u304c\u5c45\u306a\u3044\u59eb\u3067\u3059\u3002\u662f\u975e\u56f2\u3044\u5408\u3044\u307e\u3057\u3087\u3046\u3002\u99ac\u9e7f\u9a12\u304e\u30a2\u30ab\u51cd\u7d50\u306a\u3046\u2192 @fjchq___ R1\u9854\u306eR25\u3068\u3001\u3042\u308b\u308f\u3093'13",
        "url": "https://t.co/4pzbzy2RMa",
        "entities": {
            "url": {
                "urls": [
                    {
                        "url": "https://t.co/4pzbzy2RMa",
                        "expanded_url": "https://www.instagram.com/fjchq___",
                        "display_url": "instagram.com/fjchq___",
                        "indices": [
                            0,
                            23
                        ]
                    }
                ]
            },
            "description": {
                "urls": []
            }
        },
        "protected": false,
        "followers_count": 1033,
        "friends_count": 314,
        "listed_count": 15,
        "created_at": "Mon Nov 25 23:13:58 +0000 2013",
        "favourites_count": 6116,
        "utc_offset": null,
        "time_zone": null,
        "geo_enabled": false,
        "verified": false,
        "statuses_count": 3478,
        "lang": null,
        "contributors_enabled": false,
        "is_translator": false,
        "is_translation_enabled": false,
        "profile_background_color": "C0DEED",
        "profile_background_image_url": "http://abs.twimg.com/images/themes/theme1/bg.png",
        "profile_background_image_url_https": "https://abs.twimg.com/images/themes/theme1/bg.png",
        "profile_background_tile": false,
        "profile_image_url": "http://pbs.twimg.com/profile_images/1236549813220429824/zATrminS_normal.jpg",
        "profile_image_url_https": "https://pbs.twimg.com/profile_images/1236549813220429824/zATrminS_normal.jpg",
        "profile_banner_url": "https://pbs.twimg.com/profile_banners/2214816229/1559979349",
        "profile_link_color": "1DA1F2",
        "profile_sidebar_border_color": "C0DEED",
        "profile_sidebar_fill_color": "DDEEF6",
        "profile_text_color": "333333",
        "profile_use_background_image": true,
        "has_extended_profile": true,
        "default_profile": true,
        "default_profile_image": false,
        "following": null,
        "follow_request_sent": null,
        "notifications": null,
        "translator_type": "none"
    },
    "geo": null,
    "coordinates": null,
    "place": null,
    "contributors": null,
    "is_quote_status": false,
    "retweet_count": 0,
    "favorite_count": 1,
    "favorited": false,
    "retweeted": false,
    "possibly_sensitive": false,
    "lang": "ja"
}