{
    "created_at": "Tue Mar 10 09:13:59 +0000 2020",
    "id": 1237305692387561472,
    "id_str": "1237305692387561472",
    "text": "RT @LouisVuitton: #LVFW20\nThe ever-modern Keepall made an appearance at @TWNGhesquiere\u2019s latest #LouisVuitton fashion show. Watch the show\u2026",
    "truncated": false,
    "entities": {
        "hashtags": [
            {
                "text": "LVFW20",
                "indices": [
                    18,
                    25
                ]
            },
            {
                "text": "LouisVuitton",
                "indices": [
                    96,
                    109
                ]
            }
        ],
        "symbols": [],
        "user_mentions": [
            {
                "screen_name": "LouisVuitton",
                "name": "Louis Vuitton",
                "id": 44084633,
                "id_str": "44084633",
                "indices": [
                    3,
                    16
                ]
            },
            {
                "screen_name": "TWNGhesquiere",
                "name": "Nicolas Ghesquiere",
                "id": 987110766,
                "id_str": "987110766",
                "indices": [
                    72,
                    86
                ]
            }
        ],
        "urls": []
    },
    "metadata": {
        "iso_language_code": "en",
        "result_type": "recent"
    },
    "source": "<a href=\"https://mobile.twitter.com\" rel=\"nofollow\">Twitter Web App</a>",
    "in_reply_to_status_id": null,
    "in_reply_to_status_id_str": null,
    "in_reply_to_user_id": null,
    "in_reply_to_user_id_str": null,
    "in_reply_to_screen_name": null,
    "user": {
        "id": 1217051201998479360,
        "id_str": "1217051201998479360",
        "name": "R O S E",
        "screen_name": "niaaronros",
        "location": "",
        "description": "",
        "url": null,
        "entities": {
            "description": {
                "urls": []
            }
        },
        "protected": false,
        "followers_count": 5,
        "friends_count": 105,
        "listed_count": 0,
        "created_at": "Tue Jan 14 11:50:52 +0000 2020",
        "favourites_count": 458,
        "utc_offset": null,
        "time_zone": null,
        "geo_enabled": false,
        "verified": false,
        "statuses_count": 243,
        "lang": null,
        "contributors_enabled": false,
        "is_translator": false,
        "is_translation_enabled": false,
        "profile_background_color": "F5F8FA",
        "profile_background_image_url": null,
        "profile_background_image_url_https": null,
        "profile_background_tile": false,
        "profile_image_url": "http://pbs.twimg.com/profile_images/1233343645178183681/xTj_gjqt_normal.jpg",
        "profile_image_url_https": "https://pbs.twimg.com/profile_images/1233343645178183681/xTj_gjqt_normal.jpg",
        "profile_banner_url": "https://pbs.twimg.com/profile_banners/1217051201998479360/1579006202",
        "profile_link_color": "1DA1F2",
        "profile_sidebar_border_color": "C0DEED",
        "profile_sidebar_fill_color": "DDEEF6",
        "profile_text_color": "333333",
        "profile_use_background_image": true,
        "has_extended_profile": true,
        "default_profile": true,
        "default_profile_image": false,
        "following": null,
        "follow_request_sent": null,
        "notifications": null,
        "translator_type": "none"
    },
    "geo": null,
    "coordinates": null,
    "place": null,
    "contributors": null,
    "retweeted_status": {
        "created_at": "Wed Mar 04 20:00:02 +0000 2020",
        "id": 1235293947888635904,
        "id_str": "1235293947888635904",
        "text": "#LVFW20\nThe ever-modern Keepall made an appearance at @TWNGhesquiere\u2019s latest #LouisVuitton fashion show. Watch the\u2026 https://t.co/vtSK1G77Cl",
        "truncated": true,
        "entities": {
            "hashtags": [
                {
                    "text": "LVFW20",
                    "indices": [
                        0,
                        7
                    ]
                },
                {
                    "text": "LouisVuitton",
                    "indices": [
                        78,
                        91
                    ]
                }
            ],
            "symbols": [],
            "user_mentions": [
                {
                    "screen_name": "TWNGhesquiere",
                    "name": "Nicolas Ghesquiere",
                    "id": 987110766,
                    "id_str": "987110766",
                    "indices": [
                        54,
                        68
                    ]
                }
            ],
            "urls": [
                {
                    "url": "https://t.co/vtSK1G77Cl",
                    "expanded_url": "https://twitter.com/i/web/status/1235293947888635904",
                    "display_url": "twitter.com/i/web/status/1\u2026",
                    "indices": [
                        117,
                        140
                    ]
                }
            ]
        },
        "metadata": {
            "iso_language_code": "en",
            "result_type": "recent"
        },
        "source": "<a href=\"https://www.sprinklr.com\" rel=\"nofollow\">Sprinklr</a>",
        "in_reply_to_status_id": null,
        "in_reply_to_status_id_str": null,
        "in_reply_to_user_id": null,
        "in_reply_to_user_id_str": null,
        "in_reply_to_screen_name": null,
        "user": {
            "id": 44084633,
            "id_str": "44084633",
            "name": "Louis Vuitton",
            "screen_name": "LouisVuitton",
            "location": "",
            "description": "The official Twitter page for Louis Vuitton Worldwide. Contact client services at @LVServices for customer assistance and personalised advice.",
            "url": "http://t.co/znRCgDOH21",
            "entities": {
                "url": {
                    "urls": [
                        {
                            "url": "http://t.co/znRCgDOH21",
                            "expanded_url": "http://www.louisvuitton.com",
                            "display_url": "louisvuitton.com",
                            "indices": [
                                0,
                                22
                            ]
                        }
                    ]
                },
                "description": {
                    "urls": []
                }
            },
            "protected": false,
            "followers_count": 7501392,
            "friends_count": 6,
            "listed_count": 9683,
            "created_at": "Tue Jun 02 08:22:48 +0000 2009",
            "favourites_count": 109,
            "utc_offset": null,
            "time_zone": null,
            "geo_enabled": false,
            "verified": true,
            "statuses_count": 5652,
            "lang": null,
            "contributors_enabled": false,
            "is_translator": false,
            "is_translation_enabled": false,
            "profile_background_color": "000000",
            "profile_background_image_url": "http://abs.twimg.com/images/themes/theme4/bg.gif",
            "profile_background_image_url_https": "https://abs.twimg.com/images/themes/theme4/bg.gif",
            "profile_background_tile": true,
            "profile_image_url": "http://pbs.twimg.com/profile_images/744891970380767232/jum1SDsC_normal.jpg",
            "profile_image_url_https": "https://pbs.twimg.com/profile_images/744891970380767232/jum1SDsC_normal.jpg",
            "profile_banner_url": "https://pbs.twimg.com/profile_banners/44084633/1583070237",
            "profile_link_color": "FF691F",
            "profile_sidebar_border_color": "FFFFFF",
            "profile_sidebar_fill_color": "FFFFFF",
            "profile_text_color": "2B1413",
            "profile_use_background_image": true,
            "has_extended_profile": false,
            "default_profile": false,
            "default_profile_image": false,
            "following": null,
            "follow_request_sent": null,
            "notifications": null,
            "translator_type": "none"
        },
        "geo": null,
        "coordinates": null,
        "place": null,
        "contributors": null,
        "is_quote_status": false,
        "retweet_count": 35,
        "favorite_count": 314,
        "favorited": false,
        "retweeted": false,
        "possibly_sensitive": false,
        "lang": "en"
    },
    "is_quote_status": false,
    "retweet_count": 35,
    "favorite_count": 0,
    "favorited": false,
    "retweeted": false,
    "lang": "en"
}