{
    "created_at": "Mon Mar 09 22:12:15 +0000 2020",
    "id": 1237139162538614792,
    "id_str": "1237139162538614792",
    "text": "@dominik_c13 @selenagomez @LouisVuitton omg",
    "truncated": false,
    "entities": {
        "hashtags": [],
        "symbols": [],
        "user_mentions": [
            {
                "screen_name": "dominik_c13",
                "name": "dom",
                "id": 4921295603,
                "id_str": "4921295603",
                "indices": [
                    0,
                    12
                ]
            },
            {
                "screen_name": "selenagomez",
                "name": "Selena Gomez",
                "id": 23375688,
                "id_str": "23375688",
                "indices": [
                    13,
                    25
                ]
            },
            {
                "screen_name": "LouisVuitton",
                "name": "Louis Vuitton",
                "id": 44084633,
                "id_str": "44084633",
                "indices": [
                    26,
                    39
                ]
            }
        ],
        "urls": []
    },
    "metadata": {
        "iso_language_code": "und",
        "result_type": "recent"
    },
    "source": "<a href=\"https://mobile.twitter.com\" rel=\"nofollow\">Twitter Web App</a>",
    "in_reply_to_status_id": 1237136139464650752,
    "in_reply_to_status_id_str": "1237136139464650752",
    "in_reply_to_user_id": 4921295603,
    "in_reply_to_user_id_str": "4921295603",
    "in_reply_to_screen_name": "dominik_c13",
    "user": {
        "id": 915682850,
        "id_str": "915682850",
        "name": "\ud835\ude5d\ud835\ude6a\ud835\ude5c\ud835\ude64",
        "screen_name": "peppaperry",
        "location": "katy's forehead",
        "description": "never worn pink",
        "url": null,
        "entities": {
            "description": {
                "urls": []
            }
        },
        "protected": false,
        "followers_count": 115,
        "friends_count": 112,
        "listed_count": 2,
        "created_at": "Tue Oct 30 23:05:04 +0000 2012",
        "favourites_count": 5397,
        "utc_offset": null,
        "time_zone": null,
        "geo_enabled": false,
        "verified": false,
        "statuses_count": 3006,
        "lang": null,
        "contributors_enabled": false,
        "is_translator": false,
        "is_translation_enabled": false,
        "profile_background_color": "343434",
        "profile_background_image_url": "http://abs.twimg.com/images/themes/theme7/bg.gif",
        "profile_background_image_url_https": "https://abs.twimg.com/images/themes/theme7/bg.gif",
        "profile_background_tile": false,
        "profile_image_url": "http://pbs.twimg.com/profile_images/1210583215590821891/nsDzvaAL_normal.jpg",
        "profile_image_url_https": "https://pbs.twimg.com/profile_images/1210583215590821891/nsDzvaAL_normal.jpg",
        "profile_banner_url": "https://pbs.twimg.com/profile_banners/915682850/1582443201",
        "profile_link_color": "FF0000",
        "profile_sidebar_border_color": "FFFFFF",
        "profile_sidebar_fill_color": "FFFFFF",
        "profile_text_color": "000000",
        "profile_use_background_image": true,
        "has_extended_profile": true,
        "default_profile": false,
        "default_profile_image": false,
        "following": null,
        "follow_request_sent": null,
        "notifications": null,
        "translator_type": "none"
    },
    "geo": null,
    "coordinates": null,
    "place": null,
    "contributors": null,
    "is_quote_status": false,
    "retweet_count": 0,
    "favorite_count": 1,
    "favorited": false,
    "retweeted": false,
    "lang": "und"
}