{
    "created_at": "Tue Mar 10 15:34:26 +0000 2020",
    "id": 1237401433034706945,
    "id_str": "1237401433034706945",
    "text": "@LouisVuitton should sponsor me because I love all their stuff! Please think about it! Please and thank you \ud83e\udd70",
    "truncated": false,
    "entities": {
        "hashtags": [],
        "symbols": [],
        "user_mentions": [
            {
                "screen_name": "LouisVuitton",
                "name": "Louis Vuitton",
                "id": 44084633,
                "id_str": "44084633",
                "indices": [
                    0,
                    13
                ]
            }
        ],
        "urls": []
    },
    "metadata": {
        "iso_language_code": "en",
        "result_type": "recent"
    },
    "source": "<a href=\"http://twitter.com/download/iphone\" rel=\"nofollow\">Twitter for iPhone</a>",
    "in_reply_to_status_id": null,
    "in_reply_to_status_id_str": null,
    "in_reply_to_user_id": 44084633,
    "in_reply_to_user_id_str": "44084633",
    "in_reply_to_screen_name": "LouisVuitton",
    "user": {
        "id": 4118869279,
        "id_str": "4118869279",
        "name": "a n e t t e",
        "screen_name": "_AnetteGarcia",
        "location": "Hogwarts",
        "description": "Hogwarts Graduate | @Joemartinez369\u2764\ufe0f",
        "url": "https://t.co/y1VljSyEOe",
        "entities": {
            "url": {
                "urls": [
                    {
                        "url": "https://t.co/y1VljSyEOe",
                        "expanded_url": "http://anette.com",
                        "display_url": "anette.com",
                        "indices": [
                            0,
                            23
                        ]
                    }
                ]
            },
            "description": {
                "urls": []
            }
        },
        "protected": false,
        "followers_count": 478,
        "friends_count": 372,
        "listed_count": 4,
        "created_at": "Wed Nov 04 01:31:29 +0000 2015",
        "favourites_count": 33309,
        "utc_offset": null,
        "time_zone": null,
        "geo_enabled": false,
        "verified": false,
        "statuses_count": 23896,
        "lang": null,
        "contributors_enabled": false,
        "is_translator": false,
        "is_translation_enabled": false,
        "profile_background_color": "000000",
        "profile_background_image_url": "http://abs.twimg.com/images/themes/theme1/bg.png",
        "profile_background_image_url_https": "https://abs.twimg.com/images/themes/theme1/bg.png",
        "profile_background_tile": false,
        "profile_image_url": "http://pbs.twimg.com/profile_images/1229591625980051456/OZBXFf8Q_normal.jpg",
        "profile_image_url_https": "https://pbs.twimg.com/profile_images/1229591625980051456/OZBXFf8Q_normal.jpg",
        "profile_banner_url": "https://pbs.twimg.com/profile_banners/4118869279/1580707870",
        "profile_link_color": "7FDBB6",
        "profile_sidebar_border_color": "000000",
        "profile_sidebar_fill_color": "000000",
        "profile_text_color": "000000",
        "profile_use_background_image": false,
        "has_extended_profile": true,
        "default_profile": false,
        "default_profile_image": false,
        "following": null,
        "follow_request_sent": null,
        "notifications": null,
        "translator_type": "none"
    },
    "geo": null,
    "coordinates": null,
    "place": null,
    "contributors": null,
    "is_quote_status": false,
    "retweet_count": 0,
    "favorite_count": 0,
    "favorited": false,
    "retweeted": false,
    "lang": "en"
}