{
    "created_at": "Tue Mar 10 14:05:25 +0000 2020",
    "id": 1237379031336706049,
    "id_str": "1237379031336706049",
    "text": "@JeffreeStar @LouisVuitton @rikkipoynter",
    "truncated": false,
    "entities": {
        "hashtags": [],
        "symbols": [],
        "user_mentions": [
            {
                "screen_name": "JeffreeStar",
                "name": "Jeffree Star",
                "id": 18236230,
                "id_str": "18236230",
                "indices": [
                    0,
                    12
                ]
            },
            {
                "screen_name": "LouisVuitton",
                "name": "Louis Vuitton",
                "id": 44084633,
                "id_str": "44084633",
                "indices": [
                    13,
                    26
                ]
            },
            {
                "screen_name": "rikkipoynter",
                "name": "Rikki Poynter",
                "id": 3289027731,
                "id_str": "3289027731",
                "indices": [
                    27,
                    40
                ]
            }
        ],
        "urls": []
    },
    "metadata": {
        "iso_language_code": "und",
        "result_type": "recent"
    },
    "source": "<a href=\"http://twitter.com/download/android\" rel=\"nofollow\">Twitter for Android</a>",
    "in_reply_to_status_id": 1235689219831615488,
    "in_reply_to_status_id_str": "1235689219831615488",
    "in_reply_to_user_id": 584237022,
    "in_reply_to_user_id_str": "584237022",
    "in_reply_to_screen_name": "BrandixBLT",
    "user": {
        "id": 584237022,
        "id_str": "584237022",
        "name": "BLT",
        "screen_name": "BrandixBLT",
        "location": "Missouri, USA",
        "description": "Struggling. Constantly tired. Nerd. Pre-ASL TERP life. Kc Chiefs. I'm trying...bare with me. she/her",
        "url": null,
        "entities": {
            "description": {
                "urls": []
            }
        },
        "protected": false,
        "followers_count": 175,
        "friends_count": 99,
        "listed_count": 15,
        "created_at": "Fri May 18 21:02:32 +0000 2012",
        "favourites_count": 52315,
        "utc_offset": null,
        "time_zone": null,
        "geo_enabled": false,
        "verified": false,
        "statuses_count": 21188,
        "lang": null,
        "contributors_enabled": false,
        "is_translator": false,
        "is_translation_enabled": false,
        "profile_background_color": "C0DEED",
        "profile_background_image_url": "http://abs.twimg.com/images/themes/theme1/bg.png",
        "profile_background_image_url_https": "https://abs.twimg.com/images/themes/theme1/bg.png",
        "profile_background_tile": false,
        "profile_image_url": "http://pbs.twimg.com/profile_images/1183392711753134082/FL66Z02O_normal.jpg",
        "profile_image_url_https": "https://pbs.twimg.com/profile_images/1183392711753134082/FL66Z02O_normal.jpg",
        "profile_banner_url": "https://pbs.twimg.com/profile_banners/584237022/1359007407",
        "profile_link_color": "1DA1F2",
        "profile_sidebar_border_color": "C0DEED",
        "profile_sidebar_fill_color": "DDEEF6",
        "profile_text_color": "333333",
        "profile_use_background_image": true,
        "has_extended_profile": true,
        "default_profile": true,
        "default_profile_image": false,
        "following": null,
        "follow_request_sent": null,
        "notifications": null,
        "translator_type": "none"
    },
    "geo": null,
    "coordinates": null,
    "place": null,
    "contributors": null,
    "is_quote_status": false,
    "retweet_count": 0,
    "favorite_count": 0,
    "favorited": false,
    "retweeted": false,
    "lang": "und"
}