{
    "created_at": "Tue Mar 10 00:17:55 +0000 2020",
    "id": 1237170784562446338,
    "id_str": "1237170784562446338",
    "text": "\ud83d\ude0d\ud83d\udd25 \ud83d\ude0d \ud83d\udd25\n\nDress: @tigermist \nBoots: @louisvuitton \nJacket: @elizabethandjames \nMini purse: @prettylittlething\u2026 https://t.co/NmmBqtl31Y",
    "truncated": true,
    "entities": {
        "hashtags": [],
        "symbols": [],
        "user_mentions": [
            {
                "screen_name": "Tigermist",
                "name": "Tigermist",
                "id": 584443974,
                "id_str": "584443974",
                "indices": [
                    15,
                    25
                ]
            },
            {
                "screen_name": "LouisVuitton",
                "name": "Louis Vuitton",
                "id": 44084633,
                "id_str": "44084633",
                "indices": [
                    34,
                    47
                ]
            }
        ],
        "urls": [
            {
                "url": "https://t.co/NmmBqtl31Y",
                "expanded_url": "https://twitter.com/i/web/status/1237170784562446338",
                "display_url": "twitter.com/i/web/status/1\u2026",
                "indices": [
                    109,
                    132
                ]
            }
        ]
    },
    "metadata": {
        "iso_language_code": "en",
        "result_type": "recent"
    },
    "source": "<a href=\"http://twitter.com/download/iphone\" rel=\"nofollow\">Twitter for iPhone</a>",
    "in_reply_to_status_id": null,
    "in_reply_to_status_id_str": null,
    "in_reply_to_user_id": null,
    "in_reply_to_user_id_str": null,
    "in_reply_to_screen_name": null,
    "user": {
        "id": 2654340195,
        "id_str": "2654340195",
        "name": "Sasha Anne",
        "screen_name": "simplysashaanne",
        "location": "New York, NY",
        "description": "MUA \u2022 YouTuber \u2022 Instagram: @simplysashaanne Snapchat: PrincessSashaAnne \u2022 #LipGloss Line: \u201cTeeny Wee\u201d \u2022 PR: Lastinglegacypr@gmail.com\u2022 Most Recent Video - \ud83d\udc47\ud83c\udffb",
        "url": "https://t.co/UTFwMNQXSw",
        "entities": {
            "url": {
                "urls": [
                    {
                        "url": "https://t.co/UTFwMNQXSw",
                        "expanded_url": "https://youtu.be/yLVix1cwZOs",
                        "display_url": "youtu.be/yLVix1cwZOs",
                        "indices": [
                            0,
                            23
                        ]
                    }
                ]
            },
            "description": {
                "urls": []
            }
        },
        "protected": false,
        "followers_count": 247,
        "friends_count": 460,
        "listed_count": 2,
        "created_at": "Sun Jun 29 21:07:47 +0000 2014",
        "favourites_count": 366,
        "utc_offset": null,
        "time_zone": null,
        "geo_enabled": true,
        "verified": false,
        "statuses_count": 3183,
        "lang": null,
        "contributors_enabled": false,
        "is_translator": false,
        "is_translation_enabled": false,
        "profile_background_color": "C0DEED",
        "profile_background_image_url": "http://abs.twimg.com/images/themes/theme1/bg.png",
        "profile_background_image_url_https": "https://abs.twimg.com/images/themes/theme1/bg.png",
        "profile_background_tile": false,
        "profile_image_url": "http://pbs.twimg.com/profile_images/1221592900238299136/-5cy4Cw1_normal.jpg",
        "profile_image_url_https": "https://pbs.twimg.com/profile_images/1221592900238299136/-5cy4Cw1_normal.jpg",
        "profile_banner_url": "https://pbs.twimg.com/profile_banners/2654340195/1565866053",
        "profile_link_color": "1DA1F2",
        "profile_sidebar_border_color": "C0DEED",
        "profile_sidebar_fill_color": "DDEEF6",
        "profile_text_color": "333333",
        "profile_use_background_image": true,
        "has_extended_profile": true,
        "default_profile": true,
        "default_profile_image": false,
        "following": null,
        "follow_request_sent": null,
        "notifications": null,
        "translator_type": "none"
    },
    "geo": null,
    "coordinates": null,
    "place": null,
    "contributors": null,
    "is_quote_status": false,
    "retweet_count": 1,
    "favorite_count": 1,
    "favorited": false,
    "retweeted": false,
    "possibly_sensitive": false,
    "lang": "en"
}