{
    "created_at": "Mon Mar 09 22:45:21 +0000 2020",
    "id": 1237147489784004611,
    "id_str": "1237147489784004611",
    "text": "RT @voguemagazine: .@virgilabloh walks us through his @LouisVuitton collaboration with @nigoldeneye; see every look here. https://t.co/JkLr\u2026",
    "truncated": false,
    "entities": {
        "hashtags": [],
        "symbols": [],
        "user_mentions": [
            {
                "screen_name": "voguemagazine",
                "name": "Vogue Magazine",
                "id": 136361303,
                "id_str": "136361303",
                "indices": [
                    3,
                    17
                ]
            },
            {
                "screen_name": "virgilabloh",
                "name": "virgil abloh",
                "id": 21845792,
                "id_str": "21845792",
                "indices": [
                    20,
                    32
                ]
            },
            {
                "screen_name": "LouisVuitton",
                "name": "Louis Vuitton",
                "id": 44084633,
                "id_str": "44084633",
                "indices": [
                    54,
                    67
                ]
            },
            {
                "screen_name": "nigoldeneye",
                "name": "NIGO\u00ae",
                "id": 115260374,
                "id_str": "115260374",
                "indices": [
                    87,
                    99
                ]
            }
        ],
        "urls": []
    },
    "metadata": {
        "iso_language_code": "en",
        "result_type": "recent"
    },
    "source": "<a href=\"https://mobile.twitter.com\" rel=\"nofollow\">Twitter Web App</a>",
    "in_reply_to_status_id": null,
    "in_reply_to_status_id_str": null,
    "in_reply_to_user_id": null,
    "in_reply_to_user_id_str": null,
    "in_reply_to_screen_name": null,
    "user": {
        "id": 1225108252205240320,
        "id_str": "1225108252205240320",
        "name": "Famina Nikolovski",
        "screen_name": "FaminaNikolovs1",
        "location": "",
        "description": "",
        "url": null,
        "entities": {
            "description": {
                "urls": []
            }
        },
        "protected": false,
        "followers_count": 23,
        "friends_count": 40,
        "listed_count": 0,
        "created_at": "Wed Feb 05 17:25:58 +0000 2020",
        "favourites_count": 180,
        "utc_offset": null,
        "time_zone": null,
        "geo_enabled": false,
        "verified": false,
        "statuses_count": 1919,
        "lang": null,
        "contributors_enabled": false,
        "is_translator": false,
        "is_translation_enabled": false,
        "profile_background_color": "F5F8FA",
        "profile_background_image_url": null,
        "profile_background_image_url_https": null,
        "profile_background_tile": false,
        "profile_image_url": "http://pbs.twimg.com/profile_images/1225108439115931648/WFrcjkDu_normal.jpg",
        "profile_image_url_https": "https://pbs.twimg.com/profile_images/1225108439115931648/WFrcjkDu_normal.jpg",
        "profile_link_color": "1DA1F2",
        "profile_sidebar_border_color": "C0DEED",
        "profile_sidebar_fill_color": "DDEEF6",
        "profile_text_color": "333333",
        "profile_use_background_image": true,
        "has_extended_profile": false,
        "default_profile": true,
        "default_profile_image": false,
        "following": null,
        "follow_request_sent": null,
        "notifications": null,
        "translator_type": "none"
    },
    "geo": null,
    "coordinates": null,
    "place": null,
    "contributors": null,
    "retweeted_status": {
        "created_at": "Mon Mar 09 14:45:31 +0000 2020",
        "id": 1237026734609924097,
        "id_str": "1237026734609924097",
        "text": ".@virgilabloh walks us through his @LouisVuitton collaboration with @nigoldeneye; see every look here. https://t.co/JkLrraXfj6",
        "truncated": false,
        "entities": {
            "hashtags": [],
            "symbols": [],
            "user_mentions": [
                {
                    "screen_name": "virgilabloh",
                    "name": "virgil abloh",
                    "id": 21845792,
                    "id_str": "21845792",
                    "indices": [
                        1,
                        13
                    ]
                },
                {
                    "screen_name": "LouisVuitton",
                    "name": "Louis Vuitton",
                    "id": 44084633,
                    "id_str": "44084633",
                    "indices": [
                        35,
                        48
                    ]
                },
                {
                    "screen_name": "nigoldeneye",
                    "name": "NIGO\u00ae",
                    "id": 115260374,
                    "id_str": "115260374",
                    "indices": [
                        68,
                        80
                    ]
                }
            ],
            "urls": [
                {
                    "url": "https://t.co/JkLrraXfj6",
                    "expanded_url": "http://vogue.cm/WX95TWP",
                    "display_url": "vogue.cm/WX95TWP",
                    "indices": [
                        103,
                        126
                    ]
                }
            ]
        },
        "metadata": {
            "iso_language_code": "en",
            "result_type": "recent"
        },
        "source": "<a href=\"http://www.socialflow.com\" rel=\"nofollow\">SocialFlow</a>",
        "in_reply_to_status_id": null,
        "in_reply_to_status_id_str": null,
        "in_reply_to_user_id": null,
        "in_reply_to_user_id_str": null,
        "in_reply_to_screen_name": null,
        "user": {
            "id": 136361303,
            "id_str": "136361303",
            "name": "Vogue Magazine",
            "screen_name": "voguemagazine",
            "location": "New York, NY",
            "description": "The official Twitter page of Vogue Magazine.",
            "url": "https://t.co/vaoj57vMYU",
            "entities": {
                "url": {
                    "urls": [
                        {
                            "url": "https://t.co/vaoj57vMYU",
                            "expanded_url": "http://www.vogue.com",
                            "display_url": "vogue.com",
                            "indices": [
                                0,
                                23
                            ]
                        }
                    ]
                },
                "description": {
                    "urls": []
                }
            },
            "protected": false,
            "followers_count": 13794552,
            "friends_count": 518,
            "listed_count": 23814,
            "created_at": "Fri Apr 23 18:33:32 +0000 2010",
            "favourites_count": 5615,
            "utc_offset": null,
            "time_zone": null,
            "geo_enabled": true,
            "verified": true,
            "statuses_count": 147424,
            "lang": null,
            "contributors_enabled": false,
            "is_translator": false,
            "is_translation_enabled": false,
            "profile_background_color": "131516",
            "profile_background_image_url": "http://abs.twimg.com/images/themes/theme14/bg.gif",
            "profile_background_image_url_https": "https://abs.twimg.com/images/themes/theme14/bg.gif",
            "profile_background_tile": false,
            "profile_image_url": "http://pbs.twimg.com/profile_images/949349571087536129/jClOJzBv_normal.jpg",
            "profile_image_url_https": "https://pbs.twimg.com/profile_images/949349571087536129/jClOJzBv_normal.jpg",
            "profile_banner_url": "https://pbs.twimg.com/profile_banners/136361303/1580736793",
            "profile_link_color": "009999",
            "profile_sidebar_border_color": "FFFFFF",
            "profile_sidebar_fill_color": "EFEFEF",
            "profile_text_color": "333333",
            "profile_use_background_image": false,
            "has_extended_profile": false,
            "default_profile": false,
            "default_profile_image": false,
            "following": null,
            "follow_request_sent": null,
            "notifications": null,
            "translator_type": "none"
        },
        "geo": null,
        "coordinates": null,
        "place": null,
        "contributors": null,
        "is_quote_status": false,
        "retweet_count": 15,
        "favorite_count": 64,
        "favorited": false,
        "retweeted": false,
        "possibly_sensitive": false,
        "lang": "en"
    },
    "is_quote_status": false,
    "retweet_count": 15,
    "favorite_count": 0,
    "favorited": false,
    "retweeted": false,
    "lang": "en"
}