{
    "created_at": "Tue Mar 10 00:05:10 +0000 2020",
    "id": 1237167578142793728,
    "id_str": "1237167578142793728",
    "text": "@FLPrincessSJK @LouisVuitton @FindomPromoSub @StaciesSlut \ud83d\ude0d\ud83d\ude0d\ud83d\udd25",
    "truncated": false,
    "entities": {
        "hashtags": [],
        "symbols": [],
        "user_mentions": [
            {
                "screen_name": "FLPrincessSJK",
                "name": "\ud83d\udc63\ud83d\udcb8\ud835\udca2\ud835\udc5c\ud835\udcb9\ud835\udcb9\ud835\udc52\ud835\udcc8\ud835\udcc8 \ud835\udcae\ud835\udcc9\ud835\udcb6\ud835\udcb8\ud835\udcbe\ud835\udc52 \ud83d\udcb8\ud83e\udd40",
                "id": 720479844463689728,
                "id_str": "720479844463689728",
                "indices": [
                    0,
                    14
                ]
            },
            {
                "screen_name": "LouisVuitton",
                "name": "Louis Vuitton",
                "id": 44084633,
                "id_str": "44084633",
                "indices": [
                    15,
                    28
                ]
            },
            {
                "screen_name": "FindomPromoSub",
                "name": "FindomPromoSub Tag Me!",
                "id": 1046556433511256064,
                "id_str": "1046556433511256064",
                "indices": [
                    29,
                    44
                ]
            },
            {
                "screen_name": "StaciesSlut",
                "name": "Stacie\u2019s Sissy Slut",
                "id": 1219878788927873024,
                "id_str": "1219878788927873024",
                "indices": [
                    45,
                    57
                ]
            }
        ],
        "urls": []
    },
    "metadata": {
        "iso_language_code": "und",
        "result_type": "recent"
    },
    "source": "<a href=\"http://twitter.com/download/android\" rel=\"nofollow\">Twitter for Android</a>",
    "in_reply_to_status_id": 1237147036329349121,
    "in_reply_to_status_id_str": "1237147036329349121",
    "in_reply_to_user_id": 720479844463689728,
    "in_reply_to_user_id_str": "720479844463689728",
    "in_reply_to_screen_name": "FLPrincessSJK",
    "user": {
        "id": 1219319326009724928,
        "id_str": "1219319326009724928",
        "name": "Goddess Ghost \ud83e\udd87\ud83c\udf51 OnlyFans Top 18%",
        "screen_name": "GothiccGhost",
        "location": "Skyrim",
        "description": "Verified \u2022 20 \ud83c\udf83 Bratty FinDomme vampire queen\ud83d\udd78\ufe0f NSFW on OF \ud83d\udd1e $10 DM tribute \u2022 $30 unblock fee \ud83d\udcb8C*sh*pp: $ghostiebb\nv*nmo: ghostbb \ud83d\udc96 Buy my Snap content \ud83d\udc96",
        "url": "https://t.co/yXgFiOpnB4",
        "entities": {
            "url": {
                "urls": [
                    {
                        "url": "https://t.co/yXgFiOpnB4",
                        "expanded_url": "http://www.onlyfans.com/GothiccGhost",
                        "display_url": "onlyfans.com/GothiccGhost",
                        "indices": [
                            0,
                            23
                        ]
                    }
                ]
            },
            "description": {
                "urls": []
            }
        },
        "protected": false,
        "followers_count": 503,
        "friends_count": 139,
        "listed_count": 0,
        "created_at": "Mon Jan 20 18:02:47 +0000 2020",
        "favourites_count": 970,
        "utc_offset": null,
        "time_zone": null,
        "geo_enabled": false,
        "verified": false,
        "statuses_count": 200,
        "lang": null,
        "contributors_enabled": false,
        "is_translator": false,
        "is_translation_enabled": false,
        "profile_background_color": "F5F8FA",
        "profile_background_image_url": null,
        "profile_background_image_url_https": null,
        "profile_background_tile": false,
        "profile_image_url": "http://pbs.twimg.com/profile_images/1228403896256622592/Y7RKtca5_normal.jpg",
        "profile_image_url_https": "https://pbs.twimg.com/profile_images/1228403896256622592/Y7RKtca5_normal.jpg",
        "profile_banner_url": "https://pbs.twimg.com/profile_banners/1219319326009724928/1581791567",
        "profile_link_color": "1DA1F2",
        "profile_sidebar_border_color": "C0DEED",
        "profile_sidebar_fill_color": "DDEEF6",
        "profile_text_color": "333333",
        "profile_use_background_image": true,
        "has_extended_profile": true,
        "default_profile": true,
        "default_profile_image": false,
        "following": null,
        "follow_request_sent": null,
        "notifications": null,
        "translator_type": "none"
    },
    "geo": null,
    "coordinates": null,
    "place": null,
    "contributors": null,
    "is_quote_status": false,
    "retweet_count": 0,
    "favorite_count": 1,
    "favorited": false,
    "retweeted": false,
    "lang": "und"
}