{
    "created_at": "Tue Mar 10 12:36:43 +0000 2020",
    "id": 1237356712476258305,
    "id_str": "1237356712476258305",
    "text": "@Genius @selenagomez @AppleMusic Shes wearing the @LeagueOfLegends and @LouisVuitton collab \ud83e\udd7a",
    "truncated": false,
    "entities": {
        "hashtags": [],
        "symbols": [],
        "user_mentions": [
            {
                "screen_name": "Genius",
                "name": "Genius",
                "id": 72073289,
                "id_str": "72073289",
                "indices": [
                    0,
                    7
                ]
            },
            {
                "screen_name": "selenagomez",
                "name": "Selena Gomez",
                "id": 23375688,
                "id_str": "23375688",
                "indices": [
                    8,
                    20
                ]
            },
            {
                "screen_name": "AppleMusic",
                "name": "Apple Music",
                "id": 74580436,
                "id_str": "74580436",
                "indices": [
                    21,
                    32
                ]
            },
            {
                "screen_name": "LeagueOfLegends",
                "name": "League of Legends",
                "id": 577401044,
                "id_str": "577401044",
                "indices": [
                    50,
                    66
                ]
            },
            {
                "screen_name": "LouisVuitton",
                "name": "Louis Vuitton",
                "id": 44084633,
                "id_str": "44084633",
                "indices": [
                    71,
                    84
                ]
            }
        ],
        "urls": []
    },
    "metadata": {
        "iso_language_code": "en",
        "result_type": "recent"
    },
    "source": "<a href=\"http://twitter.com/download/iphone\" rel=\"nofollow\">Twitter for iPhone</a>",
    "in_reply_to_status_id": 1237070611920420868,
    "in_reply_to_status_id_str": "1237070611920420868",
    "in_reply_to_user_id": 72073289,
    "in_reply_to_user_id_str": "72073289",
    "in_reply_to_screen_name": "Genius",
    "user": {
        "id": 187763618,
        "id_str": "187763618",
        "name": "Ali Al-Ansari\ud83c\uddf6\ud83c\udde6",
        "screen_name": "Alo0oys",
        "location": "Pokemon Center",
        "description": "Qatari - Chemical Engineer - Texas A&M\u201919 - Don\u2019t be afraid to be critical, voice up if you have the privilege to do so - \ud83c\uddf5\ud83c\uddf8\u270a\ud83c\udffb",
        "url": "https://t.co/iT7SaigJtQ",
        "entities": {
            "url": {
                "urls": [
                    {
                        "url": "https://t.co/iT7SaigJtQ",
                        "expanded_url": "http://www.instagram.com/alo0oys",
                        "display_url": "instagram.com/alo0oys",
                        "indices": [
                            0,
                            23
                        ]
                    }
                ]
            },
            "description": {
                "urls": []
            }
        },
        "protected": false,
        "followers_count": 436,
        "friends_count": 174,
        "listed_count": 1,
        "created_at": "Tue Sep 07 02:34:32 +0000 2010",
        "favourites_count": 2813,
        "utc_offset": null,
        "time_zone": null,
        "geo_enabled": false,
        "verified": false,
        "statuses_count": 6610,
        "lang": null,
        "contributors_enabled": false,
        "is_translator": false,
        "is_translation_enabled": false,
        "profile_background_color": "ACDED6",
        "profile_background_image_url": "http://abs.twimg.com/images/themes/theme1/bg.png",
        "profile_background_image_url_https": "https://abs.twimg.com/images/themes/theme1/bg.png",
        "profile_background_tile": false,
        "profile_image_url": "http://pbs.twimg.com/profile_images/1230844423396823041/ezhk6Ue4_normal.jpg",
        "profile_image_url_https": "https://pbs.twimg.com/profile_images/1230844423396823041/ezhk6Ue4_normal.jpg",
        "profile_banner_url": "https://pbs.twimg.com/profile_banners/187763618/1582291266",
        "profile_link_color": "2ABFC4",
        "profile_sidebar_border_color": "112BD6",
        "profile_sidebar_fill_color": "9CE8D9",
        "profile_text_color": "333333",
        "profile_use_background_image": true,
        "has_extended_profile": true,
        "default_profile": false,
        "default_profile_image": false,
        "following": null,
        "follow_request_sent": null,
        "notifications": null,
        "translator_type": "none"
    },
    "geo": null,
    "coordinates": null,
    "place": null,
    "contributors": null,
    "is_quote_status": false,
    "retweet_count": 0,
    "favorite_count": 0,
    "favorited": false,
    "retweeted": false,
    "lang": "en"
}