{
    "created_at": "Mon Mar 09 22:13:29 +0000 2020",
    "id": 1237139471864336384,
    "id_str": "1237139471864336384",
    "text": "@peppaperry @selenagomez @LouisVuitton Ikr taste \ud83d\udc85",
    "truncated": false,
    "entities": {
        "hashtags": [],
        "symbols": [],
        "user_mentions": [
            {
                "screen_name": "peppaperry",
                "name": "\ud835\ude5d\ud835\ude6a\ud835\ude5c\ud835\ude64",
                "id": 915682850,
                "id_str": "915682850",
                "indices": [
                    0,
                    11
                ]
            },
            {
                "screen_name": "selenagomez",
                "name": "Selena Gomez",
                "id": 23375688,
                "id_str": "23375688",
                "indices": [
                    12,
                    24
                ]
            },
            {
                "screen_name": "LouisVuitton",
                "name": "Louis Vuitton",
                "id": 44084633,
                "id_str": "44084633",
                "indices": [
                    25,
                    38
                ]
            }
        ],
        "urls": []
    },
    "metadata": {
        "iso_language_code": "no",
        "result_type": "recent"
    },
    "source": "<a href=\"http://twitter.com/download/iphone\" rel=\"nofollow\">Twitter for iPhone</a>",
    "in_reply_to_status_id": 1237139162538614792,
    "in_reply_to_status_id_str": "1237139162538614792",
    "in_reply_to_user_id": 915682850,
    "in_reply_to_user_id_str": "915682850",
    "in_reply_to_screen_name": "peppaperry",
    "user": {
        "id": 4921295603,
        "id_str": "4921295603",
        "name": "dom",
        "screen_name": "dominik_c13",
        "location": "Practice",
        "description": "gay doppelg\u00e4nger | insta : dominik_c13",
        "url": null,
        "entities": {
            "description": {
                "urls": []
            }
        },
        "protected": false,
        "followers_count": 627,
        "friends_count": 877,
        "listed_count": 12,
        "created_at": "Tue Feb 16 22:32:24 +0000 2016",
        "favourites_count": 71055,
        "utc_offset": null,
        "time_zone": null,
        "geo_enabled": true,
        "verified": false,
        "statuses_count": 19319,
        "lang": null,
        "contributors_enabled": false,
        "is_translator": false,
        "is_translation_enabled": false,
        "profile_background_color": "000000",
        "profile_background_image_url": "http://abs.twimg.com/images/themes/theme1/bg.png",
        "profile_background_image_url_https": "https://abs.twimg.com/images/themes/theme1/bg.png",
        "profile_background_tile": true,
        "profile_image_url": "http://pbs.twimg.com/profile_images/1237176168253722625/-kGUrN1h_normal.jpg",
        "profile_image_url_https": "https://pbs.twimg.com/profile_images/1237176168253722625/-kGUrN1h_normal.jpg",
        "profile_banner_url": "https://pbs.twimg.com/profile_banners/4921295603/1579908901",
        "profile_link_color": "E81C4F",
        "profile_sidebar_border_color": "000000",
        "profile_sidebar_fill_color": "000000",
        "profile_text_color": "000000",
        "profile_use_background_image": true,
        "has_extended_profile": true,
        "default_profile": false,
        "default_profile_image": false,
        "following": null,
        "follow_request_sent": null,
        "notifications": null,
        "translator_type": "none"
    },
    "geo": null,
    "coordinates": null,
    "place": null,
    "contributors": null,
    "is_quote_status": false,
    "retweet_count": 0,
    "favorite_count": 0,
    "favorited": false,
    "retweeted": false,
    "lang": "no"
}