{
    "created_at": "Mon Mar 09 22:27:25 +0000 2020",
    "id": 1237142976683442179,
    "id_str": "1237142976683442179",
    "text": "@florine19297116 @JeffreeStar @LouisVuitton Soon genre",
    "truncated": false,
    "entities": {
        "hashtags": [],
        "symbols": [],
        "user_mentions": [
            {
                "screen_name": "florine19297116",
                "name": "florine",
                "id": 980061228994301953,
                "id_str": "980061228994301953",
                "indices": [
                    0,
                    16
                ]
            },
            {
                "screen_name": "JeffreeStar",
                "name": "Jeffree Star",
                "id": 18236230,
                "id_str": "18236230",
                "indices": [
                    17,
                    29
                ]
            },
            {
                "screen_name": "LouisVuitton",
                "name": "Louis Vuitton",
                "id": 44084633,
                "id_str": "44084633",
                "indices": [
                    30,
                    43
                ]
            }
        ],
        "urls": []
    },
    "metadata": {
        "iso_language_code": "en",
        "result_type": "recent"
    },
    "source": "<a href=\"http://twitter.com/download/android\" rel=\"nofollow\">Twitter for Android</a>",
    "in_reply_to_status_id": 1235843440920776710,
    "in_reply_to_status_id_str": "1235843440920776710",
    "in_reply_to_user_id": 980061228994301953,
    "in_reply_to_user_id_str": "980061228994301953",
    "in_reply_to_screen_name": "florine19297116",
    "user": {
        "id": 815965543312293888,
        "id_str": "815965543312293888",
        "name": "\u24c2a n a u",
        "screen_name": "Dexter_Saiety",
        "location": "Belgique",
        "description": "insta : manau.v",
        "url": null,
        "entities": {
            "description": {
                "urls": []
            }
        },
        "protected": false,
        "followers_count": 16,
        "friends_count": 78,
        "listed_count": 0,
        "created_at": "Mon Jan 02 16:58:40 +0000 2017",
        "favourites_count": 1250,
        "utc_offset": null,
        "time_zone": null,
        "geo_enabled": false,
        "verified": false,
        "statuses_count": 20,
        "lang": null,
        "contributors_enabled": false,
        "is_translator": false,
        "is_translation_enabled": false,
        "profile_background_color": "F5F8FA",
        "profile_background_image_url": null,
        "profile_background_image_url_https": null,
        "profile_background_tile": false,
        "profile_image_url": "http://pbs.twimg.com/profile_images/1162752562782756865/PfvlPoTg_normal.jpg",
        "profile_image_url_https": "https://pbs.twimg.com/profile_images/1162752562782756865/PfvlPoTg_normal.jpg",
        "profile_link_color": "1DA1F2",
        "profile_sidebar_border_color": "C0DEED",
        "profile_sidebar_fill_color": "DDEEF6",
        "profile_text_color": "333333",
        "profile_use_background_image": true,
        "has_extended_profile": true,
        "default_profile": true,
        "default_profile_image": false,
        "following": null,
        "follow_request_sent": null,
        "notifications": null,
        "translator_type": "none"
    },
    "geo": null,
    "coordinates": null,
    "place": null,
    "contributors": null,
    "is_quote_status": false,
    "retweet_count": 0,
    "favorite_count": 0,
    "favorited": false,
    "retweeted": false,
    "lang": "en"
}