{
    "created_at": "Mon Mar 09 23:11:37 +0000 2020",
    "id": 1237154099302264832,
    "id_str": "1237154099302264832",
    "text": "RT @RolaWorLD: \u30eb\u30a4\u30f4\u30a3\u30c8\u30f3\u306e\u30b7\u30e7\u30fc\u306e\u524d\u306b\u30bb\u30fc\u30cc\u5ddd\u3067\u30ef\u30f3\u30b7\u30e7\u30c3\u30c8\ud83d\udcf8\u3000\u7d20\u6575\u306a\u6642\u9593\u3092\u3042\u308a\u304c\u3068\u3046\u266a@Louisvuitton \ud83e\udd85\ud83d\udda4\nThank you for having me\u2728\u263a\ufe0f \u5834\u6240: La Seine https://t.co/AZnOQ9nHhB",
    "truncated": false,
    "entities": {
        "hashtags": [],
        "symbols": [],
        "user_mentions": [
            {
                "screen_name": "RolaWorLD",
                "name": "ROLA",
                "id": 505218781,
                "id_str": "505218781",
                "indices": [
                    3,
                    13
                ]
            },
            {
                "screen_name": "LouisVuitton",
                "name": "Louis Vuitton",
                "id": 44084633,
                "id_str": "44084633",
                "indices": [
                    53,
                    66
                ]
            }
        ],
        "urls": [
            {
                "url": "https://t.co/AZnOQ9nHhB",
                "expanded_url": "https://www.instagram.com/p/B9SpKCWJTh5/?igshid=mmtwg588a36u",
                "display_url": "instagram.com/p/B9SpKCWJTh5/\u2026",
                "indices": [
                    110,
                    133
                ]
            }
        ]
    },
    "metadata": {
        "iso_language_code": "ja",
        "result_type": "recent"
    },
    "source": "<a href=\"http://twitter.com/download/iphone\" rel=\"nofollow\">Twitter for iPhone</a>",
    "in_reply_to_status_id": null,
    "in_reply_to_status_id_str": null,
    "in_reply_to_user_id": null,
    "in_reply_to_user_id_str": null,
    "in_reply_to_screen_name": null,
    "user": {
        "id": 1202040335846633472,
        "id_str": "1202040335846633472",
        "name": "billie eilish Japan\ud83d\udd77",
        "screen_name": "yosinor34456111",
        "location": "\u65e5\u672c",
        "description": "international global LinQ \u6d77\u5916\u56fd\u5185\u6a5f\u6750\u8f38\u9001\u306epioneer",
        "url": null,
        "entities": {
            "description": {
                "urls": []
            }
        },
        "protected": false,
        "followers_count": 79,
        "friends_count": 102,
        "listed_count": 0,
        "created_at": "Wed Dec 04 01:42:16 +0000 2019",
        "favourites_count": 3806,
        "utc_offset": null,
        "time_zone": null,
        "geo_enabled": false,
        "verified": false,
        "statuses_count": 2762,
        "lang": null,
        "contributors_enabled": false,
        "is_translator": false,
        "is_translation_enabled": false,
        "profile_background_color": "F5F8FA",
        "profile_background_image_url": null,
        "profile_background_image_url_https": null,
        "profile_background_tile": false,
        "profile_image_url": "http://pbs.twimg.com/profile_images/1228970133344768001/qabUaNhD_normal.jpg",
        "profile_image_url_https": "https://pbs.twimg.com/profile_images/1228970133344768001/qabUaNhD_normal.jpg",
        "profile_banner_url": "https://pbs.twimg.com/profile_banners/1202040335846633472/1581848202",
        "profile_link_color": "1DA1F2",
        "profile_sidebar_border_color": "C0DEED",
        "profile_sidebar_fill_color": "DDEEF6",
        "profile_text_color": "333333",
        "profile_use_background_image": true,
        "has_extended_profile": true,
        "default_profile": true,
        "default_profile_image": false,
        "following": null,
        "follow_request_sent": null,
        "notifications": null,
        "translator_type": "none"
    },
    "geo": null,
    "coordinates": null,
    "place": null,
    "contributors": null,
    "retweeted_status": {
        "created_at": "Wed Mar 04 00:42:25 +0000 2020",
        "id": 1235002623054532608,
        "id_str": "1235002623054532608",
        "text": "\u30eb\u30a4\u30f4\u30a3\u30c8\u30f3\u306e\u30b7\u30e7\u30fc\u306e\u524d\u306b\u30bb\u30fc\u30cc\u5ddd\u3067\u30ef\u30f3\u30b7\u30e7\u30c3\u30c8\ud83d\udcf8\u3000\u7d20\u6575\u306a\u6642\u9593\u3092\u3042\u308a\u304c\u3068\u3046\u266a@Louisvuitton \ud83e\udd85\ud83d\udda4\nThank you for having me\u2728\u263a\ufe0f \u5834\u6240: La Seine https://t.co/AZnOQ9nHhB",
        "truncated": false,
        "entities": {
            "hashtags": [],
            "symbols": [],
            "user_mentions": [
                {
                    "screen_name": "LouisVuitton",
                    "name": "Louis Vuitton",
                    "id": 44084633,
                    "id_str": "44084633",
                    "indices": [
                        38,
                        51
                    ]
                }
            ],
            "urls": [
                {
                    "url": "https://t.co/AZnOQ9nHhB",
                    "expanded_url": "https://www.instagram.com/p/B9SpKCWJTh5/?igshid=mmtwg588a36u",
                    "display_url": "instagram.com/p/B9SpKCWJTh5/\u2026",
                    "indices": [
                        95,
                        118
                    ]
                }
            ]
        },
        "metadata": {
            "iso_language_code": "ja",
            "result_type": "recent"
        },
        "source": "<a href=\"http://instagram.com\" rel=\"nofollow\">Instagram</a>",
        "in_reply_to_status_id": null,
        "in_reply_to_status_id_str": null,
        "in_reply_to_user_id": null,
        "in_reply_to_user_id_str": null,
        "in_reply_to_screen_name": null,
        "user": {
            "id": 505218781,
            "id_str": "505218781",
            "name": "ROLA",
            "screen_name": "RolaWorLD",
            "location": "",
            "description": "Instagram\u27a1\ufe0frolaofficial",
            "url": null,
            "entities": {
                "description": {
                    "urls": []
                }
            },
            "protected": false,
            "followers_count": 4257731,
            "friends_count": 158,
            "listed_count": 11621,
            "created_at": "Mon Feb 27 01:02:11 +0000 2012",
            "favourites_count": 22,
            "utc_offset": null,
            "time_zone": null,
            "geo_enabled": false,
            "verified": true,
            "statuses_count": 3278,
            "lang": null,
            "contributors_enabled": false,
            "is_translator": false,
            "is_translation_enabled": true,
            "profile_background_color": "642D8B",
            "profile_background_image_url": "http://abs.twimg.com/images/themes/theme1/bg.png",
            "profile_background_image_url_https": "https://abs.twimg.com/images/themes/theme1/bg.png",
            "profile_background_tile": true,
            "profile_image_url": "http://pbs.twimg.com/profile_images/841515487020294144/uOLXXXDu_normal.jpg",
            "profile_image_url_https": "https://pbs.twimg.com/profile_images/841515487020294144/uOLXXXDu_normal.jpg",
            "profile_banner_url": "https://pbs.twimg.com/profile_banners/505218781/1391084253",
            "profile_link_color": "FF0000",
            "profile_sidebar_border_color": "C0DEED",
            "profile_sidebar_fill_color": "DDEEF6",
            "profile_text_color": "333333",
            "profile_use_background_image": true,
            "has_extended_profile": false,
            "default_profile": false,
            "default_profile_image": false,
            "following": null,
            "follow_request_sent": null,
            "notifications": null,
            "translator_type": "none"
        },
        "geo": null,
        "coordinates": null,
        "place": null,
        "contributors": null,
        "is_quote_status": false,
        "retweet_count": 124,
        "favorite_count": 2350,
        "favorited": false,
        "retweeted": false,
        "possibly_sensitive": false,
        "lang": "ja"
    },
    "is_quote_status": false,
    "retweet_count": 124,
    "favorite_count": 0,
    "favorited": false,
    "retweeted": false,
    "possibly_sensitive": false,
    "lang": "ja"
}