{
    "created_at": "Tue Mar 10 14:20:51 +0000 2020",
    "id": 1237382914901336069,
    "id_str": "1237382914901336069",
    "text": "@Hermes_Paris e @LouisVuitton non si fermano: formazione e nuova fabbrica https://t.co/SLfkATUxkD https://t.co/qwm87I1aZ7",
    "truncated": false,
    "entities": {
        "hashtags": [],
        "symbols": [],
        "user_mentions": [
            {
                "screen_name": "Hermes_Paris",
                "name": "Herm\u00e8s",
                "id": 537989713,
                "id_str": "537989713",
                "indices": [
                    0,
                    13
                ]
            },
            {
                "screen_name": "LouisVuitton",
                "name": "Louis Vuitton",
                "id": 44084633,
                "id_str": "44084633",
                "indices": [
                    16,
                    29
                ]
            }
        ],
        "urls": [
            {
                "url": "https://t.co/SLfkATUxkD",
                "expanded_url": "https://www.laconceria.it/lusso/hermes-e-louis-vuitton-non-si-fermano-formazione-e-nuova-fabbrica/?utm_source=mailpoet&utm_medium=email&utm_campaign=la-conceria-daily-news-8-febbraio-2020",
                "display_url": "laconceria.it/lusso/hermes-e\u2026",
                "indices": [
                    74,
                    97
                ]
            }
        ],
        "media": [
            {
                "id": 1237382835008241664,
                "id_str": "1237382835008241664",
                "indices": [
                    98,
                    121
                ],
                "media_url": "http://pbs.twimg.com/media/ESwRIevVAAA70BE.jpg",
                "media_url_https": "https://pbs.twimg.com/media/ESwRIevVAAA70BE.jpg",
                "url": "https://t.co/qwm87I1aZ7",
                "display_url": "pic.twitter.com/qwm87I1aZ7",
                "expanded_url": "https://twitter.com/laConceria/status/1237382914901336069/photo/1",
                "type": "photo",
                "sizes": {
                    "large": {
                        "w": 1500,
                        "h": 700,
                        "resize": "fit"
                    },
                    "thumb": {
                        "w": 150,
                        "h": 150,
                        "resize": "crop"
                    },
                    "small": {
                        "w": 680,
                        "h": 317,
                        "resize": "fit"
                    },
                    "medium": {
                        "w": 1200,
                        "h": 560,
                        "resize": "fit"
                    }
                }
            }
        ]
    },
    "extended_entities": {
        "media": [
            {
                "id": 1237382835008241664,
                "id_str": "1237382835008241664",
                "indices": [
                    98,
                    121
                ],
                "media_url": "http://pbs.twimg.com/media/ESwRIevVAAA70BE.jpg",
                "media_url_https": "https://pbs.twimg.com/media/ESwRIevVAAA70BE.jpg",
                "url": "https://t.co/qwm87I1aZ7",
                "display_url": "pic.twitter.com/qwm87I1aZ7",
                "expanded_url": "https://twitter.com/laConceria/status/1237382914901336069/photo/1",
                "type": "photo",
                "sizes": {
                    "large": {
                        "w": 1500,
                        "h": 700,
                        "resize": "fit"
                    },
                    "thumb": {
                        "w": 150,
                        "h": 150,
                        "resize": "crop"
                    },
                    "small": {
                        "w": 680,
                        "h": 317,
                        "resize": "fit"
                    },
                    "medium": {
                        "w": 1200,
                        "h": 560,
                        "resize": "fit"
                    }
                }
            }
        ]
    },
    "metadata": {
        "iso_language_code": "it",
        "result_type": "recent"
    },
    "source": "<a href=\"https://mobile.twitter.com\" rel=\"nofollow\">Twitter Web App</a>",
    "in_reply_to_status_id": null,
    "in_reply_to_status_id_str": null,
    "in_reply_to_user_id": 537989713,
    "in_reply_to_user_id_str": "537989713",
    "in_reply_to_screen_name": "Hermes_Paris",
    "user": {
        "id": 4501880495,
        "id_str": "4501880495",
        "name": "LaConceria",
        "screen_name": "laConceria",
        "location": "Milan, Lombardy",
        "description": "Attualit\u00e0 e approfondimenti dal mondo della pelle",
        "url": "https://t.co/SUgnMDtg7v",
        "entities": {
            "url": {
                "urls": [
                    {
                        "url": "https://t.co/SUgnMDtg7v",
                        "expanded_url": "http://www.laconceria.it/",
                        "display_url": "laconceria.it",
                        "indices": [
                            0,
                            23
                        ]
                    }
                ]
            },
            "description": {
                "urls": []
            }
        },
        "protected": false,
        "followers_count": 544,
        "friends_count": 440,
        "listed_count": 41,
        "created_at": "Wed Dec 16 10:21:55 +0000 2015",
        "favourites_count": 270,
        "utc_offset": null,
        "time_zone": null,
        "geo_enabled": true,
        "verified": false,
        "statuses_count": 10159,
        "lang": null,
        "contributors_enabled": false,
        "is_translator": false,
        "is_translation_enabled": false,
        "profile_background_color": "000000",
        "profile_background_image_url": "http://abs.twimg.com/images/themes/theme1/bg.png",
        "profile_background_image_url_https": "https://abs.twimg.com/images/themes/theme1/bg.png",
        "profile_background_tile": false,
        "profile_image_url": "http://pbs.twimg.com/profile_images/829685980043083776/vJg4fr1Z_normal.jpg",
        "profile_image_url_https": "https://pbs.twimg.com/profile_images/829685980043083776/vJg4fr1Z_normal.jpg",
        "profile_banner_url": "https://pbs.twimg.com/profile_banners/4501880495/1486647510",
        "profile_link_color": "DD2E44",
        "profile_sidebar_border_color": "000000",
        "profile_sidebar_fill_color": "000000",
        "profile_text_color": "000000",
        "profile_use_background_image": false,
        "has_extended_profile": false,
        "default_profile": false,
        "default_profile_image": false,
        "following": null,
        "follow_request_sent": null,
        "notifications": null,
        "translator_type": "none"
    },
    "geo": null,
    "coordinates": null,
    "place": null,
    "contributors": null,
    "is_quote_status": false,
    "retweet_count": 0,
    "favorite_count": 0,
    "favorited": false,
    "retweeted": false,
    "possibly_sensitive": false,
    "lang": "it"
}