{
    "created_at": "Tue Mar 10 00:11:06 +0000 2020",
    "id": 1237169070266556419,
    "id_str": "1237169070266556419",
    "text": "@JeffreeStar @LouisVuitton Stunning!!",
    "truncated": false,
    "entities": {
        "hashtags": [],
        "symbols": [],
        "user_mentions": [
            {
                "screen_name": "JeffreeStar",
                "name": "Jeffree Star",
                "id": 18236230,
                "id_str": "18236230",
                "indices": [
                    0,
                    12
                ]
            },
            {
                "screen_name": "LouisVuitton",
                "name": "Louis Vuitton",
                "id": 44084633,
                "id_str": "44084633",
                "indices": [
                    13,
                    26
                ]
            }
        ],
        "urls": []
    },
    "metadata": {
        "iso_language_code": "en",
        "result_type": "recent"
    },
    "source": "<a href=\"http://twitter.com/download/iphone\" rel=\"nofollow\">Twitter for iPhone</a>",
    "in_reply_to_status_id": 1235668091251519488,
    "in_reply_to_status_id_str": "1235668091251519488",
    "in_reply_to_user_id": 18236230,
    "in_reply_to_user_id_str": "18236230",
    "in_reply_to_screen_name": "JeffreeStar",
    "user": {
        "id": 2320215584,
        "id_str": "2320215584",
        "name": "Samantha Hubbard",
        "screen_name": "sammyharleygirl",
        "location": "Marquette, MI.",
        "description": "I live in the U.P. of Michigan. Going to the beach and riding my Harley are my life! \ud83d\ude0e\ud83c\udf0a\ud83d\ude4c\ud83c\udffc",
        "url": null,
        "entities": {
            "description": {
                "urls": []
            }
        },
        "protected": false,
        "followers_count": 59,
        "friends_count": 100,
        "listed_count": 0,
        "created_at": "Fri Jan 31 04:30:19 +0000 2014",
        "favourites_count": 654,
        "utc_offset": null,
        "time_zone": null,
        "geo_enabled": true,
        "verified": false,
        "statuses_count": 288,
        "lang": null,
        "contributors_enabled": false,
        "is_translator": false,
        "is_translation_enabled": false,
        "profile_background_color": "000000",
        "profile_background_image_url": "http://abs.twimg.com/images/themes/theme1/bg.png",
        "profile_background_image_url_https": "https://abs.twimg.com/images/themes/theme1/bg.png",
        "profile_background_tile": false,
        "profile_image_url": "http://pbs.twimg.com/profile_images/1162371380593213440/b1pgMB9q_normal.jpg",
        "profile_image_url_https": "https://pbs.twimg.com/profile_images/1162371380593213440/b1pgMB9q_normal.jpg",
        "profile_link_color": "9266CC",
        "profile_sidebar_border_color": "000000",
        "profile_sidebar_fill_color": "000000",
        "profile_text_color": "000000",
        "profile_use_background_image": false,
        "has_extended_profile": true,
        "default_profile": false,
        "default_profile_image": false,
        "following": null,
        "follow_request_sent": null,
        "notifications": null,
        "translator_type": "none"
    },
    "geo": null,
    "coordinates": null,
    "place": null,
    "contributors": null,
    "is_quote_status": false,
    "retweet_count": 0,
    "favorite_count": 0,
    "favorited": false,
    "retweeted": false,
    "lang": "en"
}