{
    "created_at": "Mon Mar 09 23:02:45 +0000 2020",
    "id": 1237151871082598400,
    "id_str": "1237151871082598400",
    "text": "@FLPrincessSJK @hellkittenx3 @LouisVuitton @FindomPromoSub @StaciesSlut This is so hot \ud83d\ude08\ud83d\ude08\ud83d\ude08\ud83d\udc95\ud83d\udc95\ud83d\ude0c",
    "truncated": false,
    "entities": {
        "hashtags": [],
        "symbols": [],
        "user_mentions": [
            {
                "screen_name": "FLPrincessSJK",
                "name": "\ud83d\udc63\ud83d\udcb8\ud835\udca2\ud835\udc5c\ud835\udcb9\ud835\udcb9\ud835\udc52\ud835\udcc8\ud835\udcc8 \ud835\udcae\ud835\udcc9\ud835\udcb6\ud835\udcb8\ud835\udcbe\ud835\udc52 \ud83d\udcb8\ud83e\udd40",
                "id": 720479844463689728,
                "id_str": "720479844463689728",
                "indices": [
                    0,
                    14
                ]
            },
            {
                "screen_name": "hellkittenx3",
                "name": "\ud835\udd6d\ud835\udd91\ud835\udd86\ud835\udd88\ud835\udd90 \ud835\udd8c\ud835\udd94\ud835\udd89 \ud835\udd7e\ud835\udd94\ud835\udd97\ud835\udd8e\ud835\udd86\ud835\udd8d\ud83c\udde7\ud83c\uddf8",
                "id": 1228080719861293058,
                "id_str": "1228080719861293058",
                "indices": [
                    15,
                    28
                ]
            },
            {
                "screen_name": "LouisVuitton",
                "name": "Louis Vuitton",
                "id": 44084633,
                "id_str": "44084633",
                "indices": [
                    29,
                    42
                ]
            },
            {
                "screen_name": "FindomPromoSub",
                "name": "FindomPromoSub Tag Me!",
                "id": 1046556433511256064,
                "id_str": "1046556433511256064",
                "indices": [
                    43,
                    58
                ]
            },
            {
                "screen_name": "StaciesSlut",
                "name": "Stacie\u2019s Sissy Slut",
                "id": 1219878788927873024,
                "id_str": "1219878788927873024",
                "indices": [
                    59,
                    71
                ]
            }
        ],
        "urls": []
    },
    "metadata": {
        "iso_language_code": "en",
        "result_type": "recent"
    },
    "source": "<a href=\"http://twitter.com/download/iphone\" rel=\"nofollow\">Twitter for iPhone</a>",
    "in_reply_to_status_id": 1237147036329349121,
    "in_reply_to_status_id_str": "1237147036329349121",
    "in_reply_to_user_id": 720479844463689728,
    "in_reply_to_user_id_str": "720479844463689728",
    "in_reply_to_screen_name": "FLPrincessSJK",
    "user": {
        "id": 1156922601106739206,
        "id_str": "1156922601106739206",
        "name": "\ud83e\udd8bQueen Naomi A\ud83e\udd8b",
        "screen_name": "honeythedom",
        "location": "In your wallet CT & MA & NY",
        "description": "23 year old Financial luxury dominatrix. VERIFIED. \ud83e\udd8b60\ud83e\udd8bTRIBUTE BEFORE DM OR BYE. Findom\ud83d\udcb0\ud83d\udcb0Hood Blonde baby \ud83d\udc69\ud83c\udffc $honeydeuuu\ud83e\udd8b",
        "url": "https://t.co/VmuQxDdihg",
        "entities": {
            "url": {
                "urls": [
                    {
                        "url": "https://t.co/VmuQxDdihg",
                        "expanded_url": "https://allmylinks.com/honeythedom",
                        "display_url": "allmylinks.com/honeythedom",
                        "indices": [
                            0,
                            23
                        ]
                    }
                ]
            },
            "description": {
                "urls": []
            }
        },
        "protected": false,
        "followers_count": 337,
        "friends_count": 105,
        "listed_count": 2,
        "created_at": "Thu Aug 01 13:40:17 +0000 2019",
        "favourites_count": 1172,
        "utc_offset": null,
        "time_zone": null,
        "geo_enabled": true,
        "verified": false,
        "statuses_count": 2409,
        "lang": null,
        "contributors_enabled": false,
        "is_translator": false,
        "is_translation_enabled": false,
        "profile_background_color": "F5F8FA",
        "profile_background_image_url": null,
        "profile_background_image_url_https": null,
        "profile_background_tile": false,
        "profile_image_url": "http://pbs.twimg.com/profile_images/1232224422423126016/eNKsNNDg_normal.jpg",
        "profile_image_url_https": "https://pbs.twimg.com/profile_images/1232224422423126016/eNKsNNDg_normal.jpg",
        "profile_banner_url": "https://pbs.twimg.com/profile_banners/1156922601106739206/1581303212",
        "profile_link_color": "1DA1F2",
        "profile_sidebar_border_color": "C0DEED",
        "profile_sidebar_fill_color": "DDEEF6",
        "profile_text_color": "333333",
        "profile_use_background_image": true,
        "has_extended_profile": true,
        "default_profile": true,
        "default_profile_image": false,
        "following": null,
        "follow_request_sent": null,
        "notifications": null,
        "translator_type": "none"
    },
    "geo": null,
    "coordinates": null,
    "place": null,
    "contributors": null,
    "is_quote_status": false,
    "retweet_count": 0,
    "favorite_count": 1,
    "favorited": false,
    "retweeted": false,
    "lang": "en"
}