{
    "created_at": "Tue Mar 10 06:32:18 +0000 2020",
    "id": 1237265004178673665,
    "id_str": "1237265004178673665",
    "text": "ok who\u2019s gonna tell him @LouisVuitton https://t.co/VIHMIKAIuq",
    "truncated": false,
    "entities": {
        "hashtags": [],
        "symbols": [],
        "user_mentions": [
            {
                "screen_name": "LouisVuitton",
                "name": "Louis Vuitton",
                "id": 44084633,
                "id_str": "44084633",
                "indices": [
                    24,
                    37
                ]
            }
        ],
        "urls": [],
        "media": [
            {
                "id": 1237264977339330562,
                "id_str": "1237264977339330562",
                "indices": [
                    38,
                    61
                ],
                "media_url": "http://pbs.twimg.com/media/ESul8QtXsAImd3h.jpg",
                "media_url_https": "https://pbs.twimg.com/media/ESul8QtXsAImd3h.jpg",
                "url": "https://t.co/VIHMIKAIuq",
                "display_url": "pic.twitter.com/VIHMIKAIuq",
                "expanded_url": "https://twitter.com/tabiwhorw/status/1237265004178673665/photo/1",
                "type": "photo",
                "sizes": {
                    "thumb": {
                        "w": 150,
                        "h": 150,
                        "resize": "crop"
                    },
                    "large": {
                        "w": 1125,
                        "h": 1663,
                        "resize": "fit"
                    },
                    "medium": {
                        "w": 812,
                        "h": 1200,
                        "resize": "fit"
                    },
                    "small": {
                        "w": 460,
                        "h": 680,
                        "resize": "fit"
                    }
                }
            }
        ]
    },
    "extended_entities": {
        "media": [
            {
                "id": 1237264977339330562,
                "id_str": "1237264977339330562",
                "indices": [
                    38,
                    61
                ],
                "media_url": "http://pbs.twimg.com/media/ESul8QtXsAImd3h.jpg",
                "media_url_https": "https://pbs.twimg.com/media/ESul8QtXsAImd3h.jpg",
                "url": "https://t.co/VIHMIKAIuq",
                "display_url": "pic.twitter.com/VIHMIKAIuq",
                "expanded_url": "https://twitter.com/tabiwhorw/status/1237265004178673665/photo/1",
                "type": "photo",
                "sizes": {
                    "thumb": {
                        "w": 150,
                        "h": 150,
                        "resize": "crop"
                    },
                    "large": {
                        "w": 1125,
                        "h": 1663,
                        "resize": "fit"
                    },
                    "medium": {
                        "w": 812,
                        "h": 1200,
                        "resize": "fit"
                    },
                    "small": {
                        "w": 460,
                        "h": 680,
                        "resize": "fit"
                    }
                }
            },
            {
                "id": 1237264977347727360,
                "id_str": "1237264977347727360",
                "indices": [
                    38,
                    61
                ],
                "media_url": "http://pbs.twimg.com/media/ESul8QvX0AAWh-R.jpg",
                "media_url_https": "https://pbs.twimg.com/media/ESul8QvX0AAWh-R.jpg",
                "url": "https://t.co/VIHMIKAIuq",
                "display_url": "pic.twitter.com/VIHMIKAIuq",
                "expanded_url": "https://twitter.com/tabiwhorw/status/1237265004178673665/photo/1",
                "type": "photo",
                "sizes": {
                    "medium": {
                        "w": 820,
                        "h": 1200,
                        "resize": "fit"
                    },
                    "thumb": {
                        "w": 150,
                        "h": 150,
                        "resize": "crop"
                    },
                    "small": {
                        "w": 465,
                        "h": 680,
                        "resize": "fit"
                    },
                    "large": {
                        "w": 1125,
                        "h": 1646,
                        "resize": "fit"
                    }
                }
            },
            {
                "id": 1237264978731765760,
                "id_str": "1237264978731765760",
                "indices": [
                    38,
                    61
                ],
                "media_url": "http://pbs.twimg.com/media/ESul8V5WkAA-qPB.jpg",
                "media_url_https": "https://pbs.twimg.com/media/ESul8V5WkAA-qPB.jpg",
                "url": "https://t.co/VIHMIKAIuq",
                "display_url": "pic.twitter.com/VIHMIKAIuq",
                "expanded_url": "https://twitter.com/tabiwhorw/status/1237265004178673665/photo/1",
                "type": "photo",
                "sizes": {
                    "thumb": {
                        "w": 150,
                        "h": 150,
                        "resize": "crop"
                    },
                    "small": {
                        "w": 463,
                        "h": 680,
                        "resize": "fit"
                    },
                    "medium": {
                        "w": 816,
                        "h": 1200,
                        "resize": "fit"
                    },
                    "large": {
                        "w": 1125,
                        "h": 1654,
                        "resize": "fit"
                    }
                }
            }
        ]
    },
    "metadata": {
        "iso_language_code": "en",
        "result_type": "recent"
    },
    "source": "<a href=\"http://twitter.com/download/iphone\" rel=\"nofollow\">Twitter for iPhone</a>",
    "in_reply_to_status_id": null,
    "in_reply_to_status_id_str": null,
    "in_reply_to_user_id": null,
    "in_reply_to_user_id_str": null,
    "in_reply_to_screen_name": null,
    "user": {
        "id": 889304028659798016,
        "id_str": "889304028659798016",
        "name": "tabi everything",
        "screen_name": "tabiwhorw",
        "location": "",
        "description": "",
        "url": null,
        "entities": {
            "description": {
                "urls": []
            }
        },
        "protected": false,
        "followers_count": 0,
        "friends_count": 95,
        "listed_count": 0,
        "created_at": "Mon Jul 24 01:59:37 +0000 2017",
        "favourites_count": 96,
        "utc_offset": null,
        "time_zone": null,
        "geo_enabled": false,
        "verified": false,
        "statuses_count": 51,
        "lang": null,
        "contributors_enabled": false,
        "is_translator": false,
        "is_translation_enabled": false,
        "profile_background_color": "F5F8FA",
        "profile_background_image_url": null,
        "profile_background_image_url_https": null,
        "profile_background_tile": false,
        "profile_image_url": "http://pbs.twimg.com/profile_images/1237196733098209280/hxD8z1uq_normal.jpg",
        "profile_image_url_https": "https://pbs.twimg.com/profile_images/1237196733098209280/hxD8z1uq_normal.jpg",
        "profile_link_color": "1DA1F2",
        "profile_sidebar_border_color": "C0DEED",
        "profile_sidebar_fill_color": "DDEEF6",
        "profile_text_color": "333333",
        "profile_use_background_image": true,
        "has_extended_profile": true,
        "default_profile": true,
        "default_profile_image": false,
        "following": null,
        "follow_request_sent": null,
        "notifications": null,
        "translator_type": "none"
    },
    "geo": null,
    "coordinates": null,
    "place": null,
    "contributors": null,
    "is_quote_status": false,
    "retweet_count": 0,
    "favorite_count": 0,
    "favorited": false,
    "retweeted": false,
    "possibly_sensitive": false,
    "lang": "en"
}