{
    "created_at": "Tue Mar 10 03:23:28 +0000 2020",
    "id": 1237217480352739330,
    "id_str": "1237217480352739330",
    "text": "RT @LouisVuitton: \uc138\uc6d4\uc774 \ud758\ub7ec\ub3c4 \ubcc0\ud558\uc9c0 \uc54a\ub294 \ubcf8\uc9c8. \ub8e8\uc774 \ube44\ud1b5\uc774 \ubca0\ud2b8\ub0a8\uc758 \ub180\ub77c\uc6b4 \ud48d\uacbd\uc744 \ub2f4\uc544\ub0b8 \uc5ec\ud589\uae30\ub85c \uc5ec\ud589\uc758 \uc815\ucde8\ub97c \uae30\ub150\ud569\ub2c8\ub2e4. \ucea0\ud398\uc778\uc744 \ud1b5\ud574 \ub8e8\uc774 \ube44\ud1b5\uc758 \uc544\uc774\ucf54\ub2c9\ud55c \ub514\uc790\uc778\ub4e4\uc744 \uc7ac\ubc1c\uacac\ud574\ubcf4\uc138\uc694.",
    "truncated": false,
    "entities": {
        "hashtags": [],
        "symbols": [],
        "user_mentions": [
            {
                "screen_name": "LouisVuitton",
                "name": "Louis Vuitton",
                "id": 44084633,
                "id_str": "44084633",
                "indices": [
                    3,
                    16
                ]
            }
        ],
        "urls": []
    },
    "metadata": {
        "result_type": "recent",
        "iso_language_code": "ko"
    },
    "source": "<a href=\"http://twitter.com/download/android\" rel=\"nofollow\">Twitter for Android</a>",
    "in_reply_to_status_id": null,
    "in_reply_to_status_id_str": null,
    "in_reply_to_user_id": null,
    "in_reply_to_user_id_str": null,
    "in_reply_to_screen_name": null,
    "user": {
        "id": 2925601178,
        "id_str": "2925601178",
        "name": "\uac15\ub0a8\ud480\uc2f8\ub871 \ub9e4\uc9c1\ubbf8\ub7ec \uae40\ucc44\uc19c",
        "screen_name": "a01085924757",
        "location": "O1O-8592-4757 \uac15\ub0a8\uc57c\uad6c\uc7a5 \ub9e4\uc9c1\ubbf8\ub7ec \uae40\ucc44\uc19c",
        "description": "O1O-8592-4757 \uac15\ub0a8\ud480\uc2f8\ub871 \ub9e4\uc9c1\ubbf8\ub7ec \uae40\ucc44\uc19c",
        "url": "http://t.co/3u8OVW0MF4",
        "entities": {
            "url": {
                "urls": [
                    {
                        "url": "http://t.co/3u8OVW0MF4",
                        "expanded_url": "http://www.facebook.com/chaesom",
                        "display_url": "facebook.com/chaesom",
                        "indices": [
                            0,
                            22
                        ]
                    }
                ]
            },
            "description": {
                "urls": []
            }
        },
        "protected": false,
        "followers_count": 694,
        "friends_count": 1327,
        "listed_count": 13,
        "created_at": "Wed Dec 10 12:21:45 +0000 2014",
        "favourites_count": 4782,
        "utc_offset": null,
        "time_zone": null,
        "geo_enabled": true,
        "verified": false,
        "statuses_count": 11798,
        "lang": null,
        "contributors_enabled": false,
        "is_translator": false,
        "is_translation_enabled": false,
        "profile_background_color": "C0DEED",
        "profile_background_image_url": "http://abs.twimg.com/images/themes/theme1/bg.png",
        "profile_background_image_url_https": "https://abs.twimg.com/images/themes/theme1/bg.png",
        "profile_background_tile": false,
        "profile_image_url": "http://pbs.twimg.com/profile_images/543285638401757184/n0BEupXY_normal.jpeg",
        "profile_image_url_https": "https://pbs.twimg.com/profile_images/543285638401757184/n0BEupXY_normal.jpeg",
        "profile_banner_url": "https://pbs.twimg.com/profile_banners/2925601178/1422793357",
        "profile_link_color": "1DA1F2",
        "profile_sidebar_border_color": "C0DEED",
        "profile_sidebar_fill_color": "DDEEF6",
        "profile_text_color": "333333",
        "profile_use_background_image": true,
        "has_extended_profile": false,
        "default_profile": true,
        "default_profile_image": false,
        "following": null,
        "follow_request_sent": null,
        "notifications": null,
        "translator_type": "none"
    },
    "geo": null,
    "coordinates": null,
    "place": null,
    "contributors": null,
    "retweeted_status": {
        "created_at": "Wed Sep 25 10:07:00 +0000 2019",
        "id": 1176800259722350592,
        "id_str": "1176800259722350592",
        "text": "\uc138\uc6d4\uc774 \ud758\ub7ec\ub3c4 \ubcc0\ud558\uc9c0 \uc54a\ub294 \ubcf8\uc9c8. \ub8e8\uc774 \ube44\ud1b5\uc774 \ubca0\ud2b8\ub0a8\uc758 \ub180\ub77c\uc6b4 \ud48d\uacbd\uc744 \ub2f4\uc544\ub0b8 \uc5ec\ud589\uae30\ub85c \uc5ec\ud589\uc758 \uc815\ucde8\ub97c \uae30\ub150\ud569\ub2c8\ub2e4. \ucea0\ud398\uc778\uc744 \ud1b5\ud574 \ub8e8\uc774 \ube44\ud1b5\uc758 \uc544\uc774\ucf54\ub2c9\ud55c \ub514\uc790\uc778\ub4e4\uc744 \uc7ac\ubc1c\uacac\ud574\ubcf4\uc138\uc694.",
        "truncated": false,
        "entities": {
            "hashtags": [],
            "symbols": [],
            "user_mentions": [],
            "urls": []
        },
        "metadata": {
            "result_type": "recent",
            "iso_language_code": "ko"
        },
        "source": "<a href=\"https://www.sprinklr.com\" rel=\"nofollow\">Sprinklr</a>",
        "in_reply_to_status_id": null,
        "in_reply_to_status_id_str": null,
        "in_reply_to_user_id": null,
        "in_reply_to_user_id_str": null,
        "in_reply_to_screen_name": null,
        "user": {
            "id": 44084633,
            "id_str": "44084633",
            "name": "Louis Vuitton",
            "screen_name": "LouisVuitton",
            "location": "",
            "description": "The official Twitter page for Louis Vuitton Worldwide. Contact client services at @LVServices for customer assistance and personalised advice.",
            "url": "http://t.co/znRCgDOH21",
            "entities": {
                "url": {
                    "urls": [
                        {
                            "url": "http://t.co/znRCgDOH21",
                            "expanded_url": "http://www.louisvuitton.com",
                            "display_url": "louisvuitton.com",
                            "indices": [
                                0,
                                22
                            ]
                        }
                    ]
                },
                "description": {
                    "urls": []
                }
            },
            "protected": false,
            "followers_count": 7501392,
            "friends_count": 6,
            "listed_count": 9683,
            "created_at": "Tue Jun 02 08:22:48 +0000 2009",
            "favourites_count": 109,
            "utc_offset": null,
            "time_zone": null,
            "geo_enabled": false,
            "verified": true,
            "statuses_count": 5652,
            "lang": null,
            "contributors_enabled": false,
            "is_translator": false,
            "is_translation_enabled": false,
            "profile_background_color": "000000",
            "profile_background_image_url": "http://abs.twimg.com/images/themes/theme4/bg.gif",
            "profile_background_image_url_https": "https://abs.twimg.com/images/themes/theme4/bg.gif",
            "profile_background_tile": true,
            "profile_image_url": "http://pbs.twimg.com/profile_images/744891970380767232/jum1SDsC_normal.jpg",
            "profile_image_url_https": "https://pbs.twimg.com/profile_images/744891970380767232/jum1SDsC_normal.jpg",
            "profile_banner_url": "https://pbs.twimg.com/profile_banners/44084633/1583070237",
            "profile_link_color": "FF691F",
            "profile_sidebar_border_color": "FFFFFF",
            "profile_sidebar_fill_color": "FFFFFF",
            "profile_text_color": "2B1413",
            "profile_use_background_image": true,
            "has_extended_profile": false,
            "default_profile": false,
            "default_profile_image": false,
            "following": null,
            "follow_request_sent": null,
            "notifications": null,
            "translator_type": "none"
        },
        "geo": null,
        "coordinates": null,
        "place": null,
        "contributors": null,
        "is_quote_status": false,
        "retweet_count": 186,
        "favorite_count": 498,
        "favorited": false,
        "retweeted": false,
        "scopes": {
            "followers": false
        },
        "lang": "ko"
    },
    "is_quote_status": false,
    "retweet_count": 186,
    "favorite_count": 0,
    "favorited": false,
    "retweeted": false,
    "lang": "ko"
}