{
    "created_at": "Tue Mar 10 05:41:01 +0000 2020",
    "id": 1237252094874152960,
    "id_str": "1237252094874152960",
    "text": "@FLPrincessSJK @StaciesSlut @LouisVuitton Awww I bet he\u2019s over the moon! Hahhhaha now you can crush him \ud83d\ude02\ud83d\ude02",
    "truncated": false,
    "entities": {
        "hashtags": [],
        "symbols": [],
        "user_mentions": [
            {
                "screen_name": "FLPrincessSJK",
                "name": "\ud83d\udc63\ud83d\udcb8\ud835\udca2\ud835\udc5c\ud835\udcb9\ud835\udcb9\ud835\udc52\ud835\udcc8\ud835\udcc8 \ud835\udcae\ud835\udcc9\ud835\udcb6\ud835\udcb8\ud835\udcbe\ud835\udc52 \ud83d\udcb8\ud83e\udd40",
                "id": 720479844463689728,
                "id_str": "720479844463689728",
                "indices": [
                    0,
                    14
                ]
            },
            {
                "screen_name": "StaciesSlut",
                "name": "Stacie\u2019s Sissy Slut",
                "id": 1219878788927873024,
                "id_str": "1219878788927873024",
                "indices": [
                    15,
                    27
                ]
            },
            {
                "screen_name": "LouisVuitton",
                "name": "Louis Vuitton",
                "id": 44084633,
                "id_str": "44084633",
                "indices": [
                    28,
                    41
                ]
            }
        ],
        "urls": []
    },
    "metadata": {
        "iso_language_code": "en",
        "result_type": "recent"
    },
    "source": "<a href=\"http://twitter.com/download/iphone\" rel=\"nofollow\">Twitter for iPhone</a>",
    "in_reply_to_status_id": 1237041402049150980,
    "in_reply_to_status_id_str": "1237041402049150980",
    "in_reply_to_user_id": 720479844463689728,
    "in_reply_to_user_id_str": "720479844463689728",
    "in_reply_to_screen_name": "FLPrincessSJK",
    "user": {
        "id": 1218510062735560704,
        "id_str": "1218510062735560704",
        "name": "Q\ud835\udd66\ud835\udd56\ud835\udd56\ud835\udd5f \ud835\udd43\ud835\udd60\ud835\udd66\u2022\ud835\udd43\ud835\udd60\ud835\udd66 \ud83d\udd95\ud83c\udffc\ud83d\udcb8 1.7k",
        "screen_name": "QueenLou_Lou",
        "location": "UNBLOCK FEE \u00a350 \ud83d\udeab",
        "description": "You\u2019re not ready to $erve a Queen like me.. dare prove me wrong? TRIBUTE: \u00a320+\ud83d\udcb8\ud83d\udcb8\ud83d\udcb8\ud83d\udcb8 \u201d$ent Queen\u201d is all I wanna hear from you\ud83e\udd71PayPal: 1queenloulou@gmail.com",
        "url": "https://t.co/NJYmtBQHlZ",
        "entities": {
            "url": {
                "urls": [
                    {
                        "url": "https://t.co/NJYmtBQHlZ",
                        "expanded_url": "https://linktr.ee/QueenLou_Lou",
                        "display_url": "linktr.ee/QueenLou_Lou",
                        "indices": [
                            0,
                            23
                        ]
                    }
                ]
            },
            "description": {
                "urls": []
            }
        },
        "protected": false,
        "followers_count": 1714,
        "friends_count": 199,
        "listed_count": 2,
        "created_at": "Sat Jan 18 12:27:02 +0000 2020",
        "favourites_count": 16132,
        "utc_offset": null,
        "time_zone": null,
        "geo_enabled": false,
        "verified": false,
        "statuses_count": 6923,
        "lang": null,
        "contributors_enabled": false,
        "is_translator": false,
        "is_translation_enabled": false,
        "profile_background_color": "F5F8FA",
        "profile_background_image_url": null,
        "profile_background_image_url_https": null,
        "profile_background_tile": false,
        "profile_image_url": "http://pbs.twimg.com/profile_images/1235061802574045184/xQSMopIt_normal.jpg",
        "profile_image_url_https": "https://pbs.twimg.com/profile_images/1235061802574045184/xQSMopIt_normal.jpg",
        "profile_banner_url": "https://pbs.twimg.com/profile_banners/1218510062735560704/1580889594",
        "profile_link_color": "1DA1F2",
        "profile_sidebar_border_color": "C0DEED",
        "profile_sidebar_fill_color": "DDEEF6",
        "profile_text_color": "333333",
        "profile_use_background_image": true,
        "has_extended_profile": false,
        "default_profile": true,
        "default_profile_image": false,
        "following": null,
        "follow_request_sent": null,
        "notifications": null,
        "translator_type": "none"
    },
    "geo": null,
    "coordinates": null,
    "place": null,
    "contributors": null,
    "is_quote_status": false,
    "retweet_count": 0,
    "favorite_count": 2,
    "favorited": false,
    "retweeted": false,
    "lang": "en"
}