{
    "created_at": "Mon Mar 09 23:59:18 +0000 2020",
    "id": 1237166099164213248,
    "id_str": "1237166099164213248",
    "text": "RT @illroots: LOUIS VUITTON UNVEILS NIGO &amp; VIRGIL ABLOH'S 'LV\u00b2' COLLABORATION https://t.co/ZzC5RwJJcS [@LouisVuitton @virgilabloh @nigolden\u2026",
    "truncated": false,
    "entities": {
        "hashtags": [],
        "symbols": [],
        "user_mentions": [
            {
                "screen_name": "illroots",
                "name": "\u0586\u0236\u0268\u029f\u029f",
                "id": 86300007,
                "id_str": "86300007",
                "indices": [
                    3,
                    12
                ]
            },
            {
                "screen_name": "LouisVuitton",
                "name": "Louis Vuitton",
                "id": 44084633,
                "id_str": "44084633",
                "indices": [
                    107,
                    120
                ]
            },
            {
                "screen_name": "virgilabloh",
                "name": "virgil abloh",
                "id": 21845792,
                "id_str": "21845792",
                "indices": [
                    121,
                    133
                ]
            }
        ],
        "urls": [
            {
                "url": "https://t.co/ZzC5RwJJcS",
                "expanded_url": "http://ill.is/f8r",
                "display_url": "ill.is/f8r",
                "indices": [
                    82,
                    105
                ]
            }
        ]
    },
    "metadata": {
        "iso_language_code": "fr",
        "result_type": "recent"
    },
    "source": "<a href=\"http://twitter.com/download/iphone\" rel=\"nofollow\">Twitter for iPhone</a>",
    "in_reply_to_status_id": null,
    "in_reply_to_status_id_str": null,
    "in_reply_to_user_id": null,
    "in_reply_to_user_id_str": null,
    "in_reply_to_screen_name": null,
    "user": {
        "id": 277535980,
        "id_str": "277535980",
        "name": "taimur",
        "screen_name": "taimur___",
        "location": "WORLD",
        "description": "connecting the dots",
        "url": "https://t.co/w3XSkrZcd1",
        "entities": {
            "url": {
                "urls": [
                    {
                        "url": "https://t.co/w3XSkrZcd1",
                        "expanded_url": "https://www.instagram.com/taimur__/",
                        "display_url": "instagram.com/taimur__/",
                        "indices": [
                            0,
                            23
                        ]
                    }
                ]
            },
            "description": {
                "urls": []
            }
        },
        "protected": false,
        "followers_count": 452,
        "friends_count": 226,
        "listed_count": 0,
        "created_at": "Tue Apr 05 15:27:05 +0000 2011",
        "favourites_count": 8452,
        "utc_offset": null,
        "time_zone": null,
        "geo_enabled": false,
        "verified": false,
        "statuses_count": 2870,
        "lang": null,
        "contributors_enabled": false,
        "is_translator": false,
        "is_translation_enabled": false,
        "profile_background_color": "000000",
        "profile_background_image_url": "http://abs.twimg.com/images/themes/theme1/bg.png",
        "profile_background_image_url_https": "https://abs.twimg.com/images/themes/theme1/bg.png",
        "profile_background_tile": true,
        "profile_image_url": "http://pbs.twimg.com/profile_images/1214249612602740737/WDUTkHzw_normal.jpg",
        "profile_image_url_https": "https://pbs.twimg.com/profile_images/1214249612602740737/WDUTkHzw_normal.jpg",
        "profile_banner_url": "https://pbs.twimg.com/profile_banners/277535980/1578334643",
        "profile_link_color": "000000",
        "profile_sidebar_border_color": "FFFFFF",
        "profile_sidebar_fill_color": "DDEEF6",
        "profile_text_color": "333333",
        "profile_use_background_image": true,
        "has_extended_profile": false,
        "default_profile": false,
        "default_profile_image": false,
        "following": null,
        "follow_request_sent": null,
        "notifications": null,
        "translator_type": "none"
    },
    "geo": null,
    "coordinates": null,
    "place": null,
    "contributors": null,
    "retweeted_status": {
        "created_at": "Mon Mar 09 19:33:28 +0000 2020",
        "id": 1237099201575571456,
        "id_str": "1237099201575571456",
        "text": "LOUIS VUITTON UNVEILS NIGO &amp; VIRGIL ABLOH'S 'LV\u00b2' COLLABORATION https://t.co/ZzC5RwJJcS [@LouisVuitton @virgilabloh\u2026 https://t.co/wnD3dDdYg9",
        "truncated": true,
        "entities": {
            "hashtags": [],
            "symbols": [],
            "user_mentions": [
                {
                    "screen_name": "LouisVuitton",
                    "name": "Louis Vuitton",
                    "id": 44084633,
                    "id_str": "44084633",
                    "indices": [
                        93,
                        106
                    ]
                },
                {
                    "screen_name": "virgilabloh",
                    "name": "virgil abloh",
                    "id": 21845792,
                    "id_str": "21845792",
                    "indices": [
                        107,
                        119
                    ]
                }
            ],
            "urls": [
                {
                    "url": "https://t.co/ZzC5RwJJcS",
                    "expanded_url": "http://ill.is/f8r",
                    "display_url": "ill.is/f8r",
                    "indices": [
                        68,
                        91
                    ]
                },
                {
                    "url": "https://t.co/wnD3dDdYg9",
                    "expanded_url": "https://twitter.com/i/web/status/1237099201575571456",
                    "display_url": "twitter.com/i/web/status/1\u2026",
                    "indices": [
                        121,
                        144
                    ]
                }
            ]
        },
        "metadata": {
            "iso_language_code": "fr",
            "result_type": "recent"
        },
        "source": "<a href=\"http://twitter.com/download/iphone\" rel=\"nofollow\">Twitter for iPhone</a>",
        "in_reply_to_status_id": null,
        "in_reply_to_status_id_str": null,
        "in_reply_to_user_id": null,
        "in_reply_to_user_id_str": null,
        "in_reply_to_screen_name": null,
        "user": {
            "id": 86300007,
            "id_str": "86300007",
            "name": "\u0586\u0236\u0268\u029f\u029f",
            "screen_name": "illroots",
            "location": "App Store",
            "description": "subscribe on youtube! \u2620\ufe0f\u203c\ufe0fforever@ill.is follow on instagram @illamerica @on_illfm download in app store #illroots4 up next",
            "url": "https://t.co/ZncRwcGRjF",
            "entities": {
                "url": {
                    "urls": [
                        {
                            "url": "https://t.co/ZncRwcGRjF",
                            "expanded_url": "http://youtube.com/illroots4ever",
                            "display_url": "youtube.com/illroots4ever",
                            "indices": [
                                0,
                                23
                            ]
                        }
                    ]
                },
                "description": {
                    "urls": []
                }
            },
            "protected": false,
            "followers_count": 94870,
            "friends_count": 12359,
            "listed_count": 1061,
            "created_at": "Fri Oct 30 12:23:44 +0000 2009",
            "favourites_count": 5525,
            "utc_offset": null,
            "time_zone": null,
            "geo_enabled": true,
            "verified": true,
            "statuses_count": 86480,
            "lang": null,
            "contributors_enabled": false,
            "is_translator": false,
            "is_translation_enabled": false,
            "profile_background_color": "000000",
            "profile_background_image_url": "http://abs.twimg.com/images/themes/theme1/bg.png",
            "profile_background_image_url_https": "https://abs.twimg.com/images/themes/theme1/bg.png",
            "profile_background_tile": false,
            "profile_image_url": "http://pbs.twimg.com/profile_images/876851228860219393/ydDQQ-w6_normal.jpg",
            "profile_image_url_https": "https://pbs.twimg.com/profile_images/876851228860219393/ydDQQ-w6_normal.jpg",
            "profile_banner_url": "https://pbs.twimg.com/profile_banners/86300007/1497932274",
            "profile_link_color": "000000",
            "profile_sidebar_border_color": "FFFFFF",
            "profile_sidebar_fill_color": "FCCE5B",
            "profile_text_color": "000000",
            "profile_use_background_image": false,
            "has_extended_profile": false,
            "default_profile": false,
            "default_profile_image": false,
            "following": null,
            "follow_request_sent": null,
            "notifications": null,
            "translator_type": "regular"
        },
        "geo": null,
        "coordinates": null,
        "place": null,
        "contributors": null,
        "is_quote_status": false,
        "retweet_count": 18,
        "favorite_count": 66,
        "favorited": false,
        "retweeted": false,
        "possibly_sensitive": false,
        "lang": "fr"
    },
    "is_quote_status": false,
    "retweet_count": 18,
    "favorite_count": 0,
    "favorited": false,
    "retweeted": false,
    "possibly_sensitive": false,
    "lang": "fr"
}