{
    "created_at": "Tue Mar 10 14:33:54 +0000 2020",
    "id": 1237386198949048320,
    "id_str": "1237386198949048320",
    "text": "RT @LouisVuitton: A composite of signatures. The new Tambour Moon Dual Time embodies #LouisVuitton\u2019s fine watchmaking craftsmanship and cre\u2026",
    "truncated": false,
    "entities": {
        "hashtags": [
            {
                "text": "LouisVuitton",
                "indices": [
                    85,
                    98
                ]
            }
        ],
        "symbols": [],
        "user_mentions": [
            {
                "screen_name": "LouisVuitton",
                "name": "Louis Vuitton",
                "id": 44084633,
                "id_str": "44084633",
                "indices": [
                    3,
                    16
                ]
            }
        ],
        "urls": []
    },
    "metadata": {
        "iso_language_code": "en",
        "result_type": "recent"
    },
    "source": "<a href=\"https://mobile.twitter.com\" rel=\"nofollow\">Twitter Web App</a>",
    "in_reply_to_status_id": null,
    "in_reply_to_status_id_str": null,
    "in_reply_to_user_id": null,
    "in_reply_to_user_id_str": null,
    "in_reply_to_screen_name": null,
    "user": {
        "id": 2543721052,
        "id_str": "2543721052",
        "name": "$\u00f8-G\ud83d\ude0eD\u02d9\u00a6^.*~'#31#\u0394ik\u01b9n\u00a9 YTmp3.CC\u00ae|C++|'''\u2014\u20ac\u00a5\u00a3'\u2122'\u272a",
        "screen_name": "TheRealFs0c1eTy",
        "location": "coinigraphy.com/en/coin/bch ",
        "description": "\u00a3nt\u20ac\u00ac\u00ae~3nd\u00a9l\u00f8-\u00a9k\u00e6\u0300\u20ab\u2076\u2122g\u00f8t\u00f8\u2193\u01b9=MC\u00b2/R \u00b5=RI*NATEL G\u2190Frequency I-D\u00d8NT-T-T N\u00d8W BUT-T I-L\u00d8V Y\u00d8-T https://t.co/Su9vYyWF3c\u00ae \u0394ik\u01b9n\u00a9[1024@F$\u00d8\u00a21\u20acT^Y]azerty'$\u00ab\u00b2\u00a3\u2192G\u03bcnnm@B\u01b9azZ3c\u221epy.\u2191\u00b0\u00bb\u272ai689-\u2763",
        "url": "https://t.co/muHF7D1KeT",
        "entities": {
            "url": {
                "urls": [
                    {
                        "url": "https://t.co/muHF7D1KeT",
                        "expanded_url": "http://YTmp3.CC/VI\u042fUS///",
                        "display_url": "YTmp3.CC/VI\u042fUS///",
                        "indices": [
                            0,
                            23
                        ]
                    }
                ]
            },
            "description": {
                "urls": [
                    {
                        "url": "https://t.co/Su9vYyWF3c",
                        "expanded_url": "http://YTmp3.CC",
                        "display_url": "YTmp3.CC",
                        "indices": [
                            89,
                            112
                        ]
                    }
                ]
            }
        },
        "protected": false,
        "followers_count": 48,
        "friends_count": 228,
        "listed_count": 1,
        "created_at": "Mon May 12 20:40:27 +0000 2014",
        "favourites_count": 5646,
        "utc_offset": null,
        "time_zone": null,
        "geo_enabled": false,
        "verified": false,
        "statuses_count": 61526,
        "lang": null,
        "contributors_enabled": false,
        "is_translator": false,
        "is_translation_enabled": false,
        "profile_background_color": "000000",
        "profile_background_image_url": "http://abs.twimg.com/images/themes/theme1/bg.png",
        "profile_background_image_url_https": "https://abs.twimg.com/images/themes/theme1/bg.png",
        "profile_background_tile": false,
        "profile_image_url": "http://pbs.twimg.com/profile_images/1093681094770208768/xUHNrigf_normal.jpg",
        "profile_image_url_https": "https://pbs.twimg.com/profile_images/1093681094770208768/xUHNrigf_normal.jpg",
        "profile_banner_url": "https://pbs.twimg.com/profile_banners/2543721052/1549780649",
        "profile_link_color": "981CEB",
        "profile_sidebar_border_color": "000000",
        "profile_sidebar_fill_color": "000000",
        "profile_text_color": "000000",
        "profile_use_background_image": false,
        "has_extended_profile": true,
        "default_profile": false,
        "default_profile_image": false,
        "following": null,
        "follow_request_sent": null,
        "notifications": null,
        "translator_type": "none"
    },
    "geo": null,
    "coordinates": null,
    "place": null,
    "contributors": null,
    "retweeted_status": {
        "created_at": "Tue Mar 10 14:30:01 +0000 2020",
        "id": 1237385222041284608,
        "id_str": "1237385222041284608",
        "text": "A composite of signatures. The new Tambour Moon Dual Time embodies #LouisVuitton\u2019s fine watchmaking craftsmanship a\u2026 https://t.co/XbdAjkILyk",
        "truncated": true,
        "entities": {
            "hashtags": [
                {
                    "text": "LouisVuitton",
                    "indices": [
                        67,
                        80
                    ]
                }
            ],
            "symbols": [],
            "user_mentions": [],
            "urls": [
                {
                    "url": "https://t.co/XbdAjkILyk",
                    "expanded_url": "https://twitter.com/i/web/status/1237385222041284608",
                    "display_url": "twitter.com/i/web/status/1\u2026",
                    "indices": [
                        117,
                        140
                    ]
                }
            ]
        },
        "metadata": {
            "iso_language_code": "en",
            "result_type": "recent"
        },
        "source": "<a href=\"https://www.sprinklr.com\" rel=\"nofollow\">Sprinklr</a>",
        "in_reply_to_status_id": null,
        "in_reply_to_status_id_str": null,
        "in_reply_to_user_id": null,
        "in_reply_to_user_id_str": null,
        "in_reply_to_screen_name": null,
        "user": {
            "id": 44084633,
            "id_str": "44084633",
            "name": "Louis Vuitton",
            "screen_name": "LouisVuitton",
            "location": "",
            "description": "The official Twitter page for Louis Vuitton Worldwide. Contact client services at @LVServices for customer assistance and personalised advice.",
            "url": "http://t.co/znRCgDOH21",
            "entities": {
                "url": {
                    "urls": [
                        {
                            "url": "http://t.co/znRCgDOH21",
                            "expanded_url": "http://www.louisvuitton.com",
                            "display_url": "louisvuitton.com",
                            "indices": [
                                0,
                                22
                            ]
                        }
                    ]
                },
                "description": {
                    "urls": []
                }
            },
            "protected": false,
            "followers_count": 7501392,
            "friends_count": 6,
            "listed_count": 9683,
            "created_at": "Tue Jun 02 08:22:48 +0000 2009",
            "favourites_count": 109,
            "utc_offset": null,
            "time_zone": null,
            "geo_enabled": false,
            "verified": true,
            "statuses_count": 5652,
            "lang": null,
            "contributors_enabled": false,
            "is_translator": false,
            "is_translation_enabled": false,
            "profile_background_color": "000000",
            "profile_background_image_url": "http://abs.twimg.com/images/themes/theme4/bg.gif",
            "profile_background_image_url_https": "https://abs.twimg.com/images/themes/theme4/bg.gif",
            "profile_background_tile": true,
            "profile_image_url": "http://pbs.twimg.com/profile_images/744891970380767232/jum1SDsC_normal.jpg",
            "profile_image_url_https": "https://pbs.twimg.com/profile_images/744891970380767232/jum1SDsC_normal.jpg",
            "profile_banner_url": "https://pbs.twimg.com/profile_banners/44084633/1583070237",
            "profile_link_color": "FF691F",
            "profile_sidebar_border_color": "FFFFFF",
            "profile_sidebar_fill_color": "FFFFFF",
            "profile_text_color": "2B1413",
            "profile_use_background_image": true,
            "has_extended_profile": false,
            "default_profile": false,
            "default_profile_image": false,
            "following": null,
            "follow_request_sent": null,
            "notifications": null,
            "translator_type": "none"
        },
        "geo": null,
        "coordinates": null,
        "place": null,
        "contributors": null,
        "is_quote_status": false,
        "retweet_count": 45,
        "favorite_count": 320,
        "favorited": false,
        "retweeted": false,
        "possibly_sensitive": false,
        "lang": "en"
    },
    "is_quote_status": false,
    "retweet_count": 45,
    "favorite_count": 0,
    "favorited": false,
    "retweeted": false,
    "lang": "en"
}