{
    "created_at": "Tue Mar 10 03:23:44 +0000 2020",
    "id": 1237217549105991682,
    "id_str": "1237217549105991682",
    "text": "RT @LouisVuitton: #LVFW20\nUnexpected pairings. A look from @TWNGhesquiere\u2019s latest #LouisVuitton Collection features a new Dauphine bag. Wa\u2026",
    "truncated": false,
    "entities": {
        "hashtags": [
            {
                "text": "LVFW20",
                "indices": [
                    18,
                    25
                ]
            },
            {
                "text": "LouisVuitton",
                "indices": [
                    83,
                    96
                ]
            }
        ],
        "symbols": [],
        "user_mentions": [
            {
                "screen_name": "LouisVuitton",
                "name": "Louis Vuitton",
                "id": 44084633,
                "id_str": "44084633",
                "indices": [
                    3,
                    16
                ]
            },
            {
                "screen_name": "TWNGhesquiere",
                "name": "Nicolas Ghesquiere",
                "id": 987110766,
                "id_str": "987110766",
                "indices": [
                    59,
                    73
                ]
            }
        ],
        "urls": []
    },
    "metadata": {
        "iso_language_code": "en",
        "result_type": "recent"
    },
    "source": "<a href=\"http://twitter.com/#!/download/ipad\" rel=\"nofollow\">Twitter for iPad</a>",
    "in_reply_to_status_id": null,
    "in_reply_to_status_id_str": null,
    "in_reply_to_user_id": null,
    "in_reply_to_user_id_str": null,
    "in_reply_to_screen_name": null,
    "user": {
        "id": 4480481955,
        "id_str": "4480481955",
        "name": "rita nocchi LM5\u2764\ufe0f\ud83c\udfb6B&F\ud83d\udc95\ud83c\udfb5",
        "screen_name": "nocchi_rita",
        "location": "Foligno, Umbria",
        "description": "Benji e fede\u2764\ufe0flittle mix\ud83d\udc95cnco\ud83c\udf39reign,frairy team\ud83c\udf38issima91\ud83c\udf40il volo\u2618harry potter \u26a1\ufe0fcarmen\u2728Fede carta and shade\ud83d\udcabirama\ud83c\udf1fultimo\u2b50\ufe0fnali \ud83d\udc1a..I love my hobbies.\ud83d\udc81\ud83c\udffc",
        "url": null,
        "entities": {
            "description": {
                "urls": []
            }
        },
        "protected": false,
        "followers_count": 1884,
        "friends_count": 4206,
        "listed_count": 13,
        "created_at": "Mon Dec 14 11:21:05 +0000 2015",
        "favourites_count": 166344,
        "utc_offset": null,
        "time_zone": null,
        "geo_enabled": false,
        "verified": false,
        "statuses_count": 61087,
        "lang": null,
        "contributors_enabled": false,
        "is_translator": false,
        "is_translation_enabled": false,
        "profile_background_color": "000000",
        "profile_background_image_url": "http://abs.twimg.com/images/themes/theme1/bg.png",
        "profile_background_image_url_https": "https://abs.twimg.com/images/themes/theme1/bg.png",
        "profile_background_tile": false,
        "profile_image_url": "http://pbs.twimg.com/profile_images/1095857017749716992/MxbVljPh_normal.jpg",
        "profile_image_url_https": "https://pbs.twimg.com/profile_images/1095857017749716992/MxbVljPh_normal.jpg",
        "profile_banner_url": "https://pbs.twimg.com/profile_banners/4480481955/1550107652",
        "profile_link_color": "E81C4F",
        "profile_sidebar_border_color": "000000",
        "profile_sidebar_fill_color": "000000",
        "profile_text_color": "000000",
        "profile_use_background_image": false,
        "has_extended_profile": true,
        "default_profile": false,
        "default_profile_image": false,
        "following": null,
        "follow_request_sent": null,
        "notifications": null,
        "translator_type": "none"
    },
    "geo": null,
    "coordinates": null,
    "place": null,
    "contributors": null,
    "retweeted_status": {
        "created_at": "Wed Mar 04 22:58:03 +0000 2020",
        "id": 1235338748981899264,
        "id_str": "1235338748981899264",
        "text": "#LVFW20\nUnexpected pairings. A look from @TWNGhesquiere\u2019s latest #LouisVuitton Collection features a new Dauphine b\u2026 https://t.co/zUy88yQiyf",
        "truncated": true,
        "entities": {
            "hashtags": [
                {
                    "text": "LVFW20",
                    "indices": [
                        0,
                        7
                    ]
                },
                {
                    "text": "LouisVuitton",
                    "indices": [
                        65,
                        78
                    ]
                }
            ],
            "symbols": [],
            "user_mentions": [
                {
                    "screen_name": "TWNGhesquiere",
                    "name": "Nicolas Ghesquiere",
                    "id": 987110766,
                    "id_str": "987110766",
                    "indices": [
                        41,
                        55
                    ]
                }
            ],
            "urls": [
                {
                    "url": "https://t.co/zUy88yQiyf",
                    "expanded_url": "https://twitter.com/i/web/status/1235338748981899264",
                    "display_url": "twitter.com/i/web/status/1\u2026",
                    "indices": [
                        117,
                        140
                    ]
                }
            ]
        },
        "metadata": {
            "iso_language_code": "en",
            "result_type": "recent"
        },
        "source": "<a href=\"https://www.sprinklr.com\" rel=\"nofollow\">Sprinklr</a>",
        "in_reply_to_status_id": null,
        "in_reply_to_status_id_str": null,
        "in_reply_to_user_id": null,
        "in_reply_to_user_id_str": null,
        "in_reply_to_screen_name": null,
        "user": {
            "id": 44084633,
            "id_str": "44084633",
            "name": "Louis Vuitton",
            "screen_name": "LouisVuitton",
            "location": "",
            "description": "The official Twitter page for Louis Vuitton Worldwide. Contact client services at @LVServices for customer assistance and personalised advice.",
            "url": "http://t.co/znRCgDOH21",
            "entities": {
                "url": {
                    "urls": [
                        {
                            "url": "http://t.co/znRCgDOH21",
                            "expanded_url": "http://www.louisvuitton.com",
                            "display_url": "louisvuitton.com",
                            "indices": [
                                0,
                                22
                            ]
                        }
                    ]
                },
                "description": {
                    "urls": []
                }
            },
            "protected": false,
            "followers_count": 7501392,
            "friends_count": 6,
            "listed_count": 9683,
            "created_at": "Tue Jun 02 08:22:48 +0000 2009",
            "favourites_count": 109,
            "utc_offset": null,
            "time_zone": null,
            "geo_enabled": false,
            "verified": true,
            "statuses_count": 5652,
            "lang": null,
            "contributors_enabled": false,
            "is_translator": false,
            "is_translation_enabled": false,
            "profile_background_color": "000000",
            "profile_background_image_url": "http://abs.twimg.com/images/themes/theme4/bg.gif",
            "profile_background_image_url_https": "https://abs.twimg.com/images/themes/theme4/bg.gif",
            "profile_background_tile": true,
            "profile_image_url": "http://pbs.twimg.com/profile_images/744891970380767232/jum1SDsC_normal.jpg",
            "profile_image_url_https": "https://pbs.twimg.com/profile_images/744891970380767232/jum1SDsC_normal.jpg",
            "profile_banner_url": "https://pbs.twimg.com/profile_banners/44084633/1583070237",
            "profile_link_color": "FF691F",
            "profile_sidebar_border_color": "FFFFFF",
            "profile_sidebar_fill_color": "FFFFFF",
            "profile_text_color": "2B1413",
            "profile_use_background_image": true,
            "has_extended_profile": false,
            "default_profile": false,
            "default_profile_image": false,
            "following": null,
            "follow_request_sent": null,
            "notifications": null,
            "translator_type": "none"
        },
        "geo": null,
        "coordinates": null,
        "place": null,
        "contributors": null,
        "is_quote_status": false,
        "retweet_count": 1230,
        "favorite_count": 12739,
        "favorited": false,
        "retweeted": false,
        "possibly_sensitive": false,
        "lang": "en"
    },
    "is_quote_status": false,
    "retweet_count": 1230,
    "favorite_count": 0,
    "favorited": false,
    "retweeted": false,
    "lang": "en"
}