{
    "created_at": "Tue Mar 10 12:38:54 +0000 2020",
    "id": 1237357261560909824,
    "id_str": "1237357261560909824",
    "text": "RT @CodyFernHQ: \ud83d\udcf8\u3163Cody trying on outfits via @LouisVuitton https://t.co/JnjqcGEOt4",
    "truncated": false,
    "entities": {
        "hashtags": [],
        "symbols": [],
        "user_mentions": [
            {
                "screen_name": "CodyFernHQ",
                "name": "Cody Fern News",
                "id": 1041385852423864320,
                "id_str": "1041385852423864320",
                "indices": [
                    3,
                    14
                ]
            },
            {
                "screen_name": "LouisVuitton",
                "name": "Louis Vuitton",
                "id": 44084633,
                "id_str": "44084633",
                "indices": [
                    45,
                    58
                ]
            }
        ],
        "urls": [],
        "media": [
            {
                "id": 1237174724888846341,
                "id_str": "1237174724888846341",
                "indices": [
                    59,
                    82
                ],
                "media_url": "http://pbs.twimg.com/media/EStT24IXYAUHxtS.jpg",
                "media_url_https": "https://pbs.twimg.com/media/EStT24IXYAUHxtS.jpg",
                "url": "https://t.co/JnjqcGEOt4",
                "display_url": "pic.twitter.com/JnjqcGEOt4",
                "expanded_url": "https://twitter.com/CodyFernHQ/status/1237174729506684931/photo/1",
                "type": "photo",
                "sizes": {
                    "thumb": {
                        "w": 150,
                        "h": 150,
                        "resize": "crop"
                    },
                    "large": {
                        "w": 1971,
                        "h": 1124,
                        "resize": "fit"
                    },
                    "medium": {
                        "w": 1200,
                        "h": 684,
                        "resize": "fit"
                    },
                    "small": {
                        "w": 680,
                        "h": 388,
                        "resize": "fit"
                    }
                },
                "source_status_id": 1237174729506684931,
                "source_status_id_str": "1237174729506684931",
                "source_user_id": 1041385852423864320,
                "source_user_id_str": "1041385852423864320"
            }
        ]
    },
    "extended_entities": {
        "media": [
            {
                "id": 1237174724888846341,
                "id_str": "1237174724888846341",
                "indices": [
                    59,
                    82
                ],
                "media_url": "http://pbs.twimg.com/media/EStT24IXYAUHxtS.jpg",
                "media_url_https": "https://pbs.twimg.com/media/EStT24IXYAUHxtS.jpg",
                "url": "https://t.co/JnjqcGEOt4",
                "display_url": "pic.twitter.com/JnjqcGEOt4",
                "expanded_url": "https://twitter.com/CodyFernHQ/status/1237174729506684931/photo/1",
                "type": "photo",
                "sizes": {
                    "thumb": {
                        "w": 150,
                        "h": 150,
                        "resize": "crop"
                    },
                    "large": {
                        "w": 1971,
                        "h": 1124,
                        "resize": "fit"
                    },
                    "medium": {
                        "w": 1200,
                        "h": 684,
                        "resize": "fit"
                    },
                    "small": {
                        "w": 680,
                        "h": 388,
                        "resize": "fit"
                    }
                },
                "source_status_id": 1237174729506684931,
                "source_status_id_str": "1237174729506684931",
                "source_user_id": 1041385852423864320,
                "source_user_id_str": "1041385852423864320"
            },
            {
                "id": 1237174726361001985,
                "id_str": "1237174726361001985",
                "indices": [
                    59,
                    82
                ],
                "media_url": "http://pbs.twimg.com/media/EStT29nWsAEfStp.jpg",
                "media_url_https": "https://pbs.twimg.com/media/EStT29nWsAEfStp.jpg",
                "url": "https://t.co/JnjqcGEOt4",
                "display_url": "pic.twitter.com/JnjqcGEOt4",
                "expanded_url": "https://twitter.com/CodyFernHQ/status/1237174729506684931/photo/1",
                "type": "photo",
                "sizes": {
                    "thumb": {
                        "w": 150,
                        "h": 150,
                        "resize": "crop"
                    },
                    "medium": {
                        "w": 1200,
                        "h": 682,
                        "resize": "fit"
                    },
                    "large": {
                        "w": 1978,
                        "h": 1124,
                        "resize": "fit"
                    },
                    "small": {
                        "w": 680,
                        "h": 386,
                        "resize": "fit"
                    }
                },
                "source_status_id": 1237174729506684931,
                "source_status_id_str": "1237174729506684931",
                "source_user_id": 1041385852423864320,
                "source_user_id_str": "1041385852423864320"
            }
        ]
    },
    "metadata": {
        "iso_language_code": "en",
        "result_type": "recent"
    },
    "source": "<a href=\"http://twitter.com/download/iphone\" rel=\"nofollow\">Twitter for iPhone</a>",
    "in_reply_to_status_id": null,
    "in_reply_to_status_id_str": null,
    "in_reply_to_user_id": null,
    "in_reply_to_user_id_str": null,
    "in_reply_to_screen_name": null,
    "user": {
        "id": 935215671922786304,
        "id_str": "935215671922786304",
        "name": "swag.",
        "screen_name": "sincockava",
        "location": "Huntersville, NC",
        "description": "\ud83d\ude0c\ud83d\ude18\ud83e\udd20\ud83d\udd7a\ud83c\udfff",
        "url": null,
        "entities": {
            "description": {
                "urls": []
            }
        },
        "protected": false,
        "followers_count": 35,
        "friends_count": 155,
        "listed_count": 0,
        "created_at": "Mon Nov 27 18:36:06 +0000 2017",
        "favourites_count": 19535,
        "utc_offset": null,
        "time_zone": null,
        "geo_enabled": false,
        "verified": false,
        "statuses_count": 2165,
        "lang": null,
        "contributors_enabled": false,
        "is_translator": false,
        "is_translation_enabled": false,
        "profile_background_color": "F5F8FA",
        "profile_background_image_url": null,
        "profile_background_image_url_https": null,
        "profile_background_tile": false,
        "profile_image_url": "http://pbs.twimg.com/profile_images/1213191056449294336/MPBe1LGF_normal.jpg",
        "profile_image_url_https": "https://pbs.twimg.com/profile_images/1213191056449294336/MPBe1LGF_normal.jpg",
        "profile_banner_url": "https://pbs.twimg.com/profile_banners/935215671922786304/1552530536",
        "profile_link_color": "1DA1F2",
        "profile_sidebar_border_color": "C0DEED",
        "profile_sidebar_fill_color": "DDEEF6",
        "profile_text_color": "333333",
        "profile_use_background_image": true,
        "has_extended_profile": false,
        "default_profile": true,
        "default_profile_image": false,
        "following": null,
        "follow_request_sent": null,
        "notifications": null,
        "translator_type": "none"
    },
    "geo": null,
    "coordinates": null,
    "place": null,
    "contributors": null,
    "retweeted_status": {
        "created_at": "Tue Mar 10 00:33:35 +0000 2020",
        "id": 1237174729506684931,
        "id_str": "1237174729506684931",
        "text": "\ud83d\udcf8\u3163Cody trying on outfits via @LouisVuitton https://t.co/JnjqcGEOt4",
        "truncated": false,
        "entities": {
            "hashtags": [],
            "symbols": [],
            "user_mentions": [
                {
                    "screen_name": "LouisVuitton",
                    "name": "Louis Vuitton",
                    "id": 44084633,
                    "id_str": "44084633",
                    "indices": [
                        29,
                        42
                    ]
                }
            ],
            "urls": [],
            "media": [
                {
                    "id": 1237174724888846341,
                    "id_str": "1237174724888846341",
                    "indices": [
                        43,
                        66
                    ],
                    "media_url": "http://pbs.twimg.com/media/EStT24IXYAUHxtS.jpg",
                    "media_url_https": "https://pbs.twimg.com/media/EStT24IXYAUHxtS.jpg",
                    "url": "https://t.co/JnjqcGEOt4",
                    "display_url": "pic.twitter.com/JnjqcGEOt4",
                    "expanded_url": "https://twitter.com/CodyFernHQ/status/1237174729506684931/photo/1",
                    "type": "photo",
                    "sizes": {
                        "thumb": {
                            "w": 150,
                            "h": 150,
                            "resize": "crop"
                        },
                        "large": {
                            "w": 1971,
                            "h": 1124,
                            "resize": "fit"
                        },
                        "medium": {
                            "w": 1200,
                            "h": 684,
                            "resize": "fit"
                        },
                        "small": {
                            "w": 680,
                            "h": 388,
                            "resize": "fit"
                        }
                    }
                }
            ]
        },
        "extended_entities": {
            "media": [
                {
                    "id": 1237174724888846341,
                    "id_str": "1237174724888846341",
                    "indices": [
                        43,
                        66
                    ],
                    "media_url": "http://pbs.twimg.com/media/EStT24IXYAUHxtS.jpg",
                    "media_url_https": "https://pbs.twimg.com/media/EStT24IXYAUHxtS.jpg",
                    "url": "https://t.co/JnjqcGEOt4",
                    "display_url": "pic.twitter.com/JnjqcGEOt4",
                    "expanded_url": "https://twitter.com/CodyFernHQ/status/1237174729506684931/photo/1",
                    "type": "photo",
                    "sizes": {
                        "thumb": {
                            "w": 150,
                            "h": 150,
                            "resize": "crop"
                        },
                        "large": {
                            "w": 1971,
                            "h": 1124,
                            "resize": "fit"
                        },
                        "medium": {
                            "w": 1200,
                            "h": 684,
                            "resize": "fit"
                        },
                        "small": {
                            "w": 680,
                            "h": 388,
                            "resize": "fit"
                        }
                    }
                },
                {
                    "id": 1237174726361001985,
                    "id_str": "1237174726361001985",
                    "indices": [
                        43,
                        66
                    ],
                    "media_url": "http://pbs.twimg.com/media/EStT29nWsAEfStp.jpg",
                    "media_url_https": "https://pbs.twimg.com/media/EStT29nWsAEfStp.jpg",
                    "url": "https://t.co/JnjqcGEOt4",
                    "display_url": "pic.twitter.com/JnjqcGEOt4",
                    "expanded_url": "https://twitter.com/CodyFernHQ/status/1237174729506684931/photo/1",
                    "type": "photo",
                    "sizes": {
                        "thumb": {
                            "w": 150,
                            "h": 150,
                            "resize": "crop"
                        },
                        "medium": {
                            "w": 1200,
                            "h": 682,
                            "resize": "fit"
                        },
                        "large": {
                            "w": 1978,
                            "h": 1124,
                            "resize": "fit"
                        },
                        "small": {
                            "w": 680,
                            "h": 386,
                            "resize": "fit"
                        }
                    }
                }
            ]
        },
        "metadata": {
            "iso_language_code": "en",
            "result_type": "recent"
        },
        "source": "<a href=\"http://twitter.com/download/iphone\" rel=\"nofollow\">Twitter for iPhone</a>",
        "in_reply_to_status_id": null,
        "in_reply_to_status_id_str": null,
        "in_reply_to_user_id": null,
        "in_reply_to_user_id_str": null,
        "in_reply_to_screen_name": null,
        "user": {
            "id": 1041385852423864320,
            "id_str": "1041385852423864320",
            "name": "Cody Fern News",
            "screen_name": "CodyFernHQ",
            "location": "",
            "description": "Dedicated to keeping you up-to-date with all news related to actor and filmmaker Cody Fern! Fan run, with love. Inquiries? Email us at codyfernhq@gmail.com \u2728",
            "url": null,
            "entities": {
                "description": {
                    "urls": []
                }
            },
            "protected": false,
            "followers_count": 2055,
            "friends_count": 3,
            "listed_count": 5,
            "created_at": "Sun Sep 16 17:58:30 +0000 2018",
            "favourites_count": 990,
            "utc_offset": null,
            "time_zone": null,
            "geo_enabled": false,
            "verified": false,
            "statuses_count": 1342,
            "lang": null,
            "contributors_enabled": false,
            "is_translator": false,
            "is_translation_enabled": false,
            "profile_background_color": "F5F8FA",
            "profile_background_image_url": null,
            "profile_background_image_url_https": null,
            "profile_background_tile": false,
            "profile_image_url": "http://pbs.twimg.com/profile_images/1106004937161535490/Nx_AIzM5_normal.jpg",
            "profile_image_url_https": "https://pbs.twimg.com/profile_images/1106004937161535490/Nx_AIzM5_normal.jpg",
            "profile_banner_url": "https://pbs.twimg.com/profile_banners/1041385852423864320/1552315633",
            "profile_link_color": "1DA1F2",
            "profile_sidebar_border_color": "C0DEED",
            "profile_sidebar_fill_color": "DDEEF6",
            "profile_text_color": "333333",
            "profile_use_background_image": true,
            "has_extended_profile": false,
            "default_profile": true,
            "default_profile_image": false,
            "following": null,
            "follow_request_sent": null,
            "notifications": null,
            "translator_type": "none"
        },
        "geo": null,
        "coordinates": null,
        "place": null,
        "contributors": null,
        "is_quote_status": false,
        "retweet_count": 33,
        "favorite_count": 116,
        "favorited": false,
        "retweeted": false,
        "possibly_sensitive": false,
        "lang": "en"
    },
    "is_quote_status": false,
    "retweet_count": 33,
    "favorite_count": 0,
    "favorited": false,
    "retweeted": false,
    "possibly_sensitive": false,
    "lang": "en"
}