{
    "created_at": "Tue Mar 10 14:14:38 +0000 2020",
    "id": 1237381351604506625,
    "id_str": "1237381351604506625",
    "text": "@LouisVuitton un birkenstock wo nee",
    "truncated": false,
    "entities": {
        "hashtags": [],
        "symbols": [],
        "user_mentions": [
            {
                "screen_name": "LouisVuitton",
                "name": "Louis Vuitton",
                "id": 44084633,
                "id_str": "44084633",
                "indices": [
                    0,
                    13
                ]
            }
        ],
        "urls": []
    },
    "metadata": {
        "iso_language_code": "en",
        "result_type": "recent"
    },
    "source": "<a href=\"http://twitter.com/download/iphone\" rel=\"nofollow\">Twitter for iPhone</a>",
    "in_reply_to_status_id": 1237339923310657536,
    "in_reply_to_status_id_str": "1237339923310657536",
    "in_reply_to_user_id": 44084633,
    "in_reply_to_user_id_str": "44084633",
    "in_reply_to_screen_name": "LouisVuitton",
    "user": {
        "id": 474681879,
        "id_str": "474681879",
        "name": "Pair lookZ Saint Laurents",
        "screen_name": "maximitama",
        "location": "",
        "description": "",
        "url": null,
        "entities": {
            "description": {
                "urls": []
            }
        },
        "protected": false,
        "followers_count": 0,
        "friends_count": 0,
        "listed_count": 65,
        "created_at": "Thu Jan 26 07:22:38 +0000 2012",
        "favourites_count": 0,
        "utc_offset": null,
        "time_zone": null,
        "geo_enabled": false,
        "verified": false,
        "statuses_count": 57,
        "lang": null,
        "contributors_enabled": false,
        "is_translator": false,
        "is_translation_enabled": false,
        "profile_background_color": "000000",
        "profile_background_image_url": "http://abs.twimg.com/images/themes/theme9/bg.gif",
        "profile_background_image_url_https": "https://abs.twimg.com/images/themes/theme9/bg.gif",
        "profile_background_tile": false,
        "profile_image_url": "http://pbs.twimg.com/profile_images/1237403680103522304/jFxT7sqr_normal.jpg",
        "profile_image_url_https": "https://pbs.twimg.com/profile_images/1237403680103522304/jFxT7sqr_normal.jpg",
        "profile_banner_url": "https://pbs.twimg.com/profile_banners/474681879/1583854886",
        "profile_link_color": "19CF86",
        "profile_sidebar_border_color": "000000",
        "profile_sidebar_fill_color": "000000",
        "profile_text_color": "000000",
        "profile_use_background_image": false,
        "has_extended_profile": false,
        "default_profile": false,
        "default_profile_image": false,
        "following": null,
        "follow_request_sent": null,
        "notifications": null,
        "translator_type": "none"
    },
    "geo": null,
    "coordinates": null,
    "place": null,
    "contributors": null,
    "is_quote_status": false,
    "retweet_count": 0,
    "favorite_count": 0,
    "favorited": false,
    "retweeted": false,
    "lang": "en"
}