{
    "created_at": "Tue Mar 10 11:26:34 +0000 2020",
    "id": 1237339057702739969,
    "id_str": "1237339057702739969",
    "text": ".@louisvuitton continues to blur the lines between luxury and streetwear with @virgilabloh\u2019s LV2 collaboration \ud83d\udd25 https://t.co/xkCH9Sj58W",
    "truncated": false,
    "entities": {
        "hashtags": [],
        "symbols": [],
        "user_mentions": [
            {
                "screen_name": "LouisVuitton",
                "name": "Louis Vuitton",
                "id": 44084633,
                "id_str": "44084633",
                "indices": [
                    1,
                    14
                ]
            },
            {
                "screen_name": "virgilabloh",
                "name": "virgil abloh",
                "id": 21845792,
                "id_str": "21845792",
                "indices": [
                    78,
                    90
                ]
            }
        ],
        "urls": [],
        "media": [
            {
                "id": 1237338759752044544,
                "id_str": "1237338759752044544",
                "indices": [
                    113,
                    136
                ],
                "media_url": "http://pbs.twimg.com/media/ESvpC9nX0AAo64p.jpg",
                "media_url_https": "https://pbs.twimg.com/media/ESvpC9nX0AAo64p.jpg",
                "url": "https://t.co/xkCH9Sj58W",
                "display_url": "pic.twitter.com/xkCH9Sj58W",
                "expanded_url": "https://twitter.com/SaidAmra/status/1237339057702739969/photo/1",
                "type": "photo",
                "sizes": {
                    "thumb": {
                        "w": 150,
                        "h": 150,
                        "resize": "crop"
                    },
                    "small": {
                        "w": 680,
                        "h": 680,
                        "resize": "fit"
                    },
                    "medium": {
                        "w": 1080,
                        "h": 1080,
                        "resize": "fit"
                    },
                    "large": {
                        "w": 1080,
                        "h": 1080,
                        "resize": "fit"
                    }
                }
            }
        ]
    },
    "extended_entities": {
        "media": [
            {
                "id": 1237338759752044544,
                "id_str": "1237338759752044544",
                "indices": [
                    113,
                    136
                ],
                "media_url": "http://pbs.twimg.com/media/ESvpC9nX0AAo64p.jpg",
                "media_url_https": "https://pbs.twimg.com/media/ESvpC9nX0AAo64p.jpg",
                "url": "https://t.co/xkCH9Sj58W",
                "display_url": "pic.twitter.com/xkCH9Sj58W",
                "expanded_url": "https://twitter.com/SaidAmra/status/1237339057702739969/photo/1",
                "type": "photo",
                "sizes": {
                    "thumb": {
                        "w": 150,
                        "h": 150,
                        "resize": "crop"
                    },
                    "small": {
                        "w": 680,
                        "h": 680,
                        "resize": "fit"
                    },
                    "medium": {
                        "w": 1080,
                        "h": 1080,
                        "resize": "fit"
                    },
                    "large": {
                        "w": 1080,
                        "h": 1080,
                        "resize": "fit"
                    }
                }
            },
            {
                "id": 1237338764495773696,
                "id_str": "1237338764495773696",
                "indices": [
                    113,
                    136
                ],
                "media_url": "http://pbs.twimg.com/media/ESvpDPSXYAAzt2b.jpg",
                "media_url_https": "https://pbs.twimg.com/media/ESvpDPSXYAAzt2b.jpg",
                "url": "https://t.co/xkCH9Sj58W",
                "display_url": "pic.twitter.com/xkCH9Sj58W",
                "expanded_url": "https://twitter.com/SaidAmra/status/1237339057702739969/photo/1",
                "type": "photo",
                "sizes": {
                    "thumb": {
                        "w": 150,
                        "h": 150,
                        "resize": "crop"
                    },
                    "large": {
                        "w": 1080,
                        "h": 1080,
                        "resize": "fit"
                    },
                    "medium": {
                        "w": 1080,
                        "h": 1080,
                        "resize": "fit"
                    },
                    "small": {
                        "w": 680,
                        "h": 680,
                        "resize": "fit"
                    }
                }
            },
            {
                "id": 1237338769470169089,
                "id_str": "1237338769470169089",
                "indices": [
                    113,
                    136
                ],
                "media_url": "http://pbs.twimg.com/media/ESvpDh0WoAEHNU5.jpg",
                "media_url_https": "https://pbs.twimg.com/media/ESvpDh0WoAEHNU5.jpg",
                "url": "https://t.co/xkCH9Sj58W",
                "display_url": "pic.twitter.com/xkCH9Sj58W",
                "expanded_url": "https://twitter.com/SaidAmra/status/1237339057702739969/photo/1",
                "type": "photo",
                "sizes": {
                    "thumb": {
                        "w": 150,
                        "h": 150,
                        "resize": "crop"
                    },
                    "medium": {
                        "w": 1080,
                        "h": 1080,
                        "resize": "fit"
                    },
                    "large": {
                        "w": 1080,
                        "h": 1080,
                        "resize": "fit"
                    },
                    "small": {
                        "w": 680,
                        "h": 680,
                        "resize": "fit"
                    }
                }
            },
            {
                "id": 1237338774578831360,
                "id_str": "1237338774578831360",
                "indices": [
                    113,
                    136
                ],
                "media_url": "http://pbs.twimg.com/media/ESvpD02WoAAWGwg.jpg",
                "media_url_https": "https://pbs.twimg.com/media/ESvpD02WoAAWGwg.jpg",
                "url": "https://t.co/xkCH9Sj58W",
                "display_url": "pic.twitter.com/xkCH9Sj58W",
                "expanded_url": "https://twitter.com/SaidAmra/status/1237339057702739969/photo/1",
                "type": "photo",
                "sizes": {
                    "medium": {
                        "w": 1080,
                        "h": 1080,
                        "resize": "fit"
                    },
                    "thumb": {
                        "w": 150,
                        "h": 150,
                        "resize": "crop"
                    },
                    "large": {
                        "w": 1080,
                        "h": 1080,
                        "resize": "fit"
                    },
                    "small": {
                        "w": 680,
                        "h": 680,
                        "resize": "fit"
                    }
                }
            }
        ]
    },
    "metadata": {
        "iso_language_code": "en",
        "result_type": "recent"
    },
    "source": "<a href=\"https://mobile.twitter.com\" rel=\"nofollow\">Twitter Web App</a>",
    "in_reply_to_status_id": null,
    "in_reply_to_status_id_str": null,
    "in_reply_to_user_id": null,
    "in_reply_to_user_id_str": null,
    "in_reply_to_screen_name": null,
    "user": {
        "id": 59450952,
        "id_str": "59450952",
        "name": "Sa\u00efd Amra",
        "screen_name": "SaidAmra",
        "location": "93-ORAN",
        "description": "\u2694\ufe0f at @Havas                              ex CLIQUE (Canal+) & Buzzman",
        "url": "https://t.co/kTperDtcLH",
        "entities": {
            "url": {
                "urls": [
                    {
                        "url": "https://t.co/kTperDtcLH",
                        "expanded_url": "https://www.linkedin.com/in/saidamra/",
                        "display_url": "linkedin.com/in/saidamra/",
                        "indices": [
                            0,
                            23
                        ]
                    }
                ]
            },
            "description": {
                "urls": []
            }
        },
        "protected": false,
        "followers_count": 1069,
        "friends_count": 889,
        "listed_count": 22,
        "created_at": "Thu Jul 23 12:51:51 +0000 2009",
        "favourites_count": 222,
        "utc_offset": null,
        "time_zone": null,
        "geo_enabled": true,
        "verified": false,
        "statuses_count": 11837,
        "lang": null,
        "contributors_enabled": false,
        "is_translator": false,
        "is_translation_enabled": true,
        "profile_background_color": "131516",
        "profile_background_image_url": "http://abs.twimg.com/images/themes/theme14/bg.gif",
        "profile_background_image_url_https": "https://abs.twimg.com/images/themes/theme14/bg.gif",
        "profile_background_tile": false,
        "profile_image_url": "http://pbs.twimg.com/profile_images/1091287727029567489/Mr6Wd7oZ_normal.jpg",
        "profile_image_url_https": "https://pbs.twimg.com/profile_images/1091287727029567489/Mr6Wd7oZ_normal.jpg",
        "profile_banner_url": "https://pbs.twimg.com/profile_banners/59450952/1542917408",
        "profile_link_color": "ABB8C2",
        "profile_sidebar_border_color": "FFFFFF",
        "profile_sidebar_fill_color": "EFEFEF",
        "profile_text_color": "333333",
        "profile_use_background_image": false,
        "has_extended_profile": true,
        "default_profile": false,
        "default_profile_image": false,
        "following": null,
        "follow_request_sent": null,
        "notifications": null,
        "translator_type": "regular"
    },
    "geo": null,
    "coordinates": null,
    "place": null,
    "contributors": null,
    "is_quote_status": false,
    "retweet_count": 0,
    "favorite_count": 0,
    "favorited": false,
    "retweeted": false,
    "possibly_sensitive": false,
    "lang": "en"
}