{
    "created_at": "Tue Mar 10 03:33:12 +0000 2020",
    "id": 1237219931042668544,
    "id_str": "1237219931042668544",
    "text": "RT @dezeen: The facade of @LouisVuitton's store in Osaka is based on the sails of old Japanese merchant ships. https://t.co/CmLplHcc8s",
    "truncated": false,
    "entities": {
        "hashtags": [],
        "symbols": [],
        "user_mentions": [
            {
                "screen_name": "dezeen",
                "name": "Dezeen",
                "id": 26012202,
                "id_str": "26012202",
                "indices": [
                    3,
                    10
                ]
            },
            {
                "screen_name": "LouisVuitton",
                "name": "Louis Vuitton",
                "id": 44084633,
                "id_str": "44084633",
                "indices": [
                    26,
                    39
                ]
            }
        ],
        "urls": [
            {
                "url": "https://t.co/CmLplHcc8s",
                "expanded_url": "https://www.dezeen.com/2020/02/21/louis-vuittons-flagship-osaka-store-covered-in-curving-glass-sails/",
                "display_url": "dezeen.com/2020/02/21/lou\u2026",
                "indices": [
                    111,
                    134
                ]
            }
        ]
    },
    "metadata": {
        "iso_language_code": "en",
        "result_type": "recent"
    },
    "source": "<a href=\"http://twitter.com/download/iphone\" rel=\"nofollow\">Twitter for iPhone</a>",
    "in_reply_to_status_id": null,
    "in_reply_to_status_id_str": null,
    "in_reply_to_user_id": null,
    "in_reply_to_user_id_str": null,
    "in_reply_to_screen_name": null,
    "user": {
        "id": 55131797,
        "id_str": "55131797",
        "name": "Mario Vasquez",
        "screen_name": "modernist_mario",
        "location": "Los Angeles, California",
        "description": "An art lover who sees the finest and most cutting edge art here in Los Angeles and the world.",
        "url": "http://t.co/cFh0trtIYX",
        "entities": {
            "url": {
                "urls": [
                    {
                        "url": "http://t.co/cFh0trtIYX",
                        "expanded_url": "http://www.mariosartworld.blogspot.com",
                        "display_url": "mariosartworld.blogspot.com",
                        "indices": [
                            0,
                            22
                        ]
                    }
                ]
            },
            "description": {
                "urls": []
            }
        },
        "protected": false,
        "followers_count": 480,
        "friends_count": 1278,
        "listed_count": 6,
        "created_at": "Thu Jul 09 03:42:53 +0000 2009",
        "favourites_count": 19870,
        "utc_offset": null,
        "time_zone": null,
        "geo_enabled": false,
        "verified": false,
        "statuses_count": 3086,
        "lang": null,
        "contributors_enabled": false,
        "is_translator": false,
        "is_translation_enabled": false,
        "profile_background_color": "C0DEED",
        "profile_background_image_url": "http://abs.twimg.com/images/themes/theme1/bg.png",
        "profile_background_image_url_https": "https://abs.twimg.com/images/themes/theme1/bg.png",
        "profile_background_tile": false,
        "profile_image_url": "http://pbs.twimg.com/profile_images/464133273812099072/hQ9y_-OW_normal.jpeg",
        "profile_image_url_https": "https://pbs.twimg.com/profile_images/464133273812099072/hQ9y_-OW_normal.jpeg",
        "profile_banner_url": "https://pbs.twimg.com/profile_banners/55131797/1399492804",
        "profile_link_color": "0057B3",
        "profile_sidebar_border_color": "C0DEED",
        "profile_sidebar_fill_color": "DDEEF6",
        "profile_text_color": "333333",
        "profile_use_background_image": true,
        "has_extended_profile": true,
        "default_profile": false,
        "default_profile_image": false,
        "following": null,
        "follow_request_sent": null,
        "notifications": null,
        "translator_type": "none"
    },
    "geo": null,
    "coordinates": null,
    "place": null,
    "contributors": null,
    "retweeted_status": {
        "created_at": "Mon Mar 09 22:56:03 +0000 2020",
        "id": 1237150181914796034,
        "id_str": "1237150181914796034",
        "text": "The facade of @LouisVuitton's store in Osaka is based on the sails of old Japanese merchant ships. https://t.co/CmLplHcc8s",
        "truncated": false,
        "entities": {
            "hashtags": [],
            "symbols": [],
            "user_mentions": [
                {
                    "screen_name": "LouisVuitton",
                    "name": "Louis Vuitton",
                    "id": 44084633,
                    "id_str": "44084633",
                    "indices": [
                        14,
                        27
                    ]
                }
            ],
            "urls": [
                {
                    "url": "https://t.co/CmLplHcc8s",
                    "expanded_url": "https://www.dezeen.com/2020/02/21/louis-vuittons-flagship-osaka-store-covered-in-curving-glass-sails/",
                    "display_url": "dezeen.com/2020/02/21/lou\u2026",
                    "indices": [
                        99,
                        122
                    ]
                }
            ]
        },
        "metadata": {
            "iso_language_code": "en",
            "result_type": "recent"
        },
        "source": "<a href=\"https://sproutsocial.com\" rel=\"nofollow\">Sprout Social</a>",
        "in_reply_to_status_id": null,
        "in_reply_to_status_id_str": null,
        "in_reply_to_user_id": null,
        "in_reply_to_user_id_str": null,
        "in_reply_to_screen_name": null,
        "user": {
            "id": 26012202,
            "id_str": "26012202",
            "name": "Dezeen",
            "screen_name": "dezeen",
            "location": "London",
            "description": "The world's most influential architecture and design magazine.",
            "url": "https://t.co/Z7Bz4pBHYd",
            "entities": {
                "url": {
                    "urls": [
                        {
                            "url": "https://t.co/Z7Bz4pBHYd",
                            "expanded_url": "https://www.dezeen.com/newsletters/",
                            "display_url": "dezeen.com/newsletters/",
                            "indices": [
                                0,
                                23
                            ]
                        }
                    ]
                },
                "description": {
                    "urls": []
                }
            },
            "protected": false,
            "followers_count": 961602,
            "friends_count": 15028,
            "listed_count": 10537,
            "created_at": "Mon Mar 23 14:38:43 +0000 2009",
            "favourites_count": 1519,
            "utc_offset": null,
            "time_zone": null,
            "geo_enabled": true,
            "verified": false,
            "statuses_count": 117602,
            "lang": null,
            "contributors_enabled": false,
            "is_translator": false,
            "is_translation_enabled": false,
            "profile_background_color": "FFFFFF",
            "profile_background_image_url": "http://abs.twimg.com/images/themes/theme1/bg.png",
            "profile_background_image_url_https": "https://abs.twimg.com/images/themes/theme1/bg.png",
            "profile_background_tile": false,
            "profile_image_url": "http://pbs.twimg.com/profile_images/801122329908707328/cVOgX_ER_normal.jpg",
            "profile_image_url_https": "https://pbs.twimg.com/profile_images/801122329908707328/cVOgX_ER_normal.jpg",
            "profile_banner_url": "https://pbs.twimg.com/profile_banners/26012202/1556808853",
            "profile_link_color": "6C6E95",
            "profile_sidebar_border_color": "FFFFFF",
            "profile_sidebar_fill_color": "FFFFFF",
            "profile_text_color": "000000",
            "profile_use_background_image": false,
            "has_extended_profile": false,
            "default_profile": false,
            "default_profile_image": false,
            "following": null,
            "follow_request_sent": null,
            "notifications": null,
            "translator_type": "none"
        },
        "geo": null,
        "coordinates": null,
        "place": null,
        "contributors": null,
        "is_quote_status": false,
        "retweet_count": 19,
        "favorite_count": 78,
        "favorited": false,
        "retweeted": false,
        "possibly_sensitive": false,
        "lang": "en"
    },
    "is_quote_status": false,
    "retweet_count": 19,
    "favorite_count": 0,
    "favorited": false,
    "retweeted": false,
    "possibly_sensitive": false,
    "lang": "en"
}