{
    "created_at": "Mon Mar 09 22:51:01 +0000 2020",
    "id": 1237148918678421504,
    "id_str": "1237148918678421504",
    "text": "@FLPrincessSJK @LouisVuitton @FindomPromoSub @StaciesSlut Love it",
    "truncated": false,
    "entities": {
        "hashtags": [],
        "symbols": [],
        "user_mentions": [
            {
                "screen_name": "FLPrincessSJK",
                "name": "\ud83d\udc63\ud83d\udcb8\ud835\udca2\ud835\udc5c\ud835\udcb9\ud835\udcb9\ud835\udc52\ud835\udcc8\ud835\udcc8 \ud835\udcae\ud835\udcc9\ud835\udcb6\ud835\udcb8\ud835\udcbe\ud835\udc52 \ud83d\udcb8\ud83e\udd40",
                "id": 720479844463689728,
                "id_str": "720479844463689728",
                "indices": [
                    0,
                    14
                ]
            },
            {
                "screen_name": "LouisVuitton",
                "name": "Louis Vuitton",
                "id": 44084633,
                "id_str": "44084633",
                "indices": [
                    15,
                    28
                ]
            },
            {
                "screen_name": "FindomPromoSub",
                "name": "FindomPromoSub Tag Me!",
                "id": 1046556433511256064,
                "id_str": "1046556433511256064",
                "indices": [
                    29,
                    44
                ]
            },
            {
                "screen_name": "StaciesSlut",
                "name": "Stacie\u2019s Sissy Slut",
                "id": 1219878788927873024,
                "id_str": "1219878788927873024",
                "indices": [
                    45,
                    57
                ]
            }
        ],
        "urls": []
    },
    "metadata": {
        "iso_language_code": "en",
        "result_type": "recent"
    },
    "source": "<a href=\"http://twitter.com/download/android\" rel=\"nofollow\">Twitter for Android</a>",
    "in_reply_to_status_id": 1237147036329349121,
    "in_reply_to_status_id_str": "1237147036329349121",
    "in_reply_to_user_id": 720479844463689728,
    "in_reply_to_user_id_str": "720479844463689728",
    "in_reply_to_screen_name": "FLPrincessSJK",
    "user": {
        "id": 1227673068191047680,
        "id_str": "1227673068191047680",
        "name": "\ud835\udc06\ud835\udc28\ud835\udc1d\ud835\udc1d\ud835\udc1e\ud835\udc2c\ud835\udc2c \ud835\udc00\ud835\udc2f\ud835\udc1a \ud83d\udcab",
        "screen_name": "findom_ava",
        "location": "all my links below \u23ec",
        "description": "FINANCIAL DOMINATRIX \u2022 I speak \ud83c\uddec\ud83c\udde7\ud83c\uddf5\ud83c\uddf9\ud83c\uddea\ud83c\udde6\n\n20\u20ac \ud835\udc22\ud835\udc27\ud835\udc22\ud835\udc2d\ud835\udc22\ud835\udc1a\ud835\udc25 \ud835\udc2d\ud835\udc2b\ud835\udc22\ud835\udc1b\ud835\udc2e\ud835\udc2d\ud835\udc1e  | 50\u20ac \ud835\udc2e\ud835\udc27\ud835\udc1b\ud835\udc25\ud835\udc28\ud835\udc1c\ud835\udc24 \ud835\udc1f\ud835\udc1e\ud835\udc1e\n\nonly PP & GC\n\n\naccepting new subs rn",
        "url": "https://t.co/SDxEh3cm5K",
        "entities": {
            "url": {
                "urls": [
                    {
                        "url": "https://t.co/SDxEh3cm5K",
                        "expanded_url": "https://allmylinks.com/findomava",
                        "display_url": "allmylinks.com/findomava",
                        "indices": [
                            0,
                            23
                        ]
                    }
                ]
            },
            "description": {
                "urls": []
            }
        },
        "protected": false,
        "followers_count": 736,
        "friends_count": 221,
        "listed_count": 4,
        "created_at": "Wed Feb 12 19:17:29 +0000 2020",
        "favourites_count": 2526,
        "utc_offset": null,
        "time_zone": null,
        "geo_enabled": false,
        "verified": false,
        "statuses_count": 933,
        "lang": null,
        "contributors_enabled": false,
        "is_translator": false,
        "is_translation_enabled": false,
        "profile_background_color": "F5F8FA",
        "profile_background_image_url": null,
        "profile_background_image_url_https": null,
        "profile_background_tile": false,
        "profile_image_url": "http://pbs.twimg.com/profile_images/1237315210370826240/cKuCoWAr_normal.jpg",
        "profile_image_url_https": "https://pbs.twimg.com/profile_images/1237315210370826240/cKuCoWAr_normal.jpg",
        "profile_banner_url": "https://pbs.twimg.com/profile_banners/1227673068191047680/1583361994",
        "profile_link_color": "1DA1F2",
        "profile_sidebar_border_color": "C0DEED",
        "profile_sidebar_fill_color": "DDEEF6",
        "profile_text_color": "333333",
        "profile_use_background_image": true,
        "has_extended_profile": true,
        "default_profile": true,
        "default_profile_image": false,
        "following": null,
        "follow_request_sent": null,
        "notifications": null,
        "translator_type": "none"
    },
    "geo": null,
    "coordinates": null,
    "place": null,
    "contributors": null,
    "is_quote_status": false,
    "retweet_count": 0,
    "favorite_count": 1,
    "favorited": false,
    "retweeted": false,
    "lang": "en"
}