{
    "created_at": "Tue Mar 10 09:05:27 +0000 2020",
    "id": 1237303542060175360,
    "id_str": "1237303542060175360",
    "text": "RT @selenascloset: .@SelenaGomez did an interview with #Genius posted today and she wore a @LouisVuitton T-Shirt Dress ($2,070), @FreePeopl\u2026",
    "truncated": false,
    "entities": {
        "hashtags": [
            {
                "text": "Genius",
                "indices": [
                    55,
                    62
                ]
            }
        ],
        "symbols": [],
        "user_mentions": [
            {
                "screen_name": "selenascloset",
                "name": "SelenasCloset.com",
                "id": 468045506,
                "id_str": "468045506",
                "indices": [
                    3,
                    17
                ]
            },
            {
                "screen_name": "selenagomez",
                "name": "Selena Gomez",
                "id": 23375688,
                "id_str": "23375688",
                "indices": [
                    20,
                    32
                ]
            },
            {
                "screen_name": "LouisVuitton",
                "name": "Louis Vuitton",
                "id": 44084633,
                "id_str": "44084633",
                "indices": [
                    91,
                    104
                ]
            }
        ],
        "urls": []
    },
    "metadata": {
        "iso_language_code": "en",
        "result_type": "recent"
    },
    "source": "<a href=\"http://twitter.com\" rel=\"nofollow\">Twitter Web Client</a>",
    "in_reply_to_status_id": null,
    "in_reply_to_status_id_str": null,
    "in_reply_to_user_id": null,
    "in_reply_to_user_id_str": null,
    "in_reply_to_screen_name": null,
    "user": {
        "id": 3008029160,
        "id_str": "3008029160",
        "name": "New Joseph Wolrd",
        "screen_name": "hnkimma",
        "location": "",
        "description": "",
        "url": null,
        "entities": {
            "description": {
                "urls": []
            }
        },
        "protected": false,
        "followers_count": 469,
        "friends_count": 1762,
        "listed_count": 1,
        "created_at": "Mon Feb 02 14:05:22 +0000 2015",
        "favourites_count": 380,
        "utc_offset": null,
        "time_zone": null,
        "geo_enabled": false,
        "verified": false,
        "statuses_count": 38685,
        "lang": null,
        "contributors_enabled": false,
        "is_translator": false,
        "is_translation_enabled": false,
        "profile_background_color": "C0DEED",
        "profile_background_image_url": "http://abs.twimg.com/images/themes/theme1/bg.png",
        "profile_background_image_url_https": "https://abs.twimg.com/images/themes/theme1/bg.png",
        "profile_background_tile": false,
        "profile_image_url": "http://pbs.twimg.com/profile_images/1216902734781091840/Bw0c3Ykg_normal.png",
        "profile_image_url_https": "https://pbs.twimg.com/profile_images/1216902734781091840/Bw0c3Ykg_normal.png",
        "profile_link_color": "1DA1F2",
        "profile_sidebar_border_color": "C0DEED",
        "profile_sidebar_fill_color": "DDEEF6",
        "profile_text_color": "333333",
        "profile_use_background_image": true,
        "has_extended_profile": false,
        "default_profile": true,
        "default_profile_image": false,
        "following": null,
        "follow_request_sent": null,
        "notifications": null,
        "translator_type": "none"
    },
    "geo": null,
    "coordinates": null,
    "place": null,
    "contributors": null,
    "retweeted_status": {
        "created_at": "Tue Mar 10 01:19:10 +0000 2020",
        "id": 1237186201188216832,
        "id_str": "1237186201188216832",
        "text": ".@SelenaGomez did an interview with #Genius posted today and she wore a @LouisVuitton T-Shirt Dress ($2,070),\u2026 https://t.co/DeQBKoOmaC",
        "truncated": true,
        "entities": {
            "hashtags": [
                {
                    "text": "Genius",
                    "indices": [
                        36,
                        43
                    ]
                }
            ],
            "symbols": [],
            "user_mentions": [
                {
                    "screen_name": "selenagomez",
                    "name": "Selena Gomez",
                    "id": 23375688,
                    "id_str": "23375688",
                    "indices": [
                        1,
                        13
                    ]
                },
                {
                    "screen_name": "LouisVuitton",
                    "name": "Louis Vuitton",
                    "id": 44084633,
                    "id_str": "44084633",
                    "indices": [
                        72,
                        85
                    ]
                }
            ],
            "urls": [
                {
                    "url": "https://t.co/DeQBKoOmaC",
                    "expanded_url": "https://twitter.com/i/web/status/1237186201188216832",
                    "display_url": "twitter.com/i/web/status/1\u2026",
                    "indices": [
                        111,
                        134
                    ]
                }
            ]
        },
        "metadata": {
            "iso_language_code": "en",
            "result_type": "recent"
        },
        "source": "<a href=\"https://mobile.twitter.com\" rel=\"nofollow\">Twitter Web App</a>",
        "in_reply_to_status_id": null,
        "in_reply_to_status_id_str": null,
        "in_reply_to_user_id": null,
        "in_reply_to_user_id_str": null,
        "in_reply_to_screen_name": null,
        "user": {
            "id": 468045506,
            "id_str": "468045506",
            "name": "SelenasCloset.com",
            "screen_name": "selenascloset",
            "location": "",
            "description": "Your #1 source for everything Selena Gomez + Fashion. Run by Julissa! Make sure to follow on instagram: @selenascloset",
            "url": "https://t.co/i1NzwNZJ3u",
            "entities": {
                "url": {
                    "urls": [
                        {
                            "url": "https://t.co/i1NzwNZJ3u",
                            "expanded_url": "http://www.selenascloset.com",
                            "display_url": "selenascloset.com",
                            "indices": [
                                0,
                                23
                            ]
                        }
                    ]
                },
                "description": {
                    "urls": []
                }
            },
            "protected": false,
            "followers_count": 15995,
            "friends_count": 409,
            "listed_count": 58,
            "created_at": "Thu Jan 19 03:39:40 +0000 2012",
            "favourites_count": 556,
            "utc_offset": null,
            "time_zone": null,
            "geo_enabled": false,
            "verified": false,
            "statuses_count": 6405,
            "lang": null,
            "contributors_enabled": false,
            "is_translator": false,
            "is_translation_enabled": false,
            "profile_background_color": "DBE9ED",
            "profile_background_image_url": "http://abs.twimg.com/images/themes/theme17/bg.gif",
            "profile_background_image_url_https": "https://abs.twimg.com/images/themes/theme17/bg.gif",
            "profile_background_tile": false,
            "profile_image_url": "http://pbs.twimg.com/profile_images/569599603889025024/Cm5IjSe__normal.jpeg",
            "profile_image_url_https": "https://pbs.twimg.com/profile_images/569599603889025024/Cm5IjSe__normal.jpeg",
            "profile_banner_url": "https://pbs.twimg.com/profile_banners/468045506/1579959910",
            "profile_link_color": "CC3366",
            "profile_sidebar_border_color": "DBE9ED",
            "profile_sidebar_fill_color": "E6F6F9",
            "profile_text_color": "333333",
            "profile_use_background_image": true,
            "has_extended_profile": false,
            "default_profile": false,
            "default_profile_image": false,
            "following": null,
            "follow_request_sent": null,
            "notifications": null,
            "translator_type": "none"
        },
        "geo": null,
        "coordinates": null,
        "place": null,
        "contributors": null,
        "is_quote_status": false,
        "retweet_count": 57,
        "favorite_count": 336,
        "favorited": false,
        "retweeted": false,
        "possibly_sensitive": false,
        "lang": "en"
    },
    "is_quote_status": false,
    "retweet_count": 57,
    "favorite_count": 0,
    "favorited": false,
    "retweeted": false,
    "lang": "en"
}