{
    "created_at": "Tue Mar 10 02:19:29 +0000 2020",
    "id": 1237201378625441792,
    "id_str": "1237201378625441792",
    "text": "RT @ShawnMendes: Thank you for designing this beautiful suit @LouisVuitton @virgilabloh !! \u2764\ufe0f @RecordingAcad https://t.co/QmCNoxhW9h",
    "truncated": false,
    "entities": {
        "hashtags": [],
        "symbols": [],
        "user_mentions": [
            {
                "screen_name": "ShawnMendes",
                "name": "Shawn Mendes",
                "id": 379408088,
                "id_str": "379408088",
                "indices": [
                    3,
                    15
                ]
            },
            {
                "screen_name": "LouisVuitton",
                "name": "Louis Vuitton",
                "id": 44084633,
                "id_str": "44084633",
                "indices": [
                    61,
                    74
                ]
            },
            {
                "screen_name": "virgilabloh",
                "name": "virgil abloh",
                "id": 21845792,
                "id_str": "21845792",
                "indices": [
                    75,
                    87
                ]
            },
            {
                "screen_name": "RecordingAcad",
                "name": "Recording Academy / GRAMMYs",
                "id": 17243213,
                "id_str": "17243213",
                "indices": [
                    94,
                    108
                ]
            }
        ],
        "urls": [],
        "media": [
            {
                "id": 1221631666717786113,
                "id_str": "1221631666717786113",
                "indices": [
                    109,
                    132
                ],
                "media_url": "http://pbs.twimg.com/media/EPQbh0UVAAES3rv.jpg",
                "media_url_https": "https://pbs.twimg.com/media/EPQbh0UVAAES3rv.jpg",
                "url": "https://t.co/QmCNoxhW9h",
                "display_url": "pic.twitter.com/QmCNoxhW9h",
                "expanded_url": "https://twitter.com/ShawnMendes/status/1221631670312292352/photo/1",
                "type": "photo",
                "sizes": {
                    "thumb": {
                        "w": 150,
                        "h": 150,
                        "resize": "crop"
                    },
                    "large": {
                        "w": 987,
                        "h": 1308,
                        "resize": "fit"
                    },
                    "small": {
                        "w": 513,
                        "h": 680,
                        "resize": "fit"
                    },
                    "medium": {
                        "w": 906,
                        "h": 1200,
                        "resize": "fit"
                    }
                },
                "source_status_id": 1221631670312292352,
                "source_status_id_str": "1221631670312292352",
                "source_user_id": 379408088,
                "source_user_id_str": "379408088"
            }
        ]
    },
    "extended_entities": {
        "media": [
            {
                "id": 1221631666717786113,
                "id_str": "1221631666717786113",
                "indices": [
                    109,
                    132
                ],
                "media_url": "http://pbs.twimg.com/media/EPQbh0UVAAES3rv.jpg",
                "media_url_https": "https://pbs.twimg.com/media/EPQbh0UVAAES3rv.jpg",
                "url": "https://t.co/QmCNoxhW9h",
                "display_url": "pic.twitter.com/QmCNoxhW9h",
                "expanded_url": "https://twitter.com/ShawnMendes/status/1221631670312292352/photo/1",
                "type": "photo",
                "sizes": {
                    "thumb": {
                        "w": 150,
                        "h": 150,
                        "resize": "crop"
                    },
                    "large": {
                        "w": 987,
                        "h": 1308,
                        "resize": "fit"
                    },
                    "small": {
                        "w": 513,
                        "h": 680,
                        "resize": "fit"
                    },
                    "medium": {
                        "w": 906,
                        "h": 1200,
                        "resize": "fit"
                    }
                },
                "source_status_id": 1221631670312292352,
                "source_status_id_str": "1221631670312292352",
                "source_user_id": 379408088,
                "source_user_id_str": "379408088"
            }
        ]
    },
    "metadata": {
        "iso_language_code": "en",
        "result_type": "recent"
    },
    "source": "<a href=\"http://twitter.com/download/iphone\" rel=\"nofollow\">Twitter for iPhone</a>",
    "in_reply_to_status_id": null,
    "in_reply_to_status_id_str": null,
    "in_reply_to_user_id": null,
    "in_reply_to_user_id_str": null,
    "in_reply_to_screen_name": null,
    "user": {
        "id": 1081706483438534656,
        "id_str": "1081706483438534656",
        "name": "#mendesarmy",
        "screen_name": "bellezahm",
        "location": "",
        "description": "\"You're perfectly wrong for me All the stars in the sky could see\"",
        "url": null,
        "entities": {
            "description": {
                "urls": []
            }
        },
        "protected": false,
        "followers_count": 102,
        "friends_count": 341,
        "listed_count": 0,
        "created_at": "Sun Jan 06 00:18:17 +0000 2019",
        "favourites_count": 13522,
        "utc_offset": null,
        "time_zone": null,
        "geo_enabled": false,
        "verified": false,
        "statuses_count": 867,
        "lang": null,
        "contributors_enabled": false,
        "is_translator": false,
        "is_translation_enabled": false,
        "profile_background_color": "F5F8FA",
        "profile_background_image_url": null,
        "profile_background_image_url_https": null,
        "profile_background_tile": false,
        "profile_image_url": "http://pbs.twimg.com/profile_images/1142187292523749376/HNJ2cg26_normal.jpg",
        "profile_image_url_https": "https://pbs.twimg.com/profile_images/1142187292523749376/HNJ2cg26_normal.jpg",
        "profile_banner_url": "https://pbs.twimg.com/profile_banners/1081706483438534656/1561153646",
        "profile_link_color": "1DA1F2",
        "profile_sidebar_border_color": "C0DEED",
        "profile_sidebar_fill_color": "DDEEF6",
        "profile_text_color": "333333",
        "profile_use_background_image": true,
        "has_extended_profile": false,
        "default_profile": true,
        "default_profile_image": false,
        "following": null,
        "follow_request_sent": null,
        "notifications": null,
        "translator_type": "none"
    },
    "geo": null,
    "coordinates": null,
    "place": null,
    "contributors": null,
    "retweeted_status": {
        "created_at": "Mon Jan 27 03:11:01 +0000 2020",
        "id": 1221631670312292352,
        "id_str": "1221631670312292352",
        "text": "Thank you for designing this beautiful suit @LouisVuitton @virgilabloh !! \u2764\ufe0f @RecordingAcad https://t.co/QmCNoxhW9h",
        "truncated": false,
        "entities": {
            "hashtags": [],
            "symbols": [],
            "user_mentions": [
                {
                    "screen_name": "LouisVuitton",
                    "name": "Louis Vuitton",
                    "id": 44084633,
                    "id_str": "44084633",
                    "indices": [
                        44,
                        57
                    ]
                },
                {
                    "screen_name": "virgilabloh",
                    "name": "virgil abloh",
                    "id": 21845792,
                    "id_str": "21845792",
                    "indices": [
                        58,
                        70
                    ]
                },
                {
                    "screen_name": "RecordingAcad",
                    "name": "Recording Academy / GRAMMYs",
                    "id": 17243213,
                    "id_str": "17243213",
                    "indices": [
                        77,
                        91
                    ]
                }
            ],
            "urls": [],
            "media": [
                {
                    "id": 1221631666717786113,
                    "id_str": "1221631666717786113",
                    "indices": [
                        92,
                        115
                    ],
                    "media_url": "http://pbs.twimg.com/media/EPQbh0UVAAES3rv.jpg",
                    "media_url_https": "https://pbs.twimg.com/media/EPQbh0UVAAES3rv.jpg",
                    "url": "https://t.co/QmCNoxhW9h",
                    "display_url": "pic.twitter.com/QmCNoxhW9h",
                    "expanded_url": "https://twitter.com/ShawnMendes/status/1221631670312292352/photo/1",
                    "type": "photo",
                    "sizes": {
                        "thumb": {
                            "w": 150,
                            "h": 150,
                            "resize": "crop"
                        },
                        "large": {
                            "w": 987,
                            "h": 1308,
                            "resize": "fit"
                        },
                        "small": {
                            "w": 513,
                            "h": 680,
                            "resize": "fit"
                        },
                        "medium": {
                            "w": 906,
                            "h": 1200,
                            "resize": "fit"
                        }
                    }
                }
            ]
        },
        "extended_entities": {
            "media": [
                {
                    "id": 1221631666717786113,
                    "id_str": "1221631666717786113",
                    "indices": [
                        92,
                        115
                    ],
                    "media_url": "http://pbs.twimg.com/media/EPQbh0UVAAES3rv.jpg",
                    "media_url_https": "https://pbs.twimg.com/media/EPQbh0UVAAES3rv.jpg",
                    "url": "https://t.co/QmCNoxhW9h",
                    "display_url": "pic.twitter.com/QmCNoxhW9h",
                    "expanded_url": "https://twitter.com/ShawnMendes/status/1221631670312292352/photo/1",
                    "type": "photo",
                    "sizes": {
                        "thumb": {
                            "w": 150,
                            "h": 150,
                            "resize": "crop"
                        },
                        "large": {
                            "w": 987,
                            "h": 1308,
                            "resize": "fit"
                        },
                        "small": {
                            "w": 513,
                            "h": 680,
                            "resize": "fit"
                        },
                        "medium": {
                            "w": 906,
                            "h": 1200,
                            "resize": "fit"
                        }
                    }
                }
            ]
        },
        "metadata": {
            "iso_language_code": "en",
            "result_type": "recent"
        },
        "source": "<a href=\"http://twitter.com/download/iphone\" rel=\"nofollow\">Twitter for iPhone</a>",
        "in_reply_to_status_id": null,
        "in_reply_to_status_id_str": null,
        "in_reply_to_user_id": null,
        "in_reply_to_user_id_str": null,
        "in_reply_to_screen_name": null,
        "user": {
            "id": 379408088,
            "id_str": "379408088",
            "name": "Shawn Mendes",
            "screen_name": "ShawnMendes",
            "location": "",
            "description": "",
            "url": "https://t.co/8KmM2MbKZi",
            "entities": {
                "url": {
                    "urls": [
                        {
                            "url": "https://t.co/8KmM2MbKZi",
                            "expanded_url": "http://shawnmendesofficial.com",
                            "display_url": "shawnmendesofficial.com",
                            "indices": [
                                0,
                                23
                            ]
                        }
                    ]
                },
                "description": {
                    "urls": []
                }
            },
            "protected": false,
            "followers_count": 24961919,
            "friends_count": 57513,
            "listed_count": 23304,
            "created_at": "Sat Sep 24 22:29:41 +0000 2011",
            "favourites_count": 6965,
            "utc_offset": null,
            "time_zone": null,
            "geo_enabled": true,
            "verified": true,
            "statuses_count": 14937,
            "lang": null,
            "contributors_enabled": false,
            "is_translator": false,
            "is_translation_enabled": false,
            "profile_background_color": "000000",
            "profile_background_image_url": "http://abs.twimg.com/images/themes/theme1/bg.png",
            "profile_background_image_url_https": "https://abs.twimg.com/images/themes/theme1/bg.png",
            "profile_background_tile": false,
            "profile_image_url": "http://pbs.twimg.com/profile_images/1141447390513291265/Rju1xiSO_normal.png",
            "profile_image_url_https": "https://pbs.twimg.com/profile_images/1141447390513291265/Rju1xiSO_normal.png",
            "profile_banner_url": "https://pbs.twimg.com/profile_banners/379408088/1543868245",
            "profile_link_color": "0084B4",
            "profile_sidebar_border_color": "FFFFFF",
            "profile_sidebar_fill_color": "DDEEF6",
            "profile_text_color": "333333",
            "profile_use_background_image": false,
            "has_extended_profile": false,
            "default_profile": false,
            "default_profile_image": false,
            "following": null,
            "follow_request_sent": null,
            "notifications": null,
            "translator_type": "regular"
        },
        "geo": null,
        "coordinates": null,
        "place": null,
        "contributors": null,
        "is_quote_status": false,
        "retweet_count": 20589,
        "favorite_count": 195955,
        "favorited": false,
        "retweeted": false,
        "possibly_sensitive": false,
        "lang": "en"
    },
    "is_quote_status": false,
    "retweet_count": 20589,
    "favorite_count": 0,
    "favorited": false,
    "retweeted": false,
    "possibly_sensitive": false,
    "lang": "en"
}