{
    "created_at": "Mon Mar 09 22:16:32 +0000 2020",
    "id": 1237140239652700162,
    "id_str": "1237140239652700162",
    "text": "RT @McZinsou: \ud83d\udea8@LouisVuitton a confi\u00e9 la campagne publicitaire de son pr\u00eat \u00e0 porter masculin de l'\u00e9t\u00e9 2020 au #photographe L\u00e9once Agbodj\u00e9lo\u2026",
    "truncated": false,
    "entities": {
        "hashtags": [
            {
                "text": "photographe",
                "indices": [
                    110,
                    122
                ]
            }
        ],
        "symbols": [],
        "user_mentions": [
            {
                "screen_name": "McZinsou",
                "name": "Marie-C\u00e9cile Zinsou",
                "id": 84913746,
                "id_str": "84913746",
                "indices": [
                    3,
                    12
                ]
            },
            {
                "screen_name": "LouisVuitton",
                "name": "Louis Vuitton",
                "id": 44084633,
                "id_str": "44084633",
                "indices": [
                    15,
                    28
                ]
            }
        ],
        "urls": []
    },
    "metadata": {
        "iso_language_code": "fr",
        "result_type": "recent"
    },
    "source": "<a href=\"http://twitter.com/download/iphone\" rel=\"nofollow\">Twitter for iPhone</a>",
    "in_reply_to_status_id": null,
    "in_reply_to_status_id_str": null,
    "in_reply_to_user_id": null,
    "in_reply_to_user_id_str": null,
    "in_reply_to_screen_name": null,
    "user": {
        "id": 1374751016,
        "id_str": "1374751016",
        "name": "H\u00e9l\u00e8ne Guinaudeau",
        "screen_name": "helenedeux3",
        "location": "",
        "description": "Responsable partenariats strat\u00e9giques et d\u00e9veloppement #LeMondeAfrique #Afrique",
        "url": null,
        "entities": {
            "description": {
                "urls": []
            }
        },
        "protected": false,
        "followers_count": 562,
        "friends_count": 984,
        "listed_count": 77,
        "created_at": "Tue Apr 23 14:55:19 +0000 2013",
        "favourites_count": 201,
        "utc_offset": null,
        "time_zone": null,
        "geo_enabled": false,
        "verified": false,
        "statuses_count": 2169,
        "lang": null,
        "contributors_enabled": false,
        "is_translator": false,
        "is_translation_enabled": false,
        "profile_background_color": "709397",
        "profile_background_image_url": "http://abs.twimg.com/images/themes/theme6/bg.gif",
        "profile_background_image_url_https": "https://abs.twimg.com/images/themes/theme6/bg.gif",
        "profile_background_tile": false,
        "profile_image_url": "http://pbs.twimg.com/profile_images/477454069699592192/tQyuWO4G_normal.jpeg",
        "profile_image_url_https": "https://pbs.twimg.com/profile_images/477454069699592192/tQyuWO4G_normal.jpeg",
        "profile_banner_url": "https://pbs.twimg.com/profile_banners/1374751016/1402669178",
        "profile_link_color": "FF3300",
        "profile_sidebar_border_color": "86A4A6",
        "profile_sidebar_fill_color": "A0C5C7",
        "profile_text_color": "333333",
        "profile_use_background_image": true,
        "has_extended_profile": false,
        "default_profile": false,
        "default_profile_image": false,
        "following": null,
        "follow_request_sent": null,
        "notifications": null,
        "translator_type": "none"
    },
    "geo": null,
    "coordinates": null,
    "place": null,
    "contributors": null,
    "retweeted_status": {
        "created_at": "Mon Mar 09 10:23:36 +0000 2020",
        "id": 1236960822766731264,
        "id_str": "1236960822766731264",
        "text": "\ud83d\udea8@LouisVuitton a confi\u00e9 la campagne publicitaire de son pr\u00eat \u00e0 porter masculin de l'\u00e9t\u00e9 2020 au #photographe L\u00e9once\u2026 https://t.co/iQUFz5BNDy",
        "truncated": true,
        "entities": {
            "hashtags": [
                {
                    "text": "photographe",
                    "indices": [
                        96,
                        108
                    ]
                }
            ],
            "symbols": [],
            "user_mentions": [
                {
                    "screen_name": "LouisVuitton",
                    "name": "Louis Vuitton",
                    "id": 44084633,
                    "id_str": "44084633",
                    "indices": [
                        1,
                        14
                    ]
                }
            ],
            "urls": [
                {
                    "url": "https://t.co/iQUFz5BNDy",
                    "expanded_url": "https://twitter.com/i/web/status/1236960822766731264",
                    "display_url": "twitter.com/i/web/status/1\u2026",
                    "indices": [
                        117,
                        140
                    ]
                }
            ]
        },
        "metadata": {
            "iso_language_code": "fr",
            "result_type": "recent"
        },
        "source": "<a href=\"https://mobile.twitter.com\" rel=\"nofollow\">Twitter Web App</a>",
        "in_reply_to_status_id": null,
        "in_reply_to_status_id_str": null,
        "in_reply_to_user_id": null,
        "in_reply_to_user_id_str": null,
        "in_reply_to_screen_name": null,
        "user": {
            "id": 84913746,
            "id_str": "84913746",
            "name": "Marie-C\u00e9cile Zinsou",
            "screen_name": "McZinsou",
            "location": "R\u00e9publique du B\u00e9nin",
            "description": "Pr\u00e9sidente @FondationZinsou - B\u00e9nin- Pr\u00e9sidente @MaisonCasares -France-",
            "url": "https://t.co/oKXzX5VvSD",
            "entities": {
                "url": {
                    "urls": [
                        {
                            "url": "https://t.co/oKXzX5VvSD",
                            "expanded_url": "http://www.fondationzinsou.org",
                            "display_url": "fondationzinsou.org",
                            "indices": [
                                0,
                                23
                            ]
                        }
                    ]
                },
                "description": {
                    "urls": []
                }
            },
            "protected": false,
            "followers_count": 14156,
            "friends_count": 2202,
            "listed_count": 141,
            "created_at": "Sat Oct 24 18:53:31 +0000 2009",
            "favourites_count": 8936,
            "utc_offset": null,
            "time_zone": null,
            "geo_enabled": true,
            "verified": false,
            "statuses_count": 4475,
            "lang": null,
            "contributors_enabled": false,
            "is_translator": false,
            "is_translation_enabled": false,
            "profile_background_color": "131516",
            "profile_background_image_url": "http://abs.twimg.com/images/themes/theme14/bg.gif",
            "profile_background_image_url_https": "https://abs.twimg.com/images/themes/theme14/bg.gif",
            "profile_background_tile": true,
            "profile_image_url": "http://pbs.twimg.com/profile_images/792152915674824704/rQdu5BL-_normal.jpg",
            "profile_image_url_https": "https://pbs.twimg.com/profile_images/792152915674824704/rQdu5BL-_normal.jpg",
            "profile_banner_url": "https://pbs.twimg.com/profile_banners/84913746/1510747796",
            "profile_link_color": "E80C7A",
            "profile_sidebar_border_color": "FFFFFF",
            "profile_sidebar_fill_color": "EFEFEF",
            "profile_text_color": "333333",
            "profile_use_background_image": true,
            "has_extended_profile": true,
            "default_profile": false,
            "default_profile_image": false,
            "following": null,
            "follow_request_sent": null,
            "notifications": null,
            "translator_type": "none"
        },
        "geo": null,
        "coordinates": null,
        "place": null,
        "contributors": null,
        "is_quote_status": false,
        "retweet_count": 41,
        "favorite_count": 88,
        "favorited": false,
        "retweeted": false,
        "possibly_sensitive": false,
        "lang": "fr"
    },
    "is_quote_status": false,
    "retweet_count": 41,
    "favorite_count": 0,
    "favorited": false,
    "retweeted": false,
    "lang": "fr"
}