{
    "created_at": "Tue Mar 10 04:40:11 +0000 2020",
    "id": 1237236787111776256,
    "id_str": "1237236787111776256",
    "text": "RT @VladyArtt: @JeffreeStar @LouisVuitton Hey Jeffree!! I created a concept for you, it's based on the idea of Blood Moon. Take a look if y\u2026",
    "truncated": false,
    "entities": {
        "hashtags": [],
        "symbols": [],
        "user_mentions": [
            {
                "screen_name": "VladyArtt",
                "name": "Vladi",
                "id": 913876046684000256,
                "id_str": "913876046684000256",
                "indices": [
                    3,
                    13
                ]
            },
            {
                "screen_name": "JeffreeStar",
                "name": "Jeffree Star",
                "id": 18236230,
                "id_str": "18236230",
                "indices": [
                    15,
                    27
                ]
            },
            {
                "screen_name": "LouisVuitton",
                "name": "Louis Vuitton",
                "id": 44084633,
                "id_str": "44084633",
                "indices": [
                    28,
                    41
                ]
            }
        ],
        "urls": []
    },
    "metadata": {
        "iso_language_code": "en",
        "result_type": "recent"
    },
    "source": "<a href=\"http://twitter.com/download/iphone\" rel=\"nofollow\">Twitter for iPhone</a>",
    "in_reply_to_status_id": null,
    "in_reply_to_status_id_str": null,
    "in_reply_to_user_id": null,
    "in_reply_to_user_id_str": null,
    "in_reply_to_screen_name": null,
    "user": {
        "id": 2803424044,
        "id_str": "2803424044",
        "name": "julia czajkowski",
        "screen_name": "juliacza9",
        "location": "",
        "description": "LOVE watching YouTube. SHANE DAWSON\ud83d\ude0d\ud83d\ude0dand Greys Anatomy",
        "url": null,
        "entities": {
            "description": {
                "urls": []
            }
        },
        "protected": false,
        "followers_count": 86,
        "friends_count": 371,
        "listed_count": 1,
        "created_at": "Sat Oct 04 01:20:10 +0000 2014",
        "favourites_count": 13740,
        "utc_offset": null,
        "time_zone": null,
        "geo_enabled": false,
        "verified": false,
        "statuses_count": 1937,
        "lang": null,
        "contributors_enabled": false,
        "is_translator": false,
        "is_translation_enabled": false,
        "profile_background_color": "C0DEED",
        "profile_background_image_url": "http://abs.twimg.com/images/themes/theme1/bg.png",
        "profile_background_image_url_https": "https://abs.twimg.com/images/themes/theme1/bg.png",
        "profile_background_tile": false,
        "profile_image_url": "http://pbs.twimg.com/profile_images/1222173529409511426/G9zxs8LK_normal.jpg",
        "profile_image_url_https": "https://pbs.twimg.com/profile_images/1222173529409511426/G9zxs8LK_normal.jpg",
        "profile_banner_url": "https://pbs.twimg.com/profile_banners/2803424044/1454281799",
        "profile_link_color": "1DA1F2",
        "profile_sidebar_border_color": "C0DEED",
        "profile_sidebar_fill_color": "DDEEF6",
        "profile_text_color": "333333",
        "profile_use_background_image": true,
        "has_extended_profile": true,
        "default_profile": true,
        "default_profile_image": false,
        "following": null,
        "follow_request_sent": null,
        "notifications": null,
        "translator_type": "none"
    },
    "geo": null,
    "coordinates": null,
    "place": null,
    "contributors": null,
    "retweeted_status": {
        "created_at": "Thu Mar 05 21:15:24 +0000 2020",
        "id": 1235675301637746702,
        "id_str": "1235675301637746702",
        "text": "@JeffreeStar @LouisVuitton Hey Jeffree!! I created a concept for you, it's based on the idea of Blood Moon. Take a\u2026 https://t.co/DkprKTVCRD",
        "truncated": true,
        "entities": {
            "hashtags": [],
            "symbols": [],
            "user_mentions": [
                {
                    "screen_name": "JeffreeStar",
                    "name": "Jeffree Star",
                    "id": 18236230,
                    "id_str": "18236230",
                    "indices": [
                        0,
                        12
                    ]
                },
                {
                    "screen_name": "LouisVuitton",
                    "name": "Louis Vuitton",
                    "id": 44084633,
                    "id_str": "44084633",
                    "indices": [
                        13,
                        26
                    ]
                }
            ],
            "urls": [
                {
                    "url": "https://t.co/DkprKTVCRD",
                    "expanded_url": "https://twitter.com/i/web/status/1235675301637746702",
                    "display_url": "twitter.com/i/web/status/1\u2026",
                    "indices": [
                        116,
                        139
                    ]
                }
            ]
        },
        "metadata": {
            "iso_language_code": "en",
            "result_type": "recent"
        },
        "source": "<a href=\"http://twitter.com/download/android\" rel=\"nofollow\">Twitter for Android</a>",
        "in_reply_to_status_id": 1235668091251519488,
        "in_reply_to_status_id_str": "1235668091251519488",
        "in_reply_to_user_id": 18236230,
        "in_reply_to_user_id_str": "18236230",
        "in_reply_to_screen_name": "JeffreeStar",
        "user": {
            "id": 913876046684000256,
            "id_str": "913876046684000256",
            "name": "Vladi",
            "screen_name": "VladyArtt",
            "location": "",
            "description": "Aspire to Inspire\ud83d\uddfb\nVladyart on insta\ud83d\udcf7\n\nCheck out my NEW VIDEO:",
            "url": "https://t.co/Pm3uzezbLe",
            "entities": {
                "url": {
                    "urls": [
                        {
                            "url": "https://t.co/Pm3uzezbLe",
                            "expanded_url": "https://youtu.be/tzfiLlSPvkY",
                            "display_url": "youtu.be/tzfiLlSPvkY",
                            "indices": [
                                0,
                                23
                            ]
                        }
                    ]
                },
                "description": {
                    "urls": []
                }
            },
            "protected": false,
            "followers_count": 1793,
            "friends_count": 78,
            "listed_count": 0,
            "created_at": "Fri Sep 29 21:20:03 +0000 2017",
            "favourites_count": 965,
            "utc_offset": null,
            "time_zone": null,
            "geo_enabled": false,
            "verified": false,
            "statuses_count": 487,
            "lang": null,
            "contributors_enabled": false,
            "is_translator": false,
            "is_translation_enabled": false,
            "profile_background_color": "F5F8FA",
            "profile_background_image_url": null,
            "profile_background_image_url_https": null,
            "profile_background_tile": false,
            "profile_image_url": "http://pbs.twimg.com/profile_images/913877700154134529/omxLOTds_normal.jpg",
            "profile_image_url_https": "https://pbs.twimg.com/profile_images/913877700154134529/omxLOTds_normal.jpg",
            "profile_link_color": "1DA1F2",
            "profile_sidebar_border_color": "C0DEED",
            "profile_sidebar_fill_color": "DDEEF6",
            "profile_text_color": "333333",
            "profile_use_background_image": true,
            "has_extended_profile": true,
            "default_profile": true,
            "default_profile_image": false,
            "following": null,
            "follow_request_sent": null,
            "notifications": null,
            "translator_type": "none"
        },
        "geo": null,
        "coordinates": null,
        "place": null,
        "contributors": null,
        "is_quote_status": false,
        "retweet_count": 60,
        "favorite_count": 1209,
        "favorited": false,
        "retweeted": false,
        "possibly_sensitive": false,
        "lang": "en"
    },
    "is_quote_status": false,
    "retweet_count": 60,
    "favorite_count": 0,
    "favorited": false,
    "retweeted": false,
    "lang": "en"
}