{
    "created_at": "Tue Mar 10 15:55:24 +0000 2020",
    "id": 1237406711926923264,
    "id_str": "1237406711926923264",
    "text": "@LouisVuitton collabore avec jn photographe b\u00e9ninois \ud83c\udde7\ud83c\uddef\nhttps://t.co/eMHDDvmbsp",
    "truncated": false,
    "entities": {
        "hashtags": [],
        "symbols": [],
        "user_mentions": [
            {
                "screen_name": "LouisVuitton",
                "name": "Louis Vuitton",
                "id": 44084633,
                "id_str": "44084633",
                "indices": [
                    0,
                    13
                ]
            }
        ],
        "urls": [
            {
                "url": "https://t.co/eMHDDvmbsp",
                "expanded_url": "http://www.elle.ci/Mode/Actu-mode/Louis-Vuitton-collabore-avec-un-photographe-beninois-pour-sa-derniere-collection",
                "display_url": "elle.ci/Mode/Actu-mode\u2026",
                "indices": [
                    56,
                    79
                ]
            }
        ]
    },
    "metadata": {
        "iso_language_code": "fr",
        "result_type": "recent"
    },
    "source": "<a href=\"http://twitter.com/download/android\" rel=\"nofollow\">Twitter for Android</a>",
    "in_reply_to_status_id": null,
    "in_reply_to_status_id_str": null,
    "in_reply_to_user_id": 44084633,
    "in_reply_to_user_id_str": "44084633",
    "in_reply_to_screen_name": "LouisVuitton",
    "user": {
        "id": 842725219605331968,
        "id_str": "842725219605331968",
        "name": "Doria R.",
        "screen_name": "R___doria",
        "location": "Cotonou #229 \ud83c\udde7\ud83c\uddef",
        "description": "Executive Manager @gomedicalEtVous & Chief Projects Officer @ Open SI \u25a0 Digital projects lover \u25a0 Africa's development believer \u2661\n        From\ud83c\udde8\ud83c\uddf5 by\ud83c\udde8\ud83c\udde6 for\ud83c\udde7\ud83c\uddef",
        "url": null,
        "entities": {
            "description": {
                "urls": []
            }
        },
        "protected": false,
        "followers_count": 1255,
        "friends_count": 207,
        "listed_count": 2,
        "created_at": "Fri Mar 17 13:12:04 +0000 2017",
        "favourites_count": 11289,
        "utc_offset": null,
        "time_zone": null,
        "geo_enabled": true,
        "verified": false,
        "statuses_count": 8516,
        "lang": null,
        "contributors_enabled": false,
        "is_translator": false,
        "is_translation_enabled": false,
        "profile_background_color": "F5F8FA",
        "profile_background_image_url": null,
        "profile_background_image_url_https": null,
        "profile_background_tile": false,
        "profile_image_url": "http://pbs.twimg.com/profile_images/1194643796966948867/_9M09WkR_normal.jpg",
        "profile_image_url_https": "https://pbs.twimg.com/profile_images/1194643796966948867/_9M09WkR_normal.jpg",
        "profile_banner_url": "https://pbs.twimg.com/profile_banners/842725219605331968/1580425050",
        "profile_link_color": "1DA1F2",
        "profile_sidebar_border_color": "C0DEED",
        "profile_sidebar_fill_color": "DDEEF6",
        "profile_text_color": "333333",
        "profile_use_background_image": true,
        "has_extended_profile": true,
        "default_profile": true,
        "default_profile_image": false,
        "following": null,
        "follow_request_sent": null,
        "notifications": null,
        "translator_type": "none"
    },
    "geo": null,
    "coordinates": null,
    "place": null,
    "contributors": null,
    "is_quote_status": false,
    "retweet_count": 0,
    "favorite_count": 0,
    "favorited": false,
    "retweeted": false,
    "possibly_sensitive": false,
    "lang": "fr"
}