{
    "created_at": "Mon Mar 09 23:13:43 +0000 2020",
    "id": 1237154630590771200,
    "id_str": "1237154630590771200",
    "text": "@ShawnMendes @LouisVuitton @virgilabloh @RecordingAcad Guy, why i love you so much?\ud83d\udc97",
    "truncated": false,
    "entities": {
        "hashtags": [],
        "symbols": [],
        "user_mentions": [
            {
                "screen_name": "ShawnMendes",
                "name": "Shawn Mendes",
                "id": 379408088,
                "id_str": "379408088",
                "indices": [
                    0,
                    12
                ]
            },
            {
                "screen_name": "LouisVuitton",
                "name": "Louis Vuitton",
                "id": 44084633,
                "id_str": "44084633",
                "indices": [
                    13,
                    26
                ]
            },
            {
                "screen_name": "virgilabloh",
                "name": "virgil abloh",
                "id": 21845792,
                "id_str": "21845792",
                "indices": [
                    27,
                    39
                ]
            },
            {
                "screen_name": "RecordingAcad",
                "name": "Recording Academy / GRAMMYs",
                "id": 17243213,
                "id_str": "17243213",
                "indices": [
                    40,
                    54
                ]
            }
        ],
        "urls": []
    },
    "metadata": {
        "iso_language_code": "en",
        "result_type": "recent"
    },
    "source": "<a href=\"http://twitter.com/download/android\" rel=\"nofollow\">Twitter for Android</a>",
    "in_reply_to_status_id": 1221631670312292352,
    "in_reply_to_status_id_str": "1221631670312292352",
    "in_reply_to_user_id": 379408088,
    "in_reply_to_user_id_str": "379408088",
    "in_reply_to_screen_name": "ShawnMendes",
    "user": {
        "id": 1229835048037371907,
        "id_str": "1229835048037371907",
        "name": "Aninha\ud83e\udd8b",
        "screen_name": "Aninha_Caroll26",
        "location": "em um mundo bem lokoo",
        "description": "sem tempo,  bro.",
        "url": null,
        "entities": {
            "description": {
                "urls": []
            }
        },
        "protected": false,
        "followers_count": 5,
        "friends_count": 185,
        "listed_count": 0,
        "created_at": "Tue Feb 18 18:28:38 +0000 2020",
        "favourites_count": 163,
        "utc_offset": null,
        "time_zone": null,
        "geo_enabled": false,
        "verified": false,
        "statuses_count": 39,
        "lang": null,
        "contributors_enabled": false,
        "is_translator": false,
        "is_translation_enabled": false,
        "profile_background_color": "F5F8FA",
        "profile_background_image_url": null,
        "profile_background_image_url_https": null,
        "profile_background_tile": false,
        "profile_image_url": "http://pbs.twimg.com/profile_images/1229835468960862213/Rc96WWIU_normal.jpg",
        "profile_image_url_https": "https://pbs.twimg.com/profile_images/1229835468960862213/Rc96WWIU_normal.jpg",
        "profile_banner_url": "https://pbs.twimg.com/profile_banners/1229835048037371907/1582841477",
        "profile_link_color": "1DA1F2",
        "profile_sidebar_border_color": "C0DEED",
        "profile_sidebar_fill_color": "DDEEF6",
        "profile_text_color": "333333",
        "profile_use_background_image": true,
        "has_extended_profile": false,
        "default_profile": true,
        "default_profile_image": false,
        "following": null,
        "follow_request_sent": null,
        "notifications": null,
        "translator_type": "none"
    },
    "geo": null,
    "coordinates": null,
    "place": null,
    "contributors": null,
    "is_quote_status": false,
    "retweet_count": 0,
    "favorite_count": 0,
    "favorited": false,
    "retweeted": false,
    "lang": "en"
}