{
    "created_at": "Tue Mar 10 15:41:56 +0000 2020",
    "id": 1237403320349626369,
    "id_str": "1237403320349626369",
    "text": "RT @kristsingstyle: 20200306\n#LazadaWomensFestivalTH \n@stjinx_maya Wearing\n- @LouisVuitton Sneaker\n\nthxpic @Singtofc_Th \n#kristperawat\n#sin\u2026",
    "truncated": false,
    "entities": {
        "hashtags": [
            {
                "text": "LazadaWomensFestivalTH",
                "indices": [
                    29,
                    52
                ]
            },
            {
                "text": "kristperawat",
                "indices": [
                    121,
                    134
                ]
            }
        ],
        "symbols": [],
        "user_mentions": [
            {
                "screen_name": "kristsingstyle",
                "name": "KristSingtoStyle",
                "id": 1236715861777375232,
                "id_str": "1236715861777375232",
                "indices": [
                    3,
                    18
                ]
            },
            {
                "screen_name": "stjinx_maya",
                "name": "[S]!MBA",
                "id": 3656882112,
                "id_str": "3656882112",
                "indices": [
                    54,
                    66
                ]
            },
            {
                "screen_name": "LouisVuitton",
                "name": "Louis Vuitton",
                "id": 44084633,
                "id_str": "44084633",
                "indices": [
                    77,
                    90
                ]
            },
            {
                "screen_name": "Singtofc_Th",
                "name": "SINGTOFC_TH",
                "id": 865808148908593152,
                "id_str": "865808148908593152",
                "indices": [
                    107,
                    119
                ]
            }
        ],
        "urls": []
    },
    "metadata": {
        "iso_language_code": "en",
        "result_type": "recent"
    },
    "source": "<a href=\"http://twitter.com/download/android\" rel=\"nofollow\">Twitter for Android</a>",
    "in_reply_to_status_id": null,
    "in_reply_to_status_id_str": null,
    "in_reply_to_user_id": null,
    "in_reply_to_user_id_str": null,
    "in_reply_to_screen_name": null,
    "user": {
        "id": 791636485,
        "id_str": "791636485",
        "name": "\u0e23\u0e31\u0e01\u0e41\u0e25\u0e30\u0e40\u0e2d\u0e47\u0e19\u0e14\u0e39\u0e2a\u0e34\u0e07\u0e42\u0e15_\u0e1b\u0e23\u0e32\u0e0a\u0e0d\u0e32 \u2764\ud83e\udd81",
        "screen_name": "Can_Warunee",
        "location": "\u0e1b\u0e23\u0e30\u0e40\u0e17\u0e28\u0e44\u0e17\u0e22",
        "description": "#BIGBANG VIP :\ud83d\udc51 (\u0e08\u0e23\u0e34\u0e07\u0e46\u0e01\u0e47 YG Stan \u0e41\u0e2b\u0e25\u0e30) / #SingtoPrachaya \u0e2a\u0e21\u0e38\u0e19\u0e08\u0e49\u0e32\u0e27\u0e1b\u0e48\u0e32 :\ud83e\udd81",
        "url": null,
        "entities": {
            "description": {
                "urls": []
            }
        },
        "protected": false,
        "followers_count": 67,
        "friends_count": 175,
        "listed_count": 0,
        "created_at": "Thu Aug 30 13:46:37 +0000 2012",
        "favourites_count": 7725,
        "utc_offset": null,
        "time_zone": null,
        "geo_enabled": true,
        "verified": false,
        "statuses_count": 168966,
        "lang": null,
        "contributors_enabled": false,
        "is_translator": false,
        "is_translation_enabled": false,
        "profile_background_color": "131516",
        "profile_background_image_url": "http://abs.twimg.com/images/themes/theme1/bg.png",
        "profile_background_image_url_https": "https://abs.twimg.com/images/themes/theme1/bg.png",
        "profile_background_tile": true,
        "profile_image_url": "http://pbs.twimg.com/profile_images/1208031919922745344/3vB6xvxN_normal.jpg",
        "profile_image_url_https": "https://pbs.twimg.com/profile_images/1208031919922745344/3vB6xvxN_normal.jpg",
        "profile_banner_url": "https://pbs.twimg.com/profile_banners/791636485/1579193848",
        "profile_link_color": "FF691F",
        "profile_sidebar_border_color": "FFFFFF",
        "profile_sidebar_fill_color": "DDEEF6",
        "profile_text_color": "333333",
        "profile_use_background_image": true,
        "has_extended_profile": true,
        "default_profile": false,
        "default_profile_image": false,
        "following": null,
        "follow_request_sent": null,
        "notifications": null,
        "translator_type": "none"
    },
    "geo": null,
    "coordinates": null,
    "place": null,
    "contributors": null,
    "retweeted_status": {
        "created_at": "Mon Mar 09 13:17:09 +0000 2020",
        "id": 1237004500029718528,
        "id_str": "1237004500029718528",
        "text": "20200306\n#LazadaWomensFestivalTH \n@stjinx_maya Wearing\n- @LouisVuitton Sneaker\n\nthxpic @Singtofc_Th \n#kristperawat\u2026 https://t.co/XqW43gIctu",
        "truncated": true,
        "entities": {
            "hashtags": [
                {
                    "text": "LazadaWomensFestivalTH",
                    "indices": [
                        9,
                        32
                    ]
                },
                {
                    "text": "kristperawat",
                    "indices": [
                        101,
                        114
                    ]
                }
            ],
            "symbols": [],
            "user_mentions": [
                {
                    "screen_name": "stjinx_maya",
                    "name": "[S]!MBA",
                    "id": 3656882112,
                    "id_str": "3656882112",
                    "indices": [
                        34,
                        46
                    ]
                },
                {
                    "screen_name": "LouisVuitton",
                    "name": "Louis Vuitton",
                    "id": 44084633,
                    "id_str": "44084633",
                    "indices": [
                        57,
                        70
                    ]
                },
                {
                    "screen_name": "Singtofc_Th",
                    "name": "SINGTOFC_TH",
                    "id": 865808148908593152,
                    "id_str": "865808148908593152",
                    "indices": [
                        87,
                        99
                    ]
                }
            ],
            "urls": [
                {
                    "url": "https://t.co/XqW43gIctu",
                    "expanded_url": "https://twitter.com/i/web/status/1237004500029718528",
                    "display_url": "twitter.com/i/web/status/1\u2026",
                    "indices": [
                        116,
                        139
                    ]
                }
            ]
        },
        "metadata": {
            "iso_language_code": "en",
            "result_type": "recent"
        },
        "source": "<a href=\"http://twitter.com/#!/download/ipad\" rel=\"nofollow\">Twitter for iPad</a>",
        "in_reply_to_status_id": null,
        "in_reply_to_status_id_str": null,
        "in_reply_to_user_id": null,
        "in_reply_to_user_id_str": null,
        "in_reply_to_screen_name": null,
        "user": {
            "id": 1236715861777375232,
            "id_str": "1236715861777375232",
            "name": "KristSingtoStyle",
            "screen_name": "kristsingstyle",
            "location": "oversea",
            "description": "Only For @kristtps @__singto #kristperawat #singtoprachaya #\u0e17\u0e35\u0e21\u0e1e\u0e35\u0e23\u0e0d\u0e32 #kristsingtostyle ING\uff1akristsingtostyle",
            "url": null,
            "entities": {
                "description": {
                    "urls": []
                }
            },
            "protected": false,
            "followers_count": 54,
            "friends_count": 3,
            "listed_count": 0,
            "created_at": "Sun Mar 08 18:10:23 +0000 2020",
            "favourites_count": 50,
            "utc_offset": null,
            "time_zone": null,
            "geo_enabled": false,
            "verified": false,
            "statuses_count": 53,
            "lang": null,
            "contributors_enabled": false,
            "is_translator": false,
            "is_translation_enabled": false,
            "profile_background_color": "F5F8FA",
            "profile_background_image_url": null,
            "profile_background_image_url_https": null,
            "profile_background_tile": false,
            "profile_image_url": "http://pbs.twimg.com/profile_images/1236716794976456704/O5W4F7S3_normal.jpg",
            "profile_image_url_https": "https://pbs.twimg.com/profile_images/1236716794976456704/O5W4F7S3_normal.jpg",
            "profile_banner_url": "https://pbs.twimg.com/profile_banners/1236715861777375232/1583741146",
            "profile_link_color": "1DA1F2",
            "profile_sidebar_border_color": "C0DEED",
            "profile_sidebar_fill_color": "DDEEF6",
            "profile_text_color": "333333",
            "profile_use_background_image": true,
            "has_extended_profile": true,
            "default_profile": true,
            "default_profile_image": false,
            "following": null,
            "follow_request_sent": null,
            "notifications": null,
            "translator_type": "none"
        },
        "geo": null,
        "coordinates": null,
        "place": null,
        "contributors": null,
        "is_quote_status": false,
        "retweet_count": 2,
        "favorite_count": 2,
        "favorited": false,
        "retweeted": false,
        "possibly_sensitive": false,
        "lang": "en"
    },
    "is_quote_status": false,
    "retweet_count": 2,
    "favorite_count": 0,
    "favorited": false,
    "retweeted": false,
    "lang": "en"
}