{
    "created_at": "Tue Mar 10 14:43:22 +0000 2020",
    "id": 1237388582555271169,
    "id_str": "1237388582555271169",
    "text": "RT @iridescent_boy: At Louis Vuitton Maison Seoul.\n\n@wkorea @weareoneEXO @VogueKorea \n\nDate Oct 30th, 2019\nBrand @LouisVuitton #LVSeoul \nSu\u2026",
    "truncated": false,
    "entities": {
        "hashtags": [
            {
                "text": "LVSeoul",
                "indices": [
                    127,
                    135
                ]
            }
        ],
        "symbols": [],
        "user_mentions": [
            {
                "screen_name": "iridescent_boy",
                "name": "\uc774\ub9ac\ub514\uc13c\ud2b8 \u2764\ufe0f\u00d7412",
                "id": 565145864,
                "id_str": "565145864",
                "indices": [
                    3,
                    18
                ]
            },
            {
                "screen_name": "wkorea",
                "name": "W Korea",
                "id": 78262636,
                "id_str": "78262636",
                "indices": [
                    52,
                    59
                ]
            },
            {
                "screen_name": "weareoneEXO",
                "name": "EXO",
                "id": 873115441303924736,
                "id_str": "873115441303924736",
                "indices": [
                    60,
                    72
                ]
            },
            {
                "screen_name": "VogueKorea",
                "name": "VOGUE KOREA",
                "id": 159102271,
                "id_str": "159102271",
                "indices": [
                    73,
                    84
                ]
            },
            {
                "screen_name": "LouisVuitton",
                "name": "Louis Vuitton",
                "id": 44084633,
                "id_str": "44084633",
                "indices": [
                    113,
                    126
                ]
            }
        ],
        "urls": []
    },
    "metadata": {
        "iso_language_code": "en",
        "result_type": "recent"
    },
    "source": "<a href=\"https://mobile.twitter.com\" rel=\"nofollow\">Twitter Web App</a>",
    "in_reply_to_status_id": null,
    "in_reply_to_status_id_str": null,
    "in_reply_to_user_id": null,
    "in_reply_to_user_id_str": null,
    "in_reply_to_screen_name": null,
    "user": {
        "id": 884451380982800384,
        "id_str": "884451380982800384",
        "name": "\u0e41\u0e2d\u0e25 \ud83d\udc23",
        "screen_name": "tungpangxz",
        "location": "\u02d7\u02cf\u02cb L-1485 \u02ce\u02ca\u02d7",
        "description": "\ud835\udc3a\ud835\udc5c\ud835\udc5c\ud835\udc51 \ud835\udc5a\ud835\udc5c\ud835\udc5a\ud835\udc52\ud835\udc5b\ud835\udc61\ud835\udc60 \ud835\udc4f\ud835\udc52\ud835\udc50\ud835\udc5c\ud835\udc5a\ud835\udc52 \ud835\udc54\ud835\udc5c\ud835\udc5c\ud835\udc51 \ud835\udc5a\ud835\udc52\ud835\udc5a\ud835\udc5c\ud835\udc5f\ud835\udc56\ud835\udc52\ud835\udc60",
        "url": null,
        "entities": {
            "description": {
                "urls": []
            }
        },
        "protected": false,
        "followers_count": 193,
        "friends_count": 514,
        "listed_count": 0,
        "created_at": "Mon Jul 10 16:36:56 +0000 2017",
        "favourites_count": 18192,
        "utc_offset": null,
        "time_zone": null,
        "geo_enabled": false,
        "verified": false,
        "statuses_count": 53950,
        "lang": null,
        "contributors_enabled": false,
        "is_translator": false,
        "is_translation_enabled": false,
        "profile_background_color": "000000",
        "profile_background_image_url": "http://abs.twimg.com/images/themes/theme1/bg.png",
        "profile_background_image_url_https": "https://abs.twimg.com/images/themes/theme1/bg.png",
        "profile_background_tile": false,
        "profile_image_url": "http://pbs.twimg.com/profile_images/1230651393742163968/it09Hna6_normal.jpg",
        "profile_image_url_https": "https://pbs.twimg.com/profile_images/1230651393742163968/it09Hna6_normal.jpg",
        "profile_banner_url": "https://pbs.twimg.com/profile_banners/884451380982800384/1563237887",
        "profile_link_color": "FAB81E",
        "profile_sidebar_border_color": "000000",
        "profile_sidebar_fill_color": "000000",
        "profile_text_color": "000000",
        "profile_use_background_image": false,
        "has_extended_profile": true,
        "default_profile": false,
        "default_profile_image": false,
        "following": null,
        "follow_request_sent": null,
        "notifications": null,
        "translator_type": "none"
    },
    "geo": null,
    "coordinates": null,
    "place": null,
    "contributors": null,
    "retweeted_status": {
        "created_at": "Thu Oct 31 14:23:19 +0000 2019",
        "id": 1189910726028038144,
        "id_str": "1189910726028038144",
        "text": "At Louis Vuitton Maison Seoul.\n\n@wkorea @weareoneEXO @VogueKorea \n\nDate Oct 30th, 2019\nBrand @LouisVuitton #LVSeoul\u2026 https://t.co/neG9gzVPNI",
        "truncated": true,
        "entities": {
            "hashtags": [
                {
                    "text": "LVSeoul",
                    "indices": [
                        107,
                        115
                    ]
                }
            ],
            "symbols": [],
            "user_mentions": [
                {
                    "screen_name": "wkorea",
                    "name": "W Korea",
                    "id": 78262636,
                    "id_str": "78262636",
                    "indices": [
                        32,
                        39
                    ]
                },
                {
                    "screen_name": "weareoneEXO",
                    "name": "EXO",
                    "id": 873115441303924736,
                    "id_str": "873115441303924736",
                    "indices": [
                        40,
                        52
                    ]
                },
                {
                    "screen_name": "VogueKorea",
                    "name": "VOGUE KOREA",
                    "id": 159102271,
                    "id_str": "159102271",
                    "indices": [
                        53,
                        64
                    ]
                },
                {
                    "screen_name": "LouisVuitton",
                    "name": "Louis Vuitton",
                    "id": 44084633,
                    "id_str": "44084633",
                    "indices": [
                        93,
                        106
                    ]
                }
            ],
            "urls": [
                {
                    "url": "https://t.co/neG9gzVPNI",
                    "expanded_url": "https://twitter.com/i/web/status/1189910726028038144",
                    "display_url": "twitter.com/i/web/status/1\u2026",
                    "indices": [
                        117,
                        140
                    ]
                }
            ]
        },
        "metadata": {
            "iso_language_code": "en",
            "result_type": "recent"
        },
        "source": "<a href=\"https://mobile.twitter.com\" rel=\"nofollow\">Twitter Web App</a>",
        "in_reply_to_status_id": null,
        "in_reply_to_status_id_str": null,
        "in_reply_to_user_id": null,
        "in_reply_to_user_id_str": null,
        "in_reply_to_screen_name": null,
        "user": {
            "id": 565145864,
            "id_str": "565145864",
            "name": "\uc774\ub9ac\ub514\uc13c\ud2b8 \u2764\ufe0f\u00d7412",
            "screen_name": "iridescent_boy",
            "location": "",
            "description": "IRIDESCENT BOY 4 EXO SEHUN\u2728",
            "url": "https://t.co/6xKqLiKcaQ",
            "entities": {
                "url": {
                    "urls": [
                        {
                            "url": "https://t.co/6xKqLiKcaQ",
                            "expanded_url": "http://ohsehun.kr",
                            "display_url": "ohsehun.kr",
                            "indices": [
                                0,
                                23
                            ]
                        }
                    ]
                },
                "description": {
                    "urls": []
                }
            },
            "protected": false,
            "followers_count": 1127540,
            "friends_count": 11,
            "listed_count": 6224,
            "created_at": "Sat Apr 28 04:11:18 +0000 2012",
            "favourites_count": 45,
            "utc_offset": null,
            "time_zone": null,
            "geo_enabled": false,
            "verified": false,
            "statuses_count": 17958,
            "lang": null,
            "contributors_enabled": false,
            "is_translator": false,
            "is_translation_enabled": false,
            "profile_background_color": "FFFFFF",
            "profile_background_image_url": "http://abs.twimg.com/images/themes/theme14/bg.gif",
            "profile_background_image_url_https": "https://abs.twimg.com/images/themes/theme14/bg.gif",
            "profile_background_tile": true,
            "profile_image_url": "http://pbs.twimg.com/profile_images/1195031594236465152/KygOBXLM_normal.jpg",
            "profile_image_url_https": "https://pbs.twimg.com/profile_images/1195031594236465152/KygOBXLM_normal.jpg",
            "profile_link_color": "E93030",
            "profile_sidebar_border_color": "FFFFFF",
            "profile_sidebar_fill_color": "DDEEF6",
            "profile_text_color": "333333",
            "profile_use_background_image": false,
            "has_extended_profile": false,
            "default_profile": false,
            "default_profile_image": false,
            "following": null,
            "follow_request_sent": null,
            "notifications": null,
            "translator_type": "none"
        },
        "geo": null,
        "coordinates": null,
        "place": null,
        "contributors": null,
        "is_quote_status": false,
        "retweet_count": 16458,
        "favorite_count": 14085,
        "favorited": false,
        "retweeted": false,
        "possibly_sensitive": false,
        "lang": "en"
    },
    "is_quote_status": false,
    "retweet_count": 16458,
    "favorite_count": 0,
    "favorited": false,
    "retweeted": false,
    "lang": "en"
}