{
    "created_at": "Tue Mar 10 16:17:03 +0000 2020",
    "id": 1237412160168284160,
    "id_str": "1237412160168284160",
    "text": "RT @LouisVuitton: A composite of signatures. The new Tambour Moon Dual Time embodies #LouisVuitton\u2019s fine watchmaking craftsmanship and cre\u2026",
    "truncated": false,
    "entities": {
        "hashtags": [
            {
                "text": "LouisVuitton",
                "indices": [
                    85,
                    98
                ]
            }
        ],
        "symbols": [],
        "user_mentions": [
            {
                "screen_name": "LouisVuitton",
                "name": "Louis Vuitton",
                "id": 44084633,
                "id_str": "44084633",
                "indices": [
                    3,
                    16
                ]
            }
        ],
        "urls": []
    },
    "metadata": {
        "iso_language_code": "en",
        "result_type": "recent"
    },
    "source": "<a href=\"http://twitter.com/#!/download/ipad\" rel=\"nofollow\">Twitter for iPad</a>",
    "in_reply_to_status_id": null,
    "in_reply_to_status_id_str": null,
    "in_reply_to_user_id": null,
    "in_reply_to_user_id_str": null,
    "in_reply_to_screen_name": null,
    "user": {
        "id": 1196748634945048576,
        "id_str": "1196748634945048576",
        "name": "\u30df\u2729 \u00b0\uff61\u22c6\u2e1c\ud83d\udc97\u02da\u22b9 \u22b9 \u2133\ud835\udc5c\ud835\udccb\ud835\udc52\ud835\udcc1\ud835\udcce \u2732\uff9f:\uff65\uff9f\u2726",
        "screen_name": "__movelie2O",
        "location": "Bang Rak, Bangkok",
        "description": "\ud83c\udf38\ud83c\udf43 \uff61\u02da \u02da\uff65 \ud83d\udc95\ud83d\udc23\ud83c\udf1f\ud83c\udf08 \u02da\uff65 \ud83c\udf51\ud83c\udf34 \uff61\u02da \u02da\uff65 \ud83d\udc97 \ud83c\udf19\u2728",
        "url": null,
        "entities": {
            "description": {
                "urls": []
            }
        },
        "protected": false,
        "followers_count": 20,
        "friends_count": 1431,
        "listed_count": 0,
        "created_at": "Tue Nov 19 11:15:01 +0000 2019",
        "favourites_count": 6831,
        "utc_offset": null,
        "time_zone": null,
        "geo_enabled": false,
        "verified": false,
        "statuses_count": 5814,
        "lang": null,
        "contributors_enabled": false,
        "is_translator": false,
        "is_translation_enabled": false,
        "profile_background_color": "F5F8FA",
        "profile_background_image_url": null,
        "profile_background_image_url_https": null,
        "profile_background_tile": false,
        "profile_image_url": "http://pbs.twimg.com/profile_images/1237248935657275392/sfkimaq1_normal.jpg",
        "profile_image_url_https": "https://pbs.twimg.com/profile_images/1237248935657275392/sfkimaq1_normal.jpg",
        "profile_banner_url": "https://pbs.twimg.com/profile_banners/1196748634945048576/1583221159",
        "profile_link_color": "1DA1F2",
        "profile_sidebar_border_color": "C0DEED",
        "profile_sidebar_fill_color": "DDEEF6",
        "profile_text_color": "333333",
        "profile_use_background_image": true,
        "has_extended_profile": true,
        "default_profile": true,
        "default_profile_image": false,
        "following": null,
        "follow_request_sent": null,
        "notifications": null,
        "translator_type": "none"
    },
    "geo": null,
    "coordinates": null,
    "place": null,
    "contributors": null,
    "retweeted_status": {
        "created_at": "Tue Mar 10 14:30:01 +0000 2020",
        "id": 1237385222041284608,
        "id_str": "1237385222041284608",
        "text": "A composite of signatures. The new Tambour Moon Dual Time embodies #LouisVuitton\u2019s fine watchmaking craftsmanship a\u2026 https://t.co/XbdAjkILyk",
        "truncated": true,
        "entities": {
            "hashtags": [
                {
                    "text": "LouisVuitton",
                    "indices": [
                        67,
                        80
                    ]
                }
            ],
            "symbols": [],
            "user_mentions": [],
            "urls": [
                {
                    "url": "https://t.co/XbdAjkILyk",
                    "expanded_url": "https://twitter.com/i/web/status/1237385222041284608",
                    "display_url": "twitter.com/i/web/status/1\u2026",
                    "indices": [
                        117,
                        140
                    ]
                }
            ]
        },
        "metadata": {
            "iso_language_code": "en",
            "result_type": "recent"
        },
        "source": "<a href=\"https://www.sprinklr.com\" rel=\"nofollow\">Sprinklr</a>",
        "in_reply_to_status_id": null,
        "in_reply_to_status_id_str": null,
        "in_reply_to_user_id": null,
        "in_reply_to_user_id_str": null,
        "in_reply_to_screen_name": null,
        "user": {
            "id": 44084633,
            "id_str": "44084633",
            "name": "Louis Vuitton",
            "screen_name": "LouisVuitton",
            "location": "",
            "description": "The official Twitter page for Louis Vuitton Worldwide. Contact client services at @LVServices for customer assistance and personalised advice.",
            "url": "http://t.co/znRCgDOH21",
            "entities": {
                "url": {
                    "urls": [
                        {
                            "url": "http://t.co/znRCgDOH21",
                            "expanded_url": "http://www.louisvuitton.com",
                            "display_url": "louisvuitton.com",
                            "indices": [
                                0,
                                22
                            ]
                        }
                    ]
                },
                "description": {
                    "urls": []
                }
            },
            "protected": false,
            "followers_count": 7501392,
            "friends_count": 6,
            "listed_count": 9683,
            "created_at": "Tue Jun 02 08:22:48 +0000 2009",
            "favourites_count": 109,
            "utc_offset": null,
            "time_zone": null,
            "geo_enabled": false,
            "verified": true,
            "statuses_count": 5652,
            "lang": null,
            "contributors_enabled": false,
            "is_translator": false,
            "is_translation_enabled": false,
            "profile_background_color": "000000",
            "profile_background_image_url": "http://abs.twimg.com/images/themes/theme4/bg.gif",
            "profile_background_image_url_https": "https://abs.twimg.com/images/themes/theme4/bg.gif",
            "profile_background_tile": true,
            "profile_image_url": "http://pbs.twimg.com/profile_images/744891970380767232/jum1SDsC_normal.jpg",
            "profile_image_url_https": "https://pbs.twimg.com/profile_images/744891970380767232/jum1SDsC_normal.jpg",
            "profile_banner_url": "https://pbs.twimg.com/profile_banners/44084633/1583070237",
            "profile_link_color": "FF691F",
            "profile_sidebar_border_color": "FFFFFF",
            "profile_sidebar_fill_color": "FFFFFF",
            "profile_text_color": "2B1413",
            "profile_use_background_image": true,
            "has_extended_profile": false,
            "default_profile": false,
            "default_profile_image": false,
            "following": null,
            "follow_request_sent": null,
            "notifications": null,
            "translator_type": "none"
        },
        "geo": null,
        "coordinates": null,
        "place": null,
        "contributors": null,
        "is_quote_status": false,
        "retweet_count": 45,
        "favorite_count": 320,
        "favorited": false,
        "retweeted": false,
        "possibly_sensitive": false,
        "lang": "en"
    },
    "is_quote_status": false,
    "retweet_count": 45,
    "favorite_count": 0,
    "favorited": false,
    "retweeted": false,
    "lang": "en"
}