{
    "created_at": "Mon Mar 09 22:55:50 +0000 2020",
    "id": 1237150130194845696,
    "id_str": "1237150130194845696",
    "text": "son amigos del asesino @LouisVuitton \n\n#ConfesionesDeLosCuicos",
    "truncated": false,
    "entities": {
        "hashtags": [
            {
                "text": "ConfesionesDeLosCuicos",
                "indices": [
                    39,
                    62
                ]
            }
        ],
        "symbols": [],
        "user_mentions": [
            {
                "screen_name": "LouisVuitton",
                "name": "Louis Vuitton",
                "id": 44084633,
                "id_str": "44084633",
                "indices": [
                    23,
                    36
                ]
            }
        ],
        "urls": []
    },
    "metadata": {
        "iso_language_code": "es",
        "result_type": "recent"
    },
    "source": "<a href=\"http://twitter.com/download/android\" rel=\"nofollow\">Twitter for Android</a>",
    "in_reply_to_status_id": null,
    "in_reply_to_status_id_str": null,
    "in_reply_to_user_id": null,
    "in_reply_to_user_id_str": null,
    "in_reply_to_screen_name": null,
    "user": {
        "id": 118752626,
        "id_str": "118752626",
        "name": "leosebastian",
        "screen_name": "sebslr",
        "location": "Santiago, Chile",
        "description": "Estudiante\n\nno+CAE no+AFP no+EstadoSubsidiario\n#PlebiscitoCiudadano  #AsambleaConstituyente  MARICHIWEU!\n \n \n\u26bd\ufe0f  \ud83e\udd18\n\n\ud83d\udc7e\u26e9\ud83c\udf8c",
        "url": null,
        "entities": {
            "description": {
                "urls": []
            }
        },
        "protected": false,
        "followers_count": 1321,
        "friends_count": 4995,
        "listed_count": 4,
        "created_at": "Mon Mar 01 17:05:19 +0000 2010",
        "favourites_count": 42338,
        "utc_offset": null,
        "time_zone": null,
        "geo_enabled": true,
        "verified": false,
        "statuses_count": 23074,
        "lang": null,
        "contributors_enabled": false,
        "is_translator": false,
        "is_translation_enabled": false,
        "profile_background_color": "ABB8C2",
        "profile_background_image_url": "http://abs.twimg.com/images/themes/theme1/bg.png",
        "profile_background_image_url_https": "https://abs.twimg.com/images/themes/theme1/bg.png",
        "profile_background_tile": false,
        "profile_image_url": "http://pbs.twimg.com/profile_images/1207890819857829889/U1zjgfM5_normal.jpg",
        "profile_image_url_https": "https://pbs.twimg.com/profile_images/1207890819857829889/U1zjgfM5_normal.jpg",
        "profile_banner_url": "https://pbs.twimg.com/profile_banners/118752626/1573721965",
        "profile_link_color": "FF691F",
        "profile_sidebar_border_color": "2CB9CF",
        "profile_sidebar_fill_color": "9C9283",
        "profile_text_color": "666666",
        "profile_use_background_image": true,
        "has_extended_profile": false,
        "default_profile": false,
        "default_profile_image": false,
        "following": null,
        "follow_request_sent": null,
        "notifications": null,
        "translator_type": "none"
    },
    "geo": null,
    "coordinates": null,
    "place": null,
    "contributors": null,
    "is_quote_status": false,
    "retweet_count": 0,
    "favorite_count": 0,
    "favorited": false,
    "retweeted": false,
    "lang": "es"
}