{
    "created_at": "Tue Mar 10 02:49:34 +0000 2020",
    "id": 1237208949591543809,
    "id_str": "1237208949591543809",
    "text": "@LouisVuitton @TWNGhesquiere Muito amor \u2764 https://t.co/4s87clnjMa",
    "truncated": false,
    "entities": {
        "hashtags": [],
        "symbols": [],
        "user_mentions": [
            {
                "screen_name": "LouisVuitton",
                "name": "Louis Vuitton",
                "id": 44084633,
                "id_str": "44084633",
                "indices": [
                    0,
                    13
                ]
            },
            {
                "screen_name": "TWNGhesquiere",
                "name": "Nicolas Ghesquiere",
                "id": 987110766,
                "id_str": "987110766",
                "indices": [
                    14,
                    28
                ]
            }
        ],
        "urls": [],
        "media": [
            {
                "id": 1237208938103308288,
                "id_str": "1237208938103308288",
                "indices": [
                    42,
                    65
                ],
                "media_url": "http://pbs.twimg.com/media/ESty-WSWAAAdU02.jpg",
                "media_url_https": "https://pbs.twimg.com/media/ESty-WSWAAAdU02.jpg",
                "url": "https://t.co/4s87clnjMa",
                "display_url": "pic.twitter.com/4s87clnjMa",
                "expanded_url": "https://twitter.com/Franngabriell/status/1237208949591543809/photo/1",
                "type": "photo",
                "sizes": {
                    "thumb": {
                        "w": 150,
                        "h": 150,
                        "resize": "crop"
                    },
                    "large": {
                        "w": 995,
                        "h": 2048,
                        "resize": "fit"
                    },
                    "medium": {
                        "w": 583,
                        "h": 1200,
                        "resize": "fit"
                    },
                    "small": {
                        "w": 330,
                        "h": 680,
                        "resize": "fit"
                    }
                }
            }
        ]
    },
    "extended_entities": {
        "media": [
            {
                "id": 1237208938103308288,
                "id_str": "1237208938103308288",
                "indices": [
                    42,
                    65
                ],
                "media_url": "http://pbs.twimg.com/media/ESty-WSWAAAdU02.jpg",
                "media_url_https": "https://pbs.twimg.com/media/ESty-WSWAAAdU02.jpg",
                "url": "https://t.co/4s87clnjMa",
                "display_url": "pic.twitter.com/4s87clnjMa",
                "expanded_url": "https://twitter.com/Franngabriell/status/1237208949591543809/photo/1",
                "type": "photo",
                "sizes": {
                    "thumb": {
                        "w": 150,
                        "h": 150,
                        "resize": "crop"
                    },
                    "large": {
                        "w": 995,
                        "h": 2048,
                        "resize": "fit"
                    },
                    "medium": {
                        "w": 583,
                        "h": 1200,
                        "resize": "fit"
                    },
                    "small": {
                        "w": 330,
                        "h": 680,
                        "resize": "fit"
                    }
                }
            }
        ]
    },
    "metadata": {
        "iso_language_code": "pt",
        "result_type": "recent"
    },
    "source": "<a href=\"http://twitter.com/download/android\" rel=\"nofollow\">Twitter for Android</a>",
    "in_reply_to_status_id": 1233897314495991810,
    "in_reply_to_status_id_str": "1233897314495991810",
    "in_reply_to_user_id": 44084633,
    "in_reply_to_user_id_str": "44084633",
    "in_reply_to_screen_name": "LouisVuitton",
    "user": {
        "id": 855623056282308612,
        "id_str": "855623056282308612",
        "name": "Franciele Oliveira",
        "screen_name": "Franngabriell",
        "location": "Jaguari\u00fana, Brasil",
        "description": "Familia amor infinito \u2764\ud83d\udc95\ud83d\udc95\ud83d\ude0d\ud83d\ude0d\ud83d\ude0d",
        "url": null,
        "entities": {
            "description": {
                "urls": []
            }
        },
        "protected": false,
        "followers_count": 1,
        "friends_count": 23,
        "listed_count": 0,
        "created_at": "Sat Apr 22 03:23:28 +0000 2017",
        "favourites_count": 529,
        "utc_offset": null,
        "time_zone": null,
        "geo_enabled": true,
        "verified": false,
        "statuses_count": 131,
        "lang": null,
        "contributors_enabled": false,
        "is_translator": false,
        "is_translation_enabled": false,
        "profile_background_color": "F5F8FA",
        "profile_background_image_url": null,
        "profile_background_image_url_https": null,
        "profile_background_tile": false,
        "profile_image_url": "http://pbs.twimg.com/profile_images/1237211535069634560/RHojgPTZ_normal.jpg",
        "profile_image_url_https": "https://pbs.twimg.com/profile_images/1237211535069634560/RHojgPTZ_normal.jpg",
        "profile_banner_url": "https://pbs.twimg.com/profile_banners/855623056282308612/1492833878",
        "profile_link_color": "1DA1F2",
        "profile_sidebar_border_color": "C0DEED",
        "profile_sidebar_fill_color": "DDEEF6",
        "profile_text_color": "333333",
        "profile_use_background_image": true,
        "has_extended_profile": true,
        "default_profile": true,
        "default_profile_image": false,
        "following": null,
        "follow_request_sent": null,
        "notifications": null,
        "translator_type": "none"
    },
    "geo": null,
    "coordinates": null,
    "place": null,
    "contributors": null,
    "is_quote_status": false,
    "retweet_count": 0,
    "favorite_count": 0,
    "favorited": false,
    "retweeted": false,
    "possibly_sensitive": false,
    "lang": "pt"
}