{
    "created_at": "Tue Mar 10 03:50:48 +0000 2020",
    "id": 1237224361142054912,
    "id_str": "1237224361142054912",
    "text": "@FLPrincessSJK @StaciesSlut @LouisVuitton Goodies!",
    "truncated": false,
    "entities": {
        "hashtags": [],
        "symbols": [],
        "user_mentions": [
            {
                "screen_name": "FLPrincessSJK",
                "name": "\ud83d\udc63\ud83d\udcb8\ud835\udca2\ud835\udc5c\ud835\udcb9\ud835\udcb9\ud835\udc52\ud835\udcc8\ud835\udcc8 \ud835\udcae\ud835\udcc9\ud835\udcb6\ud835\udcb8\ud835\udcbe\ud835\udc52 \ud83d\udcb8\ud83e\udd40",
                "id": 720479844463689728,
                "id_str": "720479844463689728",
                "indices": [
                    0,
                    14
                ]
            },
            {
                "screen_name": "StaciesSlut",
                "name": "Stacie\u2019s Sissy Slut",
                "id": 1219878788927873024,
                "id_str": "1219878788927873024",
                "indices": [
                    15,
                    27
                ]
            },
            {
                "screen_name": "LouisVuitton",
                "name": "Louis Vuitton",
                "id": 44084633,
                "id_str": "44084633",
                "indices": [
                    28,
                    41
                ]
            }
        ],
        "urls": []
    },
    "metadata": {
        "iso_language_code": "en",
        "result_type": "recent"
    },
    "source": "<a href=\"http://twitter.com/download/iphone\" rel=\"nofollow\">Twitter for iPhone</a>",
    "in_reply_to_status_id": 1237041402049150980,
    "in_reply_to_status_id_str": "1237041402049150980",
    "in_reply_to_user_id": 720479844463689728,
    "in_reply_to_user_id_str": "720479844463689728",
    "in_reply_to_screen_name": "FLPrincessSJK",
    "user": {
        "id": 973309687096463361,
        "id_str": "973309687096463361",
        "name": "\ud83d\udd95\ud83c\udffb\u2728Selfish B*tch\u2728\ud83d\udd95\ud83c\udffb",
        "screen_name": "luxuryCashBaby",
        "location": "Denver | Expensive Girl ",
        "description": "18+|\ud83d\udea8Hot, and Powerful | Dastardly dick destroyer | welcome to your new finddiction \ud83d\udcb8\ud83d\udcb5\ud83d\udc8e\ud83d\udcb0",
        "url": "https://t.co/4aCcamZBVL",
        "entities": {
            "url": {
                "urls": [
                    {
                        "url": "https://t.co/4aCcamZBVL",
                        "expanded_url": "http://onlyfans.com/findomcashbaby",
                        "display_url": "onlyfans.com/findomcashbaby",
                        "indices": [
                            0,
                            23
                        ]
                    }
                ]
            },
            "description": {
                "urls": []
            }
        },
        "protected": false,
        "followers_count": 3519,
        "friends_count": 344,
        "listed_count": 17,
        "created_at": "Mon Mar 12 21:28:07 +0000 2018",
        "favourites_count": 13300,
        "utc_offset": null,
        "time_zone": null,
        "geo_enabled": false,
        "verified": false,
        "statuses_count": 8710,
        "lang": null,
        "contributors_enabled": false,
        "is_translator": false,
        "is_translation_enabled": false,
        "profile_background_color": "000000",
        "profile_background_image_url": "http://abs.twimg.com/images/themes/theme1/bg.png",
        "profile_background_image_url_https": "https://abs.twimg.com/images/themes/theme1/bg.png",
        "profile_background_tile": false,
        "profile_image_url": "http://pbs.twimg.com/profile_images/1226732136360660992/k1eVFMYT_normal.jpg",
        "profile_image_url_https": "https://pbs.twimg.com/profile_images/1226732136360660992/k1eVFMYT_normal.jpg",
        "profile_banner_url": "https://pbs.twimg.com/profile_banners/973309687096463361/1565461834",
        "profile_link_color": "981CEB",
        "profile_sidebar_border_color": "000000",
        "profile_sidebar_fill_color": "000000",
        "profile_text_color": "000000",
        "profile_use_background_image": false,
        "has_extended_profile": true,
        "default_profile": false,
        "default_profile_image": false,
        "following": null,
        "follow_request_sent": null,
        "notifications": null,
        "translator_type": "none"
    },
    "geo": null,
    "coordinates": null,
    "place": null,
    "contributors": null,
    "is_quote_status": false,
    "retweet_count": 0,
    "favorite_count": 1,
    "favorited": false,
    "retweeted": false,
    "lang": "en"
}