{
    "created_at": "Tue Mar 10 13:33:29 +0000 2020",
    "id": 1237370995868160000,
    "id_str": "1237370995868160000",
    "text": "RT @yulkseulk: Seulgi x Louis Vuitton officially when????? @RVsmtown  @LouisVuitton https://t.co/UM31lmod9K",
    "truncated": false,
    "entities": {
        "hashtags": [],
        "symbols": [],
        "user_mentions": [
            {
                "screen_name": "yulkseulk",
                "name": "claudia \ud83d\udc99",
                "id": 3539083695,
                "id_str": "3539083695",
                "indices": [
                    3,
                    13
                ]
            },
            {
                "screen_name": "RVsmtown",
                "name": "Red Velvet",
                "id": 873092428755894272,
                "id_str": "873092428755894272",
                "indices": [
                    59,
                    68
                ]
            },
            {
                "screen_name": "LouisVuitton",
                "name": "Louis Vuitton",
                "id": 44084633,
                "id_str": "44084633",
                "indices": [
                    70,
                    83
                ]
            }
        ],
        "urls": [],
        "media": [
            {
                "id": 1237348414586785792,
                "id_str": "1237348414586785792",
                "indices": [
                    84,
                    107
                ],
                "media_url": "http://pbs.twimg.com/media/ESvx08rWkAA4ldG.jpg",
                "media_url_https": "https://pbs.twimg.com/media/ESvx08rWkAA4ldG.jpg",
                "url": "https://t.co/UM31lmod9K",
                "display_url": "pic.twitter.com/UM31lmod9K",
                "expanded_url": "https://twitter.com/yulkseulk/status/1237348468915568641/photo/1",
                "type": "photo",
                "sizes": {
                    "thumb": {
                        "w": 150,
                        "h": 150,
                        "resize": "crop"
                    },
                    "large": {
                        "w": 1440,
                        "h": 1795,
                        "resize": "fit"
                    },
                    "medium": {
                        "w": 963,
                        "h": 1200,
                        "resize": "fit"
                    },
                    "small": {
                        "w": 546,
                        "h": 680,
                        "resize": "fit"
                    }
                },
                "source_status_id": 1237348468915568641,
                "source_status_id_str": "1237348468915568641",
                "source_user_id": 3539083695,
                "source_user_id_str": "3539083695"
            }
        ]
    },
    "extended_entities": {
        "media": [
            {
                "id": 1237348414586785792,
                "id_str": "1237348414586785792",
                "indices": [
                    84,
                    107
                ],
                "media_url": "http://pbs.twimg.com/media/ESvx08rWkAA4ldG.jpg",
                "media_url_https": "https://pbs.twimg.com/media/ESvx08rWkAA4ldG.jpg",
                "url": "https://t.co/UM31lmod9K",
                "display_url": "pic.twitter.com/UM31lmod9K",
                "expanded_url": "https://twitter.com/yulkseulk/status/1237348468915568641/photo/1",
                "type": "photo",
                "sizes": {
                    "thumb": {
                        "w": 150,
                        "h": 150,
                        "resize": "crop"
                    },
                    "large": {
                        "w": 1440,
                        "h": 1795,
                        "resize": "fit"
                    },
                    "medium": {
                        "w": 963,
                        "h": 1200,
                        "resize": "fit"
                    },
                    "small": {
                        "w": 546,
                        "h": 680,
                        "resize": "fit"
                    }
                },
                "source_status_id": 1237348468915568641,
                "source_status_id_str": "1237348468915568641",
                "source_user_id": 3539083695,
                "source_user_id_str": "3539083695"
            },
            {
                "id": 1237348428847427585,
                "id_str": "1237348428847427585",
                "indices": [
                    84,
                    107
                ],
                "media_url": "http://pbs.twimg.com/media/ESvx1xzWsAEgio3.jpg",
                "media_url_https": "https://pbs.twimg.com/media/ESvx1xzWsAEgio3.jpg",
                "url": "https://t.co/UM31lmod9K",
                "display_url": "pic.twitter.com/UM31lmod9K",
                "expanded_url": "https://twitter.com/yulkseulk/status/1237348468915568641/photo/1",
                "type": "photo",
                "sizes": {
                    "small": {
                        "w": 544,
                        "h": 680,
                        "resize": "fit"
                    },
                    "thumb": {
                        "w": 150,
                        "h": 150,
                        "resize": "crop"
                    },
                    "medium": {
                        "w": 640,
                        "h": 800,
                        "resize": "fit"
                    },
                    "large": {
                        "w": 640,
                        "h": 800,
                        "resize": "fit"
                    }
                },
                "source_status_id": 1237348468915568641,
                "source_status_id_str": "1237348468915568641",
                "source_user_id": 3539083695,
                "source_user_id_str": "3539083695"
            },
            {
                "id": 1237348441359036416,
                "id_str": "1237348441359036416",
                "indices": [
                    84,
                    107
                ],
                "media_url": "http://pbs.twimg.com/media/ESvx2gaWsAA-Kdy.jpg",
                "media_url_https": "https://pbs.twimg.com/media/ESvx2gaWsAA-Kdy.jpg",
                "url": "https://t.co/UM31lmod9K",
                "display_url": "pic.twitter.com/UM31lmod9K",
                "expanded_url": "https://twitter.com/yulkseulk/status/1237348468915568641/photo/1",
                "type": "photo",
                "sizes": {
                    "thumb": {
                        "w": 150,
                        "h": 150,
                        "resize": "crop"
                    },
                    "large": {
                        "w": 1440,
                        "h": 1439,
                        "resize": "fit"
                    },
                    "small": {
                        "w": 680,
                        "h": 680,
                        "resize": "fit"
                    },
                    "medium": {
                        "w": 1200,
                        "h": 1199,
                        "resize": "fit"
                    }
                },
                "source_status_id": 1237348468915568641,
                "source_status_id_str": "1237348468915568641",
                "source_user_id": 3539083695,
                "source_user_id_str": "3539083695"
            },
            {
                "id": 1237348455326105600,
                "id_str": "1237348455326105600",
                "indices": [
                    84,
                    107
                ],
                "media_url": "http://pbs.twimg.com/media/ESvx3UcXQAAPXsX.jpg",
                "media_url_https": "https://pbs.twimg.com/media/ESvx3UcXQAAPXsX.jpg",
                "url": "https://t.co/UM31lmod9K",
                "display_url": "pic.twitter.com/UM31lmod9K",
                "expanded_url": "https://twitter.com/yulkseulk/status/1237348468915568641/photo/1",
                "type": "photo",
                "sizes": {
                    "thumb": {
                        "w": 150,
                        "h": 150,
                        "resize": "crop"
                    },
                    "small": {
                        "w": 392,
                        "h": 680,
                        "resize": "fit"
                    },
                    "medium": {
                        "w": 692,
                        "h": 1200,
                        "resize": "fit"
                    },
                    "large": {
                        "w": 1024,
                        "h": 1776,
                        "resize": "fit"
                    }
                },
                "source_status_id": 1237348468915568641,
                "source_status_id_str": "1237348468915568641",
                "source_user_id": 3539083695,
                "source_user_id_str": "3539083695"
            }
        ]
    },
    "metadata": {
        "iso_language_code": "fr",
        "result_type": "recent"
    },
    "source": "<a href=\"http://twitter.com/download/android\" rel=\"nofollow\">Twitter for Android</a>",
    "in_reply_to_status_id": null,
    "in_reply_to_status_id_str": null,
    "in_reply_to_user_id": null,
    "in_reply_to_user_id_str": null,
    "in_reply_to_screen_name": null,
    "user": {
        "id": 755549592360366080,
        "id_str": "755549592360366080",
        "name": "\u300aAlejandra\u300b",
        "screen_name": "onceblackvelvet",
        "location": "Quintana Roo, M\u00e9xico",
        "description": "",
        "url": null,
        "entities": {
            "description": {
                "urls": []
            }
        },
        "protected": false,
        "followers_count": 78,
        "friends_count": 445,
        "listed_count": 0,
        "created_at": "Tue Jul 19 23:47:15 +0000 2016",
        "favourites_count": 57676,
        "utc_offset": null,
        "time_zone": null,
        "geo_enabled": false,
        "verified": false,
        "statuses_count": 23148,
        "lang": null,
        "contributors_enabled": false,
        "is_translator": false,
        "is_translation_enabled": false,
        "profile_background_color": "F5F8FA",
        "profile_background_image_url": null,
        "profile_background_image_url_https": null,
        "profile_background_tile": false,
        "profile_image_url": "http://pbs.twimg.com/profile_images/1220250951489130496/ocPgR6U1_normal.jpg",
        "profile_image_url_https": "https://pbs.twimg.com/profile_images/1220250951489130496/ocPgR6U1_normal.jpg",
        "profile_banner_url": "https://pbs.twimg.com/profile_banners/755549592360366080/1554690794",
        "profile_link_color": "1DA1F2",
        "profile_sidebar_border_color": "C0DEED",
        "profile_sidebar_fill_color": "DDEEF6",
        "profile_text_color": "333333",
        "profile_use_background_image": true,
        "has_extended_profile": true,
        "default_profile": true,
        "default_profile_image": false,
        "following": null,
        "follow_request_sent": null,
        "notifications": null,
        "translator_type": "none"
    },
    "geo": null,
    "coordinates": null,
    "place": null,
    "contributors": null,
    "retweeted_status": {
        "created_at": "Tue Mar 10 12:03:58 +0000 2020",
        "id": 1237348468915568641,
        "id_str": "1237348468915568641",
        "text": "Seulgi x Louis Vuitton officially when????? @RVsmtown  @LouisVuitton https://t.co/UM31lmod9K",
        "truncated": false,
        "entities": {
            "hashtags": [],
            "symbols": [],
            "user_mentions": [
                {
                    "screen_name": "RVsmtown",
                    "name": "Red Velvet",
                    "id": 873092428755894272,
                    "id_str": "873092428755894272",
                    "indices": [
                        44,
                        53
                    ]
                },
                {
                    "screen_name": "LouisVuitton",
                    "name": "Louis Vuitton",
                    "id": 44084633,
                    "id_str": "44084633",
                    "indices": [
                        55,
                        68
                    ]
                }
            ],
            "urls": [],
            "media": [
                {
                    "id": 1237348414586785792,
                    "id_str": "1237348414586785792",
                    "indices": [
                        69,
                        92
                    ],
                    "media_url": "http://pbs.twimg.com/media/ESvx08rWkAA4ldG.jpg",
                    "media_url_https": "https://pbs.twimg.com/media/ESvx08rWkAA4ldG.jpg",
                    "url": "https://t.co/UM31lmod9K",
                    "display_url": "pic.twitter.com/UM31lmod9K",
                    "expanded_url": "https://twitter.com/yulkseulk/status/1237348468915568641/photo/1",
                    "type": "photo",
                    "sizes": {
                        "thumb": {
                            "w": 150,
                            "h": 150,
                            "resize": "crop"
                        },
                        "large": {
                            "w": 1440,
                            "h": 1795,
                            "resize": "fit"
                        },
                        "medium": {
                            "w": 963,
                            "h": 1200,
                            "resize": "fit"
                        },
                        "small": {
                            "w": 546,
                            "h": 680,
                            "resize": "fit"
                        }
                    }
                }
            ]
        },
        "extended_entities": {
            "media": [
                {
                    "id": 1237348414586785792,
                    "id_str": "1237348414586785792",
                    "indices": [
                        69,
                        92
                    ],
                    "media_url": "http://pbs.twimg.com/media/ESvx08rWkAA4ldG.jpg",
                    "media_url_https": "https://pbs.twimg.com/media/ESvx08rWkAA4ldG.jpg",
                    "url": "https://t.co/UM31lmod9K",
                    "display_url": "pic.twitter.com/UM31lmod9K",
                    "expanded_url": "https://twitter.com/yulkseulk/status/1237348468915568641/photo/1",
                    "type": "photo",
                    "sizes": {
                        "thumb": {
                            "w": 150,
                            "h": 150,
                            "resize": "crop"
                        },
                        "large": {
                            "w": 1440,
                            "h": 1795,
                            "resize": "fit"
                        },
                        "medium": {
                            "w": 963,
                            "h": 1200,
                            "resize": "fit"
                        },
                        "small": {
                            "w": 546,
                            "h": 680,
                            "resize": "fit"
                        }
                    }
                },
                {
                    "id": 1237348428847427585,
                    "id_str": "1237348428847427585",
                    "indices": [
                        69,
                        92
                    ],
                    "media_url": "http://pbs.twimg.com/media/ESvx1xzWsAEgio3.jpg",
                    "media_url_https": "https://pbs.twimg.com/media/ESvx1xzWsAEgio3.jpg",
                    "url": "https://t.co/UM31lmod9K",
                    "display_url": "pic.twitter.com/UM31lmod9K",
                    "expanded_url": "https://twitter.com/yulkseulk/status/1237348468915568641/photo/1",
                    "type": "photo",
                    "sizes": {
                        "small": {
                            "w": 544,
                            "h": 680,
                            "resize": "fit"
                        },
                        "thumb": {
                            "w": 150,
                            "h": 150,
                            "resize": "crop"
                        },
                        "medium": {
                            "w": 640,
                            "h": 800,
                            "resize": "fit"
                        },
                        "large": {
                            "w": 640,
                            "h": 800,
                            "resize": "fit"
                        }
                    }
                },
                {
                    "id": 1237348441359036416,
                    "id_str": "1237348441359036416",
                    "indices": [
                        69,
                        92
                    ],
                    "media_url": "http://pbs.twimg.com/media/ESvx2gaWsAA-Kdy.jpg",
                    "media_url_https": "https://pbs.twimg.com/media/ESvx2gaWsAA-Kdy.jpg",
                    "url": "https://t.co/UM31lmod9K",
                    "display_url": "pic.twitter.com/UM31lmod9K",
                    "expanded_url": "https://twitter.com/yulkseulk/status/1237348468915568641/photo/1",
                    "type": "photo",
                    "sizes": {
                        "thumb": {
                            "w": 150,
                            "h": 150,
                            "resize": "crop"
                        },
                        "large": {
                            "w": 1440,
                            "h": 1439,
                            "resize": "fit"
                        },
                        "small": {
                            "w": 680,
                            "h": 680,
                            "resize": "fit"
                        },
                        "medium": {
                            "w": 1200,
                            "h": 1199,
                            "resize": "fit"
                        }
                    }
                },
                {
                    "id": 1237348455326105600,
                    "id_str": "1237348455326105600",
                    "indices": [
                        69,
                        92
                    ],
                    "media_url": "http://pbs.twimg.com/media/ESvx3UcXQAAPXsX.jpg",
                    "media_url_https": "https://pbs.twimg.com/media/ESvx3UcXQAAPXsX.jpg",
                    "url": "https://t.co/UM31lmod9K",
                    "display_url": "pic.twitter.com/UM31lmod9K",
                    "expanded_url": "https://twitter.com/yulkseulk/status/1237348468915568641/photo/1",
                    "type": "photo",
                    "sizes": {
                        "thumb": {
                            "w": 150,
                            "h": 150,
                            "resize": "crop"
                        },
                        "small": {
                            "w": 392,
                            "h": 680,
                            "resize": "fit"
                        },
                        "medium": {
                            "w": 692,
                            "h": 1200,
                            "resize": "fit"
                        },
                        "large": {
                            "w": 1024,
                            "h": 1776,
                            "resize": "fit"
                        }
                    }
                }
            ]
        },
        "metadata": {
            "iso_language_code": "fr",
            "result_type": "recent"
        },
        "source": "<a href=\"http://twitter.com/download/android\" rel=\"nofollow\">Twitter for Android</a>",
        "in_reply_to_status_id": null,
        "in_reply_to_status_id_str": null,
        "in_reply_to_user_id": null,
        "in_reply_to_user_id_str": null,
        "in_reply_to_screen_name": null,
        "user": {
            "id": 3539083695,
            "id_str": "3539083695",
            "name": "claudia \ud83d\udc99",
            "screen_name": "yulkseulk",
            "location": "fan account",
            "description": "At the end of the day Red Velvet will have the last laugh",
            "url": "https://t.co/tNi01kBszw",
            "entities": {
                "url": {
                    "urls": [
                        {
                            "url": "https://t.co/tNi01kBszw",
                            "expanded_url": "https://youtu.be/uR8Mrt1IpXg",
                            "display_url": "youtu.be/uR8Mrt1IpXg",
                            "indices": [
                                0,
                                23
                            ]
                        }
                    ]
                },
                "description": {
                    "urls": []
                }
            },
            "protected": false,
            "followers_count": 3236,
            "friends_count": 645,
            "listed_count": 37,
            "created_at": "Fri Sep 04 00:07:42 +0000 2015",
            "favourites_count": 240985,
            "utc_offset": null,
            "time_zone": null,
            "geo_enabled": false,
            "verified": false,
            "statuses_count": 231796,
            "lang": null,
            "contributors_enabled": false,
            "is_translator": false,
            "is_translation_enabled": false,
            "profile_background_color": "000000",
            "profile_background_image_url": "http://abs.twimg.com/images/themes/theme1/bg.png",
            "profile_background_image_url_https": "https://abs.twimg.com/images/themes/theme1/bg.png",
            "profile_background_tile": false,
            "profile_image_url": "http://pbs.twimg.com/profile_images/1236026601030201346/ZyV8PgW2_normal.jpg",
            "profile_image_url_https": "https://pbs.twimg.com/profile_images/1236026601030201346/ZyV8PgW2_normal.jpg",
            "profile_banner_url": "https://pbs.twimg.com/profile_banners/3539083695/1583526679",
            "profile_link_color": "DD2E44",
            "profile_sidebar_border_color": "000000",
            "profile_sidebar_fill_color": "000000",
            "profile_text_color": "000000",
            "profile_use_background_image": false,
            "has_extended_profile": true,
            "default_profile": false,
            "default_profile_image": false,
            "following": null,
            "follow_request_sent": null,
            "notifications": null,
            "translator_type": "none"
        },
        "geo": null,
        "coordinates": null,
        "place": null,
        "contributors": null,
        "is_quote_status": false,
        "retweet_count": 17,
        "favorite_count": 32,
        "favorited": false,
        "retweeted": false,
        "possibly_sensitive": false,
        "lang": "fr"
    },
    "is_quote_status": false,
    "retweet_count": 17,
    "favorite_count": 0,
    "favorited": false,
    "retweeted": false,
    "possibly_sensitive": false,
    "lang": "fr"
}