{
    "created_at": "Tue Mar 10 03:06:26 +0000 2020",
    "id": 1237213196106293249,
    "id_str": "1237213196106293249",
    "text": "RT @JBALVIN: Legooo @louisvuitton special !! Latino Gang , entrevista y buena vibra \ud83d\ude4f #blanco #morado\nPA LA CULTURA https://t.co/I8cxSlg9gx",
    "truncated": false,
    "entities": {
        "hashtags": [
            {
                "text": "blanco",
                "indices": [
                    86,
                    93
                ]
            },
            {
                "text": "morado",
                "indices": [
                    94,
                    101
                ]
            }
        ],
        "symbols": [],
        "user_mentions": [
            {
                "screen_name": "JBALVIN",
                "name": "J BALVIN",
                "id": 44670915,
                "id_str": "44670915",
                "indices": [
                    3,
                    11
                ]
            },
            {
                "screen_name": "LouisVuitton",
                "name": "Louis Vuitton",
                "id": 44084633,
                "id_str": "44084633",
                "indices": [
                    20,
                    33
                ]
            }
        ],
        "urls": [],
        "media": [
            {
                "id": 1220403711236804608,
                "id_str": "1220403711236804608",
                "indices": [
                    116,
                    139
                ],
                "media_url": "http://pbs.twimg.com/ext_tw_video_thumb/1220403711236804608/pu/img/xB9n1i1hetJia-Oc.jpg",
                "media_url_https": "https://pbs.twimg.com/ext_tw_video_thumb/1220403711236804608/pu/img/xB9n1i1hetJia-Oc.jpg",
                "url": "https://t.co/I8cxSlg9gx",
                "display_url": "pic.twitter.com/I8cxSlg9gx",
                "expanded_url": "https://twitter.com/JBALVIN/status/1220403811845648387/video/1",
                "type": "photo",
                "sizes": {
                    "thumb": {
                        "w": 150,
                        "h": 150,
                        "resize": "crop"
                    },
                    "large": {
                        "w": 848,
                        "h": 480,
                        "resize": "fit"
                    },
                    "medium": {
                        "w": 848,
                        "h": 480,
                        "resize": "fit"
                    },
                    "small": {
                        "w": 680,
                        "h": 385,
                        "resize": "fit"
                    }
                },
                "source_status_id": 1220403811845648387,
                "source_status_id_str": "1220403811845648387",
                "source_user_id": 44670915,
                "source_user_id_str": "44670915"
            }
        ]
    },
    "extended_entities": {
        "media": [
            {
                "id": 1220403711236804608,
                "id_str": "1220403711236804608",
                "indices": [
                    116,
                    139
                ],
                "media_url": "http://pbs.twimg.com/ext_tw_video_thumb/1220403711236804608/pu/img/xB9n1i1hetJia-Oc.jpg",
                "media_url_https": "https://pbs.twimg.com/ext_tw_video_thumb/1220403711236804608/pu/img/xB9n1i1hetJia-Oc.jpg",
                "url": "https://t.co/I8cxSlg9gx",
                "display_url": "pic.twitter.com/I8cxSlg9gx",
                "expanded_url": "https://twitter.com/JBALVIN/status/1220403811845648387/video/1",
                "type": "video",
                "sizes": {
                    "thumb": {
                        "w": 150,
                        "h": 150,
                        "resize": "crop"
                    },
                    "large": {
                        "w": 848,
                        "h": 480,
                        "resize": "fit"
                    },
                    "medium": {
                        "w": 848,
                        "h": 480,
                        "resize": "fit"
                    },
                    "small": {
                        "w": 680,
                        "h": 385,
                        "resize": "fit"
                    }
                },
                "source_status_id": 1220403811845648387,
                "source_status_id_str": "1220403811845648387",
                "source_user_id": 44670915,
                "source_user_id_str": "44670915",
                "video_info": {
                    "aspect_ratio": [
                        53,
                        30
                    ],
                    "duration_millis": 43560,
                    "variants": [
                        {
                            "content_type": "application/x-mpegURL",
                            "url": "https://video.twimg.com/ext_tw_video/1220403711236804608/pu/pl/jNxrh4AsgaijKwMP.m3u8?tag=10"
                        },
                        {
                            "bitrate": 256000,
                            "content_type": "video/mp4",
                            "url": "https://video.twimg.com/ext_tw_video/1220403711236804608/pu/vid/476x270/3RVlGFzjEmVeHd-q.mp4?tag=10"
                        },
                        {
                            "bitrate": 832000,
                            "content_type": "video/mp4",
                            "url": "https://video.twimg.com/ext_tw_video/1220403711236804608/pu/vid/636x360/JRj0l55ngHYEZjVd.mp4?tag=10"
                        },
                        {
                            "bitrate": 2176000,
                            "content_type": "video/mp4",
                            "url": "https://video.twimg.com/ext_tw_video/1220403711236804608/pu/vid/848x480/C48YSKbhW5xlKXSe.mp4?tag=10"
                        }
                    ]
                },
                "additional_media_info": {
                    "monetizable": false,
                    "source_user": {
                        "id": 44670915,
                        "id_str": "44670915",
                        "name": "J BALVIN",
                        "screen_name": "JBALVIN",
                        "location": "",
                        "description": "Ser Humano",
                        "url": "https://t.co/OAIO1BnNMx",
                        "entities": {
                            "url": {
                                "urls": [
                                    {
                                        "url": "https://t.co/OAIO1BnNMx",
                                        "expanded_url": "https://JBalvin.lnk.to/RojoTw",
                                        "display_url": "JBalvin.lnk.to/RojoTw",
                                        "indices": [
                                            0,
                                            23
                                        ]
                                    }
                                ]
                            },
                            "description": {
                                "urls": []
                            }
                        },
                        "protected": false,
                        "followers_count": 7095415,
                        "friends_count": 552,
                        "listed_count": 7504,
                        "created_at": "Thu Jun 04 17:41:41 +0000 2009",
                        "favourites_count": 135,
                        "utc_offset": null,
                        "time_zone": null,
                        "geo_enabled": true,
                        "verified": true,
                        "statuses_count": 30691,
                        "lang": null,
                        "contributors_enabled": false,
                        "is_translator": false,
                        "is_translation_enabled": false,
                        "profile_background_color": "000000",
                        "profile_background_image_url": "http://abs.twimg.com/images/themes/theme1/bg.png",
                        "profile_background_image_url_https": "https://abs.twimg.com/images/themes/theme1/bg.png",
                        "profile_background_tile": false,
                        "profile_image_url": "http://pbs.twimg.com/profile_images/1232731023110287360/tKwSB9vq_normal.jpg",
                        "profile_image_url_https": "https://pbs.twimg.com/profile_images/1232731023110287360/tKwSB9vq_normal.jpg",
                        "profile_banner_url": "https://pbs.twimg.com/profile_banners/44670915/1582740954",
                        "profile_link_color": "0084B4",
                        "profile_sidebar_border_color": "FFFFFF",
                        "profile_sidebar_fill_color": "DDEEF6",
                        "profile_text_color": "333333",
                        "profile_use_background_image": true,
                        "has_extended_profile": false,
                        "default_profile": false,
                        "default_profile_image": false,
                        "following": null,
                        "follow_request_sent": null,
                        "notifications": null,
                        "translator_type": "none"
                    }
                }
            }
        ]
    },
    "metadata": {
        "iso_language_code": "es",
        "result_type": "recent"
    },
    "source": "<a href=\"http://twitter.com/download/android\" rel=\"nofollow\">Twitter for Android</a>",
    "in_reply_to_status_id": null,
    "in_reply_to_status_id_str": null,
    "in_reply_to_user_id": null,
    "in_reply_to_user_id_str": null,
    "in_reply_to_screen_name": null,
    "user": {
        "id": 4662771973,
        "id_str": "4662771973",
        "name": "Jeremy PF | Canche",
        "screen_name": "Jeremy_Canch",
        "location": "Guatemala, City",
        "description": "",
        "url": null,
        "entities": {
            "description": {
                "urls": []
            }
        },
        "protected": false,
        "followers_count": 71,
        "friends_count": 361,
        "listed_count": 0,
        "created_at": "Sun Dec 27 18:13:25 +0000 2015",
        "favourites_count": 18,
        "utc_offset": null,
        "time_zone": null,
        "geo_enabled": true,
        "verified": false,
        "statuses_count": 614,
        "lang": null,
        "contributors_enabled": false,
        "is_translator": false,
        "is_translation_enabled": false,
        "profile_background_color": "000000",
        "profile_background_image_url": "http://abs.twimg.com/images/themes/theme1/bg.png",
        "profile_background_image_url_https": "https://abs.twimg.com/images/themes/theme1/bg.png",
        "profile_background_tile": false,
        "profile_image_url": "http://pbs.twimg.com/profile_images/1215517342962196480/f32A2gng_normal.jpg",
        "profile_image_url_https": "https://pbs.twimg.com/profile_images/1215517342962196480/f32A2gng_normal.jpg",
        "profile_banner_url": "https://pbs.twimg.com/profile_banners/4662771973/1578544071",
        "profile_link_color": "07256C",
        "profile_sidebar_border_color": "000000",
        "profile_sidebar_fill_color": "000000",
        "profile_text_color": "000000",
        "profile_use_background_image": false,
        "has_extended_profile": true,
        "default_profile": false,
        "default_profile_image": false,
        "following": null,
        "follow_request_sent": null,
        "notifications": null,
        "translator_type": "none"
    },
    "geo": null,
    "coordinates": null,
    "place": null,
    "contributors": null,
    "retweeted_status": {
        "created_at": "Thu Jan 23 17:51:57 +0000 2020",
        "id": 1220403811845648387,
        "id_str": "1220403811845648387",
        "text": "Legooo @louisvuitton special !! Latino Gang , entrevista y buena vibra \ud83d\ude4f #blanco #morado\nPA LA CULTURA https://t.co/I8cxSlg9gx",
        "truncated": false,
        "entities": {
            "hashtags": [
                {
                    "text": "blanco",
                    "indices": [
                        73,
                        80
                    ]
                },
                {
                    "text": "morado",
                    "indices": [
                        81,
                        88
                    ]
                }
            ],
            "symbols": [],
            "user_mentions": [
                {
                    "screen_name": "LouisVuitton",
                    "name": "Louis Vuitton",
                    "id": 44084633,
                    "id_str": "44084633",
                    "indices": [
                        7,
                        20
                    ]
                }
            ],
            "urls": [],
            "media": [
                {
                    "id": 1220403711236804608,
                    "id_str": "1220403711236804608",
                    "indices": [
                        103,
                        126
                    ],
                    "media_url": "http://pbs.twimg.com/ext_tw_video_thumb/1220403711236804608/pu/img/xB9n1i1hetJia-Oc.jpg",
                    "media_url_https": "https://pbs.twimg.com/ext_tw_video_thumb/1220403711236804608/pu/img/xB9n1i1hetJia-Oc.jpg",
                    "url": "https://t.co/I8cxSlg9gx",
                    "display_url": "pic.twitter.com/I8cxSlg9gx",
                    "expanded_url": "https://twitter.com/JBALVIN/status/1220403811845648387/video/1",
                    "type": "photo",
                    "sizes": {
                        "thumb": {
                            "w": 150,
                            "h": 150,
                            "resize": "crop"
                        },
                        "large": {
                            "w": 848,
                            "h": 480,
                            "resize": "fit"
                        },
                        "medium": {
                            "w": 848,
                            "h": 480,
                            "resize": "fit"
                        },
                        "small": {
                            "w": 680,
                            "h": 385,
                            "resize": "fit"
                        }
                    }
                }
            ]
        },
        "extended_entities": {
            "media": [
                {
                    "id": 1220403711236804608,
                    "id_str": "1220403711236804608",
                    "indices": [
                        103,
                        126
                    ],
                    "media_url": "http://pbs.twimg.com/ext_tw_video_thumb/1220403711236804608/pu/img/xB9n1i1hetJia-Oc.jpg",
                    "media_url_https": "https://pbs.twimg.com/ext_tw_video_thumb/1220403711236804608/pu/img/xB9n1i1hetJia-Oc.jpg",
                    "url": "https://t.co/I8cxSlg9gx",
                    "display_url": "pic.twitter.com/I8cxSlg9gx",
                    "expanded_url": "https://twitter.com/JBALVIN/status/1220403811845648387/video/1",
                    "type": "video",
                    "sizes": {
                        "thumb": {
                            "w": 150,
                            "h": 150,
                            "resize": "crop"
                        },
                        "large": {
                            "w": 848,
                            "h": 480,
                            "resize": "fit"
                        },
                        "medium": {
                            "w": 848,
                            "h": 480,
                            "resize": "fit"
                        },
                        "small": {
                            "w": 680,
                            "h": 385,
                            "resize": "fit"
                        }
                    },
                    "video_info": {
                        "aspect_ratio": [
                            53,
                            30
                        ],
                        "duration_millis": 43560,
                        "variants": [
                            {
                                "content_type": "application/x-mpegURL",
                                "url": "https://video.twimg.com/ext_tw_video/1220403711236804608/pu/pl/jNxrh4AsgaijKwMP.m3u8?tag=10"
                            },
                            {
                                "bitrate": 256000,
                                "content_type": "video/mp4",
                                "url": "https://video.twimg.com/ext_tw_video/1220403711236804608/pu/vid/476x270/3RVlGFzjEmVeHd-q.mp4?tag=10"
                            },
                            {
                                "bitrate": 832000,
                                "content_type": "video/mp4",
                                "url": "https://video.twimg.com/ext_tw_video/1220403711236804608/pu/vid/636x360/JRj0l55ngHYEZjVd.mp4?tag=10"
                            },
                            {
                                "bitrate": 2176000,
                                "content_type": "video/mp4",
                                "url": "https://video.twimg.com/ext_tw_video/1220403711236804608/pu/vid/848x480/C48YSKbhW5xlKXSe.mp4?tag=10"
                            }
                        ]
                    },
                    "additional_media_info": {
                        "monetizable": false
                    }
                }
            ]
        },
        "metadata": {
            "iso_language_code": "es",
            "result_type": "recent"
        },
        "source": "<a href=\"http://twitter.com/download/android\" rel=\"nofollow\">Twitter for Android</a>",
        "in_reply_to_status_id": null,
        "in_reply_to_status_id_str": null,
        "in_reply_to_user_id": null,
        "in_reply_to_user_id_str": null,
        "in_reply_to_screen_name": null,
        "user": {
            "id": 44670915,
            "id_str": "44670915",
            "name": "J BALVIN",
            "screen_name": "JBALVIN",
            "location": "",
            "description": "Ser Humano",
            "url": "https://t.co/OAIO1BnNMx",
            "entities": {
                "url": {
                    "urls": [
                        {
                            "url": "https://t.co/OAIO1BnNMx",
                            "expanded_url": "https://JBalvin.lnk.to/RojoTw",
                            "display_url": "JBalvin.lnk.to/RojoTw",
                            "indices": [
                                0,
                                23
                            ]
                        }
                    ]
                },
                "description": {
                    "urls": []
                }
            },
            "protected": false,
            "followers_count": 7095415,
            "friends_count": 552,
            "listed_count": 7504,
            "created_at": "Thu Jun 04 17:41:41 +0000 2009",
            "favourites_count": 135,
            "utc_offset": null,
            "time_zone": null,
            "geo_enabled": true,
            "verified": true,
            "statuses_count": 30691,
            "lang": null,
            "contributors_enabled": false,
            "is_translator": false,
            "is_translation_enabled": false,
            "profile_background_color": "000000",
            "profile_background_image_url": "http://abs.twimg.com/images/themes/theme1/bg.png",
            "profile_background_image_url_https": "https://abs.twimg.com/images/themes/theme1/bg.png",
            "profile_background_tile": false,
            "profile_image_url": "http://pbs.twimg.com/profile_images/1232731023110287360/tKwSB9vq_normal.jpg",
            "profile_image_url_https": "https://pbs.twimg.com/profile_images/1232731023110287360/tKwSB9vq_normal.jpg",
            "profile_banner_url": "https://pbs.twimg.com/profile_banners/44670915/1582740954",
            "profile_link_color": "0084B4",
            "profile_sidebar_border_color": "FFFFFF",
            "profile_sidebar_fill_color": "DDEEF6",
            "profile_text_color": "333333",
            "profile_use_background_image": true,
            "has_extended_profile": false,
            "default_profile": false,
            "default_profile_image": false,
            "following": null,
            "follow_request_sent": null,
            "notifications": null,
            "translator_type": "none"
        },
        "geo": null,
        "coordinates": null,
        "place": null,
        "contributors": null,
        "is_quote_status": false,
        "retweet_count": 247,
        "favorite_count": 3180,
        "favorited": false,
        "retweeted": false,
        "possibly_sensitive": false,
        "lang": "es"
    },
    "is_quote_status": false,
    "retweet_count": 247,
    "favorite_count": 0,
    "favorited": false,
    "retweeted": false,
    "possibly_sensitive": false,
    "lang": "es"
}