{
    "created_at": "Tue Mar 10 00:51:23 +0000 2020",
    "id": 1237179209707139073,
    "id_str": "1237179209707139073",
    "text": "@ChiefsCheer @TOMFORD @Versace @armani @KylieJenner @LouisVuitton @gucci @AMHQ @FoxBusinessAM \ud83d\ude4f\ud83c\udfff",
    "truncated": false,
    "entities": {
        "hashtags": [],
        "symbols": [],
        "user_mentions": [
            {
                "screen_name": "ChiefsCheer",
                "name": "Chiefs Cheerleaders",
                "id": 35808305,
                "id_str": "35808305",
                "indices": [
                    0,
                    12
                ]
            },
            {
                "screen_name": "TOMFORD",
                "name": "TOM FORD",
                "id": 2327933017,
                "id_str": "2327933017",
                "indices": [
                    13,
                    21
                ]
            },
            {
                "screen_name": "Versace",
                "name": "VERSACE",
                "id": 72568426,
                "id_str": "72568426",
                "indices": [
                    22,
                    30
                ]
            },
            {
                "screen_name": "armani",
                "name": "Armani",
                "id": 78021221,
                "id_str": "78021221",
                "indices": [
                    31,
                    38
                ]
            },
            {
                "screen_name": "KylieJenner",
                "name": "Kylie Jenner",
                "id": 236699098,
                "id_str": "236699098",
                "indices": [
                    39,
                    51
                ]
            },
            {
                "screen_name": "LouisVuitton",
                "name": "Louis Vuitton",
                "id": 44084633,
                "id_str": "44084633",
                "indices": [
                    52,
                    65
                ]
            },
            {
                "screen_name": "gucci",
                "name": "gucci",
                "id": 16913418,
                "id_str": "16913418",
                "indices": [
                    66,
                    72
                ]
            },
            {
                "screen_name": "AMHQ",
                "name": "AMHQ",
                "id": 2325690444,
                "id_str": "2325690444",
                "indices": [
                    73,
                    78
                ]
            },
            {
                "screen_name": "FoxBusinessAM",
                "name": "FBN:AM",
                "id": 3229947996,
                "id_str": "3229947996",
                "indices": [
                    79,
                    93
                ]
            }
        ],
        "urls": []
    },
    "metadata": {
        "iso_language_code": "und",
        "result_type": "recent"
    },
    "source": "<a href=\"http://twitter.com/#!/download/ipad\" rel=\"nofollow\">Twitter for iPad</a>",
    "in_reply_to_status_id": 1237117273854349318,
    "in_reply_to_status_id_str": "1237117273854349318",
    "in_reply_to_user_id": 35808305,
    "in_reply_to_user_id_str": "35808305",
    "in_reply_to_screen_name": "ChiefsCheer",
    "user": {
        "id": 1223292669020995585,
        "id_str": "1223292669020995585",
        "name": "uss34mlb",
        "screen_name": "uss34mlb",
        "location": "Kent, OH",
        "description": "GOD is so kool  \ud83d\ude4f\ud83c\udfff  attention to detail \u2b50\ufe0f watertight integrity \u2b50\ufe0f good cardio is awesome \u2b50\ufe0f Rip King Kobra \ud83d\udc0d\ud83d\udc51\ud83d\udc0d\ud83c\udfc0\ud83d\ude4f",
        "url": null,
        "entities": {
            "description": {
                "urls": []
            }
        },
        "protected": false,
        "followers_count": 43,
        "friends_count": 1207,
        "listed_count": 1,
        "created_at": "Fri Jan 31 17:11:42 +0000 2020",
        "favourites_count": 5737,
        "utc_offset": null,
        "time_zone": null,
        "geo_enabled": false,
        "verified": false,
        "statuses_count": 3946,
        "lang": null,
        "contributors_enabled": false,
        "is_translator": false,
        "is_translation_enabled": false,
        "profile_background_color": "F5F8FA",
        "profile_background_image_url": null,
        "profile_background_image_url_https": null,
        "profile_background_tile": false,
        "profile_image_url": "http://pbs.twimg.com/profile_images/1230789062606409728/btSltkyc_normal.jpg",
        "profile_image_url_https": "https://pbs.twimg.com/profile_images/1230789062606409728/btSltkyc_normal.jpg",
        "profile_banner_url": "https://pbs.twimg.com/profile_banners/1223292669020995585/1582277998",
        "profile_link_color": "1DA1F2",
        "profile_sidebar_border_color": "C0DEED",
        "profile_sidebar_fill_color": "DDEEF6",
        "profile_text_color": "333333",
        "profile_use_background_image": true,
        "has_extended_profile": true,
        "default_profile": true,
        "default_profile_image": false,
        "following": null,
        "follow_request_sent": null,
        "notifications": null,
        "translator_type": "none"
    },
    "geo": null,
    "coordinates": null,
    "place": null,
    "contributors": null,
    "is_quote_status": false,
    "retweet_count": 0,
    "favorite_count": 0,
    "favorited": false,
    "retweeted": false,
    "lang": "und"
}