{
    "created_at": "Tue Mar 10 12:20:11 +0000 2020",
    "id": 1237352549105180673,
    "id_str": "1237352549105180673",
    "text": "RT @Maalexaba: Absolutamente! As\u00ed vista de @LouisVuitton es igual o peor q cualquier pran de Tocor\u00f3n o Tocuyito, no hay la m\u00e1s m\u00ednima difer\u2026",
    "truncated": false,
    "entities": {
        "hashtags": [],
        "symbols": [],
        "user_mentions": [
            {
                "screen_name": "Maalexaba",
                "name": "Mar\u00edalex",
                "id": 109052265,
                "id_str": "109052265",
                "indices": [
                    3,
                    13
                ]
            },
            {
                "screen_name": "LouisVuitton",
                "name": "Louis Vuitton",
                "id": 44084633,
                "id_str": "44084633",
                "indices": [
                    43,
                    56
                ]
            }
        ],
        "urls": []
    },
    "metadata": {
        "iso_language_code": "es",
        "result_type": "recent"
    },
    "source": "<a href=\"https://mobile.twitter.com\" rel=\"nofollow\">Twitter Web App</a>",
    "in_reply_to_status_id": null,
    "in_reply_to_status_id_str": null,
    "in_reply_to_user_id": null,
    "in_reply_to_user_id_str": null,
    "in_reply_to_screen_name": null,
    "user": {
        "id": 213853034,
        "id_str": "213853034",
        "name": "Ramiro Falc\u00f3n M",
        "screen_name": "ramirofalconm",
        "location": "",
        "description": "Profesor del Postgrado de Cardiolog\u00eda UCLA - ASCARDIO.",
        "url": null,
        "entities": {
            "description": {
                "urls": []
            }
        },
        "protected": false,
        "followers_count": 2987,
        "friends_count": 1769,
        "listed_count": 34,
        "created_at": "Tue Nov 09 23:28:44 +0000 2010",
        "favourites_count": 471,
        "utc_offset": null,
        "time_zone": null,
        "geo_enabled": true,
        "verified": false,
        "statuses_count": 45352,
        "lang": null,
        "contributors_enabled": false,
        "is_translator": false,
        "is_translation_enabled": false,
        "profile_background_color": "C0DEED",
        "profile_background_image_url": "http://abs.twimg.com/images/themes/theme1/bg.png",
        "profile_background_image_url_https": "https://abs.twimg.com/images/themes/theme1/bg.png",
        "profile_background_tile": false,
        "profile_image_url": "http://pbs.twimg.com/profile_images/787672501870559233/xU4RiFhs_normal.jpg",
        "profile_image_url_https": "https://pbs.twimg.com/profile_images/787672501870559233/xU4RiFhs_normal.jpg",
        "profile_link_color": "1DA1F2",
        "profile_sidebar_border_color": "C0DEED",
        "profile_sidebar_fill_color": "DDEEF6",
        "profile_text_color": "333333",
        "profile_use_background_image": true,
        "has_extended_profile": false,
        "default_profile": true,
        "default_profile_image": false,
        "following": null,
        "follow_request_sent": null,
        "notifications": null,
        "translator_type": "none"
    },
    "geo": null,
    "coordinates": null,
    "place": null,
    "contributors": null,
    "retweeted_status": {
        "created_at": "Tue Mar 10 12:06:49 +0000 2020",
        "id": 1237349186024230912,
        "id_str": "1237349186024230912",
        "text": "Absolutamente! As\u00ed vista de @LouisVuitton es igual o peor q cualquier pran de Tocor\u00f3n o Tocuyito, no hay la m\u00e1s m\u00edn\u2026 https://t.co/P5hwB6u5bB",
        "truncated": true,
        "entities": {
            "hashtags": [],
            "symbols": [],
            "user_mentions": [
                {
                    "screen_name": "LouisVuitton",
                    "name": "Louis Vuitton",
                    "id": 44084633,
                    "id_str": "44084633",
                    "indices": [
                        28,
                        41
                    ]
                }
            ],
            "urls": [
                {
                    "url": "https://t.co/P5hwB6u5bB",
                    "expanded_url": "https://twitter.com/i/web/status/1237349186024230912",
                    "display_url": "twitter.com/i/web/status/1\u2026",
                    "indices": [
                        117,
                        140
                    ]
                }
            ]
        },
        "metadata": {
            "iso_language_code": "es",
            "result_type": "recent"
        },
        "source": "<a href=\"http://twitter.com/download/android\" rel=\"nofollow\">Twitter for Android</a>",
        "in_reply_to_status_id": null,
        "in_reply_to_status_id_str": null,
        "in_reply_to_user_id": null,
        "in_reply_to_user_id_str": null,
        "in_reply_to_screen_name": null,
        "user": {
            "id": 109052265,
            "id_str": "109052265",
            "name": "Mar\u00edalex",
            "screen_name": "Maalexaba",
            "location": "Espa\u00f1a - Venezuela en el \u2764",
            "description": "La Verdad NO necesita Defensa...!!!",
            "url": null,
            "entities": {
                "description": {
                    "urls": []
                }
            },
            "protected": false,
            "followers_count": 2023,
            "friends_count": 2818,
            "listed_count": 23,
            "created_at": "Wed Jan 27 20:45:12 +0000 2010",
            "favourites_count": 31283,
            "utc_offset": null,
            "time_zone": null,
            "geo_enabled": true,
            "verified": false,
            "statuses_count": 114833,
            "lang": null,
            "contributors_enabled": false,
            "is_translator": false,
            "is_translation_enabled": false,
            "profile_background_color": "FF6699",
            "profile_background_image_url": "http://abs.twimg.com/images/themes/theme11/bg.gif",
            "profile_background_image_url_https": "https://abs.twimg.com/images/themes/theme11/bg.gif",
            "profile_background_tile": true,
            "profile_image_url": "http://pbs.twimg.com/profile_images/378800000312901148/0c3e70c5681b436daf4c9072a1d5ce0a_normal.jpeg",
            "profile_image_url_https": "https://pbs.twimg.com/profile_images/378800000312901148/0c3e70c5681b436daf4c9072a1d5ce0a_normal.jpeg",
            "profile_banner_url": "https://pbs.twimg.com/profile_banners/109052265/1516148375",
            "profile_link_color": "B40B43",
            "profile_sidebar_border_color": "CC3366",
            "profile_sidebar_fill_color": "E5507E",
            "profile_text_color": "362720",
            "profile_use_background_image": true,
            "has_extended_profile": false,
            "default_profile": false,
            "default_profile_image": false,
            "following": null,
            "follow_request_sent": null,
            "notifications": null,
            "translator_type": "none"
        },
        "geo": null,
        "coordinates": null,
        "place": null,
        "contributors": null,
        "is_quote_status": true,
        "quoted_status_id": 1237346228490440704,
        "quoted_status_id_str": "1237346228490440704",
        "quoted_status": {
            "created_at": "Tue Mar 10 11:55:04 +0000 2020",
            "id": 1237346228490440704,
            "id_str": "1237346228490440704",
            "text": "\u00a1Alejandro Betancourt, no solamente es uno de los m\u00e1s grandes ladrones que ha parido Venezuela, sino que hay que co\u2026 https://t.co/VqaOkJ2Cru",
            "truncated": true,
            "entities": {
                "hashtags": [],
                "symbols": [],
                "user_mentions": [],
                "urls": [
                    {
                        "url": "https://t.co/VqaOkJ2Cru",
                        "expanded_url": "https://twitter.com/i/web/status/1237346228490440704",
                        "display_url": "twitter.com/i/web/status/1\u2026",
                        "indices": [
                            117,
                            140
                        ]
                    }
                ]
            },
            "metadata": {
                "iso_language_code": "es",
                "result_type": "recent"
            },
            "source": "<a href=\"https://mobile.twitter.com\" rel=\"nofollow\">Twitter Web App</a>",
            "in_reply_to_status_id": null,
            "in_reply_to_status_id_str": null,
            "in_reply_to_user_id": null,
            "in_reply_to_user_id_str": null,
            "in_reply_to_screen_name": null,
            "user": {
                "id": 213853034,
                "id_str": "213853034",
                "name": "Ramiro Falc\u00f3n M",
                "screen_name": "ramirofalconm",
                "location": "",
                "description": "Profesor del Postgrado de Cardiolog\u00eda UCLA - ASCARDIO.",
                "url": null,
                "entities": {
                    "description": {
                        "urls": []
                    }
                },
                "protected": false,
                "followers_count": 2987,
                "friends_count": 1769,
                "listed_count": 34,
                "created_at": "Tue Nov 09 23:28:44 +0000 2010",
                "favourites_count": 471,
                "utc_offset": null,
                "time_zone": null,
                "geo_enabled": true,
                "verified": false,
                "statuses_count": 45352,
                "lang": null,
                "contributors_enabled": false,
                "is_translator": false,
                "is_translation_enabled": false,
                "profile_background_color": "C0DEED",
                "profile_background_image_url": "http://abs.twimg.com/images/themes/theme1/bg.png",
                "profile_background_image_url_https": "https://abs.twimg.com/images/themes/theme1/bg.png",
                "profile_background_tile": false,
                "profile_image_url": "http://pbs.twimg.com/profile_images/787672501870559233/xU4RiFhs_normal.jpg",
                "profile_image_url_https": "https://pbs.twimg.com/profile_images/787672501870559233/xU4RiFhs_normal.jpg",
                "profile_link_color": "1DA1F2",
                "profile_sidebar_border_color": "C0DEED",
                "profile_sidebar_fill_color": "DDEEF6",
                "profile_text_color": "333333",
                "profile_use_background_image": true,
                "has_extended_profile": false,
                "default_profile": true,
                "default_profile_image": false,
                "following": null,
                "follow_request_sent": null,
                "notifications": null,
                "translator_type": "none"
            },
            "geo": null,
            "coordinates": null,
            "place": null,
            "contributors": null,
            "is_quote_status": true,
            "quoted_status_id": 1237331754408644608,
            "quoted_status_id_str": "1237331754408644608",
            "retweet_count": 1,
            "favorite_count": 1,
            "favorited": false,
            "retweeted": false,
            "possibly_sensitive": false,
            "lang": "es"
        },
        "retweet_count": 1,
        "favorite_count": 0,
        "favorited": false,
        "retweeted": false,
        "possibly_sensitive": false,
        "lang": "es"
    },
    "is_quote_status": true,
    "quoted_status_id": 1237346228490440704,
    "quoted_status_id_str": "1237346228490440704",
    "retweet_count": 1,
    "favorite_count": 0,
    "favorited": false,
    "retweeted": false,
    "lang": "es"
}