{
    "created_at": "Tue Mar 10 16:00:40 +0000 2020",
    "id": 1237408035468959747,
    "id_str": "1237408035468959747",
    "text": "RT @imanolsanchez: \ud83d\uddde\ufe0f La prestigiosa firma @LouisVuitton se inspira en la est\u00e9tica de la tauromaquia para sus modelos y los luce en la sema\u2026",
    "truncated": false,
    "entities": {
        "hashtags": [],
        "symbols": [],
        "user_mentions": [
            {
                "screen_name": "imanolsanchez",
                "name": "Imanol S\u00e1nchez",
                "id": 93583384,
                "id_str": "93583384",
                "indices": [
                    3,
                    17
                ]
            },
            {
                "screen_name": "LouisVuitton",
                "name": "Louis Vuitton",
                "id": 44084633,
                "id_str": "44084633",
                "indices": [
                    43,
                    56
                ]
            }
        ],
        "urls": []
    },
    "metadata": {
        "iso_language_code": "es",
        "result_type": "recent"
    },
    "source": "<a href=\"https://mobile.twitter.com\" rel=\"nofollow\">Twitter Web App</a>",
    "in_reply_to_status_id": null,
    "in_reply_to_status_id_str": null,
    "in_reply_to_user_id": null,
    "in_reply_to_user_id_str": null,
    "in_reply_to_screen_name": null,
    "user": {
        "id": 1952158982,
        "id_str": "1952158982",
        "name": "Miguel Angulo Aleman",
        "screen_name": "AlemanAngulo",
        "location": "Portugal",
        "description": "",
        "url": null,
        "entities": {
            "description": {
                "urls": []
            }
        },
        "protected": false,
        "followers_count": 50,
        "friends_count": 466,
        "listed_count": 0,
        "created_at": "Thu Oct 10 16:50:35 +0000 2013",
        "favourites_count": 15,
        "utc_offset": null,
        "time_zone": null,
        "geo_enabled": false,
        "verified": false,
        "statuses_count": 29023,
        "lang": null,
        "contributors_enabled": false,
        "is_translator": false,
        "is_translation_enabled": false,
        "profile_background_color": "C0DEED",
        "profile_background_image_url": "http://abs.twimg.com/images/themes/theme1/bg.png",
        "profile_background_image_url_https": "https://abs.twimg.com/images/themes/theme1/bg.png",
        "profile_background_tile": false,
        "profile_image_url": "http://abs.twimg.com/sticky/default_profile_images/default_profile_normal.png",
        "profile_image_url_https": "https://abs.twimg.com/sticky/default_profile_images/default_profile_normal.png",
        "profile_banner_url": "https://pbs.twimg.com/profile_banners/1952158982/1583608325",
        "profile_link_color": "1DA1F2",
        "profile_sidebar_border_color": "C0DEED",
        "profile_sidebar_fill_color": "DDEEF6",
        "profile_text_color": "333333",
        "profile_use_background_image": true,
        "has_extended_profile": true,
        "default_profile": true,
        "default_profile_image": true,
        "following": null,
        "follow_request_sent": null,
        "notifications": null,
        "translator_type": "none"
    },
    "geo": null,
    "coordinates": null,
    "place": null,
    "contributors": null,
    "retweeted_status": {
        "created_at": "Wed Mar 04 20:48:45 +0000 2020",
        "id": 1235306209126879232,
        "id_str": "1235306209126879232",
        "text": "\ud83d\uddde\ufe0f La prestigiosa firma @LouisVuitton se inspira en la est\u00e9tica de la tauromaquia para sus modelos y los luce en la\u2026 https://t.co/yNuuVztSDV",
        "truncated": true,
        "entities": {
            "hashtags": [],
            "symbols": [],
            "user_mentions": [
                {
                    "screen_name": "LouisVuitton",
                    "name": "Louis Vuitton",
                    "id": 44084633,
                    "id_str": "44084633",
                    "indices": [
                        24,
                        37
                    ]
                }
            ],
            "urls": [
                {
                    "url": "https://t.co/yNuuVztSDV",
                    "expanded_url": "https://twitter.com/i/web/status/1235306209126879232",
                    "display_url": "twitter.com/i/web/status/1\u2026",
                    "indices": [
                        117,
                        140
                    ]
                }
            ]
        },
        "metadata": {
            "iso_language_code": "es",
            "result_type": "recent"
        },
        "source": "<a href=\"https://mobile.twitter.com\" rel=\"nofollow\">Twitter Web App</a>",
        "in_reply_to_status_id": null,
        "in_reply_to_status_id_str": null,
        "in_reply_to_user_id": null,
        "in_reply_to_user_id_str": null,
        "in_reply_to_screen_name": null,
        "user": {
            "id": 93583384,
            "id_str": "93583384",
            "name": "Imanol S\u00e1nchez",
            "screen_name": "imanolsanchez",
            "location": "Zaragoza",
            "description": "\ud83c\uddea\ud83c\uddf8 TORERO \ud83c\udf99 Los lunes a las 20:00 en @emprendedores4g \ud83d\udcf7 S\u00edgueme https://t.co/NO3C5zEyPO \ud83d\udce7 contratacion@imanolsanchez.com",
            "url": "https://t.co/P79Qfy1dcZ",
            "entities": {
                "url": {
                    "urls": [
                        {
                            "url": "https://t.co/P79Qfy1dcZ",
                            "expanded_url": "http://www.imanolsanchez.com",
                            "display_url": "imanolsanchez.com",
                            "indices": [
                                0,
                                23
                            ]
                        }
                    ]
                },
                "description": {
                    "urls": [
                        {
                            "url": "https://t.co/NO3C5zEyPO",
                            "expanded_url": "http://instagram.com/imanolsanchez",
                            "display_url": "instagram.com/imanolsanchez",
                            "indices": [
                                64,
                                87
                            ]
                        }
                    ]
                }
            },
            "protected": false,
            "followers_count": 63066,
            "friends_count": 56342,
            "listed_count": 165,
            "created_at": "Mon Nov 30 07:31:10 +0000 2009",
            "favourites_count": 18448,
            "utc_offset": null,
            "time_zone": null,
            "geo_enabled": true,
            "verified": true,
            "statuses_count": 15854,
            "lang": null,
            "contributors_enabled": false,
            "is_translator": false,
            "is_translation_enabled": false,
            "profile_background_color": "2A271B",
            "profile_background_image_url": "http://abs.twimg.com/images/themes/theme17/bg.gif",
            "profile_background_image_url_https": "https://abs.twimg.com/images/themes/theme17/bg.gif",
            "profile_background_tile": false,
            "profile_image_url": "http://pbs.twimg.com/profile_images/1234137993935544326/tsd3Lsne_normal.jpg",
            "profile_image_url_https": "https://pbs.twimg.com/profile_images/1234137993935544326/tsd3Lsne_normal.jpg",
            "profile_banner_url": "https://pbs.twimg.com/profile_banners/93583384/1566939837",
            "profile_link_color": "692418",
            "profile_sidebar_border_color": "000000",
            "profile_sidebar_fill_color": "DDEEF6",
            "profile_text_color": "333333",
            "profile_use_background_image": false,
            "has_extended_profile": true,
            "default_profile": false,
            "default_profile_image": false,
            "following": null,
            "follow_request_sent": null,
            "notifications": null,
            "translator_type": "none"
        },
        "geo": null,
        "coordinates": null,
        "place": null,
        "contributors": null,
        "is_quote_status": false,
        "retweet_count": 25,
        "favorite_count": 93,
        "favorited": false,
        "retweeted": false,
        "possibly_sensitive": false,
        "lang": "es"
    },
    "is_quote_status": false,
    "retweet_count": 25,
    "favorite_count": 0,
    "favorited": false,
    "retweeted": false,
    "lang": "es"
}