{
    "created_at": "Tue Mar 10 05:17:55 +0000 2020",
    "id": 1237246285243015168,
    "id_str": "1237246285243015168",
    "text": "RT @JeffreeStar: Omg @LouisVuitton just delivered a massive bench that my home absolutely needed \ud83d\udc9a It will go perfect in the garden \ud83d\udc90 https\u2026",
    "truncated": false,
    "entities": {
        "hashtags": [],
        "symbols": [],
        "user_mentions": [
            {
                "screen_name": "JeffreeStar",
                "name": "Jeffree Star",
                "id": 18236230,
                "id_str": "18236230",
                "indices": [
                    3,
                    15
                ]
            },
            {
                "screen_name": "LouisVuitton",
                "name": "Louis Vuitton",
                "id": 44084633,
                "id_str": "44084633",
                "indices": [
                    21,
                    34
                ]
            }
        ],
        "urls": []
    },
    "metadata": {
        "iso_language_code": "en",
        "result_type": "recent"
    },
    "source": "<a href=\"https://mobile.twitter.com\" rel=\"nofollow\">Twitter Web App</a>",
    "in_reply_to_status_id": null,
    "in_reply_to_status_id_str": null,
    "in_reply_to_user_id": null,
    "in_reply_to_user_id_str": null,
    "in_reply_to_screen_name": null,
    "user": {
        "id": 1069914424465489921,
        "id_str": "1069914424465489921",
        "name": "mother of one child \u2728\ud83d\udc9c",
        "screen_name": "Nayyongii",
        "location": "",
        "description": "Fucktherules\ud83d\udd25",
        "url": null,
        "entities": {
            "description": {
                "urls": []
            }
        },
        "protected": false,
        "followers_count": 84,
        "friends_count": 507,
        "listed_count": 0,
        "created_at": "Tue Dec 04 11:20:51 +0000 2018",
        "favourites_count": 3722,
        "utc_offset": null,
        "time_zone": null,
        "geo_enabled": false,
        "verified": false,
        "statuses_count": 2084,
        "lang": null,
        "contributors_enabled": false,
        "is_translator": false,
        "is_translation_enabled": false,
        "profile_background_color": "F5F8FA",
        "profile_background_image_url": null,
        "profile_background_image_url_https": null,
        "profile_background_tile": false,
        "profile_image_url": "http://pbs.twimg.com/profile_images/1229830173337370627/Xg1lgTO4_normal.jpg",
        "profile_image_url_https": "https://pbs.twimg.com/profile_images/1229830173337370627/Xg1lgTO4_normal.jpg",
        "profile_banner_url": "https://pbs.twimg.com/profile_banners/1069914424465489921/1582860165",
        "profile_link_color": "1DA1F2",
        "profile_sidebar_border_color": "C0DEED",
        "profile_sidebar_fill_color": "DDEEF6",
        "profile_text_color": "333333",
        "profile_use_background_image": true,
        "has_extended_profile": true,
        "default_profile": true,
        "default_profile_image": false,
        "following": null,
        "follow_request_sent": null,
        "notifications": null,
        "translator_type": "none"
    },
    "geo": null,
    "coordinates": null,
    "place": null,
    "contributors": null,
    "retweeted_status": {
        "created_at": "Thu Mar 05 20:46:45 +0000 2020",
        "id": 1235668091251519488,
        "id_str": "1235668091251519488",
        "text": "Omg @LouisVuitton just delivered a massive bench that my home absolutely needed \ud83d\udc9a It will go perfect in the garden \ud83d\udc90 https://t.co/QisaowLBqY",
        "truncated": false,
        "entities": {
            "hashtags": [],
            "symbols": [],
            "user_mentions": [
                {
                    "screen_name": "LouisVuitton",
                    "name": "Louis Vuitton",
                    "id": 44084633,
                    "id_str": "44084633",
                    "indices": [
                        4,
                        17
                    ]
                }
            ],
            "urls": [],
            "media": [
                {
                    "id": 1235668087459872769,
                    "id_str": "1235668087459872769",
                    "indices": [
                        117,
                        140
                    ],
                    "media_url": "http://pbs.twimg.com/media/ESX5lCVVAAEBcZb.jpg",
                    "media_url_https": "https://pbs.twimg.com/media/ESX5lCVVAAEBcZb.jpg",
                    "url": "https://t.co/QisaowLBqY",
                    "display_url": "pic.twitter.com/QisaowLBqY",
                    "expanded_url": "https://twitter.com/JeffreeStar/status/1235668091251519488/photo/1",
                    "type": "photo",
                    "sizes": {
                        "thumb": {
                            "w": 150,
                            "h": 150,
                            "resize": "crop"
                        },
                        "large": {
                            "w": 1292,
                            "h": 1092,
                            "resize": "fit"
                        },
                        "small": {
                            "w": 680,
                            "h": 575,
                            "resize": "fit"
                        },
                        "medium": {
                            "w": 1200,
                            "h": 1014,
                            "resize": "fit"
                        }
                    }
                }
            ]
        },
        "extended_entities": {
            "media": [
                {
                    "id": 1235668087459872769,
                    "id_str": "1235668087459872769",
                    "indices": [
                        117,
                        140
                    ],
                    "media_url": "http://pbs.twimg.com/media/ESX5lCVVAAEBcZb.jpg",
                    "media_url_https": "https://pbs.twimg.com/media/ESX5lCVVAAEBcZb.jpg",
                    "url": "https://t.co/QisaowLBqY",
                    "display_url": "pic.twitter.com/QisaowLBqY",
                    "expanded_url": "https://twitter.com/JeffreeStar/status/1235668091251519488/photo/1",
                    "type": "photo",
                    "sizes": {
                        "thumb": {
                            "w": 150,
                            "h": 150,
                            "resize": "crop"
                        },
                        "large": {
                            "w": 1292,
                            "h": 1092,
                            "resize": "fit"
                        },
                        "small": {
                            "w": 680,
                            "h": 575,
                            "resize": "fit"
                        },
                        "medium": {
                            "w": 1200,
                            "h": 1014,
                            "resize": "fit"
                        }
                    }
                }
            ]
        },
        "metadata": {
            "iso_language_code": "en",
            "result_type": "recent"
        },
        "source": "<a href=\"http://twitter.com/download/iphone\" rel=\"nofollow\">Twitter for iPhone</a>",
        "in_reply_to_status_id": null,
        "in_reply_to_status_id_str": null,
        "in_reply_to_user_id": null,
        "in_reply_to_user_id_str": null,
        "in_reply_to_screen_name": null,
        "user": {
            "id": 18236230,
            "id_str": "18236230",
            "name": "Jeffree Star",
            "screen_name": "JeffreeStar",
            "location": "Hidden Hills, CA",
            "description": "Self-Made. Makeup Magician. CEO. Owner of Jeffree Star Cosmetics \ud83d\udca6 Mom of 4 Pomeranians. Singer/Songwriter. Co-Owner of Killer Merch.",
            "url": "https://t.co/2MA2rnQc0I",
            "entities": {
                "url": {
                    "urls": [
                        {
                            "url": "https://t.co/2MA2rnQc0I",
                            "expanded_url": "http://www.jeffreestarcosmetics.com",
                            "display_url": "jeffreestarcosmetics.com",
                            "indices": [
                                0,
                                23
                            ]
                        }
                    ]
                },
                "description": {
                    "urls": []
                }
            },
            "protected": false,
            "followers_count": 6600310,
            "friends_count": 92,
            "listed_count": 6850,
            "created_at": "Fri Dec 19 05:57:53 +0000 2008",
            "favourites_count": 11639,
            "utc_offset": null,
            "time_zone": null,
            "geo_enabled": false,
            "verified": true,
            "statuses_count": 39325,
            "lang": null,
            "contributors_enabled": false,
            "is_translator": false,
            "is_translation_enabled": true,
            "profile_background_color": "000000",
            "profile_background_image_url": "http://abs.twimg.com/images/themes/theme1/bg.png",
            "profile_background_image_url_https": "https://abs.twimg.com/images/themes/theme1/bg.png",
            "profile_background_tile": false,
            "profile_image_url": "http://pbs.twimg.com/profile_images/1227278719019913223/ms9B-rP-_normal.jpg",
            "profile_image_url_https": "https://pbs.twimg.com/profile_images/1227278719019913223/ms9B-rP-_normal.jpg",
            "profile_banner_url": "https://pbs.twimg.com/profile_banners/18236230/1581441024",
            "profile_link_color": "F58EA8",
            "profile_sidebar_border_color": "000000",
            "profile_sidebar_fill_color": "000000",
            "profile_text_color": "000000",
            "profile_use_background_image": false,
            "has_extended_profile": false,
            "default_profile": false,
            "default_profile_image": false,
            "following": null,
            "follow_request_sent": null,
            "notifications": null,
            "translator_type": "none"
        },
        "geo": null,
        "coordinates": null,
        "place": null,
        "contributors": null,
        "is_quote_status": false,
        "retweet_count": 2366,
        "favorite_count": 85702,
        "favorited": false,
        "retweeted": false,
        "possibly_sensitive": false,
        "lang": "en"
    },
    "is_quote_status": false,
    "retweet_count": 2366,
    "favorite_count": 0,
    "favorited": false,
    "retweeted": false,
    "lang": "en"
}