{
    "created_at": "Mon Mar 09 23:14:34 +0000 2020",
    "id": 1237154842633801729,
    "id_str": "1237154842633801729",
    "text": "RT @LouisVuitton: Non-conforming and unapologetic. #VirgilAbloh\u2019s latest campaign highlights the multiplicity of global youth against the u\u2026",
    "truncated": false,
    "entities": {
        "hashtags": [
            {
                "text": "VirgilAbloh",
                "indices": [
                    51,
                    63
                ]
            }
        ],
        "symbols": [],
        "user_mentions": [
            {
                "screen_name": "LouisVuitton",
                "name": "Louis Vuitton",
                "id": 44084633,
                "id_str": "44084633",
                "indices": [
                    3,
                    16
                ]
            }
        ],
        "urls": []
    },
    "metadata": {
        "iso_language_code": "en",
        "result_type": "recent"
    },
    "source": "<a href=\"http://twitter.com/download/iphone\" rel=\"nofollow\">Twitter for iPhone</a>",
    "in_reply_to_status_id": null,
    "in_reply_to_status_id_str": null,
    "in_reply_to_user_id": null,
    "in_reply_to_user_id_str": null,
    "in_reply_to_screen_name": null,
    "user": {
        "id": 844643852547973121,
        "id_str": "844643852547973121",
        "name": "El Mehdi \u2d63 \u0627\u0644 \u0645\u0647\u062f\u064a",
        "screen_name": "Mehdi_Barghouti",
        "location": "",
        "description": "Young Rifi \u20ac",
        "url": "https://t.co/e4wimeOJHy",
        "entities": {
            "url": {
                "urls": [
                    {
                        "url": "https://t.co/e4wimeOJHy",
                        "expanded_url": "https://www.instagram.com/mehdi_barghouti/?hl=fr",
                        "display_url": "instagram.com/mehdi_barghout\u2026",
                        "indices": [
                            0,
                            23
                        ]
                    }
                ]
            },
            "description": {
                "urls": []
            }
        },
        "protected": false,
        "followers_count": 263,
        "friends_count": 343,
        "listed_count": 0,
        "created_at": "Wed Mar 22 20:16:02 +0000 2017",
        "favourites_count": 1701,
        "utc_offset": null,
        "time_zone": null,
        "geo_enabled": false,
        "verified": false,
        "statuses_count": 513,
        "lang": null,
        "contributors_enabled": false,
        "is_translator": false,
        "is_translation_enabled": false,
        "profile_background_color": "000000",
        "profile_background_image_url": "http://abs.twimg.com/images/themes/theme1/bg.png",
        "profile_background_image_url_https": "https://abs.twimg.com/images/themes/theme1/bg.png",
        "profile_background_tile": false,
        "profile_image_url": "http://pbs.twimg.com/profile_images/1216492175220977670/0y0xvxTo_normal.jpg",
        "profile_image_url_https": "https://pbs.twimg.com/profile_images/1216492175220977670/0y0xvxTo_normal.jpg",
        "profile_banner_url": "https://pbs.twimg.com/profile_banners/844643852547973121/1583183219",
        "profile_link_color": "FF691F",
        "profile_sidebar_border_color": "000000",
        "profile_sidebar_fill_color": "000000",
        "profile_text_color": "000000",
        "profile_use_background_image": false,
        "has_extended_profile": true,
        "default_profile": false,
        "default_profile_image": false,
        "following": null,
        "follow_request_sent": null,
        "notifications": null,
        "translator_type": "none"
    },
    "geo": null,
    "coordinates": null,
    "place": null,
    "contributors": null,
    "retweeted_status": {
        "created_at": "Wed Feb 05 18:30:23 +0000 2020",
        "id": 1225124528172433411,
        "id_str": "1225124528172433411",
        "text": "Non-conforming and unapologetic. #VirgilAbloh\u2019s latest campaign highlights the multiplicity of global youth against\u2026 https://t.co/pV55l7FVTI",
        "truncated": true,
        "entities": {
            "hashtags": [
                {
                    "text": "VirgilAbloh",
                    "indices": [
                        33,
                        45
                    ]
                }
            ],
            "symbols": [],
            "user_mentions": [],
            "urls": [
                {
                    "url": "https://t.co/pV55l7FVTI",
                    "expanded_url": "https://twitter.com/i/web/status/1225124528172433411",
                    "display_url": "twitter.com/i/web/status/1\u2026",
                    "indices": [
                        117,
                        140
                    ]
                }
            ]
        },
        "metadata": {
            "iso_language_code": "en",
            "result_type": "recent"
        },
        "source": "<a href=\"https://www.sprinklr.com\" rel=\"nofollow\">Sprinklr</a>",
        "in_reply_to_status_id": null,
        "in_reply_to_status_id_str": null,
        "in_reply_to_user_id": null,
        "in_reply_to_user_id_str": null,
        "in_reply_to_screen_name": null,
        "user": {
            "id": 44084633,
            "id_str": "44084633",
            "name": "Louis Vuitton",
            "screen_name": "LouisVuitton",
            "location": "",
            "description": "The official Twitter page for Louis Vuitton Worldwide. Contact client services at @LVServices for customer assistance and personalised advice.",
            "url": "http://t.co/znRCgDOH21",
            "entities": {
                "url": {
                    "urls": [
                        {
                            "url": "http://t.co/znRCgDOH21",
                            "expanded_url": "http://www.louisvuitton.com",
                            "display_url": "louisvuitton.com",
                            "indices": [
                                0,
                                22
                            ]
                        }
                    ]
                },
                "description": {
                    "urls": []
                }
            },
            "protected": false,
            "followers_count": 7501392,
            "friends_count": 6,
            "listed_count": 9683,
            "created_at": "Tue Jun 02 08:22:48 +0000 2009",
            "favourites_count": 109,
            "utc_offset": null,
            "time_zone": null,
            "geo_enabled": false,
            "verified": true,
            "statuses_count": 5652,
            "lang": null,
            "contributors_enabled": false,
            "is_translator": false,
            "is_translation_enabled": false,
            "profile_background_color": "000000",
            "profile_background_image_url": "http://abs.twimg.com/images/themes/theme4/bg.gif",
            "profile_background_image_url_https": "https://abs.twimg.com/images/themes/theme4/bg.gif",
            "profile_background_tile": true,
            "profile_image_url": "http://pbs.twimg.com/profile_images/744891970380767232/jum1SDsC_normal.jpg",
            "profile_image_url_https": "https://pbs.twimg.com/profile_images/744891970380767232/jum1SDsC_normal.jpg",
            "profile_banner_url": "https://pbs.twimg.com/profile_banners/44084633/1583070237",
            "profile_link_color": "FF691F",
            "profile_sidebar_border_color": "FFFFFF",
            "profile_sidebar_fill_color": "FFFFFF",
            "profile_text_color": "2B1413",
            "profile_use_background_image": true,
            "has_extended_profile": false,
            "default_profile": false,
            "default_profile_image": false,
            "following": null,
            "follow_request_sent": null,
            "notifications": null,
            "translator_type": "none"
        },
        "geo": null,
        "coordinates": null,
        "place": null,
        "contributors": null,
        "is_quote_status": false,
        "retweet_count": 80,
        "favorite_count": 509,
        "favorited": false,
        "retweeted": false,
        "possibly_sensitive": false,
        "lang": "en"
    },
    "is_quote_status": false,
    "retweet_count": 80,
    "favorite_count": 0,
    "favorited": false,
    "retweeted": false,
    "lang": "en"
}