{
    "created_at": "Tue Mar 10 12:24:00 +0000 2020",
    "id": 1237353511790055424,
    "id_str": "1237353511790055424",
    "text": "Okay @LouisVuitton make her your new face of LV https://t.co/E8EI3KhM6i",
    "truncated": false,
    "entities": {
        "hashtags": [],
        "symbols": [],
        "user_mentions": [
            {
                "screen_name": "LouisVuitton",
                "name": "Louis Vuitton",
                "id": 44084633,
                "id_str": "44084633",
                "indices": [
                    5,
                    18
                ]
            }
        ],
        "urls": [],
        "media": [
            {
                "id": 1237353491904884738,
                "id_str": "1237353491904884738",
                "indices": [
                    48,
                    71
                ],
                "media_url": "http://pbs.twimg.com/media/ESv2cfKUcAIH7Ax.jpg",
                "media_url_https": "https://pbs.twimg.com/media/ESv2cfKUcAIH7Ax.jpg",
                "url": "https://t.co/E8EI3KhM6i",
                "display_url": "pic.twitter.com/E8EI3KhM6i",
                "expanded_url": "https://twitter.com/seuIgibi/status/1237353511790055424/photo/1",
                "type": "photo",
                "sizes": {
                    "medium": {
                        "w": 800,
                        "h": 1200,
                        "resize": "fit"
                    },
                    "thumb": {
                        "w": 150,
                        "h": 150,
                        "resize": "crop"
                    },
                    "small": {
                        "w": 453,
                        "h": 680,
                        "resize": "fit"
                    },
                    "large": {
                        "w": 1124,
                        "h": 1687,
                        "resize": "fit"
                    }
                }
            }
        ]
    },
    "extended_entities": {
        "media": [
            {
                "id": 1237353491904884738,
                "id_str": "1237353491904884738",
                "indices": [
                    48,
                    71
                ],
                "media_url": "http://pbs.twimg.com/media/ESv2cfKUcAIH7Ax.jpg",
                "media_url_https": "https://pbs.twimg.com/media/ESv2cfKUcAIH7Ax.jpg",
                "url": "https://t.co/E8EI3KhM6i",
                "display_url": "pic.twitter.com/E8EI3KhM6i",
                "expanded_url": "https://twitter.com/seuIgibi/status/1237353511790055424/photo/1",
                "type": "photo",
                "sizes": {
                    "medium": {
                        "w": 800,
                        "h": 1200,
                        "resize": "fit"
                    },
                    "thumb": {
                        "w": 150,
                        "h": 150,
                        "resize": "crop"
                    },
                    "small": {
                        "w": 453,
                        "h": 680,
                        "resize": "fit"
                    },
                    "large": {
                        "w": 1124,
                        "h": 1687,
                        "resize": "fit"
                    }
                }
            }
        ]
    },
    "metadata": {
        "iso_language_code": "en",
        "result_type": "recent"
    },
    "source": "<a href=\"http://twitter.com/download/iphone\" rel=\"nofollow\">Twitter for iPhone</a>",
    "in_reply_to_status_id": null,
    "in_reply_to_status_id_str": null,
    "in_reply_to_user_id": null,
    "in_reply_to_user_id_str": null,
    "in_reply_to_screen_name": null,
    "user": {
        "id": 1213401245647425536,
        "id_str": "1213401245647425536",
        "name": "\u064b\u221e",
        "screen_name": "seuIgibi",
        "location": "",
        "description": "#Minho: backup of @gomdoriseulgi",
        "url": "https://t.co/z62HRJS33v",
        "entities": {
            "url": {
                "urls": [
                    {
                        "url": "https://t.co/z62HRJS33v",
                        "expanded_url": "http://xn--seulgi-hb54e.xn--c6h",
                        "display_url": "\ud83d\udc3bseulgi.\u2661",
                        "indices": [
                            0,
                            23
                        ]
                    }
                ]
            },
            "description": {
                "urls": []
            }
        },
        "protected": false,
        "followers_count": 189,
        "friends_count": 136,
        "listed_count": 4,
        "created_at": "Sat Jan 04 10:06:28 +0000 2020",
        "favourites_count": 4929,
        "utc_offset": null,
        "time_zone": null,
        "geo_enabled": false,
        "verified": false,
        "statuses_count": 2236,
        "lang": null,
        "contributors_enabled": false,
        "is_translator": false,
        "is_translation_enabled": false,
        "profile_background_color": "F5F8FA",
        "profile_background_image_url": null,
        "profile_background_image_url_https": null,
        "profile_background_tile": false,
        "profile_image_url": "http://pbs.twimg.com/profile_images/1237309050322219008/HiWkcstu_normal.jpg",
        "profile_image_url_https": "https://pbs.twimg.com/profile_images/1237309050322219008/HiWkcstu_normal.jpg",
        "profile_banner_url": "https://pbs.twimg.com/profile_banners/1213401245647425536/1583832441",
        "profile_link_color": "1DA1F2",
        "profile_sidebar_border_color": "C0DEED",
        "profile_sidebar_fill_color": "DDEEF6",
        "profile_text_color": "333333",
        "profile_use_background_image": true,
        "has_extended_profile": false,
        "default_profile": true,
        "default_profile_image": false,
        "following": null,
        "follow_request_sent": null,
        "notifications": null,
        "translator_type": "none"
    },
    "geo": null,
    "coordinates": null,
    "place": null,
    "contributors": null,
    "is_quote_status": false,
    "retweet_count": 0,
    "favorite_count": 0,
    "favorited": false,
    "retweeted": false,
    "possibly_sensitive": false,
    "lang": "en"
}