{
    "created_at": "Tue Mar 10 16:32:23 +0000 2020",
    "id": 1237416018852622336,
    "id_str": "1237416018852622336",
    "text": "@Genius @selenagomez @AppleMusic @LouisVuitton Quyiana shirt \ud83d\ude0d",
    "truncated": false,
    "entities": {
        "hashtags": [],
        "symbols": [],
        "user_mentions": [
            {
                "screen_name": "Genius",
                "name": "Genius",
                "id": 72073289,
                "id_str": "72073289",
                "indices": [
                    0,
                    7
                ]
            },
            {
                "screen_name": "selenagomez",
                "name": "Selena Gomez",
                "id": 23375688,
                "id_str": "23375688",
                "indices": [
                    8,
                    20
                ]
            },
            {
                "screen_name": "AppleMusic",
                "name": "Apple Music",
                "id": 74580436,
                "id_str": "74580436",
                "indices": [
                    21,
                    32
                ]
            },
            {
                "screen_name": "LouisVuitton",
                "name": "Louis Vuitton",
                "id": 44084633,
                "id_str": "44084633",
                "indices": [
                    33,
                    46
                ]
            }
        ],
        "urls": []
    },
    "metadata": {
        "iso_language_code": "en",
        "result_type": "recent"
    },
    "source": "<a href=\"http://twitter.com/download/android\" rel=\"nofollow\">Twitter for Android</a>",
    "in_reply_to_status_id": 1237070611920420868,
    "in_reply_to_status_id_str": "1237070611920420868",
    "in_reply_to_user_id": 72073289,
    "in_reply_to_user_id_str": "72073289",
    "in_reply_to_screen_name": "Genius",
    "user": {
        "id": 4727049568,
        "id_str": "4727049568",
        "name": "\uff53\uff57\uff41\uff4e\u2077",
        "screen_name": "SwanLbt",
        "location": "Bretagne, France",
        "description": "rt some good shit\n[Wattson main]",
        "url": null,
        "entities": {
            "description": {
                "urls": []
            }
        },
        "protected": false,
        "followers_count": 47,
        "friends_count": 81,
        "listed_count": 7,
        "created_at": "Wed Jan 06 18:16:56 +0000 2016",
        "favourites_count": 7570,
        "utc_offset": null,
        "time_zone": null,
        "geo_enabled": true,
        "verified": false,
        "statuses_count": 2701,
        "lang": null,
        "contributors_enabled": false,
        "is_translator": false,
        "is_translation_enabled": false,
        "profile_background_color": "000000",
        "profile_background_image_url": "http://abs.twimg.com/images/themes/theme1/bg.png",
        "profile_background_image_url_https": "https://abs.twimg.com/images/themes/theme1/bg.png",
        "profile_background_tile": false,
        "profile_image_url": "http://pbs.twimg.com/profile_images/1218276838423826432/zlM69819_normal.jpg",
        "profile_image_url_https": "https://pbs.twimg.com/profile_images/1218276838423826432/zlM69819_normal.jpg",
        "profile_banner_url": "https://pbs.twimg.com/profile_banners/4727049568/1583700049",
        "profile_link_color": "1B95E0",
        "profile_sidebar_border_color": "000000",
        "profile_sidebar_fill_color": "000000",
        "profile_text_color": "000000",
        "profile_use_background_image": false,
        "has_extended_profile": true,
        "default_profile": false,
        "default_profile_image": false,
        "following": null,
        "follow_request_sent": null,
        "notifications": null,
        "translator_type": "none"
    },
    "geo": null,
    "coordinates": null,
    "place": null,
    "contributors": null,
    "is_quote_status": false,
    "retweet_count": 0,
    "favorite_count": 0,
    "favorited": false,
    "retweeted": false,
    "lang": "en"
}