{
    "created_at": "Tue Mar 10 12:38:57 +0000 2020",
    "id": 1237357270947725312,
    "id_str": "1237357270947725312",
    "text": "No s\u00e9 qu\u00e9 os parece a vosotros, pero a m\u00ed me jode que ahora lo gamer, lo freak; sea la nueva moda cuando precisamen\u2026 https://t.co/iMS0VKDSl1",
    "truncated": true,
    "entities": {
        "hashtags": [],
        "symbols": [],
        "user_mentions": [],
        "urls": [
            {
                "url": "https://t.co/iMS0VKDSl1",
                "expanded_url": "https://twitter.com/i/web/status/1237357270947725312",
                "display_url": "twitter.com/i/web/status/1\u2026",
                "indices": [
                    117,
                    140
                ]
            }
        ]
    },
    "metadata": {
        "iso_language_code": "es",
        "result_type": "recent"
    },
    "source": "<a href=\"http://twitter.com/download/android\" rel=\"nofollow\">Twitter for Android</a>",
    "in_reply_to_status_id": null,
    "in_reply_to_status_id_str": null,
    "in_reply_to_user_id": null,
    "in_reply_to_user_id_str": null,
    "in_reply_to_screen_name": null,
    "user": {
        "id": 557729051,
        "id_str": "557729051",
        "name": "\ud638\uc138\u2728\ud83c\udff3\ufe0f\u200d\ud83c\udf08",
        "screen_name": "Joseglez80",
        "location": "Madrid, Comunidad de Madrid",
        "description": "\u2022 To be wise as the mountains and tall as the trees \u2022 Stay hydrated you stupid bitch \u2022 Graphic and multimedia designer \u2022 Hyrule \u2022 Insta: joseantglez \u2022",
        "url": "https://t.co/OS8gxdF6uE",
        "entities": {
            "url": {
                "urls": [
                    {
                        "url": "https://t.co/OS8gxdF6uE",
                        "expanded_url": "https://open.spotify.com/user/jantglez082",
                        "display_url": "open.spotify.com/user/jantglez0\u2026",
                        "indices": [
                            0,
                            23
                        ]
                    }
                ]
            },
            "description": {
                "urls": []
            }
        },
        "protected": false,
        "followers_count": 121,
        "friends_count": 270,
        "listed_count": 2,
        "created_at": "Thu Apr 19 13:50:07 +0000 2012",
        "favourites_count": 12850,
        "utc_offset": null,
        "time_zone": null,
        "geo_enabled": true,
        "verified": false,
        "statuses_count": 10430,
        "lang": null,
        "contributors_enabled": false,
        "is_translator": false,
        "is_translation_enabled": false,
        "profile_background_color": "131516",
        "profile_background_image_url": "http://abs.twimg.com/images/themes/theme14/bg.gif",
        "profile_background_image_url_https": "https://abs.twimg.com/images/themes/theme14/bg.gif",
        "profile_background_tile": true,
        "profile_image_url": "http://pbs.twimg.com/profile_images/1232265192580485120/kl_lEITX_normal.jpg",
        "profile_image_url_https": "https://pbs.twimg.com/profile_images/1232265192580485120/kl_lEITX_normal.jpg",
        "profile_banner_url": "https://pbs.twimg.com/profile_banners/557729051/1571447516",
        "profile_link_color": "03A6A6",
        "profile_sidebar_border_color": "EEEEEE",
        "profile_sidebar_fill_color": "EFEFEF",
        "profile_text_color": "333333",
        "profile_use_background_image": true,
        "has_extended_profile": true,
        "default_profile": false,
        "default_profile_image": false,
        "following": null,
        "follow_request_sent": null,
        "notifications": null,
        "translator_type": "none"
    },
    "geo": null,
    "coordinates": null,
    "place": null,
    "contributors": null,
    "is_quote_status": true,
    "quoted_status_id": 1237070611920420868,
    "quoted_status_id_str": "1237070611920420868",
    "quoted_status": {
        "created_at": "Mon Mar 09 17:39:52 +0000 2020",
        "id": 1237070611920420868,
        "id_str": "1237070611920420868",
        "text": "\u201ceverybody loves this line, it's so funny. but i did get a real toaster from madison\u201d \u2014@selenagomez on \u201crare\u201d\nfull\u2026 https://t.co/GdxXEFGaT2",
        "truncated": true,
        "entities": {
            "hashtags": [],
            "symbols": [],
            "user_mentions": [
                {
                    "screen_name": "selenagomez",
                    "name": "Selena Gomez",
                    "id": 23375688,
                    "id_str": "23375688",
                    "indices": [
                        87,
                        99
                    ]
                }
            ],
            "urls": [
                {
                    "url": "https://t.co/GdxXEFGaT2",
                    "expanded_url": "https://twitter.com/i/web/status/1237070611920420868",
                    "display_url": "twitter.com/i/web/status/1\u2026",
                    "indices": [
                        116,
                        139
                    ]
                }
            ]
        },
        "metadata": {
            "iso_language_code": "es",
            "result_type": "recent"
        },
        "source": "<a href=\"https://mobile.twitter.com\" rel=\"nofollow\">Twitter Web App</a>",
        "in_reply_to_status_id": null,
        "in_reply_to_status_id_str": null,
        "in_reply_to_user_id": null,
        "in_reply_to_user_id_str": null,
        "in_reply_to_screen_name": null,
        "user": {
            "id": 72073289,
            "id_str": "72073289",
            "name": "Genius",
            "screen_name": "Genius",
            "location": "Brooklyn, NY",
            "description": "Music Intelligence",
            "url": "https://t.co/gSx5BOiTNw",
            "entities": {
                "url": {
                    "urls": [
                        {
                            "url": "https://t.co/gSx5BOiTNw",
                            "expanded_url": "http://genius.com",
                            "display_url": "genius.com",
                            "indices": [
                                0,
                                23
                            ]
                        }
                    ]
                },
                "description": {
                    "urls": []
                }
            },
            "protected": false,
            "followers_count": 1298228,
            "friends_count": 1847,
            "listed_count": 4680,
            "created_at": "Sun Sep 06 16:51:14 +0000 2009",
            "favourites_count": 14279,
            "utc_offset": null,
            "time_zone": null,
            "geo_enabled": true,
            "verified": true,
            "statuses_count": 19314,
            "lang": null,
            "contributors_enabled": false,
            "is_translator": false,
            "is_translation_enabled": false,
            "profile_background_color": "131516",
            "profile_background_image_url": "http://abs.twimg.com/images/themes/theme14/bg.gif",
            "profile_background_image_url_https": "https://abs.twimg.com/images/themes/theme14/bg.gif",
            "profile_background_tile": false,
            "profile_image_url": "http://pbs.twimg.com/profile_images/885222003174551552/cv3KtGVS_normal.jpg",
            "profile_image_url_https": "https://pbs.twimg.com/profile_images/885222003174551552/cv3KtGVS_normal.jpg",
            "profile_banner_url": "https://pbs.twimg.com/profile_banners/72073289/1555594744",
            "profile_link_color": "000000",
            "profile_sidebar_border_color": "FFFFFF",
            "profile_sidebar_fill_color": "EFEFEF",
            "profile_text_color": "333333",
            "profile_use_background_image": false,
            "has_extended_profile": false,
            "default_profile": false,
            "default_profile_image": false,
            "following": null,
            "follow_request_sent": null,
            "notifications": null,
            "translator_type": "none"
        },
        "geo": null,
        "coordinates": null,
        "place": null,
        "contributors": null,
        "is_quote_status": false,
        "retweet_count": 4200,
        "favorite_count": 31243,
        "favorited": false,
        "retweeted": false,
        "possibly_sensitive": false,
        "lang": "en"
    },
    "retweet_count": 0,
    "favorite_count": 1,
    "favorited": false,
    "retweeted": false,
    "possibly_sensitive": false,
    "lang": "es"
}