{
    "created_at": "Tue Mar 10 10:39:40 +0000 2020",
    "id": 1237327252989382656,
    "id_str": "1237327252989382656",
    "text": "@Dior \u0627\u0641\u0636\u0644 \u062f\u0642\u064a\u0642\u0647 \u0644\u062a\u0623\u0645\u0644 \u0635\u0646\u0639 \u0627\u0644\u062c\u0645\u0627\u0644 \ud83d\ude0d",
    "truncated": false,
    "entities": {
        "hashtags": [],
        "symbols": [],
        "user_mentions": [
            {
                "screen_name": "Dior",
                "name": "Dior",
                "id": 348379865,
                "id_str": "348379865",
                "indices": [
                    0,
                    5
                ]
            }
        ],
        "urls": []
    },
    "metadata": {
        "iso_language_code": "ar",
        "result_type": "recent"
    },
    "source": "<a href=\"http://twitter.com/download/iphone\" rel=\"nofollow\">Twitter for iPhone</a>",
    "in_reply_to_status_id": 1234778011788025858,
    "in_reply_to_status_id_str": "1234778011788025858",
    "in_reply_to_user_id": 348379865,
    "in_reply_to_user_id_str": "348379865",
    "in_reply_to_screen_name": "Dior",
    "user": {
        "id": 902335738188062722,
        "id_str": "902335738188062722",
        "name": "Ghaida Almuhaimeed",
        "screen_name": "Gaida_ibra1",
        "location": "",
        "description": "\u0627\u0644\u0644\u0647\u0645 \u0627\u062c\u0639\u0644 \u0633\u0645\u0639\u062a\u064a \u062d\u0633\u0646\u0647 \u0628\u064a\u0646 \u062e\u0644\u0642\u0643\ud83d\udc95",
        "url": null,
        "entities": {
            "description": {
                "urls": []
            }
        },
        "protected": false,
        "followers_count": 54,
        "friends_count": 221,
        "listed_count": 0,
        "created_at": "Tue Aug 29 01:02:59 +0000 2017",
        "favourites_count": 83,
        "utc_offset": null,
        "time_zone": null,
        "geo_enabled": false,
        "verified": false,
        "statuses_count": 329,
        "lang": null,
        "contributors_enabled": false,
        "is_translator": false,
        "is_translation_enabled": false,
        "profile_background_color": "F5F8FA",
        "profile_background_image_url": null,
        "profile_background_image_url_https": null,
        "profile_background_tile": false,
        "profile_image_url": "http://pbs.twimg.com/profile_images/1230237395527831555/QdUBBclq_normal.jpg",
        "profile_image_url_https": "https://pbs.twimg.com/profile_images/1230237395527831555/QdUBBclq_normal.jpg",
        "profile_banner_url": "https://pbs.twimg.com/profile_banners/902335738188062722/1583326762",
        "profile_link_color": "1DA1F2",
        "profile_sidebar_border_color": "C0DEED",
        "profile_sidebar_fill_color": "DDEEF6",
        "profile_text_color": "333333",
        "profile_use_background_image": true,
        "has_extended_profile": true,
        "default_profile": true,
        "default_profile_image": false,
        "following": null,
        "follow_request_sent": null,
        "notifications": null,
        "translator_type": "none"
    },
    "geo": null,
    "coordinates": null,
    "place": null,
    "contributors": null,
    "is_quote_status": false,
    "retweet_count": 0,
    "favorite_count": 0,
    "favorited": false,
    "retweeted": false,
    "lang": "ar"
}