{
    "created_at": "Tue Mar 10 07:44:00 +0000 2020",
    "id": 1237283046459691009,
    "id_str": "1237283046459691009",
    "text": "@Dior \u0648\u0627\u0627\u0627\u0627\u0627\u0648 \u0645\u0646 \u0623\u062c\u0645\u0644 \u0627\u0644\u0641\u064a\u062f\u064a\u0648\u0647\u0627\u062a..\n\u062d\u0631\u0643\u0629 \u0630\u0643\u064a\u0629\u2728",
    "truncated": false,
    "entities": {
        "hashtags": [],
        "symbols": [],
        "user_mentions": [
            {
                "screen_name": "Dior",
                "name": "Dior",
                "id": 348379865,
                "id_str": "348379865",
                "indices": [
                    0,
                    5
                ]
            }
        ],
        "urls": []
    },
    "metadata": {
        "iso_language_code": "ar",
        "result_type": "recent"
    },
    "source": "<a href=\"http://twitter.com/download/iphone\" rel=\"nofollow\">Twitter for iPhone</a>",
    "in_reply_to_status_id": 1234793945466458112,
    "in_reply_to_status_id_str": "1234793945466458112",
    "in_reply_to_user_id": 348379865,
    "in_reply_to_user_id_str": "348379865",
    "in_reply_to_screen_name": "Dior",
    "user": {
        "id": 2420547639,
        "id_str": "2420547639",
        "name": "\u0623\u0631\u0648\u0649 \u0628\u0646\u062a \u0639\u0628\u062f\u0627\u0644\u0631\u062d\u0645\u0646 \u0627\u0644\u0645\u062d\u0645\u0648\u062f",
        "screen_name": "Arwa_a_s_m",
        "location": "Riyadh, Kingdom of Saudi Arabia",
        "description": "\u0628\u0627\u062d\u062b\u0629 \u0641\u064a \u0627\u0644\u0623\u062f\u064a\u0627\u0646\u060c \u0645\u0647\u062a\u0645\u0629 \u0628\u0627\u0644\u0648\u0639\u064a \u0627\u0644\u0625\u0646\u0633\u0627\u0646\u064a\u060c \u0645\u062f\u0631\u0628\u0629 \u064a\u0648\u0642\u0627 \u0645\u0639\u062a\u0645\u062f\u0629\u060c \u0639\u0636\u0648 \u0627\u0644\u0627\u062a\u062d\u0627\u062f \u0627\u0644\u0633\u0639\u0648\u062f\u064a \u0644\u0644\u062f\u0631\u0627\u062c\u0627\u062a \u0648\u0645\u062f\u0631\u0628 \u0645\u0639\u062a\u0645\u062f\u060c TOT, Heal Your Life Teacher",
        "url": "https://t.co/EyltoGZFeB",
        "entities": {
            "url": {
                "urls": [
                    {
                        "url": "https://t.co/EyltoGZFeB",
                        "expanded_url": "https://healyourlifeworkshops.com/teacher/arwa-almahmoud",
                        "display_url": "healyourlifeworkshops.com/teacher/arwa-a\u2026",
                        "indices": [
                            0,
                            23
                        ]
                    }
                ]
            },
            "description": {
                "urls": []
            }
        },
        "protected": false,
        "followers_count": 504,
        "friends_count": 209,
        "listed_count": 1,
        "created_at": "Tue Mar 18 17:41:11 +0000 2014",
        "favourites_count": 3143,
        "utc_offset": null,
        "time_zone": null,
        "geo_enabled": false,
        "verified": false,
        "statuses_count": 3808,
        "lang": null,
        "contributors_enabled": false,
        "is_translator": false,
        "is_translation_enabled": false,
        "profile_background_color": "C0DEED",
        "profile_background_image_url": "http://abs.twimg.com/images/themes/theme1/bg.png",
        "profile_background_image_url_https": "https://abs.twimg.com/images/themes/theme1/bg.png",
        "profile_background_tile": false,
        "profile_image_url": "http://pbs.twimg.com/profile_images/544782603035762689/0urrLAJs_normal.jpeg",
        "profile_image_url_https": "https://pbs.twimg.com/profile_images/544782603035762689/0urrLAJs_normal.jpeg",
        "profile_banner_url": "https://pbs.twimg.com/profile_banners/2420547639/1418721272",
        "profile_link_color": "1DA1F2",
        "profile_sidebar_border_color": "C0DEED",
        "profile_sidebar_fill_color": "DDEEF6",
        "profile_text_color": "333333",
        "profile_use_background_image": true,
        "has_extended_profile": false,
        "default_profile": true,
        "default_profile_image": false,
        "following": null,
        "follow_request_sent": null,
        "notifications": null,
        "translator_type": "none"
    },
    "geo": null,
    "coordinates": null,
    "place": null,
    "contributors": null,
    "is_quote_status": false,
    "retweet_count": 0,
    "favorite_count": 0,
    "favorited": false,
    "retweeted": false,
    "lang": "ar"
}