{
    "created_at": "Tue Mar 10 13:21:28 +0000 2020",
    "id": 1237367970973847552,
    "id_str": "1237367970973847552",
    "text": "El castell de #P\u00fabol mostra la relaci\u00f3 entre Salvador Dal\u00ed i Christian Dior. L'exposici\u00f3 temporal de @MuseuDali com\u2026 https://t.co/iwtQaYNxXb",
    "truncated": true,
    "entities": {
        "hashtags": [
            {
                "text": "P\u00fabol",
                "indices": [
                    14,
                    20
                ]
            }
        ],
        "symbols": [],
        "user_mentions": [
            {
                "screen_name": "MuseuDali",
                "name": "Salvador Dal\u00ed",
                "id": 1114598990,
                "id_str": "1114598990",
                "indices": [
                    101,
                    111
                ]
            }
        ],
        "urls": [
            {
                "url": "https://t.co/iwtQaYNxXb",
                "expanded_url": "https://twitter.com/i/web/status/1237367970973847552",
                "display_url": "twitter.com/i/web/status/1\u2026",
                "indices": [
                    117,
                    140
                ]
            }
        ]
    },
    "metadata": {
        "result_type": "recent",
        "iso_language_code": "ca"
    },
    "source": "<a href=\"https://www.hootsuite.com\" rel=\"nofollow\">Hootsuite Inc.</a>",
    "in_reply_to_status_id": null,
    "in_reply_to_status_id_str": null,
    "in_reply_to_user_id": null,
    "in_reply_to_user_id_str": null,
    "in_reply_to_screen_name": null,
    "user": {
        "id": 3313318157,
        "id_str": "3313318157",
        "name": "ACNgirona",
        "screen_name": "ACNgirona",
        "location": "Comarques de Girona i Cataluny",
        "description": "Canal territorial de l\u2019@agenciaacn a la demarcaci\u00f3 de Girona i Cat.Nord. Serveis per a mitjans,institucions i empreses.ACN al territori:https://t.co/Q8aPxxnHKa",
        "url": "http://t.co/urtFv40ndj",
        "entities": {
            "url": {
                "urls": [
                    {
                        "url": "http://t.co/urtFv40ndj",
                        "expanded_url": "http://acn.cat/acn/ProductesIServeis.acn",
                        "display_url": "acn.cat/acn/ProductesI\u2026",
                        "indices": [
                            0,
                            22
                        ]
                    }
                ]
            },
            "description": {
                "urls": [
                    {
                        "url": "https://t.co/Q8aPxxnHKa",
                        "expanded_url": "https://twitter.com/agenciaacn/lists/acnterritori",
                        "display_url": "twitter.com/agenciaacn/lis\u2026",
                        "indices": [
                            136,
                            159
                        ]
                    }
                ]
            }
        },
        "protected": false,
        "followers_count": 2105,
        "friends_count": 564,
        "listed_count": 38,
        "created_at": "Mon Jun 08 14:40:06 +0000 2015",
        "favourites_count": 3,
        "utc_offset": null,
        "time_zone": null,
        "geo_enabled": false,
        "verified": false,
        "statuses_count": 11644,
        "lang": null,
        "contributors_enabled": false,
        "is_translator": false,
        "is_translation_enabled": false,
        "profile_background_color": "C0DEED",
        "profile_background_image_url": "http://abs.twimg.com/images/themes/theme1/bg.png",
        "profile_background_image_url_https": "https://abs.twimg.com/images/themes/theme1/bg.png",
        "profile_background_tile": false,
        "profile_image_url": "http://pbs.twimg.com/profile_images/1225099444074446848/6uKgplYp_normal.jpg",
        "profile_image_url_https": "https://pbs.twimg.com/profile_images/1225099444074446848/6uKgplYp_normal.jpg",
        "profile_banner_url": "https://pbs.twimg.com/profile_banners/3313318157/1580921446",
        "profile_link_color": "1DA1F2",
        "profile_sidebar_border_color": "C0DEED",
        "profile_sidebar_fill_color": "DDEEF6",
        "profile_text_color": "333333",
        "profile_use_background_image": true,
        "has_extended_profile": false,
        "default_profile": true,
        "default_profile_image": false,
        "following": null,
        "follow_request_sent": null,
        "notifications": null,
        "translator_type": "none"
    },
    "geo": null,
    "coordinates": null,
    "place": null,
    "contributors": null,
    "is_quote_status": false,
    "retweet_count": 0,
    "favorite_count": 0,
    "favorited": false,
    "retweeted": false,
    "possibly_sensitive": false,
    "lang": "ca"
}