{
    "created_at": "Tue Mar 10 11:28:02 +0000 2020",
    "id": 1237339425446617089,
    "id_str": "1237339425446617089",
    "text": "RT @kristsingstyle: 20200118\n#kristsingtobabybright \n@kristtps Wearing\n- @Dior Backpack\n- @BALENCIAGA Sneaker\n@stjinx_maya Wearing\n- @Vetem\u2026",
    "truncated": false,
    "entities": {
        "hashtags": [
            {
                "text": "kristsingtobabybright",
                "indices": [
                    29,
                    51
                ]
            }
        ],
        "symbols": [],
        "user_mentions": [
            {
                "screen_name": "kristsingstyle",
                "name": "KristSingtoStyle",
                "id": 1236715861777375232,
                "id_str": "1236715861777375232",
                "indices": [
                    3,
                    18
                ]
            },
            {
                "screen_name": "kristtps",
                "name": "\u0e04\u0e38\u0e13\u0e1e\u0e35\u26c5\ud83d\udc9b",
                "id": 3316960524,
                "id_str": "3316960524",
                "indices": [
                    53,
                    62
                ]
            },
            {
                "screen_name": "Dior",
                "name": "Dior",
                "id": 348379865,
                "id_str": "348379865",
                "indices": [
                    73,
                    78
                ]
            },
            {
                "screen_name": "BALENCIAGA",
                "name": "Balenciaga",
                "id": 180124279,
                "id_str": "180124279",
                "indices": [
                    90,
                    101
                ]
            },
            {
                "screen_name": "stjinx_maya",
                "name": "[S]!MBA",
                "id": 3656882112,
                "id_str": "3656882112",
                "indices": [
                    110,
                    122
                ]
            }
        ],
        "urls": []
    },
    "metadata": {
        "iso_language_code": "en",
        "result_type": "recent"
    },
    "source": "<a href=\"http://twitter.com/download/android\" rel=\"nofollow\">Twitter for Android</a>",
    "in_reply_to_status_id": null,
    "in_reply_to_status_id_str": null,
    "in_reply_to_user_id": null,
    "in_reply_to_user_id_str": null,
    "in_reply_to_screen_name": null,
    "user": {
        "id": 1147878090795675648,
        "id_str": "1147878090795675648",
        "name": "K A N Y A R A T",
        "screen_name": "aommkkr",
        "location": "\u0e1b\u0e23\u0e30\u0e40\u0e17\u0e28\u0e44\u0e17\u0e22",
        "description": "I only have you | @kristtps @stjinx_maya :-)",
        "url": "https://t.co/i9SYeLtVM4",
        "entities": {
            "url": {
                "urls": [
                    {
                        "url": "https://t.co/i9SYeLtVM4",
                        "expanded_url": "https://www.facebook.com/profile.php?id=100020505997340",
                        "display_url": "facebook.com/profile.php?id\u2026",
                        "indices": [
                            0,
                            23
                        ]
                    }
                ]
            },
            "description": {
                "urls": []
            }
        },
        "protected": false,
        "followers_count": 7,
        "friends_count": 170,
        "listed_count": 0,
        "created_at": "Sun Jul 07 14:40:38 +0000 2019",
        "favourites_count": 18298,
        "utc_offset": null,
        "time_zone": null,
        "geo_enabled": false,
        "verified": false,
        "statuses_count": 11512,
        "lang": null,
        "contributors_enabled": false,
        "is_translator": false,
        "is_translation_enabled": false,
        "profile_background_color": "F5F8FA",
        "profile_background_image_url": null,
        "profile_background_image_url_https": null,
        "profile_background_tile": false,
        "profile_image_url": "http://pbs.twimg.com/profile_images/1233994290386227200/D6Ab35Ex_normal.jpg",
        "profile_image_url_https": "https://pbs.twimg.com/profile_images/1233994290386227200/D6Ab35Ex_normal.jpg",
        "profile_banner_url": "https://pbs.twimg.com/profile_banners/1147878090795675648/1582639554",
        "profile_link_color": "1DA1F2",
        "profile_sidebar_border_color": "C0DEED",
        "profile_sidebar_fill_color": "DDEEF6",
        "profile_text_color": "333333",
        "profile_use_background_image": true,
        "has_extended_profile": true,
        "default_profile": true,
        "default_profile_image": false,
        "following": null,
        "follow_request_sent": null,
        "notifications": null,
        "translator_type": "none"
    },
    "geo": null,
    "coordinates": null,
    "place": null,
    "contributors": null,
    "retweeted_status": {
        "created_at": "Mon Mar 09 05:06:56 +0000 2020",
        "id": 1236881129841410048,
        "id_str": "1236881129841410048",
        "text": "20200118\n#kristsingtobabybright \n@kristtps Wearing\n- @Dior Backpack\n- @BALENCIAGA Sneaker\n@stjinx_maya Wearing\n-\u2026 https://t.co/HxFrnBfhsE",
        "truncated": true,
        "entities": {
            "hashtags": [
                {
                    "text": "kristsingtobabybright",
                    "indices": [
                        9,
                        31
                    ]
                }
            ],
            "symbols": [],
            "user_mentions": [
                {
                    "screen_name": "kristtps",
                    "name": "\u0e04\u0e38\u0e13\u0e1e\u0e35\u26c5\ud83d\udc9b",
                    "id": 3316960524,
                    "id_str": "3316960524",
                    "indices": [
                        33,
                        42
                    ]
                },
                {
                    "screen_name": "Dior",
                    "name": "Dior",
                    "id": 348379865,
                    "id_str": "348379865",
                    "indices": [
                        53,
                        58
                    ]
                },
                {
                    "screen_name": "BALENCIAGA",
                    "name": "Balenciaga",
                    "id": 180124279,
                    "id_str": "180124279",
                    "indices": [
                        70,
                        81
                    ]
                },
                {
                    "screen_name": "stjinx_maya",
                    "name": "[S]!MBA",
                    "id": 3656882112,
                    "id_str": "3656882112",
                    "indices": [
                        90,
                        102
                    ]
                }
            ],
            "urls": [
                {
                    "url": "https://t.co/HxFrnBfhsE",
                    "expanded_url": "https://twitter.com/i/web/status/1236881129841410048",
                    "display_url": "twitter.com/i/web/status/1\u2026",
                    "indices": [
                        114,
                        137
                    ]
                }
            ]
        },
        "metadata": {
            "iso_language_code": "en",
            "result_type": "recent"
        },
        "source": "<a href=\"http://twitter.com/#!/download/ipad\" rel=\"nofollow\">Twitter for iPad</a>",
        "in_reply_to_status_id": null,
        "in_reply_to_status_id_str": null,
        "in_reply_to_user_id": null,
        "in_reply_to_user_id_str": null,
        "in_reply_to_screen_name": null,
        "user": {
            "id": 1236715861777375232,
            "id_str": "1236715861777375232",
            "name": "KristSingtoStyle",
            "screen_name": "kristsingstyle",
            "location": "oversea",
            "description": "Only For @kristtps @__singto #kristperawat #singtoprachaya #\u0e17\u0e35\u0e21\u0e1e\u0e35\u0e23\u0e0d\u0e32 #kristsingtostyle ING\uff1akristsingtostyle",
            "url": null,
            "entities": {
                "description": {
                    "urls": []
                }
            },
            "protected": false,
            "followers_count": 54,
            "friends_count": 3,
            "listed_count": 0,
            "created_at": "Sun Mar 08 18:10:23 +0000 2020",
            "favourites_count": 50,
            "utc_offset": null,
            "time_zone": null,
            "geo_enabled": false,
            "verified": false,
            "statuses_count": 53,
            "lang": null,
            "contributors_enabled": false,
            "is_translator": false,
            "is_translation_enabled": false,
            "profile_background_color": "F5F8FA",
            "profile_background_image_url": null,
            "profile_background_image_url_https": null,
            "profile_background_tile": false,
            "profile_image_url": "http://pbs.twimg.com/profile_images/1236716794976456704/O5W4F7S3_normal.jpg",
            "profile_image_url_https": "https://pbs.twimg.com/profile_images/1236716794976456704/O5W4F7S3_normal.jpg",
            "profile_banner_url": "https://pbs.twimg.com/profile_banners/1236715861777375232/1583741146",
            "profile_link_color": "1DA1F2",
            "profile_sidebar_border_color": "C0DEED",
            "profile_sidebar_fill_color": "DDEEF6",
            "profile_text_color": "333333",
            "profile_use_background_image": true,
            "has_extended_profile": true,
            "default_profile": true,
            "default_profile_image": false,
            "following": null,
            "follow_request_sent": null,
            "notifications": null,
            "translator_type": "none"
        },
        "geo": null,
        "coordinates": null,
        "place": null,
        "contributors": null,
        "is_quote_status": false,
        "retweet_count": 16,
        "favorite_count": 8,
        "favorited": false,
        "retweeted": false,
        "possibly_sensitive": false,
        "lang": "en"
    },
    "is_quote_status": false,
    "retweet_count": 16,
    "favorite_count": 0,
    "favorited": false,
    "retweeted": false,
    "lang": "en"
}