{
    "created_at": "Tue Mar 10 13:16:32 +0000 2020",
    "id": 1237366729979944962,
    "id_str": "1237366729979944962",
    "text": "@Dior Ni con tu dinero",
    "truncated": false,
    "entities": {
        "hashtags": [],
        "symbols": [],
        "user_mentions": [
            {
                "screen_name": "Dior",
                "name": "Dior",
                "id": 348379865,
                "id_str": "348379865",
                "indices": [
                    0,
                    5
                ]
            }
        ],
        "urls": []
    },
    "metadata": {
        "iso_language_code": "es",
        "result_type": "recent"
    },
    "source": "<a href=\"http://twitter.com/download/android\" rel=\"nofollow\">Twitter for Android</a>",
    "in_reply_to_status_id": 1234527122863140868,
    "in_reply_to_status_id_str": "1234527122863140868",
    "in_reply_to_user_id": 348379865,
    "in_reply_to_user_id_str": "348379865",
    "in_reply_to_screen_name": "Dior",
    "user": {
        "id": 2827086136,
        "id_str": "2827086136",
        "name": "Francisco",
        "screen_name": "FrToGa1",
        "location": "Aqu\u00ed.",
        "description": "",
        "url": null,
        "entities": {
            "description": {
                "urls": []
            }
        },
        "protected": false,
        "followers_count": 81,
        "friends_count": 245,
        "listed_count": 0,
        "created_at": "Mon Oct 13 07:59:00 +0000 2014",
        "favourites_count": 2014,
        "utc_offset": null,
        "time_zone": null,
        "geo_enabled": false,
        "verified": false,
        "statuses_count": 3453,
        "lang": null,
        "contributors_enabled": false,
        "is_translator": false,
        "is_translation_enabled": false,
        "profile_background_color": "C0DEED",
        "profile_background_image_url": "http://abs.twimg.com/images/themes/theme1/bg.png",
        "profile_background_image_url_https": "https://abs.twimg.com/images/themes/theme1/bg.png",
        "profile_background_tile": false,
        "profile_image_url": "http://pbs.twimg.com/profile_images/1196896357719724033/x1joJgr6_normal.jpg",
        "profile_image_url_https": "https://pbs.twimg.com/profile_images/1196896357719724033/x1joJgr6_normal.jpg",
        "profile_banner_url": "https://pbs.twimg.com/profile_banners/2827086136/1569248363",
        "profile_link_color": "1DA1F2",
        "profile_sidebar_border_color": "C0DEED",
        "profile_sidebar_fill_color": "DDEEF6",
        "profile_text_color": "333333",
        "profile_use_background_image": true,
        "has_extended_profile": false,
        "default_profile": true,
        "default_profile_image": false,
        "following": null,
        "follow_request_sent": null,
        "notifications": null,
        "translator_type": "none"
    },
    "geo": null,
    "coordinates": null,
    "place": null,
    "contributors": null,
    "is_quote_status": false,
    "retweet_count": 0,
    "favorite_count": 0,
    "favorited": false,
    "retweeted": false,
    "lang": "es"
}