{
    "created_at": "Tue Mar 10 16:08:02 +0000 2020",
    "id": 1237409892241149952,
    "id_str": "1237409892241149952",
    "text": "@Noble_Mad @weareoneEXO @Dior \u6211\u4eec\u662f\u5982\u6b64\u7231\u4f60\n#ExolsupportLay #alwayswithOt9 @weareoneEXO @layzhang",
    "truncated": false,
    "entities": {
        "hashtags": [
            {
                "text": "ExolsupportLay",
                "indices": [
                    38,
                    53
                ]
            },
            {
                "text": "alwayswithOt9",
                "indices": [
                    54,
                    68
                ]
            }
        ],
        "symbols": [],
        "user_mentions": [
            {
                "screen_name": "Noble_Mad",
                "name": "MAD \u270c\ufe0e",
                "id": 1117444139191345152,
                "id_str": "1117444139191345152",
                "indices": [
                    0,
                    10
                ]
            },
            {
                "screen_name": "weareoneEXO",
                "name": "EXO",
                "id": 873115441303924736,
                "id_str": "873115441303924736",
                "indices": [
                    11,
                    23
                ]
            },
            {
                "screen_name": "Dior",
                "name": "Dior",
                "id": 348379865,
                "id_str": "348379865",
                "indices": [
                    24,
                    29
                ]
            },
            {
                "screen_name": "weareoneEXO",
                "name": "EXO",
                "id": 873115441303924736,
                "id_str": "873115441303924736",
                "indices": [
                    69,
                    81
                ]
            },
            {
                "screen_name": "layzhang",
                "name": "Lay Zhang",
                "id": 1004014036927709185,
                "id_str": "1004014036927709185",
                "indices": [
                    82,
                    91
                ]
            }
        ],
        "urls": []
    },
    "metadata": {
        "iso_language_code": "zh",
        "result_type": "recent"
    },
    "source": "<a href=\"http://twitter.com/download/iphone\" rel=\"nofollow\">Twitter for iPhone</a>",
    "in_reply_to_status_id": 1236941594634436608,
    "in_reply_to_status_id_str": "1236941594634436608",
    "in_reply_to_user_id": 1117444139191345152,
    "in_reply_to_user_id_str": "1117444139191345152",
    "in_reply_to_screen_name": "Noble_Mad",
    "user": {
        "id": 1213898063728664577,
        "id_str": "1213898063728664577",
        "name": "SLayer",
        "screen_name": "unbalanced_S",
        "location": "",
        "description": "\u2661",
        "url": "https://t.co/Lu5W6xGxoP",
        "entities": {
            "url": {
                "urls": [
                    {
                        "url": "https://t.co/Lu5W6xGxoP",
                        "expanded_url": "https://my.w.tt/twONGz19Z3",
                        "display_url": "my.w.tt/twONGz19Z3",
                        "indices": [
                            0,
                            23
                        ]
                    }
                ]
            },
            "description": {
                "urls": []
            }
        },
        "protected": false,
        "followers_count": 224,
        "friends_count": 231,
        "listed_count": 1,
        "created_at": "Sun Jan 05 19:00:55 +0000 2020",
        "favourites_count": 5076,
        "utc_offset": null,
        "time_zone": null,
        "geo_enabled": false,
        "verified": false,
        "statuses_count": 707,
        "lang": null,
        "contributors_enabled": false,
        "is_translator": false,
        "is_translation_enabled": false,
        "profile_background_color": "F5F8FA",
        "profile_background_image_url": null,
        "profile_background_image_url_https": null,
        "profile_background_tile": false,
        "profile_image_url": "http://pbs.twimg.com/profile_images/1226682171840172033/FdwWmlUt_normal.jpg",
        "profile_image_url_https": "https://pbs.twimg.com/profile_images/1226682171840172033/FdwWmlUt_normal.jpg",
        "profile_banner_url": "https://pbs.twimg.com/profile_banners/1213898063728664577/1581299258",
        "profile_link_color": "1DA1F2",
        "profile_sidebar_border_color": "C0DEED",
        "profile_sidebar_fill_color": "DDEEF6",
        "profile_text_color": "333333",
        "profile_use_background_image": true,
        "has_extended_profile": false,
        "default_profile": true,
        "default_profile_image": false,
        "following": null,
        "follow_request_sent": null,
        "notifications": null,
        "translator_type": "none"
    },
    "geo": null,
    "coordinates": null,
    "place": null,
    "contributors": null,
    "is_quote_status": false,
    "retweet_count": 0,
    "favorite_count": 0,
    "favorited": false,
    "retweeted": false,
    "lang": "zh"
}