{
    "created_at": "Tue Mar 10 12:10:47 +0000 2020",
    "id": 1237350186193752064,
    "id_str": "1237350186193752064",
    "text": "RT @10magazine_: Kim Jones and @DanielArsham release a 'Future Relics' capsule of @Dior collectibles:\nhttps://t.co/b18cKovDMU https://t.co/\u2026",
    "truncated": false,
    "entities": {
        "hashtags": [],
        "symbols": [],
        "user_mentions": [
            {
                "screen_name": "10magazine_",
                "name": "10 Magazine",
                "id": 234348782,
                "id_str": "234348782",
                "indices": [
                    3,
                    15
                ]
            },
            {
                "screen_name": "DanielArsham",
                "name": "Daniel Arsham",
                "id": 531411498,
                "id_str": "531411498",
                "indices": [
                    31,
                    44
                ]
            },
            {
                "screen_name": "Dior",
                "name": "Dior",
                "id": 348379865,
                "id_str": "348379865",
                "indices": [
                    82,
                    87
                ]
            }
        ],
        "urls": [
            {
                "url": "https://t.co/b18cKovDMU",
                "expanded_url": "http://10magazine.com/arts/dior-daniel-arsham-kim-jones-future-relics-art-collection/",
                "display_url": "10magazine.com/arts/dior-dani\u2026",
                "indices": [
                    102,
                    125
                ]
            }
        ]
    },
    "metadata": {
        "iso_language_code": "en",
        "result_type": "recent"
    },
    "source": "<a href=\"https://mobile.twitter.com\" rel=\"nofollow\">Twitter Web App</a>",
    "in_reply_to_status_id": null,
    "in_reply_to_status_id_str": null,
    "in_reply_to_user_id": null,
    "in_reply_to_user_id_str": null,
    "in_reply_to_screen_name": null,
    "user": {
        "id": 997102164345524224,
        "id_str": "997102164345524224",
        "name": "Sabrina",
        "screen_name": "150_mytweets",
        "location": "Italy",
        "description": "Liberal-conservative, cosmopolite, woman. Pro Europe, capitalism, America. Secularist. She/her. Talking #gov #politics #markets #culture #opinions.",
        "url": "https://t.co/joKn0Hwrqb",
        "entities": {
            "url": {
                "urls": [
                    {
                        "url": "https://t.co/joKn0Hwrqb",
                        "expanded_url": "https://mypoliticalheadache.wordpress.com/",
                        "display_url": "mypoliticalheadache.wordpress.com",
                        "indices": [
                            0,
                            23
                        ]
                    }
                ]
            },
            "description": {
                "urls": []
            }
        },
        "protected": false,
        "followers_count": 197,
        "friends_count": 1613,
        "listed_count": 2,
        "created_at": "Thu May 17 13:10:56 +0000 2018",
        "favourites_count": 9786,
        "utc_offset": null,
        "time_zone": null,
        "geo_enabled": true,
        "verified": false,
        "statuses_count": 6816,
        "lang": null,
        "contributors_enabled": false,
        "is_translator": false,
        "is_translation_enabled": false,
        "profile_background_color": "F5F8FA",
        "profile_background_image_url": null,
        "profile_background_image_url_https": null,
        "profile_background_tile": false,
        "profile_image_url": "http://pbs.twimg.com/profile_images/1217523098846744576/UJaRxDay_normal.jpg",
        "profile_image_url_https": "https://pbs.twimg.com/profile_images/1217523098846744576/UJaRxDay_normal.jpg",
        "profile_banner_url": "https://pbs.twimg.com/profile_banners/997102164345524224/1567624016",
        "profile_link_color": "1DA1F2",
        "profile_sidebar_border_color": "C0DEED",
        "profile_sidebar_fill_color": "DDEEF6",
        "profile_text_color": "333333",
        "profile_use_background_image": true,
        "has_extended_profile": false,
        "default_profile": true,
        "default_profile_image": false,
        "following": null,
        "follow_request_sent": null,
        "notifications": null,
        "translator_type": "none"
    },
    "geo": null,
    "coordinates": null,
    "place": null,
    "contributors": null,
    "retweeted_status": {
        "created_at": "Mon Mar 09 17:00:34 +0000 2020",
        "id": 1237060723596984321,
        "id_str": "1237060723596984321",
        "text": "Kim Jones and @DanielArsham release a 'Future Relics' capsule of @Dior collectibles:\nhttps://t.co/b18cKovDMU https://t.co/NXJbS3pOwZ",
        "truncated": false,
        "entities": {
            "hashtags": [],
            "symbols": [],
            "user_mentions": [
                {
                    "screen_name": "DanielArsham",
                    "name": "Daniel Arsham",
                    "id": 531411498,
                    "id_str": "531411498",
                    "indices": [
                        14,
                        27
                    ]
                },
                {
                    "screen_name": "Dior",
                    "name": "Dior",
                    "id": 348379865,
                    "id_str": "348379865",
                    "indices": [
                        65,
                        70
                    ]
                }
            ],
            "urls": [
                {
                    "url": "https://t.co/b18cKovDMU",
                    "expanded_url": "http://10magazine.com/arts/dior-daniel-arsham-kim-jones-future-relics-art-collection/",
                    "display_url": "10magazine.com/arts/dior-dani\u2026",
                    "indices": [
                        85,
                        108
                    ]
                }
            ],
            "media": [
                {
                    "id": 1237060721948712965,
                    "id_str": "1237060721948712965",
                    "indices": [
                        109,
                        132
                    ],
                    "media_url": "http://pbs.twimg.com/media/ESrsLCFXYAUT5FB.jpg",
                    "media_url_https": "https://pbs.twimg.com/media/ESrsLCFXYAUT5FB.jpg",
                    "url": "https://t.co/NXJbS3pOwZ",
                    "display_url": "pic.twitter.com/NXJbS3pOwZ",
                    "expanded_url": "https://twitter.com/10magazine_/status/1237060723596984321/photo/1",
                    "type": "photo",
                    "sizes": {
                        "thumb": {
                            "w": 150,
                            "h": 150,
                            "resize": "crop"
                        },
                        "large": {
                            "w": 1000,
                            "h": 667,
                            "resize": "fit"
                        },
                        "medium": {
                            "w": 1000,
                            "h": 667,
                            "resize": "fit"
                        },
                        "small": {
                            "w": 680,
                            "h": 454,
                            "resize": "fit"
                        }
                    }
                }
            ]
        },
        "extended_entities": {
            "media": [
                {
                    "id": 1237060721948712965,
                    "id_str": "1237060721948712965",
                    "indices": [
                        109,
                        132
                    ],
                    "media_url": "http://pbs.twimg.com/media/ESrsLCFXYAUT5FB.jpg",
                    "media_url_https": "https://pbs.twimg.com/media/ESrsLCFXYAUT5FB.jpg",
                    "url": "https://t.co/NXJbS3pOwZ",
                    "display_url": "pic.twitter.com/NXJbS3pOwZ",
                    "expanded_url": "https://twitter.com/10magazine_/status/1237060723596984321/photo/1",
                    "type": "photo",
                    "sizes": {
                        "thumb": {
                            "w": 150,
                            "h": 150,
                            "resize": "crop"
                        },
                        "large": {
                            "w": 1000,
                            "h": 667,
                            "resize": "fit"
                        },
                        "medium": {
                            "w": 1000,
                            "h": 667,
                            "resize": "fit"
                        },
                        "small": {
                            "w": 680,
                            "h": 454,
                            "resize": "fit"
                        }
                    }
                }
            ]
        },
        "metadata": {
            "iso_language_code": "en",
            "result_type": "recent"
        },
        "source": "<a href=\"https://www.hootsuite.com\" rel=\"nofollow\">Hootsuite Inc.</a>",
        "in_reply_to_status_id": null,
        "in_reply_to_status_id_str": null,
        "in_reply_to_user_id": null,
        "in_reply_to_user_id_str": null,
        "in_reply_to_screen_name": null,
        "user": {
            "id": 234348782,
            "id_str": "234348782",
            "name": "10 Magazine",
            "screen_name": "10magazine_",
            "location": "London",
            "description": "The new issues of 10 & 10 Men are on newsstands now...",
            "url": "http://t.co/9QNna4DslU",
            "entities": {
                "url": {
                    "urls": [
                        {
                            "url": "http://t.co/9QNna4DslU",
                            "expanded_url": "http://www.10magazine.com",
                            "display_url": "10magazine.com",
                            "indices": [
                                0,
                                22
                            ]
                        }
                    ]
                },
                "description": {
                    "urls": []
                }
            },
            "protected": false,
            "followers_count": 42030,
            "friends_count": 378,
            "listed_count": 372,
            "created_at": "Wed Jan 05 12:51:58 +0000 2011",
            "favourites_count": 593,
            "utc_offset": null,
            "time_zone": null,
            "geo_enabled": false,
            "verified": false,
            "statuses_count": 30592,
            "lang": null,
            "contributors_enabled": false,
            "is_translator": false,
            "is_translation_enabled": false,
            "profile_background_color": "FFFFFF",
            "profile_background_image_url": "http://abs.twimg.com/images/themes/theme1/bg.png",
            "profile_background_image_url_https": "https://abs.twimg.com/images/themes/theme1/bg.png",
            "profile_background_tile": true,
            "profile_image_url": "http://pbs.twimg.com/profile_images/1225358727664066560/Bo15lMHR_normal.jpg",
            "profile_image_url_https": "https://pbs.twimg.com/profile_images/1225358727664066560/Bo15lMHR_normal.jpg",
            "profile_banner_url": "https://pbs.twimg.com/profile_banners/234348782/1569499934",
            "profile_link_color": "ABB8C2",
            "profile_sidebar_border_color": "FFFFFF",
            "profile_sidebar_fill_color": "DDEEF6",
            "profile_text_color": "050005",
            "profile_use_background_image": false,
            "has_extended_profile": false,
            "default_profile": false,
            "default_profile_image": false,
            "following": null,
            "follow_request_sent": null,
            "notifications": null,
            "translator_type": "none"
        },
        "geo": null,
        "coordinates": null,
        "place": null,
        "contributors": null,
        "is_quote_status": false,
        "retweet_count": 2,
        "favorite_count": 2,
        "favorited": false,
        "retweeted": false,
        "possibly_sensitive": false,
        "lang": "en"
    },
    "is_quote_status": false,
    "retweet_count": 2,
    "favorite_count": 0,
    "favorited": false,
    "retweeted": false,
    "possibly_sensitive": false,
    "lang": "en"
}