{
    "created_at": "Tue Mar 10 08:36:35 +0000 2020",
    "id": 1237296280876924929,
    "id_str": "1237296280876924929",
    "text": "@Shivani_002 @priyankachopra @nickjonas @PatiDubroff @PattieYankee @Chopard @Dior @voguemagazine @metmuseum Mujhe ye chutiya lgte h..",
    "truncated": false,
    "entities": {
        "hashtags": [],
        "symbols": [],
        "user_mentions": [
            {
                "screen_name": "Shivani_002",
                "name": "Shivani Chauhan",
                "id": 1111270660200763392,
                "id_str": "1111270660200763392",
                "indices": [
                    0,
                    12
                ]
            },
            {
                "screen_name": "priyankachopra",
                "name": "PRIYANKA",
                "id": 18681139,
                "id_str": "18681139",
                "indices": [
                    13,
                    28
                ]
            },
            {
                "screen_name": "nickjonas",
                "name": "Nick Jonas",
                "id": 56783491,
                "id_str": "56783491",
                "indices": [
                    29,
                    39
                ]
            },
            {
                "screen_name": "PatiDubroff",
                "name": "pati dubroff",
                "id": 22383691,
                "id_str": "22383691",
                "indices": [
                    40,
                    52
                ]
            },
            {
                "screen_name": "PattieYankee",
                "name": "Patricia Yankee",
                "id": 215106349,
                "id_str": "215106349",
                "indices": [
                    53,
                    66
                ]
            },
            {
                "screen_name": "Chopard",
                "name": "Chopard Official",
                "id": 294529897,
                "id_str": "294529897",
                "indices": [
                    67,
                    75
                ]
            },
            {
                "screen_name": "Dior",
                "name": "Dior",
                "id": 348379865,
                "id_str": "348379865",
                "indices": [
                    76,
                    81
                ]
            },
            {
                "screen_name": "voguemagazine",
                "name": "Vogue Magazine",
                "id": 136361303,
                "id_str": "136361303",
                "indices": [
                    82,
                    96
                ]
            },
            {
                "screen_name": "metmuseum",
                "name": "The Metropolitan Museum of Art",
                "id": 17057271,
                "id_str": "17057271",
                "indices": [
                    97,
                    107
                ]
            }
        ],
        "urls": []
    },
    "metadata": {
        "iso_language_code": "tl",
        "result_type": "recent"
    },
    "source": "<a href=\"http://twitter.com/download/android\" rel=\"nofollow\">Twitter for Android</a>",
    "in_reply_to_status_id": 1125916445148209152,
    "in_reply_to_status_id_str": "1125916445148209152",
    "in_reply_to_user_id": 1111270660200763392,
    "in_reply_to_user_id_str": "1111270660200763392",
    "in_reply_to_screen_name": "Shivani_002",
    "user": {
        "id": 4788948950,
        "id_str": "4788948950",
        "name": "\ud83d\ude08\u0917\u094b\u0932\u0917\u092a\u094d\u092a\u093e\ud83d\ude08",
        "screen_name": "nimmbu_pani",
        "location": "Rohini, New Delhi",
        "description": "Still Finding Who am I?\n\u092e\u0948\u0902 \u092a\u0942\u091c\u093e \u0915\u0930\u0924\u093e \u0939\u0942\u0901,\n\u092e\u0948\u0902 \u0930\u093e\u092e\u093e\u092f\u0923 \u0915\u093e \u092a\u093e\u0920 \u0915\u0930\u0924\u093e \u0939\u0942\u0901\u0964\n\u0915\u094b\u0908 \u092d\u0917\u0935\u093e\u0928 \u0928\u093e \u0938\u092e\u091d \u0932\u0947,\n\u0907\u0938\u0940\u0932\u093f\u092f\u0947 \u092a\u093e\u092a \u0915\u0930\u0924\u093e \u0939\u0942\u0901\u0964..  https://t.co/y9uCNq1bwd",
        "url": null,
        "entities": {
            "description": {
                "urls": [
                    {
                        "url": "https://t.co/y9uCNq1bwd",
                        "expanded_url": "https://twitter.com/search?q=from%3Ainterst",
                        "display_url": "twitter.com/search?q=from%\u2026",
                        "indices": [
                            117,
                            140
                        ]
                    }
                ]
            }
        },
        "protected": false,
        "followers_count": 194,
        "friends_count": 235,
        "listed_count": 1,
        "created_at": "Wed Jan 20 13:55:37 +0000 2016",
        "favourites_count": 10843,
        "utc_offset": null,
        "time_zone": null,
        "geo_enabled": false,
        "verified": false,
        "statuses_count": 11660,
        "lang": null,
        "contributors_enabled": false,
        "is_translator": false,
        "is_translation_enabled": false,
        "profile_background_color": "F5F8FA",
        "profile_background_image_url": null,
        "profile_background_image_url_https": null,
        "profile_background_tile": false,
        "profile_image_url": "http://pbs.twimg.com/profile_images/1236530772984524800/MMps6Zsc_normal.jpg",
        "profile_image_url_https": "https://pbs.twimg.com/profile_images/1236530772984524800/MMps6Zsc_normal.jpg",
        "profile_banner_url": "https://pbs.twimg.com/profile_banners/4788948950/1583686180",
        "profile_link_color": "1DA1F2",
        "profile_sidebar_border_color": "C0DEED",
        "profile_sidebar_fill_color": "DDEEF6",
        "profile_text_color": "333333",
        "profile_use_background_image": true,
        "has_extended_profile": true,
        "default_profile": true,
        "default_profile_image": false,
        "following": null,
        "follow_request_sent": null,
        "notifications": null,
        "translator_type": "none"
    },
    "geo": null,
    "coordinates": null,
    "place": null,
    "contributors": null,
    "is_quote_status": false,
    "retweet_count": 0,
    "favorite_count": 0,
    "favorited": false,
    "retweeted": false,
    "lang": "tl"
}