{
    "created_at": "Tue Mar 10 07:32:55 +0000 2020",
    "id": 1237280255133372416,
    "id_str": "1237280255133372416",
    "text": "RT @greatwomenart: SO excited to say that I am the host of @dior\u2019s new podcast on FEMINIST ART! \ud83d\ude0a\u2665\ufe0f\ud83c\udfa7 Listen now ~ first episode with the go\u2026",
    "truncated": false,
    "entities": {
        "hashtags": [],
        "symbols": [],
        "user_mentions": [
            {
                "screen_name": "greatwomenart",
                "name": "Katy Hessel",
                "id": 832571684456632321,
                "id_str": "832571684456632321",
                "indices": [
                    3,
                    17
                ]
            },
            {
                "screen_name": "Dior",
                "name": "Dior",
                "id": 348379865,
                "id_str": "348379865",
                "indices": [
                    59,
                    64
                ]
            }
        ],
        "urls": []
    },
    "metadata": {
        "iso_language_code": "en",
        "result_type": "recent"
    },
    "source": "<a href=\"http://twitter.com/download/iphone\" rel=\"nofollow\">Twitter for iPhone</a>",
    "in_reply_to_status_id": null,
    "in_reply_to_status_id_str": null,
    "in_reply_to_user_id": null,
    "in_reply_to_user_id_str": null,
    "in_reply_to_screen_name": null,
    "user": {
        "id": 2172777766,
        "id_str": "2172777766",
        "name": "Gobaru san",
        "screen_name": "YGobaru",
        "location": "Tokyo, Fukuoka, Albany NY",
        "description": "Book Junkie, Fashion Nerd, ex-@Twitter, ex-musician, INFJ, Kickboxing \ud83c\udfa7\ud83e\udd4a\u2651\ufe0e ex- @Ochadainews @CollegeofStRose \u30e2\u30c3\u30c8\u30fc\u306f\u69cb\u9020\u7684\u52dd\u5229",
        "url": "https://t.co/EgwBvxHfoO",
        "entities": {
            "url": {
                "urls": [
                    {
                        "url": "https://t.co/EgwBvxHfoO",
                        "expanded_url": "https://gobary.tumblr.com/archive",
                        "display_url": "gobary.tumblr.com/archive",
                        "indices": [
                            0,
                            23
                        ]
                    }
                ]
            },
            "description": {
                "urls": []
            }
        },
        "protected": false,
        "followers_count": 748,
        "friends_count": 2127,
        "listed_count": 27,
        "created_at": "Fri Nov 08 00:45:16 +0000 2013",
        "favourites_count": 11585,
        "utc_offset": null,
        "time_zone": null,
        "geo_enabled": true,
        "verified": false,
        "statuses_count": 9597,
        "lang": null,
        "contributors_enabled": false,
        "is_translator": false,
        "is_translation_enabled": false,
        "profile_background_color": "ACDED6",
        "profile_background_image_url": "http://abs.twimg.com/images/themes/theme18/bg.gif",
        "profile_background_image_url_https": "https://abs.twimg.com/images/themes/theme18/bg.gif",
        "profile_background_tile": false,
        "profile_image_url": "http://pbs.twimg.com/profile_images/1206708605400993794/SpM63dwk_normal.jpg",
        "profile_image_url_https": "https://pbs.twimg.com/profile_images/1206708605400993794/SpM63dwk_normal.jpg",
        "profile_banner_url": "https://pbs.twimg.com/profile_banners/2172777766/1571522031",
        "profile_link_color": "038543",
        "profile_sidebar_border_color": "EEEEEE",
        "profile_sidebar_fill_color": "F6F6F6",
        "profile_text_color": "333333",
        "profile_use_background_image": true,
        "has_extended_profile": true,
        "default_profile": false,
        "default_profile_image": false,
        "following": null,
        "follow_request_sent": null,
        "notifications": null,
        "translator_type": "regular"
    },
    "geo": null,
    "coordinates": null,
    "place": null,
    "contributors": null,
    "retweeted_status": {
        "created_at": "Sun Mar 08 19:29:25 +0000 2020",
        "id": 1236735793366011908,
        "id_str": "1236735793366011908",
        "text": "SO excited to say that I am the host of @dior\u2019s new podcast on FEMINIST ART! \ud83d\ude0a\u2665\ufe0f\ud83c\udfa7 Listen now ~ first episode with t\u2026 https://t.co/iZu6OsPOA5",
        "truncated": true,
        "entities": {
            "hashtags": [],
            "symbols": [],
            "user_mentions": [
                {
                    "screen_name": "Dior",
                    "name": "Dior",
                    "id": 348379865,
                    "id_str": "348379865",
                    "indices": [
                        40,
                        45
                    ]
                }
            ],
            "urls": [
                {
                    "url": "https://t.co/iZu6OsPOA5",
                    "expanded_url": "https://twitter.com/i/web/status/1236735793366011908",
                    "display_url": "twitter.com/i/web/status/1\u2026",
                    "indices": [
                        117,
                        140
                    ]
                }
            ]
        },
        "metadata": {
            "iso_language_code": "en",
            "result_type": "recent"
        },
        "source": "<a href=\"http://twitter.com/download/iphone\" rel=\"nofollow\">Twitter for iPhone</a>",
        "in_reply_to_status_id": null,
        "in_reply_to_status_id_str": null,
        "in_reply_to_user_id": null,
        "in_reply_to_user_id_str": null,
        "in_reply_to_screen_name": null,
        "user": {
            "id": 832571684456632321,
            "id_str": "832571684456632321",
            "name": "Katy Hessel",
            "screen_name": "greatwomenart",
            "location": "London, England",
            "description": "Curator, Art Historian + Host of The Great Women Artists Podcast \ud83c\udf99\u2728 Always celebrating female art daily via my Insta: @thegreatwomenartists",
            "url": "https://t.co/zznHXDLzLq",
            "entities": {
                "url": {
                    "urls": [
                        {
                            "url": "https://t.co/zznHXDLzLq",
                            "expanded_url": "https://podcasts.apple.com/gb/podcast/the-great-women-artists-trailer/id1480259187",
                            "display_url": "podcasts.apple.com/gb/podcast/the\u2026",
                            "indices": [
                                0,
                                23
                            ]
                        }
                    ]
                },
                "description": {
                    "urls": []
                }
            },
            "protected": false,
            "followers_count": 563,
            "friends_count": 60,
            "listed_count": 4,
            "created_at": "Fri Feb 17 12:45:32 +0000 2017",
            "favourites_count": 1134,
            "utc_offset": null,
            "time_zone": null,
            "geo_enabled": false,
            "verified": false,
            "statuses_count": 282,
            "lang": null,
            "contributors_enabled": false,
            "is_translator": false,
            "is_translation_enabled": false,
            "profile_background_color": "F5F8FA",
            "profile_background_image_url": null,
            "profile_background_image_url_https": null,
            "profile_background_tile": false,
            "profile_image_url": "http://pbs.twimg.com/profile_images/844326311342608384/e06V5Qey_normal.jpg",
            "profile_image_url_https": "https://pbs.twimg.com/profile_images/844326311342608384/e06V5Qey_normal.jpg",
            "profile_banner_url": "https://pbs.twimg.com/profile_banners/832571684456632321/1569186467",
            "profile_link_color": "1DA1F2",
            "profile_sidebar_border_color": "C0DEED",
            "profile_sidebar_fill_color": "DDEEF6",
            "profile_text_color": "333333",
            "profile_use_background_image": true,
            "has_extended_profile": true,
            "default_profile": true,
            "default_profile_image": false,
            "following": null,
            "follow_request_sent": null,
            "notifications": null,
            "translator_type": "none"
        },
        "geo": null,
        "coordinates": null,
        "place": null,
        "contributors": null,
        "is_quote_status": true,
        "quoted_status_id": 1236592496903323649,
        "quoted_status_id_str": "1236592496903323649",
        "quoted_status": {
            "created_at": "Sun Mar 08 10:00:00 +0000 2020",
            "id": 1236592496903323649,
            "id_str": "1236592496903323649",
            "text": "Welcome to #DiorTalks, a new podcast launching today - discoverable https://t.co/iRvPkxn5ax - that invites renowned\u2026 https://t.co/ipHpVSsrBm",
            "truncated": true,
            "entities": {
                "hashtags": [
                    {
                        "text": "DiorTalks",
                        "indices": [
                            11,
                            21
                        ]
                    }
                ],
                "symbols": [],
                "user_mentions": [],
                "urls": [
                    {
                        "url": "https://t.co/iRvPkxn5ax",
                        "expanded_url": "http://on.dior.com/dior-talks-feminist-art",
                        "display_url": "on.dior.com/dior-talks-fem\u2026",
                        "indices": [
                            68,
                            91
                        ]
                    },
                    {
                        "url": "https://t.co/ipHpVSsrBm",
                        "expanded_url": "https://twitter.com/i/web/status/1236592496903323649",
                        "display_url": "twitter.com/i/web/status/1\u2026",
                        "indices": [
                            117,
                            140
                        ]
                    }
                ]
            },
            "metadata": {
                "iso_language_code": "en",
                "result_type": "recent"
            },
            "source": "<a href=\"https://ads.twitter.com\" rel=\"nofollow\">Twitter Ads</a>",
            "in_reply_to_status_id": null,
            "in_reply_to_status_id_str": null,
            "in_reply_to_user_id": null,
            "in_reply_to_user_id_str": null,
            "in_reply_to_screen_name": null,
            "user": {
                "id": 348379865,
                "id_str": "348379865",
                "name": "Dior",
                "screen_name": "Dior",
                "location": "",
                "description": "",
                "url": "https://t.co/pLUyiJhYc3",
                "entities": {
                    "url": {
                        "urls": [
                            {
                                "url": "https://t.co/pLUyiJhYc3",
                                "expanded_url": "http://www.dior.com",
                                "display_url": "dior.com",
                                "indices": [
                                    0,
                                    23
                                ]
                            }
                        ]
                    },
                    "description": {
                        "urls": []
                    }
                },
                "protected": false,
                "followers_count": 8118096,
                "friends_count": 144,
                "listed_count": 9714,
                "created_at": "Thu Aug 04 10:04:42 +0000 2011",
                "favourites_count": 68,
                "utc_offset": null,
                "time_zone": null,
                "geo_enabled": true,
                "verified": true,
                "statuses_count": 3965,
                "lang": null,
                "contributors_enabled": false,
                "is_translator": false,
                "is_translation_enabled": false,
                "profile_background_color": "000000",
                "profile_background_image_url": "http://abs.twimg.com/images/themes/theme1/bg.png",
                "profile_background_image_url_https": "https://abs.twimg.com/images/themes/theme1/bg.png",
                "profile_background_tile": false,
                "profile_image_url": "http://pbs.twimg.com/profile_images/1051789365205196800/Sr3MjjXc_normal.jpg",
                "profile_image_url_https": "https://pbs.twimg.com/profile_images/1051789365205196800/Sr3MjjXc_normal.jpg",
                "profile_banner_url": "https://pbs.twimg.com/profile_banners/348379865/1583246709",
                "profile_link_color": "009999",
                "profile_sidebar_border_color": "000000",
                "profile_sidebar_fill_color": "303030",
                "profile_text_color": "FFFFFF",
                "profile_use_background_image": false,
                "has_extended_profile": false,
                "default_profile": false,
                "default_profile_image": false,
                "following": null,
                "follow_request_sent": null,
                "notifications": null,
                "translator_type": "none"
            },
            "geo": null,
            "coordinates": null,
            "place": null,
            "contributors": null,
            "is_quote_status": false,
            "retweet_count": 45,
            "favorite_count": 289,
            "favorited": false,
            "retweeted": false,
            "possibly_sensitive": false,
            "lang": "en"
        },
        "retweet_count": 1,
        "favorite_count": 2,
        "favorited": false,
        "retweeted": false,
        "possibly_sensitive": true,
        "lang": "en"
    },
    "is_quote_status": true,
    "quoted_status_id": 1236592496903323649,
    "quoted_status_id_str": "1236592496903323649",
    "retweet_count": 1,
    "favorite_count": 0,
    "favorited": false,
    "retweeted": false,
    "lang": "en"
}