{
    "created_at": "Tue Mar 10 09:56:36 +0000 2020",
    "id": 1237316415977328640,
    "id_str": "1237316415977328640",
    "text": "RT @Dior: See inside the hushed world of the atelier to discover some of the #DiorSavoirFaire behind the #DiorAW20 collection by Maria Graz\u2026",
    "truncated": false,
    "entities": {
        "hashtags": [
            {
                "text": "DiorSavoirFaire",
                "indices": [
                    77,
                    93
                ]
            },
            {
                "text": "DiorAW20",
                "indices": [
                    105,
                    114
                ]
            }
        ],
        "symbols": [],
        "user_mentions": [
            {
                "screen_name": "Dior",
                "name": "Dior",
                "id": 348379865,
                "id_str": "348379865",
                "indices": [
                    3,
                    8
                ]
            }
        ],
        "urls": []
    },
    "metadata": {
        "iso_language_code": "en",
        "result_type": "recent"
    },
    "source": "<a href=\"https://mobile.twitter.com\" rel=\"nofollow\">Twitter Web App</a>",
    "in_reply_to_status_id": null,
    "in_reply_to_status_id_str": null,
    "in_reply_to_user_id": null,
    "in_reply_to_user_id_str": null,
    "in_reply_to_screen_name": null,
    "user": {
        "id": 21794771,
        "id_str": "21794771",
        "name": "TRAMP",
        "screen_name": "LT38",
        "location": "CHICAGO/TEXAS",
        "description": "artist",
        "url": "https://t.co/Ao0eJRgoFI",
        "entities": {
            "url": {
                "urls": [
                    {
                        "url": "https://t.co/Ao0eJRgoFI",
                        "expanded_url": "https://paper.li/LT38/1483177761",
                        "display_url": "paper.li/LT38/1483177761",
                        "indices": [
                            0,
                            23
                        ]
                    }
                ]
            },
            "description": {
                "urls": []
            }
        },
        "protected": false,
        "followers_count": 8204,
        "friends_count": 0,
        "listed_count": 1002,
        "created_at": "Tue Feb 24 20:41:15 +0000 2009",
        "favourites_count": 511488,
        "utc_offset": null,
        "time_zone": null,
        "geo_enabled": true,
        "verified": false,
        "statuses_count": 1125770,
        "lang": null,
        "contributors_enabled": false,
        "is_translator": false,
        "is_translation_enabled": false,
        "profile_background_color": "000000",
        "profile_background_image_url": "http://abs.twimg.com/images/themes/theme6/bg.gif",
        "profile_background_image_url_https": "https://abs.twimg.com/images/themes/theme6/bg.gif",
        "profile_background_tile": false,
        "profile_image_url": "http://pbs.twimg.com/profile_images/456216623477575681/0_x73P_E_normal.jpeg",
        "profile_image_url_https": "https://pbs.twimg.com/profile_images/456216623477575681/0_x73P_E_normal.jpeg",
        "profile_banner_url": "https://pbs.twimg.com/profile_banners/21794771/1397605238",
        "profile_link_color": "94D487",
        "profile_sidebar_border_color": "000000",
        "profile_sidebar_fill_color": "000000",
        "profile_text_color": "000000",
        "profile_use_background_image": false,
        "has_extended_profile": false,
        "default_profile": false,
        "default_profile_image": false,
        "following": null,
        "follow_request_sent": null,
        "notifications": null,
        "translator_type": "none"
    },
    "geo": null,
    "coordinates": null,
    "place": null,
    "contributors": null,
    "retweeted_status": {
        "created_at": "Sat Feb 29 16:02:28 +0000 2020",
        "id": 1233784610267500544,
        "id_str": "1233784610267500544",
        "text": "See inside the hushed world of the atelier to discover some of the #DiorSavoirFaire behind the #DiorAW20 collection\u2026 https://t.co/sycMaQ6zgs",
        "truncated": true,
        "entities": {
            "hashtags": [
                {
                    "text": "DiorSavoirFaire",
                    "indices": [
                        67,
                        83
                    ]
                },
                {
                    "text": "DiorAW20",
                    "indices": [
                        95,
                        104
                    ]
                }
            ],
            "symbols": [],
            "user_mentions": [],
            "urls": [
                {
                    "url": "https://t.co/sycMaQ6zgs",
                    "expanded_url": "https://twitter.com/i/web/status/1233784610267500544",
                    "display_url": "twitter.com/i/web/status/1\u2026",
                    "indices": [
                        117,
                        140
                    ]
                }
            ]
        },
        "metadata": {
            "iso_language_code": "en",
            "result_type": "recent"
        },
        "source": "<a href=\"https://www.later.com\" rel=\"nofollow\">LaterMedia</a>",
        "in_reply_to_status_id": null,
        "in_reply_to_status_id_str": null,
        "in_reply_to_user_id": null,
        "in_reply_to_user_id_str": null,
        "in_reply_to_screen_name": null,
        "user": {
            "id": 348379865,
            "id_str": "348379865",
            "name": "Dior",
            "screen_name": "Dior",
            "location": "",
            "description": "",
            "url": "https://t.co/pLUyiJhYc3",
            "entities": {
                "url": {
                    "urls": [
                        {
                            "url": "https://t.co/pLUyiJhYc3",
                            "expanded_url": "http://www.dior.com",
                            "display_url": "dior.com",
                            "indices": [
                                0,
                                23
                            ]
                        }
                    ]
                },
                "description": {
                    "urls": []
                }
            },
            "protected": false,
            "followers_count": 8118096,
            "friends_count": 144,
            "listed_count": 9714,
            "created_at": "Thu Aug 04 10:04:42 +0000 2011",
            "favourites_count": 68,
            "utc_offset": null,
            "time_zone": null,
            "geo_enabled": true,
            "verified": true,
            "statuses_count": 3965,
            "lang": null,
            "contributors_enabled": false,
            "is_translator": false,
            "is_translation_enabled": false,
            "profile_background_color": "000000",
            "profile_background_image_url": "http://abs.twimg.com/images/themes/theme1/bg.png",
            "profile_background_image_url_https": "https://abs.twimg.com/images/themes/theme1/bg.png",
            "profile_background_tile": false,
            "profile_image_url": "http://pbs.twimg.com/profile_images/1051789365205196800/Sr3MjjXc_normal.jpg",
            "profile_image_url_https": "https://pbs.twimg.com/profile_images/1051789365205196800/Sr3MjjXc_normal.jpg",
            "profile_banner_url": "https://pbs.twimg.com/profile_banners/348379865/1583246709",
            "profile_link_color": "009999",
            "profile_sidebar_border_color": "000000",
            "profile_sidebar_fill_color": "303030",
            "profile_text_color": "FFFFFF",
            "profile_use_background_image": false,
            "has_extended_profile": false,
            "default_profile": false,
            "default_profile_image": false,
            "following": null,
            "follow_request_sent": null,
            "notifications": null,
            "translator_type": "none"
        },
        "geo": null,
        "coordinates": null,
        "place": null,
        "contributors": null,
        "is_quote_status": false,
        "retweet_count": 131,
        "favorite_count": 791,
        "favorited": false,
        "retweeted": false,
        "possibly_sensitive": false,
        "lang": "en"
    },
    "is_quote_status": false,
    "retweet_count": 131,
    "favorite_count": 0,
    "favorited": false,
    "retweeted": false,
    "lang": "en"
}