{
    "created_at": "Tue Mar 10 16:16:53 +0000 2020",
    "id": 1237412119609593857,
    "id_str": "1237412119609593857",
    "text": "RT @fanygloow: NEW POST! \n-teint: @maquibeauty_it \n-poudre teint\u00e9es: @MorpheBrushes @MakeupRVLTN \n-cils: @Dior \n-liner: @ABHcosmetics \n\n(In\u2026",
    "truncated": false,
    "entities": {
        "hashtags": [],
        "symbols": [],
        "user_mentions": [
            {
                "screen_name": "fanygloow",
                "name": "makeup vibes",
                "id": 999966434896830464,
                "id_str": "999966434896830464",
                "indices": [
                    3,
                    13
                ]
            },
            {
                "screen_name": "maquibeauty_it",
                "name": "Maquibeauty Italia",
                "id": 2318890105,
                "id_str": "2318890105",
                "indices": [
                    34,
                    49
                ]
            },
            {
                "screen_name": "MorpheBrushes",
                "name": "Morphe",
                "id": 330562657,
                "id_str": "330562657",
                "indices": [
                    69,
                    83
                ]
            },
            {
                "screen_name": "MakeupRVLTN",
                "name": "Revolution Makeup",
                "id": 2186116027,
                "id_str": "2186116027",
                "indices": [
                    84,
                    96
                ]
            },
            {
                "screen_name": "Dior",
                "name": "Dior",
                "id": 348379865,
                "id_str": "348379865",
                "indices": [
                    105,
                    110
                ]
            },
            {
                "screen_name": "ABHcosmetics",
                "name": "Anastasia Beverly Hills",
                "id": 50089673,
                "id_str": "50089673",
                "indices": [
                    120,
                    133
                ]
            }
        ],
        "urls": []
    },
    "metadata": {
        "iso_language_code": "fr",
        "result_type": "recent"
    },
    "source": "<a href=\"http://twitter.com/download/iphone\" rel=\"nofollow\">Twitter for iPhone</a>",
    "in_reply_to_status_id": null,
    "in_reply_to_status_id_str": null,
    "in_reply_to_user_id": null,
    "in_reply_to_user_id_str": null,
    "in_reply_to_screen_name": null,
    "user": {
        "id": 1205206941204668417,
        "id_str": "1205206941204668417",
        "name": "Bouchon608",
        "screen_name": "bouchon608",
        "location": "Belgique",
        "description": "Vous riez de moi car je suis diff\u00e9rente? Je me moque de vous car vous \u00eates tous pareils! \ud83c\udf80Bouchon608@gmail.com \ud83d\udce8",
        "url": "https://t.co/Uc3YVZdKcx",
        "entities": {
            "url": {
                "urls": [
                    {
                        "url": "https://t.co/Uc3YVZdKcx",
                        "expanded_url": "https://www.instagram.com/bouchon608/",
                        "display_url": "instagram.com/bouchon608/",
                        "indices": [
                            0,
                            23
                        ]
                    }
                ]
            },
            "description": {
                "urls": []
            }
        },
        "protected": false,
        "followers_count": 32,
        "friends_count": 81,
        "listed_count": 0,
        "created_at": "Thu Dec 12 19:25:09 +0000 2019",
        "favourites_count": 1280,
        "utc_offset": null,
        "time_zone": null,
        "geo_enabled": false,
        "verified": false,
        "statuses_count": 708,
        "lang": null,
        "contributors_enabled": false,
        "is_translator": false,
        "is_translation_enabled": false,
        "profile_background_color": "F5F8FA",
        "profile_background_image_url": null,
        "profile_background_image_url_https": null,
        "profile_background_tile": false,
        "profile_image_url": "http://pbs.twimg.com/profile_images/1205207823094820864/ciuNkYnv_normal.jpg",
        "profile_image_url_https": "https://pbs.twimg.com/profile_images/1205207823094820864/ciuNkYnv_normal.jpg",
        "profile_banner_url": "https://pbs.twimg.com/profile_banners/1205206941204668417/1576178946",
        "profile_link_color": "1DA1F2",
        "profile_sidebar_border_color": "C0DEED",
        "profile_sidebar_fill_color": "DDEEF6",
        "profile_text_color": "333333",
        "profile_use_background_image": true,
        "has_extended_profile": false,
        "default_profile": true,
        "default_profile_image": false,
        "following": null,
        "follow_request_sent": null,
        "notifications": null,
        "translator_type": "none"
    },
    "geo": null,
    "coordinates": null,
    "place": null,
    "contributors": null,
    "retweeted_status": {
        "created_at": "Mon Mar 09 17:51:04 +0000 2020",
        "id": 1237073433239920640,
        "id_str": "1237073433239920640",
        "text": "NEW POST! \n-teint: @maquibeauty_it \n-poudre teint\u00e9es: @MorpheBrushes @MakeupRVLTN \n-cils: @Dior \n-liner:\u2026 https://t.co/XKID4azNDY",
        "truncated": true,
        "entities": {
            "hashtags": [],
            "symbols": [],
            "user_mentions": [
                {
                    "screen_name": "maquibeauty_it",
                    "name": "Maquibeauty Italia",
                    "id": 2318890105,
                    "id_str": "2318890105",
                    "indices": [
                        19,
                        34
                    ]
                },
                {
                    "screen_name": "MorpheBrushes",
                    "name": "Morphe",
                    "id": 330562657,
                    "id_str": "330562657",
                    "indices": [
                        54,
                        68
                    ]
                },
                {
                    "screen_name": "MakeupRVLTN",
                    "name": "Revolution Makeup",
                    "id": 2186116027,
                    "id_str": "2186116027",
                    "indices": [
                        69,
                        81
                    ]
                },
                {
                    "screen_name": "Dior",
                    "name": "Dior",
                    "id": 348379865,
                    "id_str": "348379865",
                    "indices": [
                        90,
                        95
                    ]
                }
            ],
            "urls": [
                {
                    "url": "https://t.co/XKID4azNDY",
                    "expanded_url": "https://twitter.com/i/web/status/1237073433239920640",
                    "display_url": "twitter.com/i/web/status/1\u2026",
                    "indices": [
                        106,
                        129
                    ]
                }
            ]
        },
        "metadata": {
            "iso_language_code": "fr",
            "result_type": "recent"
        },
        "source": "<a href=\"http://twitter.com/download/iphone\" rel=\"nofollow\">Twitter for iPhone</a>",
        "in_reply_to_status_id": null,
        "in_reply_to_status_id_str": null,
        "in_reply_to_user_id": null,
        "in_reply_to_user_id_str": null,
        "in_reply_to_screen_name": null,
        "user": {
            "id": 999966434896830464,
            "id_str": "999966434896830464",
            "name": "makeup vibes",
            "screen_name": "fanygloow",
            "location": "",
            "description": "\ud835\ude48\ud835\ude6a\ud835\ude68\ud835\ude5e\ud835\ude58 \ud835\ude5e\ud835\ude68 \ud835\ude63\ud835\ude64\ud835\ude5e\ud835\ude68\ud835\ude5a \ud835\ude69\ud835\ude5d\ud835\ude56\ud835\ude69 \ud835\ude69\ud835\ude5d\ud835\ude5e\ud835\ude63\ud835\ude60\ud835\ude68. \u2661",
            "url": null,
            "entities": {
                "description": {
                    "urls": []
                }
            },
            "protected": false,
            "followers_count": 1720,
            "friends_count": 3588,
            "listed_count": 2,
            "created_at": "Fri May 25 10:52:31 +0000 2018",
            "favourites_count": 10208,
            "utc_offset": null,
            "time_zone": null,
            "geo_enabled": true,
            "verified": false,
            "statuses_count": 6366,
            "lang": null,
            "contributors_enabled": false,
            "is_translator": false,
            "is_translation_enabled": false,
            "profile_background_color": "F5F8FA",
            "profile_background_image_url": null,
            "profile_background_image_url_https": null,
            "profile_background_tile": false,
            "profile_image_url": "http://pbs.twimg.com/profile_images/1237127034037506048/3I_JxVfn_normal.jpg",
            "profile_image_url_https": "https://pbs.twimg.com/profile_images/1237127034037506048/3I_JxVfn_normal.jpg",
            "profile_banner_url": "https://pbs.twimg.com/profile_banners/999966434896830464/1576449845",
            "profile_link_color": "1DA1F2",
            "profile_sidebar_border_color": "C0DEED",
            "profile_sidebar_fill_color": "DDEEF6",
            "profile_text_color": "333333",
            "profile_use_background_image": true,
            "has_extended_profile": false,
            "default_profile": true,
            "default_profile_image": false,
            "following": null,
            "follow_request_sent": null,
            "notifications": null,
            "translator_type": "none"
        },
        "geo": null,
        "coordinates": null,
        "place": null,
        "contributors": null,
        "is_quote_status": false,
        "retweet_count": 15,
        "favorite_count": 20,
        "favorited": false,
        "retweeted": false,
        "possibly_sensitive": false,
        "lang": "fr"
    },
    "is_quote_status": false,
    "retweet_count": 15,
    "favorite_count": 0,
    "favorited": false,
    "retweeted": false,
    "lang": "fr"
}