{
    "created_at": "Tue Mar 10 10:13:24 +0000 2020",
    "id": 1237320643521261569,
    "id_str": "1237320643521261569",
    "text": "RT @oohlinn: @GucciGang_EXO @OhSehunGlobal @weareoneEXO @Dior Yass! Literally search your post because I remembered someone posted about #s\u2026",
    "truncated": false,
    "entities": {
        "hashtags": [],
        "symbols": [],
        "user_mentions": [
            {
                "screen_name": "oohlinn",
                "name": "#Suho_SelfPortrait \ud83d\uddbc\ufe0f\u2747\ufe0f\ud83c\udf37\ud83e\udd40\ud83d\udc90",
                "id": 873381615556214784,
                "id_str": "873381615556214784",
                "indices": [
                    3,
                    11
                ]
            },
            {
                "screen_name": "GucciGang_EXO",
                "name": "\u02e2\u1d43\u1d47\u1d43 \u2079\u2074",
                "id": 907077652351209472,
                "id_str": "907077652351209472",
                "indices": [
                    13,
                    27
                ]
            },
            {
                "screen_name": "OhSehunGlobal",
                "name": "Sehun Global Union",
                "id": 986977626450427904,
                "id_str": "986977626450427904",
                "indices": [
                    28,
                    42
                ]
            },
            {
                "screen_name": "weareoneEXO",
                "name": "EXO",
                "id": 873115441303924736,
                "id_str": "873115441303924736",
                "indices": [
                    43,
                    55
                ]
            },
            {
                "screen_name": "Dior",
                "name": "Dior",
                "id": 348379865,
                "id_str": "348379865",
                "indices": [
                    56,
                    61
                ]
            }
        ],
        "urls": []
    },
    "metadata": {
        "iso_language_code": "en",
        "result_type": "recent"
    },
    "source": "<a href=\"http://twitter.com/download/android\" rel=\"nofollow\">Twitter for Android</a>",
    "in_reply_to_status_id": null,
    "in_reply_to_status_id_str": null,
    "in_reply_to_user_id": null,
    "in_reply_to_user_id_str": null,
    "in_reply_to_screen_name": null,
    "user": {
        "id": 1101882296779636737,
        "id_str": "1101882296779636737",
        "name": "missyoujongdea\ud83e\udd7asuho's solo",
        "screen_name": "Tamarigabriela1",
        "location": "",
        "description": "EXO IS 9 .GEORGIAN EXO-L\ud83c\uddec\ud83c\uddea",
        "url": null,
        "entities": {
            "description": {
                "urls": []
            }
        },
        "protected": false,
        "followers_count": 521,
        "friends_count": 976,
        "listed_count": 0,
        "created_at": "Sat Mar 02 16:29:46 +0000 2019",
        "favourites_count": 917,
        "utc_offset": null,
        "time_zone": null,
        "geo_enabled": false,
        "verified": false,
        "statuses_count": 5342,
        "lang": null,
        "contributors_enabled": false,
        "is_translator": false,
        "is_translation_enabled": false,
        "profile_background_color": "F5F8FA",
        "profile_background_image_url": null,
        "profile_background_image_url_https": null,
        "profile_background_tile": false,
        "profile_image_url": "http://pbs.twimg.com/profile_images/1237321559460794368/rmiZ4bHW_normal.jpg",
        "profile_image_url_https": "https://pbs.twimg.com/profile_images/1237321559460794368/rmiZ4bHW_normal.jpg",
        "profile_banner_url": "https://pbs.twimg.com/profile_banners/1101882296779636737/1583166645",
        "profile_link_color": "1DA1F2",
        "profile_sidebar_border_color": "C0DEED",
        "profile_sidebar_fill_color": "DDEEF6",
        "profile_text_color": "333333",
        "profile_use_background_image": true,
        "has_extended_profile": false,
        "default_profile": true,
        "default_profile_image": false,
        "following": null,
        "follow_request_sent": null,
        "notifications": null,
        "translator_type": "none"
    },
    "geo": null,
    "coordinates": null,
    "place": null,
    "contributors": null,
    "retweeted_status": {
        "created_at": "Mon Mar 09 09:44:59 +0000 2020",
        "id": 1236951104228700160,
        "id_str": "1236951104228700160",
        "text": "@GucciGang_EXO @OhSehunGlobal @weareoneEXO @Dior Yass! Literally search your post because I remembered someone post\u2026 https://t.co/GgSkkFXsCv",
        "truncated": true,
        "entities": {
            "hashtags": [],
            "symbols": [],
            "user_mentions": [
                {
                    "screen_name": "GucciGang_EXO",
                    "name": "\u02e2\u1d43\u1d47\u1d43 \u2079\u2074",
                    "id": 907077652351209472,
                    "id_str": "907077652351209472",
                    "indices": [
                        0,
                        14
                    ]
                },
                {
                    "screen_name": "OhSehunGlobal",
                    "name": "Sehun Global Union",
                    "id": 986977626450427904,
                    "id_str": "986977626450427904",
                    "indices": [
                        15,
                        29
                    ]
                },
                {
                    "screen_name": "weareoneEXO",
                    "name": "EXO",
                    "id": 873115441303924736,
                    "id_str": "873115441303924736",
                    "indices": [
                        30,
                        42
                    ]
                },
                {
                    "screen_name": "Dior",
                    "name": "Dior",
                    "id": 348379865,
                    "id_str": "348379865",
                    "indices": [
                        43,
                        48
                    ]
                }
            ],
            "urls": [
                {
                    "url": "https://t.co/GgSkkFXsCv",
                    "expanded_url": "https://twitter.com/i/web/status/1236951104228700160",
                    "display_url": "twitter.com/i/web/status/1\u2026",
                    "indices": [
                        117,
                        140
                    ]
                }
            ]
        },
        "metadata": {
            "iso_language_code": "en",
            "result_type": "recent"
        },
        "source": "<a href=\"http://twitter.com/download/android\" rel=\"nofollow\">Twitter for Android</a>",
        "in_reply_to_status_id": 1236950255150583808,
        "in_reply_to_status_id_str": "1236950255150583808",
        "in_reply_to_user_id": 907077652351209472,
        "in_reply_to_user_id_str": "907077652351209472",
        "in_reply_to_screen_name": "GucciGang_EXO",
        "user": {
            "id": 873381615556214784,
            "id_str": "873381615556214784",
            "name": "#Suho_SelfPortrait \ud83d\uddbc\ufe0f\u2747\ufe0f\ud83c\udf37\ud83e\udd40\ud83d\udc90",
            "screen_name": "oohlinn",
            "location": "L-1485",
            "description": "EXO isn't a group, EXO is family.                                     Nine or None. EXOL 2018\n\n\ud83d\udc4d\u2764\ufe0f\ud83d\udc49",
            "url": "https://t.co/Z4IZz3IckF",
            "entities": {
                "url": {
                    "urls": [
                        {
                            "url": "https://t.co/Z4IZz3IckF",
                            "expanded_url": "http://www.weareone.exo.exol.com",
                            "display_url": "weareone.exo.exol.com",
                            "indices": [
                                0,
                                23
                            ]
                        }
                    ]
                },
                "description": {
                    "urls": []
                }
            },
            "protected": false,
            "followers_count": 131,
            "friends_count": 519,
            "listed_count": 13,
            "created_at": "Sat Jun 10 03:29:38 +0000 2017",
            "favourites_count": 19063,
            "utc_offset": null,
            "time_zone": null,
            "geo_enabled": true,
            "verified": false,
            "statuses_count": 19520,
            "lang": null,
            "contributors_enabled": false,
            "is_translator": false,
            "is_translation_enabled": false,
            "profile_background_color": "000000",
            "profile_background_image_url": "http://abs.twimg.com/images/themes/theme1/bg.png",
            "profile_background_image_url_https": "https://abs.twimg.com/images/themes/theme1/bg.png",
            "profile_background_tile": false,
            "profile_image_url": "http://pbs.twimg.com/profile_images/1235076729653227520/dwBH3iZw_normal.jpg",
            "profile_image_url_https": "https://pbs.twimg.com/profile_images/1235076729653227520/dwBH3iZw_normal.jpg",
            "profile_banner_url": "https://pbs.twimg.com/profile_banners/873381615556214784/1582802379",
            "profile_link_color": "FAB81E",
            "profile_sidebar_border_color": "000000",
            "profile_sidebar_fill_color": "000000",
            "profile_text_color": "000000",
            "profile_use_background_image": false,
            "has_extended_profile": true,
            "default_profile": false,
            "default_profile_image": false,
            "following": null,
            "follow_request_sent": null,
            "notifications": null,
            "translator_type": "none"
        },
        "geo": null,
        "coordinates": null,
        "place": null,
        "contributors": null,
        "is_quote_status": false,
        "retweet_count": 1,
        "favorite_count": 2,
        "favorited": false,
        "retweeted": false,
        "lang": "en"
    },
    "is_quote_status": false,
    "retweet_count": 1,
    "favorite_count": 0,
    "favorited": false,
    "retweeted": false,
    "lang": "en"
}