{
    "created_at": "Tue Mar 10 09:03:48 +0000 2020",
    "id": 1237303127499583493,
    "id_str": "1237303127499583493",
    "text": "RT @Dior: D\u00e9couvrez le nouveau film Dior Homme avec Robert Pattinson, inspir\u00e9 de la chanson iconique de Leonard Cohen, \u00ab I\u2019m your man \u00bb. \n\u201c\u2026",
    "truncated": false,
    "entities": {
        "hashtags": [],
        "symbols": [],
        "user_mentions": [
            {
                "screen_name": "Dior",
                "name": "Dior",
                "id": 348379865,
                "id_str": "348379865",
                "indices": [
                    3,
                    8
                ]
            }
        ],
        "urls": []
    },
    "metadata": {
        "iso_language_code": "en",
        "result_type": "recent"
    },
    "source": "<a href=\"http://twitter.com/download/iphone\" rel=\"nofollow\">Twitter for iPhone</a>",
    "in_reply_to_status_id": null,
    "in_reply_to_status_id_str": null,
    "in_reply_to_user_id": null,
    "in_reply_to_user_id_str": null,
    "in_reply_to_screen_name": null,
    "user": {
        "id": 3030870724,
        "id_str": "3030870724",
        "name": "24",
        "screen_name": "strenghtofed",
        "location": "Paris",
        "description": "#Blacklivesmatter Mamba Mentality",
        "url": null,
        "entities": {
            "description": {
                "urls": []
            }
        },
        "protected": false,
        "followers_count": 458,
        "friends_count": 186,
        "listed_count": 19,
        "created_at": "Wed Feb 11 17:38:56 +0000 2015",
        "favourites_count": 70311,
        "utc_offset": null,
        "time_zone": null,
        "geo_enabled": false,
        "verified": false,
        "statuses_count": 95092,
        "lang": null,
        "contributors_enabled": false,
        "is_translator": false,
        "is_translation_enabled": false,
        "profile_background_color": "000000",
        "profile_background_image_url": "http://abs.twimg.com/images/themes/theme1/bg.png",
        "profile_background_image_url_https": "https://abs.twimg.com/images/themes/theme1/bg.png",
        "profile_background_tile": false,
        "profile_image_url": "http://pbs.twimg.com/profile_images/1213442131022503936/DHcWeu_l_normal.jpg",
        "profile_image_url_https": "https://pbs.twimg.com/profile_images/1213442131022503936/DHcWeu_l_normal.jpg",
        "profile_banner_url": "https://pbs.twimg.com/profile_banners/3030870724/1572202677",
        "profile_link_color": "9266CC",
        "profile_sidebar_border_color": "C0DEED",
        "profile_sidebar_fill_color": "DDEEF6",
        "profile_text_color": "333333",
        "profile_use_background_image": true,
        "has_extended_profile": false,
        "default_profile": false,
        "default_profile_image": false,
        "following": null,
        "follow_request_sent": null,
        "notifications": null,
        "translator_type": "none"
    },
    "geo": null,
    "coordinates": null,
    "place": null,
    "contributors": null,
    "retweeted_status": {
        "created_at": "Wed Feb 26 08:45:19 +0000 2020",
        "id": 1232587433662959616,
        "id_str": "1232587433662959616",
        "text": "D\u00e9couvrez le nouveau film Dior Homme avec Robert Pattinson, inspir\u00e9 de la chanson iconique de Leonard Cohen, \u00ab I\u2019m\u2026 https://t.co/OR0ctCq2UJ",
        "truncated": true,
        "entities": {
            "hashtags": [],
            "symbols": [],
            "user_mentions": [],
            "urls": [
                {
                    "url": "https://t.co/OR0ctCq2UJ",
                    "expanded_url": "https://twitter.com/i/web/status/1232587433662959616",
                    "display_url": "twitter.com/i/web/status/1\u2026",
                    "indices": [
                        116,
                        139
                    ]
                }
            ]
        },
        "metadata": {
            "iso_language_code": "en",
            "result_type": "recent"
        },
        "source": "<a href=\"https://ads.twitter.com\" rel=\"nofollow\">Twitter Ads</a>",
        "in_reply_to_status_id": null,
        "in_reply_to_status_id_str": null,
        "in_reply_to_user_id": null,
        "in_reply_to_user_id_str": null,
        "in_reply_to_screen_name": null,
        "user": {
            "id": 348379865,
            "id_str": "348379865",
            "name": "Dior",
            "screen_name": "Dior",
            "location": "",
            "description": "",
            "url": "https://t.co/pLUyiJhYc3",
            "entities": {
                "url": {
                    "urls": [
                        {
                            "url": "https://t.co/pLUyiJhYc3",
                            "expanded_url": "http://www.dior.com",
                            "display_url": "dior.com",
                            "indices": [
                                0,
                                23
                            ]
                        }
                    ]
                },
                "description": {
                    "urls": []
                }
            },
            "protected": false,
            "followers_count": 8118096,
            "friends_count": 144,
            "listed_count": 9714,
            "created_at": "Thu Aug 04 10:04:42 +0000 2011",
            "favourites_count": 68,
            "utc_offset": null,
            "time_zone": null,
            "geo_enabled": true,
            "verified": true,
            "statuses_count": 3965,
            "lang": null,
            "contributors_enabled": false,
            "is_translator": false,
            "is_translation_enabled": false,
            "profile_background_color": "000000",
            "profile_background_image_url": "http://abs.twimg.com/images/themes/theme1/bg.png",
            "profile_background_image_url_https": "https://abs.twimg.com/images/themes/theme1/bg.png",
            "profile_background_tile": false,
            "profile_image_url": "http://pbs.twimg.com/profile_images/1051789365205196800/Sr3MjjXc_normal.jpg",
            "profile_image_url_https": "https://pbs.twimg.com/profile_images/1051789365205196800/Sr3MjjXc_normal.jpg",
            "profile_banner_url": "https://pbs.twimg.com/profile_banners/348379865/1583246709",
            "profile_link_color": "009999",
            "profile_sidebar_border_color": "000000",
            "profile_sidebar_fill_color": "303030",
            "profile_text_color": "FFFFFF",
            "profile_use_background_image": false,
            "has_extended_profile": false,
            "default_profile": false,
            "default_profile_image": false,
            "following": null,
            "follow_request_sent": null,
            "notifications": null,
            "translator_type": "none"
        },
        "geo": null,
        "coordinates": null,
        "place": null,
        "contributors": null,
        "is_quote_status": false,
        "retweet_count": 243,
        "favorite_count": 1316,
        "favorited": false,
        "retweeted": false,
        "possibly_sensitive": false,
        "scopes": {
            "followers": false
        },
        "lang": "en"
    },
    "is_quote_status": false,
    "retweet_count": 243,
    "favorite_count": 0,
    "favorited": false,
    "retweeted": false,
    "lang": "en"
}