{
    "created_at": "Tue Mar 10 11:57:57 +0000 2020",
    "id": 1237346955950358528,
    "id_str": "1237346955950358528",
    "text": "New Top 5 Tuesday up! Check it out! https://t.co/lo6v631jyI @Hermes_Paris @Chantecaille @armani @Dior\u2026 https://t.co/X0C51Xz6Yt",
    "truncated": true,
    "entities": {
        "hashtags": [],
        "symbols": [],
        "user_mentions": [
            {
                "screen_name": "Hermes_Paris",
                "name": "Herm\u00e8s",
                "id": 537989713,
                "id_str": "537989713",
                "indices": [
                    60,
                    73
                ]
            },
            {
                "screen_name": "Chantecaille",
                "name": "Chantecaille",
                "id": 62899815,
                "id_str": "62899815",
                "indices": [
                    74,
                    87
                ]
            },
            {
                "screen_name": "armani",
                "name": "Armani",
                "id": 78021221,
                "id_str": "78021221",
                "indices": [
                    88,
                    95
                ]
            },
            {
                "screen_name": "Dior",
                "name": "Dior",
                "id": 348379865,
                "id_str": "348379865",
                "indices": [
                    96,
                    101
                ]
            }
        ],
        "urls": [
            {
                "url": "https://t.co/lo6v631jyI",
                "expanded_url": "https://youtu.be/i8_-wkNfxRk",
                "display_url": "youtu.be/i8_-wkNfxRk",
                "indices": [
                    36,
                    59
                ]
            },
            {
                "url": "https://t.co/X0C51Xz6Yt",
                "expanded_url": "https://twitter.com/i/web/status/1237346955950358528",
                "display_url": "twitter.com/i/web/status/1\u2026",
                "indices": [
                    103,
                    126
                ]
            }
        ]
    },
    "metadata": {
        "iso_language_code": "en",
        "result_type": "recent"
    },
    "source": "<a href=\"http://twitter.com/download/iphone\" rel=\"nofollow\">Twitter for iPhone</a>",
    "in_reply_to_status_id": null,
    "in_reply_to_status_id_str": null,
    "in_reply_to_user_id": null,
    "in_reply_to_user_id_str": null,
    "in_reply_to_screen_name": null,
    "user": {
        "id": 1138858275846311937,
        "id_str": "1138858275846311937",
        "name": "Michele Wang",
        "screen_name": "themichelewang",
        "location": "Las Vegas, NV",
        "description": "Beauty YouTuber dedicated to luxury makeup and skincare. \u264d\ufe0f HAPPILY MARRIED SO \ud83d\udd95\ud83c\udffb",
        "url": "https://t.co/Z1GD6VRtBJ",
        "entities": {
            "url": {
                "urls": [
                    {
                        "url": "https://t.co/Z1GD6VRtBJ",
                        "expanded_url": "https://goo.gl/w93Upt",
                        "display_url": "goo.gl/w93Upt",
                        "indices": [
                            0,
                            23
                        ]
                    }
                ]
            },
            "description": {
                "urls": []
            }
        },
        "protected": false,
        "followers_count": 1211,
        "friends_count": 237,
        "listed_count": 4,
        "created_at": "Wed Jun 12 17:19:06 +0000 2019",
        "favourites_count": 5236,
        "utc_offset": null,
        "time_zone": null,
        "geo_enabled": false,
        "verified": false,
        "statuses_count": 1654,
        "lang": null,
        "contributors_enabled": false,
        "is_translator": false,
        "is_translation_enabled": false,
        "profile_background_color": "F5F8FA",
        "profile_background_image_url": null,
        "profile_background_image_url_https": null,
        "profile_background_tile": false,
        "profile_image_url": "http://pbs.twimg.com/profile_images/1151489935158829057/CQWXpzkq_normal.jpg",
        "profile_image_url_https": "https://pbs.twimg.com/profile_images/1151489935158829057/CQWXpzkq_normal.jpg",
        "profile_link_color": "1DA1F2",
        "profile_sidebar_border_color": "C0DEED",
        "profile_sidebar_fill_color": "DDEEF6",
        "profile_text_color": "333333",
        "profile_use_background_image": true,
        "has_extended_profile": true,
        "default_profile": true,
        "default_profile_image": false,
        "following": null,
        "follow_request_sent": null,
        "notifications": null,
        "translator_type": "none"
    },
    "geo": null,
    "coordinates": null,
    "place": null,
    "contributors": null,
    "is_quote_status": false,
    "retweet_count": 0,
    "favorite_count": 10,
    "favorited": false,
    "retweeted": false,
    "possibly_sensitive": false,
    "lang": "en"
}