{
    "created_at": "Tue Mar 10 10:21:15 +0000 2020",
    "id": 1237322617725435905,
    "id_str": "1237322617725435905",
    "text": "RT @rainafortini: @NumanAcar_ @berlinale @Dior @Zegna Incredible how you can change your look https://t.co/zvz6gRp5Zl",
    "truncated": false,
    "entities": {
        "hashtags": [],
        "symbols": [],
        "user_mentions": [
            {
                "screen_name": "rainafortini",
                "name": "Raina Fortini",
                "id": 138917150,
                "id_str": "138917150",
                "indices": [
                    3,
                    16
                ]
            },
            {
                "screen_name": "NumanAcar_",
                "name": "Numan Acar",
                "id": 42907975,
                "id_str": "42907975",
                "indices": [
                    18,
                    29
                ]
            },
            {
                "screen_name": "berlinale",
                "name": "Berlinale",
                "id": 62515127,
                "id_str": "62515127",
                "indices": [
                    30,
                    40
                ]
            },
            {
                "screen_name": "Dior",
                "name": "Dior",
                "id": 348379865,
                "id_str": "348379865",
                "indices": [
                    41,
                    46
                ]
            },
            {
                "screen_name": "Zegna",
                "name": "Zegna",
                "id": 130488161,
                "id_str": "130488161",
                "indices": [
                    47,
                    53
                ]
            }
        ],
        "urls": [],
        "media": [
            {
                "id": 1236343324950306816,
                "id_str": "1236343324950306816",
                "indices": [
                    94,
                    117
                ],
                "media_url": "http://pbs.twimg.com/media/EShftCAWoAAWZjy.jpg",
                "media_url_https": "https://pbs.twimg.com/media/EShftCAWoAAWZjy.jpg",
                "url": "https://t.co/zvz6gRp5Zl",
                "display_url": "pic.twitter.com/zvz6gRp5Zl",
                "expanded_url": "https://twitter.com/rainafortini/status/1236343328859394049/photo/1",
                "type": "photo",
                "sizes": {
                    "medium": {
                        "w": 1024,
                        "h": 576,
                        "resize": "fit"
                    },
                    "thumb": {
                        "w": 150,
                        "h": 150,
                        "resize": "crop"
                    },
                    "small": {
                        "w": 680,
                        "h": 383,
                        "resize": "fit"
                    },
                    "large": {
                        "w": 1024,
                        "h": 576,
                        "resize": "fit"
                    }
                },
                "source_status_id": 1236343328859394049,
                "source_status_id_str": "1236343328859394049",
                "source_user_id": 138917150,
                "source_user_id_str": "138917150"
            }
        ]
    },
    "extended_entities": {
        "media": [
            {
                "id": 1236343324950306816,
                "id_str": "1236343324950306816",
                "indices": [
                    94,
                    117
                ],
                "media_url": "http://pbs.twimg.com/media/EShftCAWoAAWZjy.jpg",
                "media_url_https": "https://pbs.twimg.com/media/EShftCAWoAAWZjy.jpg",
                "url": "https://t.co/zvz6gRp5Zl",
                "display_url": "pic.twitter.com/zvz6gRp5Zl",
                "expanded_url": "https://twitter.com/rainafortini/status/1236343328859394049/photo/1",
                "type": "photo",
                "sizes": {
                    "medium": {
                        "w": 1024,
                        "h": 576,
                        "resize": "fit"
                    },
                    "thumb": {
                        "w": 150,
                        "h": 150,
                        "resize": "crop"
                    },
                    "small": {
                        "w": 680,
                        "h": 383,
                        "resize": "fit"
                    },
                    "large": {
                        "w": 1024,
                        "h": 576,
                        "resize": "fit"
                    }
                },
                "source_status_id": 1236343328859394049,
                "source_status_id_str": "1236343328859394049",
                "source_user_id": 138917150,
                "source_user_id_str": "138917150"
            }
        ]
    },
    "metadata": {
        "iso_language_code": "en",
        "result_type": "recent"
    },
    "source": "<a href=\"http://twitter.com/download/iphone\" rel=\"nofollow\">Twitter for iPhone</a>",
    "in_reply_to_status_id": null,
    "in_reply_to_status_id_str": null,
    "in_reply_to_user_id": null,
    "in_reply_to_user_id_str": null,
    "in_reply_to_screen_name": null,
    "user": {
        "id": 42907975,
        "id_str": "42907975",
        "name": "Numan Acar",
        "screen_name": "NumanAcar_",
        "location": "Grounded",
        "description": "on Instagram @numanoffice              Actor in #Aladdin #Spider-Man FFH #Homeland #PrisonBreak #JackRyan #InTheFade",
        "url": "https://t.co/9VIPDUb6GF",
        "entities": {
            "url": {
                "urls": [
                    {
                        "url": "https://t.co/9VIPDUb6GF",
                        "expanded_url": "http://www.numanacar.com",
                        "display_url": "numanacar.com",
                        "indices": [
                            0,
                            23
                        ]
                    }
                ]
            },
            "description": {
                "urls": []
            }
        },
        "protected": false,
        "followers_count": 2942,
        "friends_count": 133,
        "listed_count": 50,
        "created_at": "Wed May 27 15:41:29 +0000 2009",
        "favourites_count": 7827,
        "utc_offset": null,
        "time_zone": null,
        "geo_enabled": false,
        "verified": false,
        "statuses_count": 3360,
        "lang": null,
        "contributors_enabled": false,
        "is_translator": false,
        "is_translation_enabled": false,
        "profile_background_color": "05191A",
        "profile_background_image_url": "http://abs.twimg.com/images/themes/theme1/bg.png",
        "profile_background_image_url_https": "https://abs.twimg.com/images/themes/theme1/bg.png",
        "profile_background_tile": false,
        "profile_image_url": "http://pbs.twimg.com/profile_images/850667533250306048/AcC0se_P_normal.jpg",
        "profile_image_url_https": "https://pbs.twimg.com/profile_images/850667533250306048/AcC0se_P_normal.jpg",
        "profile_banner_url": "https://pbs.twimg.com/profile_banners/42907975/1491649644",
        "profile_link_color": "0084B4",
        "profile_sidebar_border_color": "FFFFFF",
        "profile_sidebar_fill_color": "DDFFCC",
        "profile_text_color": "333333",
        "profile_use_background_image": true,
        "has_extended_profile": false,
        "default_profile": false,
        "default_profile_image": false,
        "following": null,
        "follow_request_sent": null,
        "notifications": null,
        "translator_type": "none"
    },
    "geo": null,
    "coordinates": null,
    "place": null,
    "contributors": null,
    "retweeted_status": {
        "created_at": "Sat Mar 07 17:29:54 +0000 2020",
        "id": 1236343328859394049,
        "id_str": "1236343328859394049",
        "text": "@NumanAcar_ @berlinale @Dior @Zegna Incredible how you can change your look https://t.co/zvz6gRp5Zl",
        "truncated": false,
        "entities": {
            "hashtags": [],
            "symbols": [],
            "user_mentions": [
                {
                    "screen_name": "NumanAcar_",
                    "name": "Numan Acar",
                    "id": 42907975,
                    "id_str": "42907975",
                    "indices": [
                        0,
                        11
                    ]
                },
                {
                    "screen_name": "berlinale",
                    "name": "Berlinale",
                    "id": 62515127,
                    "id_str": "62515127",
                    "indices": [
                        12,
                        22
                    ]
                },
                {
                    "screen_name": "Dior",
                    "name": "Dior",
                    "id": 348379865,
                    "id_str": "348379865",
                    "indices": [
                        23,
                        28
                    ]
                },
                {
                    "screen_name": "Zegna",
                    "name": "Zegna",
                    "id": 130488161,
                    "id_str": "130488161",
                    "indices": [
                        29,
                        35
                    ]
                }
            ],
            "urls": [],
            "media": [
                {
                    "id": 1236343324950306816,
                    "id_str": "1236343324950306816",
                    "indices": [
                        76,
                        99
                    ],
                    "media_url": "http://pbs.twimg.com/media/EShftCAWoAAWZjy.jpg",
                    "media_url_https": "https://pbs.twimg.com/media/EShftCAWoAAWZjy.jpg",
                    "url": "https://t.co/zvz6gRp5Zl",
                    "display_url": "pic.twitter.com/zvz6gRp5Zl",
                    "expanded_url": "https://twitter.com/rainafortini/status/1236343328859394049/photo/1",
                    "type": "photo",
                    "sizes": {
                        "medium": {
                            "w": 1024,
                            "h": 576,
                            "resize": "fit"
                        },
                        "thumb": {
                            "w": 150,
                            "h": 150,
                            "resize": "crop"
                        },
                        "small": {
                            "w": 680,
                            "h": 383,
                            "resize": "fit"
                        },
                        "large": {
                            "w": 1024,
                            "h": 576,
                            "resize": "fit"
                        }
                    }
                }
            ]
        },
        "extended_entities": {
            "media": [
                {
                    "id": 1236343324950306816,
                    "id_str": "1236343324950306816",
                    "indices": [
                        76,
                        99
                    ],
                    "media_url": "http://pbs.twimg.com/media/EShftCAWoAAWZjy.jpg",
                    "media_url_https": "https://pbs.twimg.com/media/EShftCAWoAAWZjy.jpg",
                    "url": "https://t.co/zvz6gRp5Zl",
                    "display_url": "pic.twitter.com/zvz6gRp5Zl",
                    "expanded_url": "https://twitter.com/rainafortini/status/1236343328859394049/photo/1",
                    "type": "photo",
                    "sizes": {
                        "medium": {
                            "w": 1024,
                            "h": 576,
                            "resize": "fit"
                        },
                        "thumb": {
                            "w": 150,
                            "h": 150,
                            "resize": "crop"
                        },
                        "small": {
                            "w": 680,
                            "h": 383,
                            "resize": "fit"
                        },
                        "large": {
                            "w": 1024,
                            "h": 576,
                            "resize": "fit"
                        }
                    }
                }
            ]
        },
        "metadata": {
            "iso_language_code": "en",
            "result_type": "recent"
        },
        "source": "<a href=\"http://twitter.com/download/iphone\" rel=\"nofollow\">Twitter for iPhone</a>",
        "in_reply_to_status_id": 1232367947160662016,
        "in_reply_to_status_id_str": "1232367947160662016",
        "in_reply_to_user_id": 42907975,
        "in_reply_to_user_id_str": "42907975",
        "in_reply_to_screen_name": "NumanAcar_",
        "user": {
            "id": 138917150,
            "id_str": "138917150",
            "name": "Raina Fortini",
            "screen_name": "rainafortini",
            "location": "",
            "description": "How do you ignore Epstein claimed an ex-Briarcliff Trump NationalGolfCourse cop, in jail for a quadruple murder, tried to strangle him just before the\u201dsuicide\u201d?",
            "url": null,
            "entities": {
                "description": {
                    "urls": []
                }
            },
            "protected": false,
            "followers_count": 202,
            "friends_count": 680,
            "listed_count": 6,
            "created_at": "Sat May 01 00:59:59 +0000 2010",
            "favourites_count": 12076,
            "utc_offset": null,
            "time_zone": null,
            "geo_enabled": false,
            "verified": false,
            "statuses_count": 51224,
            "lang": null,
            "contributors_enabled": false,
            "is_translator": false,
            "is_translation_enabled": false,
            "profile_background_color": "C0DEED",
            "profile_background_image_url": "http://abs.twimg.com/images/themes/theme1/bg.png",
            "profile_background_image_url_https": "https://abs.twimg.com/images/themes/theme1/bg.png",
            "profile_background_tile": false,
            "profile_image_url": "http://pbs.twimg.com/profile_images/923555265584226310/QMJgICg3_normal.jpg",
            "profile_image_url_https": "https://pbs.twimg.com/profile_images/923555265584226310/QMJgICg3_normal.jpg",
            "profile_banner_url": "https://pbs.twimg.com/profile_banners/138917150/1513229847",
            "profile_link_color": "1DA1F2",
            "profile_sidebar_border_color": "C0DEED",
            "profile_sidebar_fill_color": "DDEEF6",
            "profile_text_color": "333333",
            "profile_use_background_image": true,
            "has_extended_profile": false,
            "default_profile": true,
            "default_profile_image": false,
            "following": null,
            "follow_request_sent": null,
            "notifications": null,
            "translator_type": "none"
        },
        "geo": null,
        "coordinates": null,
        "place": null,
        "contributors": null,
        "is_quote_status": false,
        "retweet_count": 2,
        "favorite_count": 4,
        "favorited": false,
        "retweeted": false,
        "possibly_sensitive": false,
        "lang": "en"
    },
    "is_quote_status": false,
    "retweet_count": 2,
    "favorite_count": 0,
    "favorited": false,
    "retweeted": false,
    "possibly_sensitive": false,
    "lang": "en"
}