{
    "created_at": "Tue Mar 10 13:03:35 +0000 2020",
    "id": 1237363470544166912,
    "id_str": "1237363470544166912",
    "text": "@Dior Gross",
    "truncated": false,
    "entities": {
        "hashtags": [],
        "symbols": [],
        "user_mentions": [
            {
                "screen_name": "Dior",
                "name": "Dior",
                "id": 348379865,
                "id_str": "348379865",
                "indices": [
                    0,
                    5
                ]
            }
        ],
        "urls": []
    },
    "metadata": {
        "iso_language_code": "en",
        "result_type": "recent"
    },
    "source": "<a href=\"http://twitter.com/download/android\" rel=\"nofollow\">Twitter for Android</a>",
    "in_reply_to_status_id": 1229844995567386624,
    "in_reply_to_status_id_str": "1229844995567386624",
    "in_reply_to_user_id": 348379865,
    "in_reply_to_user_id_str": "348379865",
    "in_reply_to_screen_name": "Dior",
    "user": {
        "id": 582313155,
        "id_str": "582313155",
        "name": "OnWingsLikeEagles",
        "screen_name": "LakerGirl24_8",
        "location": "",
        "description": "KOBE IS GOAT \ud83d\udc94AND WILL FOREVER BE IN MY HEART#MYFAVPLAYER #LAKER4LIFE #24 #8",
        "url": null,
        "entities": {
            "description": {
                "urls": []
            }
        },
        "protected": false,
        "followers_count": 1960,
        "friends_count": 2292,
        "listed_count": 8,
        "created_at": "Wed May 16 22:47:57 +0000 2012",
        "favourites_count": 9442,
        "utc_offset": null,
        "time_zone": null,
        "geo_enabled": true,
        "verified": false,
        "statuses_count": 10351,
        "lang": null,
        "contributors_enabled": false,
        "is_translator": false,
        "is_translation_enabled": false,
        "profile_background_color": "17379A",
        "profile_background_image_url": "http://abs.twimg.com/images/themes/theme11/bg.gif",
        "profile_background_image_url_https": "https://abs.twimg.com/images/themes/theme11/bg.gif",
        "profile_background_tile": true,
        "profile_image_url": "http://pbs.twimg.com/profile_images/1228438521586667520/kTrvMT4m_normal.jpg",
        "profile_image_url_https": "https://pbs.twimg.com/profile_images/1228438521586667520/kTrvMT4m_normal.jpg",
        "profile_banner_url": "https://pbs.twimg.com/profile_banners/582313155/1581307416",
        "profile_link_color": "E81C4F",
        "profile_sidebar_border_color": "FFFAC9",
        "profile_sidebar_fill_color": "252A30",
        "profile_text_color": "E84298",
        "profile_use_background_image": false,
        "has_extended_profile": false,
        "default_profile": false,
        "default_profile_image": false,
        "following": null,
        "follow_request_sent": null,
        "notifications": null,
        "translator_type": "none"
    },
    "geo": null,
    "coordinates": null,
    "place": null,
    "contributors": null,
    "is_quote_status": false,
    "retweet_count": 0,
    "favorite_count": 0,
    "favorited": false,
    "retweeted": false,
    "lang": "en"
}