{
    "created_at": "Tue Mar 10 08:09:06 +0000 2020",
    "id": 1237289362351689728,
    "id_str": "1237289362351689728",
    "text": "@Leratolicious @PUMASouthAfrica @Dior Plz bring me something nice\ud83d\ude1c\ud83d\udc4c\ud83d\ude0d sbwl",
    "truncated": false,
    "entities": {
        "hashtags": [],
        "symbols": [],
        "user_mentions": [
            {
                "screen_name": "Leratolicious",
                "name": "Lerato Sengadi",
                "id": 33862857,
                "id_str": "33862857",
                "indices": [
                    0,
                    14
                ]
            },
            {
                "screen_name": "PUMASouthAfrica",
                "name": "PUMA South Africa",
                "id": 2315462461,
                "id_str": "2315462461",
                "indices": [
                    15,
                    31
                ]
            },
            {
                "screen_name": "Dior",
                "name": "Dior",
                "id": 348379865,
                "id_str": "348379865",
                "indices": [
                    32,
                    37
                ]
            }
        ],
        "urls": []
    },
    "metadata": {
        "iso_language_code": "en",
        "result_type": "recent"
    },
    "source": "<a href=\"http://twitter.com/download/android\" rel=\"nofollow\">Twitter for Android</a>",
    "in_reply_to_status_id": 1237288681473531907,
    "in_reply_to_status_id_str": "1237288681473531907",
    "in_reply_to_user_id": 33862857,
    "in_reply_to_user_id_str": "33862857",
    "in_reply_to_screen_name": "Leratolicious",
    "user": {
        "id": 4146996513,
        "id_str": "4146996513",
        "name": "Dineo skosana",
        "screen_name": "skosana_dineo",
        "location": "Johannesburg, South Africa",
        "description": "I'm a vision, u better believe me... \nSelf love is important",
        "url": null,
        "entities": {
            "description": {
                "urls": []
            }
        },
        "protected": false,
        "followers_count": 282,
        "friends_count": 540,
        "listed_count": 0,
        "created_at": "Mon Nov 09 05:49:40 +0000 2015",
        "favourites_count": 1846,
        "utc_offset": null,
        "time_zone": null,
        "geo_enabled": true,
        "verified": false,
        "statuses_count": 2772,
        "lang": null,
        "contributors_enabled": false,
        "is_translator": false,
        "is_translation_enabled": false,
        "profile_background_color": "C0DEED",
        "profile_background_image_url": "http://abs.twimg.com/images/themes/theme1/bg.png",
        "profile_background_image_url_https": "https://abs.twimg.com/images/themes/theme1/bg.png",
        "profile_background_tile": false,
        "profile_image_url": "http://pbs.twimg.com/profile_images/1231123153033842688/UjbeiaE3_normal.jpg",
        "profile_image_url_https": "https://pbs.twimg.com/profile_images/1231123153033842688/UjbeiaE3_normal.jpg",
        "profile_banner_url": "https://pbs.twimg.com/profile_banners/4146996513/1581949324",
        "profile_link_color": "1DA1F2",
        "profile_sidebar_border_color": "C0DEED",
        "profile_sidebar_fill_color": "DDEEF6",
        "profile_text_color": "333333",
        "profile_use_background_image": true,
        "has_extended_profile": true,
        "default_profile": true,
        "default_profile_image": false,
        "following": null,
        "follow_request_sent": null,
        "notifications": null,
        "translator_type": "none"
    },
    "geo": null,
    "coordinates": null,
    "place": null,
    "contributors": null,
    "is_quote_status": false,
    "retweet_count": 0,
    "favorite_count": 0,
    "favorited": false,
    "retweeted": false,
    "lang": "en"
}