{
    "created_at": "Tue Mar 10 08:48:38 +0000 2020",
    "id": 1237299310351585281,
    "id_str": "1237299310351585281",
    "text": "RT @ParisArtDeVivre: There is a lot of construction work \ud83d\udea7 under way #AvenueMontaigne - my previous tweet mentioned N\u00b0 50, to find out abou\u2026",
    "truncated": false,
    "entities": {
        "hashtags": [
            {
                "text": "AvenueMontaigne",
                "indices": [
                    69,
                    85
                ]
            }
        ],
        "symbols": [],
        "user_mentions": [
            {
                "screen_name": "ParisArtDeVivre",
                "name": "Deluxe Confidential",
                "id": 2801638233,
                "id_str": "2801638233",
                "indices": [
                    3,
                    19
                ]
            }
        ],
        "urls": []
    },
    "metadata": {
        "iso_language_code": "en",
        "result_type": "recent"
    },
    "source": "<a href=\"https://mobile.twitter.com\" rel=\"nofollow\">Twitter Web App</a>",
    "in_reply_to_status_id": null,
    "in_reply_to_status_id_str": null,
    "in_reply_to_user_id": null,
    "in_reply_to_user_id_str": null,
    "in_reply_to_screen_name": null,
    "user": {
        "id": 110322779,
        "id_str": "110322779",
        "name": "Enzochiki",
        "screen_name": "swisspuppy",
        "location": "\u6771\u4eac\u90fd\u6e2f\u533a",
        "description": "",
        "url": null,
        "entities": {
            "description": {
                "urls": []
            }
        },
        "protected": false,
        "followers_count": 245,
        "friends_count": 413,
        "listed_count": 3,
        "created_at": "Mon Feb 01 04:14:22 +0000 2010",
        "favourites_count": 64148,
        "utc_offset": null,
        "time_zone": null,
        "geo_enabled": false,
        "verified": false,
        "statuses_count": 15701,
        "lang": null,
        "contributors_enabled": false,
        "is_translator": false,
        "is_translation_enabled": false,
        "profile_background_color": "000000",
        "profile_background_image_url": "http://abs.twimg.com/images/themes/theme5/bg.gif",
        "profile_background_image_url_https": "https://abs.twimg.com/images/themes/theme5/bg.gif",
        "profile_background_tile": false,
        "profile_image_url": "http://pbs.twimg.com/profile_images/521188432354103296/bxQ_kI2Q_normal.jpeg",
        "profile_image_url_https": "https://pbs.twimg.com/profile_images/521188432354103296/bxQ_kI2Q_normal.jpeg",
        "profile_link_color": "91D2FA",
        "profile_sidebar_border_color": "000000",
        "profile_sidebar_fill_color": "000000",
        "profile_text_color": "000000",
        "profile_use_background_image": false,
        "has_extended_profile": true,
        "default_profile": false,
        "default_profile_image": false,
        "following": null,
        "follow_request_sent": null,
        "notifications": null,
        "translator_type": "none"
    },
    "geo": null,
    "coordinates": null,
    "place": null,
    "contributors": null,
    "retweeted_status": {
        "created_at": "Tue Mar 10 08:43:02 +0000 2020",
        "id": 1237297900994072576,
        "id_str": "1237297900994072576",
        "text": "There is a lot of construction work \ud83d\udea7 under way #AvenueMontaigne - my previous tweet mentioned N\u00b0 50, to find out a\u2026 https://t.co/j1ZsPgwPsN",
        "truncated": true,
        "entities": {
            "hashtags": [
                {
                    "text": "AvenueMontaigne",
                    "indices": [
                        48,
                        64
                    ]
                }
            ],
            "symbols": [],
            "user_mentions": [],
            "urls": [
                {
                    "url": "https://t.co/j1ZsPgwPsN",
                    "expanded_url": "https://twitter.com/i/web/status/1237297900994072576",
                    "display_url": "twitter.com/i/web/status/1\u2026",
                    "indices": [
                        117,
                        140
                    ]
                }
            ]
        },
        "metadata": {
            "iso_language_code": "en",
            "result_type": "recent"
        },
        "source": "<a href=\"https://buffer.com\" rel=\"nofollow\">Buffer</a>",
        "in_reply_to_status_id": null,
        "in_reply_to_status_id_str": null,
        "in_reply_to_user_id": null,
        "in_reply_to_user_id_str": null,
        "in_reply_to_screen_name": null,
        "user": {
            "id": 2801638233,
            "id_str": "2801638233",
            "name": "Deluxe Confidential",
            "screen_name": "ParisArtDeVivre",
            "location": "Paris, France",
            "description": "Paola, from Deluxe Confidential, invites you to discover the exclusive side of #Paris. Tweets about #Luxury, #Art, #Food and #RealEstate in the city of lights!",
            "url": "https://t.co/naEGnY5I6p",
            "entities": {
                "url": {
                    "urls": [
                        {
                            "url": "https://t.co/naEGnY5I6p",
                            "expanded_url": "http://www.deluxe-confidential.com/en/",
                            "display_url": "deluxe-confidential.com/en/",
                            "indices": [
                                0,
                                23
                            ]
                        }
                    ]
                },
                "description": {
                    "urls": []
                }
            },
            "protected": false,
            "followers_count": 2449,
            "friends_count": 2175,
            "listed_count": 300,
            "created_at": "Fri Oct 03 09:58:49 +0000 2014",
            "favourites_count": 17473,
            "utc_offset": null,
            "time_zone": null,
            "geo_enabled": true,
            "verified": false,
            "statuses_count": 19422,
            "lang": null,
            "contributors_enabled": false,
            "is_translator": false,
            "is_translation_enabled": false,
            "profile_background_color": "000000",
            "profile_background_image_url": "http://abs.twimg.com/images/themes/theme1/bg.png",
            "profile_background_image_url_https": "https://abs.twimg.com/images/themes/theme1/bg.png",
            "profile_background_tile": false,
            "profile_image_url": "http://pbs.twimg.com/profile_images/522735893409316866/p1eAhTCh_normal.jpeg",
            "profile_image_url_https": "https://pbs.twimg.com/profile_images/522735893409316866/p1eAhTCh_normal.jpeg",
            "profile_banner_url": "https://pbs.twimg.com/profile_banners/2801638233/1431356630",
            "profile_link_color": "ABB8C2",
            "profile_sidebar_border_color": "000000",
            "profile_sidebar_fill_color": "000000",
            "profile_text_color": "000000",
            "profile_use_background_image": false,
            "has_extended_profile": false,
            "default_profile": false,
            "default_profile_image": false,
            "following": null,
            "follow_request_sent": null,
            "notifications": null,
            "translator_type": "none"
        },
        "geo": null,
        "coordinates": null,
        "place": null,
        "contributors": null,
        "is_quote_status": false,
        "retweet_count": 1,
        "favorite_count": 4,
        "favorited": false,
        "retweeted": false,
        "possibly_sensitive": false,
        "lang": "en"
    },
    "is_quote_status": false,
    "retweet_count": 1,
    "favorite_count": 0,
    "favorited": false,
    "retweeted": false,
    "lang": "en"
}