{
    "created_at": "Tue Mar 10 11:13:00 +0000 2020",
    "id": 1237335644109778945,
    "id_str": "1237335644109778945",
    "text": "@estellelvn @Dior Miam",
    "truncated": false,
    "entities": {
        "hashtags": [],
        "symbols": [],
        "user_mentions": [
            {
                "screen_name": "estellelvn",
                "name": "\ud83c\udded\ud83c\uddf7\ud83c\udded\ud83c\uddf7",
                "id": 2531542996,
                "id_str": "2531542996",
                "indices": [
                    0,
                    11
                ]
            },
            {
                "screen_name": "Dior",
                "name": "Dior",
                "id": 348379865,
                "id_str": "348379865",
                "indices": [
                    12,
                    17
                ]
            }
        ],
        "urls": []
    },
    "metadata": {
        "iso_language_code": "en",
        "result_type": "recent"
    },
    "source": "<a href=\"http://twitter.com/download/iphone\" rel=\"nofollow\">Twitter for iPhone</a>",
    "in_reply_to_status_id": 1237307535947968512,
    "in_reply_to_status_id_str": "1237307535947968512",
    "in_reply_to_user_id": 2531542996,
    "in_reply_to_user_id_str": "2531542996",
    "in_reply_to_screen_name": "estellelvn",
    "user": {
        "id": 724132789,
        "id_str": "724132789",
        "name": "Gourgandine \u2744\ufe0f",
        "screen_name": "05Delphine",
        "location": "Paris",
        "description": "L3 Psycho Paris Descartes \ud83d\udc69\ud83c\udffc\u200d\ud83d\udcbb ~ dedel06 \ud83d\udc7b ~ dedel698 \ud83d\udcf8 https://t.co/5InmjYv4Xo",
        "url": null,
        "entities": {
            "description": {
                "urls": [
                    {
                        "url": "https://t.co/5InmjYv4Xo",
                        "expanded_url": "https://curiouscat.me/05Delphine",
                        "display_url": "curiouscat.me/05Delphine",
                        "indices": [
                            56,
                            79
                        ]
                    }
                ]
            }
        },
        "protected": false,
        "followers_count": 865,
        "friends_count": 145,
        "listed_count": 15,
        "created_at": "Sun Jul 29 14:55:23 +0000 2012",
        "favourites_count": 117778,
        "utc_offset": null,
        "time_zone": null,
        "geo_enabled": true,
        "verified": false,
        "statuses_count": 125183,
        "lang": null,
        "contributors_enabled": false,
        "is_translator": false,
        "is_translation_enabled": false,
        "profile_background_color": "642D8B",
        "profile_background_image_url": "http://abs.twimg.com/images/themes/theme10/bg.gif",
        "profile_background_image_url_https": "https://abs.twimg.com/images/themes/theme10/bg.gif",
        "profile_background_tile": true,
        "profile_image_url": "http://pbs.twimg.com/profile_images/1202724667003457537/6h1ETsxr_normal.jpg",
        "profile_image_url_https": "https://pbs.twimg.com/profile_images/1202724667003457537/6h1ETsxr_normal.jpg",
        "profile_link_color": "FF00D9",
        "profile_sidebar_border_color": "FFFFFF",
        "profile_sidebar_fill_color": "7AC3EE",
        "profile_text_color": "3D1957",
        "profile_use_background_image": true,
        "has_extended_profile": true,
        "default_profile": false,
        "default_profile_image": false,
        "following": null,
        "follow_request_sent": null,
        "notifications": null,
        "translator_type": "none"
    },
    "geo": null,
    "coordinates": null,
    "place": null,
    "contributors": null,
    "is_quote_status": false,
    "retweet_count": 0,
    "favorite_count": 1,
    "favorited": false,
    "retweeted": false,
    "lang": "en"
}