{
    "created_at": "Tue Mar 10 05:46:21 +0000 2020",
    "id": 1237253437168832512,
    "id_str": "1237253437168832512",
    "text": "@dhippo_limsejun @Dior \u314b\u314b\u314b\u314b\u314b \uc774\uac8c \uc9c4\uc9dc\uc600\uc73c\uba74 \uc88b\uaca0\uc5b4\uc694 ^ ^",
    "truncated": false,
    "entities": {
        "hashtags": [],
        "symbols": [],
        "user_mentions": [
            {
                "screen_name": "dhippo_limsejun",
                "name": "\u2661\uc138\uc900",
                "id": 930259135387484161,
                "id_str": "930259135387484161",
                "indices": [
                    0,
                    16
                ]
            },
            {
                "screen_name": "Dior",
                "name": "Dior",
                "id": 348379865,
                "id_str": "348379865",
                "indices": [
                    17,
                    22
                ]
            }
        ],
        "urls": []
    },
    "metadata": {
        "result_type": "recent",
        "iso_language_code": "ko"
    },
    "source": "<a href=\"http://twitter.com/download/iphone\" rel=\"nofollow\">Twitter for iPhone</a>",
    "in_reply_to_status_id": 1237170430026252290,
    "in_reply_to_status_id_str": "1237170430026252290",
    "in_reply_to_user_id": 930259135387484161,
    "in_reply_to_user_id_str": "930259135387484161",
    "in_reply_to_screen_name": "dhippo_limsejun",
    "user": {
        "id": 4905011198,
        "id_str": "4905011198",
        "name": "\ud835\udc01\ud835\udc0e\ud835\udc17\ud835\udc22",
        "screen_name": "BOXi1209",
        "location": "\ud83c\udde8\ud83c\uddf3",
        "description": "\ud83c\udf53\ud83c\udf7c  \u3010all pictures\ud83d\udeab\u3011",
        "url": null,
        "entities": {
            "description": {
                "urls": []
            }
        },
        "protected": false,
        "followers_count": 119,
        "friends_count": 225,
        "listed_count": 5,
        "created_at": "Sun Feb 14 04:44:29 +0000 2016",
        "favourites_count": 1171,
        "utc_offset": null,
        "time_zone": null,
        "geo_enabled": false,
        "verified": false,
        "statuses_count": 375,
        "lang": null,
        "contributors_enabled": false,
        "is_translator": false,
        "is_translation_enabled": false,
        "profile_background_color": "F5F8FA",
        "profile_background_image_url": null,
        "profile_background_image_url_https": null,
        "profile_background_tile": false,
        "profile_image_url": "http://pbs.twimg.com/profile_images/1234360555164422144/nquzNcGg_normal.jpg",
        "profile_image_url_https": "https://pbs.twimg.com/profile_images/1234360555164422144/nquzNcGg_normal.jpg",
        "profile_banner_url": "https://pbs.twimg.com/profile_banners/4905011198/1581344561",
        "profile_link_color": "1DA1F2",
        "profile_sidebar_border_color": "C0DEED",
        "profile_sidebar_fill_color": "DDEEF6",
        "profile_text_color": "333333",
        "profile_use_background_image": true,
        "has_extended_profile": true,
        "default_profile": true,
        "default_profile_image": false,
        "following": null,
        "follow_request_sent": null,
        "notifications": null,
        "translator_type": "none"
    },
    "geo": null,
    "coordinates": null,
    "place": null,
    "contributors": null,
    "is_quote_status": false,
    "retweet_count": 0,
    "favorite_count": 0,
    "favorited": false,
    "retweeted": false,
    "lang": "ko"
}