{
    "created_at": "Tue Mar 10 06:24:38 +0000 2020",
    "id": 1237263073259356160,
    "id_str": "1237263073259356160",
    "text": "RT @jichuuho: Song Hye Kyo &amp; Kim Jisoo wearing @Dior \u2764 https://t.co/pkYOz87fLO",
    "truncated": false,
    "entities": {
        "hashtags": [],
        "symbols": [],
        "user_mentions": [
            {
                "screen_name": "jichuuho",
                "name": "Actress Kim Jisoo \uc9c0\uc218\ud83d\udc30\ud83d\udc95",
                "id": 1002765281767272449,
                "id_str": "1002765281767272449",
                "indices": [
                    3,
                    12
                ]
            },
            {
                "screen_name": "Dior",
                "name": "Dior",
                "id": 348379865,
                "id_str": "348379865",
                "indices": [
                    51,
                    56
                ]
            }
        ],
        "urls": [],
        "media": [
            {
                "id": 1237224211501875200,
                "id_str": "1237224211501875200",
                "indices": [
                    59,
                    82
                ],
                "media_url": "http://pbs.twimg.com/media/ESuA3YIVAAA6D5W.jpg",
                "media_url_https": "https://pbs.twimg.com/media/ESuA3YIVAAA6D5W.jpg",
                "url": "https://t.co/pkYOz87fLO",
                "display_url": "pic.twitter.com/pkYOz87fLO",
                "expanded_url": "https://twitter.com/jichuuho/status/1237224229180821504/photo/1",
                "type": "photo",
                "sizes": {
                    "large": {
                        "w": 288,
                        "h": 438,
                        "resize": "fit"
                    },
                    "thumb": {
                        "w": 150,
                        "h": 150,
                        "resize": "crop"
                    },
                    "medium": {
                        "w": 288,
                        "h": 438,
                        "resize": "fit"
                    },
                    "small": {
                        "w": 288,
                        "h": 438,
                        "resize": "fit"
                    }
                },
                "source_status_id": 1237224229180821504,
                "source_status_id_str": "1237224229180821504",
                "source_user_id": 1002765281767272449,
                "source_user_id_str": "1002765281767272449"
            }
        ]
    },
    "extended_entities": {
        "media": [
            {
                "id": 1237224211501875200,
                "id_str": "1237224211501875200",
                "indices": [
                    59,
                    82
                ],
                "media_url": "http://pbs.twimg.com/media/ESuA3YIVAAA6D5W.jpg",
                "media_url_https": "https://pbs.twimg.com/media/ESuA3YIVAAA6D5W.jpg",
                "url": "https://t.co/pkYOz87fLO",
                "display_url": "pic.twitter.com/pkYOz87fLO",
                "expanded_url": "https://twitter.com/jichuuho/status/1237224229180821504/photo/1",
                "type": "photo",
                "sizes": {
                    "large": {
                        "w": 288,
                        "h": 438,
                        "resize": "fit"
                    },
                    "thumb": {
                        "w": 150,
                        "h": 150,
                        "resize": "crop"
                    },
                    "medium": {
                        "w": 288,
                        "h": 438,
                        "resize": "fit"
                    },
                    "small": {
                        "w": 288,
                        "h": 438,
                        "resize": "fit"
                    }
                },
                "source_status_id": 1237224229180821504,
                "source_status_id_str": "1237224229180821504",
                "source_user_id": 1002765281767272449,
                "source_user_id_str": "1002765281767272449"
            },
            {
                "id": 1237224214559477762,
                "id_str": "1237224214559477762",
                "indices": [
                    59,
                    82
                ],
                "media_url": "http://pbs.twimg.com/media/ESuA3jhUUAIromI.jpg",
                "media_url_https": "https://pbs.twimg.com/media/ESuA3jhUUAIromI.jpg",
                "url": "https://t.co/pkYOz87fLO",
                "display_url": "pic.twitter.com/pkYOz87fLO",
                "expanded_url": "https://twitter.com/jichuuho/status/1237224229180821504/photo/1",
                "type": "photo",
                "sizes": {
                    "thumb": {
                        "w": 150,
                        "h": 150,
                        "resize": "crop"
                    },
                    "small": {
                        "w": 546,
                        "h": 680,
                        "resize": "fit"
                    },
                    "medium": {
                        "w": 720,
                        "h": 897,
                        "resize": "fit"
                    },
                    "large": {
                        "w": 720,
                        "h": 897,
                        "resize": "fit"
                    }
                },
                "source_status_id": 1237224229180821504,
                "source_status_id_str": "1237224229180821504",
                "source_user_id": 1002765281767272449,
                "source_user_id_str": "1002765281767272449"
            },
            {
                "id": 1237224220628668416,
                "id_str": "1237224220628668416",
                "indices": [
                    59,
                    82
                ],
                "media_url": "http://pbs.twimg.com/media/ESuA36IU0AA-z3N.jpg",
                "media_url_https": "https://pbs.twimg.com/media/ESuA36IU0AA-z3N.jpg",
                "url": "https://t.co/pkYOz87fLO",
                "display_url": "pic.twitter.com/pkYOz87fLO",
                "expanded_url": "https://twitter.com/jichuuho/status/1237224229180821504/photo/1",
                "type": "photo",
                "sizes": {
                    "thumb": {
                        "w": 150,
                        "h": 150,
                        "resize": "crop"
                    },
                    "large": {
                        "w": 430,
                        "h": 576,
                        "resize": "fit"
                    },
                    "small": {
                        "w": 430,
                        "h": 576,
                        "resize": "fit"
                    },
                    "medium": {
                        "w": 430,
                        "h": 576,
                        "resize": "fit"
                    }
                },
                "source_status_id": 1237224229180821504,
                "source_status_id_str": "1237224229180821504",
                "source_user_id": 1002765281767272449,
                "source_user_id_str": "1002765281767272449"
            },
            {
                "id": 1237224223103279107,
                "id_str": "1237224223103279107",
                "indices": [
                    59,
                    82
                ],
                "media_url": "http://pbs.twimg.com/media/ESuA4DWUYAM4_iy.jpg",
                "media_url_https": "https://pbs.twimg.com/media/ESuA4DWUYAM4_iy.jpg",
                "url": "https://t.co/pkYOz87fLO",
                "display_url": "pic.twitter.com/pkYOz87fLO",
                "expanded_url": "https://twitter.com/jichuuho/status/1237224229180821504/photo/1",
                "type": "photo",
                "sizes": {
                    "small": {
                        "w": 550,
                        "h": 680,
                        "resize": "fit"
                    },
                    "thumb": {
                        "w": 150,
                        "h": 150,
                        "resize": "crop"
                    },
                    "large": {
                        "w": 718,
                        "h": 888,
                        "resize": "fit"
                    },
                    "medium": {
                        "w": 718,
                        "h": 888,
                        "resize": "fit"
                    }
                },
                "source_status_id": 1237224229180821504,
                "source_status_id_str": "1237224229180821504",
                "source_user_id": 1002765281767272449,
                "source_user_id_str": "1002765281767272449"
            }
        ]
    },
    "metadata": {
        "iso_language_code": "tl",
        "result_type": "recent"
    },
    "source": "<a href=\"http://twitter.com/download/iphone\" rel=\"nofollow\">Twitter for iPhone</a>",
    "in_reply_to_status_id": null,
    "in_reply_to_status_id_str": null,
    "in_reply_to_user_id": null,
    "in_reply_to_user_id_str": null,
    "in_reply_to_screen_name": null,
    "user": {
        "id": 1175811944772591616,
        "id_str": "1175811944772591616",
        "name": "Dar | stanning Park \ud83d\udc30 & Lai \ud83d\udc23",
        "screen_name": "lovein2033",
        "location": "in paradise no. 2033 \ud83d\udc97",
        "description": "just for PJH & LKL \ud83d\udcab",
        "url": null,
        "entities": {
            "description": {
                "urls": []
            }
        },
        "protected": false,
        "followers_count": 34,
        "friends_count": 339,
        "listed_count": 0,
        "created_at": "Sun Sep 22 16:39:56 +0000 2019",
        "favourites_count": 4810,
        "utc_offset": null,
        "time_zone": null,
        "geo_enabled": false,
        "verified": false,
        "statuses_count": 3962,
        "lang": null,
        "contributors_enabled": false,
        "is_translator": false,
        "is_translation_enabled": false,
        "profile_background_color": "F5F8FA",
        "profile_background_image_url": null,
        "profile_background_image_url_https": null,
        "profile_background_tile": false,
        "profile_image_url": "http://pbs.twimg.com/profile_images/1191446314896089088/rKhanE9n_normal.jpg",
        "profile_image_url_https": "https://pbs.twimg.com/profile_images/1191446314896089088/rKhanE9n_normal.jpg",
        "profile_banner_url": "https://pbs.twimg.com/profile_banners/1175811944772591616/1572897913",
        "profile_link_color": "1DA1F2",
        "profile_sidebar_border_color": "C0DEED",
        "profile_sidebar_fill_color": "DDEEF6",
        "profile_text_color": "333333",
        "profile_use_background_image": true,
        "has_extended_profile": true,
        "default_profile": true,
        "default_profile_image": false,
        "following": null,
        "follow_request_sent": null,
        "notifications": null,
        "translator_type": "none"
    },
    "geo": null,
    "coordinates": null,
    "place": null,
    "contributors": null,
    "retweeted_status": {
        "created_at": "Tue Mar 10 03:50:17 +0000 2020",
        "id": 1237224229180821504,
        "id_str": "1237224229180821504",
        "text": "Song Hye Kyo &amp; Kim Jisoo wearing @Dior \u2764 https://t.co/pkYOz87fLO",
        "truncated": false,
        "entities": {
            "hashtags": [],
            "symbols": [],
            "user_mentions": [
                {
                    "screen_name": "Dior",
                    "name": "Dior",
                    "id": 348379865,
                    "id_str": "348379865",
                    "indices": [
                        37,
                        42
                    ]
                }
            ],
            "urls": [],
            "media": [
                {
                    "id": 1237224211501875200,
                    "id_str": "1237224211501875200",
                    "indices": [
                        45,
                        68
                    ],
                    "media_url": "http://pbs.twimg.com/media/ESuA3YIVAAA6D5W.jpg",
                    "media_url_https": "https://pbs.twimg.com/media/ESuA3YIVAAA6D5W.jpg",
                    "url": "https://t.co/pkYOz87fLO",
                    "display_url": "pic.twitter.com/pkYOz87fLO",
                    "expanded_url": "https://twitter.com/jichuuho/status/1237224229180821504/photo/1",
                    "type": "photo",
                    "sizes": {
                        "large": {
                            "w": 288,
                            "h": 438,
                            "resize": "fit"
                        },
                        "thumb": {
                            "w": 150,
                            "h": 150,
                            "resize": "crop"
                        },
                        "medium": {
                            "w": 288,
                            "h": 438,
                            "resize": "fit"
                        },
                        "small": {
                            "w": 288,
                            "h": 438,
                            "resize": "fit"
                        }
                    }
                }
            ]
        },
        "extended_entities": {
            "media": [
                {
                    "id": 1237224211501875200,
                    "id_str": "1237224211501875200",
                    "indices": [
                        45,
                        68
                    ],
                    "media_url": "http://pbs.twimg.com/media/ESuA3YIVAAA6D5W.jpg",
                    "media_url_https": "https://pbs.twimg.com/media/ESuA3YIVAAA6D5W.jpg",
                    "url": "https://t.co/pkYOz87fLO",
                    "display_url": "pic.twitter.com/pkYOz87fLO",
                    "expanded_url": "https://twitter.com/jichuuho/status/1237224229180821504/photo/1",
                    "type": "photo",
                    "sizes": {
                        "large": {
                            "w": 288,
                            "h": 438,
                            "resize": "fit"
                        },
                        "thumb": {
                            "w": 150,
                            "h": 150,
                            "resize": "crop"
                        },
                        "medium": {
                            "w": 288,
                            "h": 438,
                            "resize": "fit"
                        },
                        "small": {
                            "w": 288,
                            "h": 438,
                            "resize": "fit"
                        }
                    }
                },
                {
                    "id": 1237224214559477762,
                    "id_str": "1237224214559477762",
                    "indices": [
                        45,
                        68
                    ],
                    "media_url": "http://pbs.twimg.com/media/ESuA3jhUUAIromI.jpg",
                    "media_url_https": "https://pbs.twimg.com/media/ESuA3jhUUAIromI.jpg",
                    "url": "https://t.co/pkYOz87fLO",
                    "display_url": "pic.twitter.com/pkYOz87fLO",
                    "expanded_url": "https://twitter.com/jichuuho/status/1237224229180821504/photo/1",
                    "type": "photo",
                    "sizes": {
                        "thumb": {
                            "w": 150,
                            "h": 150,
                            "resize": "crop"
                        },
                        "small": {
                            "w": 546,
                            "h": 680,
                            "resize": "fit"
                        },
                        "medium": {
                            "w": 720,
                            "h": 897,
                            "resize": "fit"
                        },
                        "large": {
                            "w": 720,
                            "h": 897,
                            "resize": "fit"
                        }
                    }
                },
                {
                    "id": 1237224220628668416,
                    "id_str": "1237224220628668416",
                    "indices": [
                        45,
                        68
                    ],
                    "media_url": "http://pbs.twimg.com/media/ESuA36IU0AA-z3N.jpg",
                    "media_url_https": "https://pbs.twimg.com/media/ESuA36IU0AA-z3N.jpg",
                    "url": "https://t.co/pkYOz87fLO",
                    "display_url": "pic.twitter.com/pkYOz87fLO",
                    "expanded_url": "https://twitter.com/jichuuho/status/1237224229180821504/photo/1",
                    "type": "photo",
                    "sizes": {
                        "thumb": {
                            "w": 150,
                            "h": 150,
                            "resize": "crop"
                        },
                        "large": {
                            "w": 430,
                            "h": 576,
                            "resize": "fit"
                        },
                        "small": {
                            "w": 430,
                            "h": 576,
                            "resize": "fit"
                        },
                        "medium": {
                            "w": 430,
                            "h": 576,
                            "resize": "fit"
                        }
                    }
                },
                {
                    "id": 1237224223103279107,
                    "id_str": "1237224223103279107",
                    "indices": [
                        45,
                        68
                    ],
                    "media_url": "http://pbs.twimg.com/media/ESuA4DWUYAM4_iy.jpg",
                    "media_url_https": "https://pbs.twimg.com/media/ESuA4DWUYAM4_iy.jpg",
                    "url": "https://t.co/pkYOz87fLO",
                    "display_url": "pic.twitter.com/pkYOz87fLO",
                    "expanded_url": "https://twitter.com/jichuuho/status/1237224229180821504/photo/1",
                    "type": "photo",
                    "sizes": {
                        "small": {
                            "w": 550,
                            "h": 680,
                            "resize": "fit"
                        },
                        "thumb": {
                            "w": 150,
                            "h": 150,
                            "resize": "crop"
                        },
                        "large": {
                            "w": 718,
                            "h": 888,
                            "resize": "fit"
                        },
                        "medium": {
                            "w": 718,
                            "h": 888,
                            "resize": "fit"
                        }
                    }
                }
            ]
        },
        "metadata": {
            "iso_language_code": "tl",
            "result_type": "recent"
        },
        "source": "<a href=\"http://twitter.com/download/android\" rel=\"nofollow\">Twitter for Android</a>",
        "in_reply_to_status_id": null,
        "in_reply_to_status_id_str": null,
        "in_reply_to_user_id": null,
        "in_reply_to_user_id_str": null,
        "in_reply_to_screen_name": null,
        "user": {
            "id": 1002765281767272449,
            "id_str": "1002765281767272449",
            "name": "Actress Kim Jisoo \uc9c0\uc218\ud83d\udc30\ud83d\udc95",
            "screen_name": "jichuuho",
            "location": "JISOO SPARKLES  \u2728 ",
            "description": "\u2764 Kim Jisoo \u2764 Kdrama \u2764 Cdrama",
            "url": "https://t.co/MStO9dBr3G",
            "entities": {
                "url": {
                    "urls": [
                        {
                            "url": "https://t.co/MStO9dBr3G",
                            "expanded_url": "http://www.instagram.com/sooyaaa__/",
                            "display_url": "instagram.com/sooyaaa__/",
                            "indices": [
                                0,
                                23
                            ]
                        }
                    ]
                },
                "description": {
                    "urls": []
                }
            },
            "protected": false,
            "followers_count": 1693,
            "friends_count": 77,
            "listed_count": 6,
            "created_at": "Sat Jun 02 04:14:08 +0000 2018",
            "favourites_count": 27227,
            "utc_offset": null,
            "time_zone": null,
            "geo_enabled": false,
            "verified": false,
            "statuses_count": 17415,
            "lang": null,
            "contributors_enabled": false,
            "is_translator": false,
            "is_translation_enabled": false,
            "profile_background_color": "F5F8FA",
            "profile_background_image_url": null,
            "profile_background_image_url_https": null,
            "profile_background_tile": false,
            "profile_image_url": "http://pbs.twimg.com/profile_images/1232501975767339008/zlPN0JrA_normal.jpg",
            "profile_image_url_https": "https://pbs.twimg.com/profile_images/1232501975767339008/zlPN0JrA_normal.jpg",
            "profile_banner_url": "https://pbs.twimg.com/profile_banners/1002765281767272449/1582252004",
            "profile_link_color": "1DA1F2",
            "profile_sidebar_border_color": "C0DEED",
            "profile_sidebar_fill_color": "DDEEF6",
            "profile_text_color": "333333",
            "profile_use_background_image": true,
            "has_extended_profile": false,
            "default_profile": true,
            "default_profile_image": false,
            "following": null,
            "follow_request_sent": null,
            "notifications": null,
            "translator_type": "none"
        },
        "geo": null,
        "coordinates": null,
        "place": null,
        "contributors": null,
        "is_quote_status": false,
        "retweet_count": 78,
        "favorite_count": 289,
        "favorited": false,
        "retweeted": false,
        "possibly_sensitive": false,
        "lang": "tl"
    },
    "is_quote_status": false,
    "retweet_count": 78,
    "favorite_count": 0,
    "favorited": false,
    "retweeted": false,
    "possibly_sensitive": false,
    "lang": "tl"
}