{
    "created_at": "Tue Mar 10 13:46:02 +0000 2020",
    "id": 1237374155831439366,
    "id_str": "1237374155831439366",
    "text": "RT @GucciGang_EXO: sehun should've just modeled for @Dior \n; a thread\n\n#EXO #SEHUN @weareoneEXO https://t.co/9NSOIovtXB",
    "truncated": false,
    "entities": {
        "hashtags": [
            {
                "text": "EXO",
                "indices": [
                    71,
                    75
                ]
            },
            {
                "text": "SEHUN",
                "indices": [
                    76,
                    82
                ]
            }
        ],
        "symbols": [],
        "user_mentions": [
            {
                "screen_name": "GucciGang_EXO",
                "name": "\u02e2\u1d43\u1d47\u1d43 \u2079\u2074",
                "id": 907077652351209472,
                "id_str": "907077652351209472",
                "indices": [
                    3,
                    17
                ]
            },
            {
                "screen_name": "Dior",
                "name": "Dior",
                "id": 348379865,
                "id_str": "348379865",
                "indices": [
                    52,
                    57
                ]
            },
            {
                "screen_name": "weareoneEXO",
                "name": "EXO",
                "id": 873115441303924736,
                "id_str": "873115441303924736",
                "indices": [
                    83,
                    95
                ]
            }
        ],
        "urls": [],
        "media": [
            {
                "id": 1235489747465715712,
                "id_str": "1235489747465715712",
                "indices": [
                    96,
                    119
                ],
                "media_url": "http://pbs.twimg.com/media/ESVXYSFUwAABHjU.jpg",
                "media_url_https": "https://pbs.twimg.com/media/ESVXYSFUwAABHjU.jpg",
                "url": "https://t.co/9NSOIovtXB",
                "display_url": "pic.twitter.com/9NSOIovtXB",
                "expanded_url": "https://twitter.com/GucciGang_EXO/status/1235489896405430272/photo/1",
                "type": "photo",
                "sizes": {
                    "thumb": {
                        "w": 150,
                        "h": 150,
                        "resize": "crop"
                    },
                    "small": {
                        "w": 526,
                        "h": 680,
                        "resize": "fit"
                    },
                    "medium": {
                        "w": 927,
                        "h": 1200,
                        "resize": "fit"
                    },
                    "large": {
                        "w": 1500,
                        "h": 1941,
                        "resize": "fit"
                    }
                },
                "source_status_id": 1235489896405430272,
                "source_status_id_str": "1235489896405430272",
                "source_user_id": 907077652351209472,
                "source_user_id_str": "907077652351209472"
            }
        ]
    },
    "extended_entities": {
        "media": [
            {
                "id": 1235489747465715712,
                "id_str": "1235489747465715712",
                "indices": [
                    96,
                    119
                ],
                "media_url": "http://pbs.twimg.com/media/ESVXYSFUwAABHjU.jpg",
                "media_url_https": "https://pbs.twimg.com/media/ESVXYSFUwAABHjU.jpg",
                "url": "https://t.co/9NSOIovtXB",
                "display_url": "pic.twitter.com/9NSOIovtXB",
                "expanded_url": "https://twitter.com/GucciGang_EXO/status/1235489896405430272/photo/1",
                "type": "photo",
                "sizes": {
                    "thumb": {
                        "w": 150,
                        "h": 150,
                        "resize": "crop"
                    },
                    "small": {
                        "w": 526,
                        "h": 680,
                        "resize": "fit"
                    },
                    "medium": {
                        "w": 927,
                        "h": 1200,
                        "resize": "fit"
                    },
                    "large": {
                        "w": 1500,
                        "h": 1941,
                        "resize": "fit"
                    }
                },
                "source_status_id": 1235489896405430272,
                "source_status_id_str": "1235489896405430272",
                "source_user_id": 907077652351209472,
                "source_user_id_str": "907077652351209472"
            },
            {
                "id": 1235489847508267008,
                "id_str": "1235489847508267008",
                "indices": [
                    96,
                    119
                ],
                "media_url": "http://pbs.twimg.com/media/ESVXeGxU8AAgDuS.jpg",
                "media_url_https": "https://pbs.twimg.com/media/ESVXeGxU8AAgDuS.jpg",
                "url": "https://t.co/9NSOIovtXB",
                "display_url": "pic.twitter.com/9NSOIovtXB",
                "expanded_url": "https://twitter.com/GucciGang_EXO/status/1235489896405430272/photo/1",
                "type": "photo",
                "sizes": {
                    "medium": {
                        "w": 914,
                        "h": 1200,
                        "resize": "fit"
                    },
                    "thumb": {
                        "w": 150,
                        "h": 150,
                        "resize": "crop"
                    },
                    "large": {
                        "w": 1500,
                        "h": 1969,
                        "resize": "fit"
                    },
                    "small": {
                        "w": 518,
                        "h": 680,
                        "resize": "fit"
                    }
                },
                "source_status_id": 1235489896405430272,
                "source_status_id_str": "1235489896405430272",
                "source_user_id": 907077652351209472,
                "source_user_id_str": "907077652351209472"
            }
        ]
    },
    "metadata": {
        "iso_language_code": "en",
        "result_type": "recent"
    },
    "source": "<a href=\"http://twitter.com/download/iphone\" rel=\"nofollow\">Twitter for iPhone</a>",
    "in_reply_to_status_id": null,
    "in_reply_to_status_id_str": null,
    "in_reply_to_user_id": null,
    "in_reply_to_user_id_str": null,
    "in_reply_to_screen_name": null,
    "user": {
        "id": 1014836945132797953,
        "id_str": "1014836945132797953",
        "name": "bErryLynn05",
        "screen_name": "bErry_lynn05",
        "location": "",
        "description": "",
        "url": null,
        "entities": {
            "description": {
                "urls": []
            }
        },
        "protected": false,
        "followers_count": 46,
        "friends_count": 294,
        "listed_count": 0,
        "created_at": "Thu Jul 05 11:42:37 +0000 2018",
        "favourites_count": 91733,
        "utc_offset": null,
        "time_zone": null,
        "geo_enabled": false,
        "verified": false,
        "statuses_count": 76878,
        "lang": null,
        "contributors_enabled": false,
        "is_translator": false,
        "is_translation_enabled": false,
        "profile_background_color": "F5F8FA",
        "profile_background_image_url": null,
        "profile_background_image_url_https": null,
        "profile_background_tile": false,
        "profile_image_url": "http://pbs.twimg.com/profile_images/1131096012699779074/kvwd6A1Y_normal.jpg",
        "profile_image_url_https": "https://pbs.twimg.com/profile_images/1131096012699779074/kvwd6A1Y_normal.jpg",
        "profile_banner_url": "https://pbs.twimg.com/profile_banners/1014836945132797953/1540990988",
        "profile_link_color": "1DA1F2",
        "profile_sidebar_border_color": "C0DEED",
        "profile_sidebar_fill_color": "DDEEF6",
        "profile_text_color": "333333",
        "profile_use_background_image": true,
        "has_extended_profile": false,
        "default_profile": true,
        "default_profile_image": false,
        "following": null,
        "follow_request_sent": null,
        "notifications": null,
        "translator_type": "none"
    },
    "geo": null,
    "coordinates": null,
    "place": null,
    "contributors": null,
    "retweeted_status": {
        "created_at": "Thu Mar 05 08:58:40 +0000 2020",
        "id": 1235489896405430272,
        "id_str": "1235489896405430272",
        "text": "sehun should've just modeled for @Dior \n; a thread\n\n#EXO #SEHUN @weareoneEXO https://t.co/9NSOIovtXB",
        "truncated": false,
        "entities": {
            "hashtags": [
                {
                    "text": "EXO",
                    "indices": [
                        52,
                        56
                    ]
                },
                {
                    "text": "SEHUN",
                    "indices": [
                        57,
                        63
                    ]
                }
            ],
            "symbols": [],
            "user_mentions": [
                {
                    "screen_name": "Dior",
                    "name": "Dior",
                    "id": 348379865,
                    "id_str": "348379865",
                    "indices": [
                        33,
                        38
                    ]
                },
                {
                    "screen_name": "weareoneEXO",
                    "name": "EXO",
                    "id": 873115441303924736,
                    "id_str": "873115441303924736",
                    "indices": [
                        64,
                        76
                    ]
                }
            ],
            "urls": [],
            "media": [
                {
                    "id": 1235489747465715712,
                    "id_str": "1235489747465715712",
                    "indices": [
                        77,
                        100
                    ],
                    "media_url": "http://pbs.twimg.com/media/ESVXYSFUwAABHjU.jpg",
                    "media_url_https": "https://pbs.twimg.com/media/ESVXYSFUwAABHjU.jpg",
                    "url": "https://t.co/9NSOIovtXB",
                    "display_url": "pic.twitter.com/9NSOIovtXB",
                    "expanded_url": "https://twitter.com/GucciGang_EXO/status/1235489896405430272/photo/1",
                    "type": "photo",
                    "sizes": {
                        "thumb": {
                            "w": 150,
                            "h": 150,
                            "resize": "crop"
                        },
                        "small": {
                            "w": 526,
                            "h": 680,
                            "resize": "fit"
                        },
                        "medium": {
                            "w": 927,
                            "h": 1200,
                            "resize": "fit"
                        },
                        "large": {
                            "w": 1500,
                            "h": 1941,
                            "resize": "fit"
                        }
                    }
                }
            ]
        },
        "extended_entities": {
            "media": [
                {
                    "id": 1235489747465715712,
                    "id_str": "1235489747465715712",
                    "indices": [
                        77,
                        100
                    ],
                    "media_url": "http://pbs.twimg.com/media/ESVXYSFUwAABHjU.jpg",
                    "media_url_https": "https://pbs.twimg.com/media/ESVXYSFUwAABHjU.jpg",
                    "url": "https://t.co/9NSOIovtXB",
                    "display_url": "pic.twitter.com/9NSOIovtXB",
                    "expanded_url": "https://twitter.com/GucciGang_EXO/status/1235489896405430272/photo/1",
                    "type": "photo",
                    "sizes": {
                        "thumb": {
                            "w": 150,
                            "h": 150,
                            "resize": "crop"
                        },
                        "small": {
                            "w": 526,
                            "h": 680,
                            "resize": "fit"
                        },
                        "medium": {
                            "w": 927,
                            "h": 1200,
                            "resize": "fit"
                        },
                        "large": {
                            "w": 1500,
                            "h": 1941,
                            "resize": "fit"
                        }
                    }
                },
                {
                    "id": 1235489847508267008,
                    "id_str": "1235489847508267008",
                    "indices": [
                        77,
                        100
                    ],
                    "media_url": "http://pbs.twimg.com/media/ESVXeGxU8AAgDuS.jpg",
                    "media_url_https": "https://pbs.twimg.com/media/ESVXeGxU8AAgDuS.jpg",
                    "url": "https://t.co/9NSOIovtXB",
                    "display_url": "pic.twitter.com/9NSOIovtXB",
                    "expanded_url": "https://twitter.com/GucciGang_EXO/status/1235489896405430272/photo/1",
                    "type": "photo",
                    "sizes": {
                        "medium": {
                            "w": 914,
                            "h": 1200,
                            "resize": "fit"
                        },
                        "thumb": {
                            "w": 150,
                            "h": 150,
                            "resize": "crop"
                        },
                        "large": {
                            "w": 1500,
                            "h": 1969,
                            "resize": "fit"
                        },
                        "small": {
                            "w": 518,
                            "h": 680,
                            "resize": "fit"
                        }
                    }
                }
            ]
        },
        "metadata": {
            "iso_language_code": "en",
            "result_type": "recent"
        },
        "source": "<a href=\"http://twitter.com/download/android\" rel=\"nofollow\">Twitter for Android</a>",
        "in_reply_to_status_id": null,
        "in_reply_to_status_id_str": null,
        "in_reply_to_user_id": null,
        "in_reply_to_user_id_str": null,
        "in_reply_to_screen_name": null,
        "user": {
            "id": 907077652351209472,
            "id_str": "907077652351209472",
            "name": "\u02e2\u1d43\u1d47\u1d43 \u2079\u2074",
            "screen_name": "GucciGang_EXO",
            "location": "sebaekyeol+jennie",
            "description": "im in this exo sht forever",
            "url": null,
            "entities": {
                "description": {
                    "urls": []
                }
            },
            "protected": false,
            "followers_count": 2028,
            "friends_count": 695,
            "listed_count": 1,
            "created_at": "Mon Sep 11 03:05:39 +0000 2017",
            "favourites_count": 87171,
            "utc_offset": null,
            "time_zone": null,
            "geo_enabled": false,
            "verified": false,
            "statuses_count": 43768,
            "lang": null,
            "contributors_enabled": false,
            "is_translator": false,
            "is_translation_enabled": false,
            "profile_background_color": "F5F8FA",
            "profile_background_image_url": null,
            "profile_background_image_url_https": null,
            "profile_background_tile": false,
            "profile_image_url": "http://pbs.twimg.com/profile_images/1232371848924598276/OtwZUMPD_normal.jpg",
            "profile_image_url_https": "https://pbs.twimg.com/profile_images/1232371848924598276/OtwZUMPD_normal.jpg",
            "profile_banner_url": "https://pbs.twimg.com/profile_banners/907077652351209472/1575579677",
            "profile_link_color": "1DA1F2",
            "profile_sidebar_border_color": "C0DEED",
            "profile_sidebar_fill_color": "DDEEF6",
            "profile_text_color": "333333",
            "profile_use_background_image": true,
            "has_extended_profile": false,
            "default_profile": true,
            "default_profile_image": false,
            "following": null,
            "follow_request_sent": null,
            "notifications": null,
            "translator_type": "none"
        },
        "geo": null,
        "coordinates": null,
        "place": null,
        "contributors": null,
        "is_quote_status": false,
        "retweet_count": 231,
        "favorite_count": 377,
        "favorited": false,
        "retweeted": false,
        "possibly_sensitive": false,
        "lang": "en"
    },
    "is_quote_status": false,
    "retweet_count": 231,
    "favorite_count": 0,
    "favorited": false,
    "retweeted": false,
    "possibly_sensitive": true,
    "lang": "en"
}