{
    "created_at": "Tue Mar 10 08:43:50 +0000 2020",
    "id": 1237298103096655873,
    "id_str": "1237298103096655873",
    "text": "Zoom sur la #strat\u00e9gie #socialmedia de @Dior couture. La #marque de #luxe innove dans ses formats : r\u00e9alit\u00e9 augment\u2026 https://t.co/T0n08w8fpe",
    "truncated": true,
    "entities": {
        "hashtags": [
            {
                "text": "strat\u00e9gie",
                "indices": [
                    12,
                    22
                ]
            },
            {
                "text": "socialmedia",
                "indices": [
                    23,
                    35
                ]
            },
            {
                "text": "marque",
                "indices": [
                    57,
                    64
                ]
            },
            {
                "text": "luxe",
                "indices": [
                    68,
                    73
                ]
            }
        ],
        "symbols": [],
        "user_mentions": [
            {
                "screen_name": "Dior",
                "name": "Dior",
                "id": 348379865,
                "id_str": "348379865",
                "indices": [
                    39,
                    44
                ]
            }
        ],
        "urls": [
            {
                "url": "https://t.co/T0n08w8fpe",
                "expanded_url": "https://twitter.com/i/web/status/1237298103096655873",
                "display_url": "twitter.com/i/web/status/1\u2026",
                "indices": [
                    117,
                    140
                ]
            }
        ]
    },
    "metadata": {
        "iso_language_code": "fr",
        "result_type": "recent"
    },
    "source": "<a href=\"http://twitter.com/download/android\" rel=\"nofollow\">Twitter for Android</a>",
    "in_reply_to_status_id": null,
    "in_reply_to_status_id_str": null,
    "in_reply_to_user_id": null,
    "in_reply_to_user_id_str": null,
    "in_reply_to_screen_name": null,
    "user": {
        "id": 2904903807,
        "id_str": "2904903807",
        "name": "Elodie Berthier",
        "screen_name": "elodie_berthier",
        "location": "Paris",
        "description": "Consultante en Strat\u00e9gie de Marque \ud83d\udcab @CELSA_Officiel alumni #Marque #Startup #Marketing #Branding #Strategie #Innovation #Digital #UX #HumanCentered",
        "url": "https://t.co/69Nu7jpZCu",
        "entities": {
            "url": {
                "urls": [
                    {
                        "url": "https://t.co/69Nu7jpZCu",
                        "expanded_url": "https://fr.linkedin.com/in/elodieberthier",
                        "display_url": "fr.linkedin.com/in/elodieberth\u2026",
                        "indices": [
                            0,
                            23
                        ]
                    }
                ]
            },
            "description": {
                "urls": []
            }
        },
        "protected": false,
        "followers_count": 535,
        "friends_count": 647,
        "listed_count": 87,
        "created_at": "Thu Dec 04 10:54:44 +0000 2014",
        "favourites_count": 220,
        "utc_offset": null,
        "time_zone": null,
        "geo_enabled": false,
        "verified": false,
        "statuses_count": 529,
        "lang": null,
        "contributors_enabled": false,
        "is_translator": false,
        "is_translation_enabled": false,
        "profile_background_color": "C0DEED",
        "profile_background_image_url": "http://abs.twimg.com/images/themes/theme1/bg.png",
        "profile_background_image_url_https": "https://abs.twimg.com/images/themes/theme1/bg.png",
        "profile_background_tile": false,
        "profile_image_url": "http://pbs.twimg.com/profile_images/1138203954511319040/QkwJ47R3_normal.jpg",
        "profile_image_url_https": "https://pbs.twimg.com/profile_images/1138203954511319040/QkwJ47R3_normal.jpg",
        "profile_banner_url": "https://pbs.twimg.com/profile_banners/2904903807/1582803527",
        "profile_link_color": "3B94D9",
        "profile_sidebar_border_color": "C0DEED",
        "profile_sidebar_fill_color": "DDEEF6",
        "profile_text_color": "333333",
        "profile_use_background_image": false,
        "has_extended_profile": false,
        "default_profile": false,
        "default_profile_image": false,
        "following": null,
        "follow_request_sent": null,
        "notifications": null,
        "translator_type": "none"
    },
    "geo": null,
    "coordinates": null,
    "place": null,
    "contributors": null,
    "is_quote_status": false,
    "retweet_count": 0,
    "favorite_count": 0,
    "favorited": false,
    "retweeted": false,
    "possibly_sensitive": false,
    "lang": "fr"
}