{
    "created_at": "Tue Mar 10 15:57:48 +0000 2020",
    "id": 1237407315801890823,
    "id_str": "1237407315801890823",
    "text": "RT @Dior: \u0627\u0643\u062a\u0634\u0641\u0648\u0627 \"\u0644\u064a\u062f\u064a \u062f\u064a-\u0644\u0627\u064a\u062a\" \u0639\u0628\u0631 \u0645\u0648\u0642\u0639 https://t.co/8kVcKfdSNw \u0648\u0641\u064a \u0645\u062a\u0627\u062c\u0631\u0646\u0627 \u062d\u0648\u0644 \u0627\u0644\u0639\u0627\u0644\u0645. \u0645\u0646 \u062e\u0644\u0627\u0644 \u0646\u0645\u0637 \"\u0643\u0627\u0646\u0627\u062c\" \u0627\u0644\u0645\u0636\u0631\u0651\u0628 \u0627\u0644\u0645\u0637\u0631\u0651\u0632 \u0628\u0627\u0644\u0643\u0627\u0645\u0644\u060c \u0647\u064a \u062a\u2026",
    "truncated": false,
    "entities": {
        "hashtags": [],
        "symbols": [],
        "user_mentions": [
            {
                "screen_name": "Dior",
                "name": "Dior",
                "id": 348379865,
                "id_str": "348379865",
                "indices": [
                    3,
                    8
                ]
            }
        ],
        "urls": [
            {
                "url": "https://t.co/8kVcKfdSNw",
                "expanded_url": "http://on.dior.com/lady-d-lite",
                "display_url": "on.dior.com/lady-d-lite",
                "indices": [
                    42,
                    65
                ]
            }
        ]
    },
    "metadata": {
        "iso_language_code": "ar",
        "result_type": "recent"
    },
    "source": "<a href=\"http://twitter.com/download/iphone\" rel=\"nofollow\">Twitter for iPhone</a>",
    "in_reply_to_status_id": null,
    "in_reply_to_status_id_str": null,
    "in_reply_to_user_id": null,
    "in_reply_to_user_id_str": null,
    "in_reply_to_screen_name": null,
    "user": {
        "id": 728658063494942720,
        "id_str": "728658063494942720",
        "name": "Rasha Matar",
        "screen_name": "rasha_matar",
        "location": "\u062c\u062f\u0629, \u0627\u0644\u0645\u0645\u0644\u0643\u0629 \u0627\u0644\u0639\u0631\u0628\u064a\u0629 \u0627\u0644\u0633\u0639\u0648\u062f\u064a\u0629",
        "description": "",
        "url": null,
        "entities": {
            "description": {
                "urls": []
            }
        },
        "protected": false,
        "followers_count": 70,
        "friends_count": 121,
        "listed_count": 0,
        "created_at": "Fri May 06 18:49:54 +0000 2016",
        "favourites_count": 3867,
        "utc_offset": null,
        "time_zone": null,
        "geo_enabled": false,
        "verified": false,
        "statuses_count": 2332,
        "lang": null,
        "contributors_enabled": false,
        "is_translator": false,
        "is_translation_enabled": false,
        "profile_background_color": "F5F8FA",
        "profile_background_image_url": null,
        "profile_background_image_url_https": null,
        "profile_background_tile": false,
        "profile_image_url": "http://pbs.twimg.com/profile_images/762410660701560832/IU3XNTxr_normal.jpg",
        "profile_image_url_https": "https://pbs.twimg.com/profile_images/762410660701560832/IU3XNTxr_normal.jpg",
        "profile_banner_url": "https://pbs.twimg.com/profile_banners/728658063494942720/1470608018",
        "profile_link_color": "1DA1F2",
        "profile_sidebar_border_color": "C0DEED",
        "profile_sidebar_fill_color": "DDEEF6",
        "profile_text_color": "333333",
        "profile_use_background_image": true,
        "has_extended_profile": true,
        "default_profile": true,
        "default_profile_image": false,
        "following": null,
        "follow_request_sent": null,
        "notifications": null,
        "translator_type": "none"
    },
    "geo": null,
    "coordinates": null,
    "place": null,
    "contributors": null,
    "retweeted_status": {
        "created_at": "Tue Mar 03 10:53:12 +0000 2020",
        "id": 1234793945466458112,
        "id_str": "1234793945466458112",
        "text": "\u0627\u0643\u062a\u0634\u0641\u0648\u0627 \"\u0644\u064a\u062f\u064a \u062f\u064a-\u0644\u0627\u064a\u062a\" \u0639\u0628\u0631 \u0645\u0648\u0642\u0639 https://t.co/8kVcKfdSNw \u0648\u0641\u064a \u0645\u062a\u0627\u062c\u0631\u0646\u0627 \u062d\u0648\u0644 \u0627\u0644\u0639\u0627\u0644\u0645. \u0645\u0646 \u062e\u0644\u0627\u0644 \u0646\u0645\u0637 \"\u0643\u0627\u0646\u0627\u062c\" \u0627\u0644\u0645\u0636\u0631\u0651\u0628 \u0627\u0644\u0645\u0637\u0631\u0651\u0632\u2026 https://t.co/HSqBKBfXXG",
        "truncated": true,
        "entities": {
            "hashtags": [],
            "symbols": [],
            "user_mentions": [],
            "urls": [
                {
                    "url": "https://t.co/8kVcKfdSNw",
                    "expanded_url": "http://on.dior.com/lady-d-lite",
                    "display_url": "on.dior.com/lady-d-lite",
                    "indices": [
                        32,
                        55
                    ]
                },
                {
                    "url": "https://t.co/HSqBKBfXXG",
                    "expanded_url": "https://twitter.com/i/web/status/1234793945466458112",
                    "display_url": "twitter.com/i/web/status/1\u2026",
                    "indices": [
                        117,
                        140
                    ]
                }
            ]
        },
        "metadata": {
            "iso_language_code": "ar",
            "result_type": "recent"
        },
        "source": "<a href=\"https://ads-api.twitter.com\" rel=\"nofollow\">Twitter for Advertisers</a>",
        "in_reply_to_status_id": null,
        "in_reply_to_status_id_str": null,
        "in_reply_to_user_id": null,
        "in_reply_to_user_id_str": null,
        "in_reply_to_screen_name": null,
        "user": {
            "id": 348379865,
            "id_str": "348379865",
            "name": "Dior",
            "screen_name": "Dior",
            "location": "",
            "description": "",
            "url": "https://t.co/pLUyiJhYc3",
            "entities": {
                "url": {
                    "urls": [
                        {
                            "url": "https://t.co/pLUyiJhYc3",
                            "expanded_url": "http://www.dior.com",
                            "display_url": "dior.com",
                            "indices": [
                                0,
                                23
                            ]
                        }
                    ]
                },
                "description": {
                    "urls": []
                }
            },
            "protected": false,
            "followers_count": 8118096,
            "friends_count": 144,
            "listed_count": 9714,
            "created_at": "Thu Aug 04 10:04:42 +0000 2011",
            "favourites_count": 68,
            "utc_offset": null,
            "time_zone": null,
            "geo_enabled": true,
            "verified": true,
            "statuses_count": 3965,
            "lang": null,
            "contributors_enabled": false,
            "is_translator": false,
            "is_translation_enabled": false,
            "profile_background_color": "000000",
            "profile_background_image_url": "http://abs.twimg.com/images/themes/theme1/bg.png",
            "profile_background_image_url_https": "https://abs.twimg.com/images/themes/theme1/bg.png",
            "profile_background_tile": false,
            "profile_image_url": "http://pbs.twimg.com/profile_images/1051789365205196800/Sr3MjjXc_normal.jpg",
            "profile_image_url_https": "https://pbs.twimg.com/profile_images/1051789365205196800/Sr3MjjXc_normal.jpg",
            "profile_banner_url": "https://pbs.twimg.com/profile_banners/348379865/1583246709",
            "profile_link_color": "009999",
            "profile_sidebar_border_color": "000000",
            "profile_sidebar_fill_color": "303030",
            "profile_text_color": "FFFFFF",
            "profile_use_background_image": false,
            "has_extended_profile": false,
            "default_profile": false,
            "default_profile_image": false,
            "following": null,
            "follow_request_sent": null,
            "notifications": null,
            "translator_type": "none"
        },
        "geo": null,
        "coordinates": null,
        "place": null,
        "contributors": null,
        "is_quote_status": false,
        "retweet_count": 66,
        "favorite_count": 501,
        "favorited": false,
        "retweeted": false,
        "possibly_sensitive": false,
        "scopes": {
            "followers": false
        },
        "lang": "ar"
    },
    "is_quote_status": false,
    "retweet_count": 66,
    "favorite_count": 0,
    "favorited": false,
    "retweeted": false,
    "possibly_sensitive": false,
    "lang": "ar"
}