{
    "created_at": "Tue Mar 10 12:50:36 +0000 2020",
    "id": 1237360205140070400,
    "id_str": "1237360205140070400",
    "text": "RT @BoF: As @Dior announces the launch of its new podcast series, Dior Talks, learn why podcasts are becoming a popular communications tool\u2026",
    "truncated": false,
    "entities": {
        "hashtags": [],
        "symbols": [],
        "user_mentions": [
            {
                "screen_name": "BoF",
                "name": "The Business of Fashion",
                "id": 18392906,
                "id_str": "18392906",
                "indices": [
                    3,
                    7
                ]
            },
            {
                "screen_name": "Dior",
                "name": "Dior",
                "id": 348379865,
                "id_str": "348379865",
                "indices": [
                    12,
                    17
                ]
            }
        ],
        "urls": []
    },
    "metadata": {
        "iso_language_code": "en",
        "result_type": "recent"
    },
    "source": "<a href=\"http://twitter.com/download/iphone\" rel=\"nofollow\">Twitter for iPhone</a>",
    "in_reply_to_status_id": null,
    "in_reply_to_status_id_str": null,
    "in_reply_to_user_id": null,
    "in_reply_to_user_id_str": null,
    "in_reply_to_screen_name": null,
    "user": {
        "id": 22718008,
        "id_str": "22718008",
        "name": "Pradeep Prabhu",
        "screen_name": "pprabhu81",
        "location": "London, Bangalore",
        "description": "\ud83c\udfafAmbitious Entrepreneur \ud83d\udcb5HNI/Celebrity Wealth Manager \ud83d\udcb0Senior Investment Banker \ud83d\udc8dFashion Event Producer \u2708\ufe0fGlobe Trotter \u2665\ufe0f\u2019s \ud83c\udf55\ud83c\udf57\ud83e\udd42\ud83c\udfbc\ud83c\udfaa \ud83c\uddee\ud83c\uddf3\u2708\ufe0f\ud83c\uddec\ud83c\udde7",
        "url": "https://t.co/veKykpFp5N",
        "entities": {
            "url": {
                "urls": [
                    {
                        "url": "https://t.co/veKykpFp5N",
                        "expanded_url": "http://pradeeprabhu.com",
                        "display_url": "pradeeprabhu.com",
                        "indices": [
                            0,
                            23
                        ]
                    }
                ]
            },
            "description": {
                "urls": []
            }
        },
        "protected": false,
        "followers_count": 882,
        "friends_count": 161,
        "listed_count": 733,
        "created_at": "Wed Mar 04 02:06:58 +0000 2009",
        "favourites_count": 60836,
        "utc_offset": null,
        "time_zone": null,
        "geo_enabled": false,
        "verified": false,
        "statuses_count": 52525,
        "lang": null,
        "contributors_enabled": false,
        "is_translator": false,
        "is_translation_enabled": false,
        "profile_background_color": "0F0E0E",
        "profile_background_image_url": "http://abs.twimg.com/images/themes/theme8/bg.gif",
        "profile_background_image_url_https": "https://abs.twimg.com/images/themes/theme8/bg.gif",
        "profile_background_tile": true,
        "profile_image_url": "http://pbs.twimg.com/profile_images/1231602978747904000/4ee020Ip_normal.jpg",
        "profile_image_url_https": "https://pbs.twimg.com/profile_images/1231602978747904000/4ee020Ip_normal.jpg",
        "profile_banner_url": "https://pbs.twimg.com/profile_banners/22718008/1573207375",
        "profile_link_color": "E81C4F",
        "profile_sidebar_border_color": "000000",
        "profile_sidebar_fill_color": "EADEAA",
        "profile_text_color": "9D582E",
        "profile_use_background_image": false,
        "has_extended_profile": false,
        "default_profile": false,
        "default_profile_image": false,
        "following": null,
        "follow_request_sent": null,
        "notifications": null,
        "translator_type": "none"
    },
    "geo": null,
    "coordinates": null,
    "place": null,
    "contributors": null,
    "retweeted_status": {
        "created_at": "Mon Mar 09 15:57:02 +0000 2020",
        "id": 1237044734755028992,
        "id_str": "1237044734755028992",
        "text": "As @Dior announces the launch of its new podcast series, Dior Talks, learn why podcasts are becoming a popular comm\u2026 https://t.co/IX8ydTHa8O",
        "truncated": true,
        "entities": {
            "hashtags": [],
            "symbols": [],
            "user_mentions": [
                {
                    "screen_name": "Dior",
                    "name": "Dior",
                    "id": 348379865,
                    "id_str": "348379865",
                    "indices": [
                        3,
                        8
                    ]
                }
            ],
            "urls": [
                {
                    "url": "https://t.co/IX8ydTHa8O",
                    "expanded_url": "https://twitter.com/i/web/status/1237044734755028992",
                    "display_url": "twitter.com/i/web/status/1\u2026",
                    "indices": [
                        117,
                        140
                    ]
                }
            ]
        },
        "metadata": {
            "iso_language_code": "en",
            "result_type": "recent"
        },
        "source": "<a href=\"https://sproutsocial.com\" rel=\"nofollow\">Sprout Social</a>",
        "in_reply_to_status_id": null,
        "in_reply_to_status_id_str": null,
        "in_reply_to_user_id": null,
        "in_reply_to_user_id_str": null,
        "in_reply_to_screen_name": null,
        "user": {
            "id": 18392906,
            "id_str": "18392906",
            "name": "The Business of Fashion",
            "screen_name": "BoF",
            "location": "London",
            "description": "Follow for breaking news and fashion business intelligence. Home of the #BoF500. Subscribe to our daily newsletter: https://t.co/67Jc1TC6lY",
            "url": "https://t.co/uEmlzkRJVq",
            "entities": {
                "url": {
                    "urls": [
                        {
                            "url": "https://t.co/uEmlzkRJVq",
                            "expanded_url": "http://www.businessoffashion.com",
                            "display_url": "businessoffashion.com",
                            "indices": [
                                0,
                                23
                            ]
                        }
                    ]
                },
                "description": {
                    "urls": [
                        {
                            "url": "https://t.co/67Jc1TC6lY",
                            "expanded_url": "http://www.businessoffashion.com/register/",
                            "display_url": "businessoffashion.com/register/",
                            "indices": [
                                116,
                                139
                            ]
                        }
                    ]
                }
            },
            "protected": false,
            "followers_count": 1843387,
            "friends_count": 975,
            "listed_count": 9521,
            "created_at": "Fri Dec 26 18:31:56 +0000 2008",
            "favourites_count": 4818,
            "utc_offset": null,
            "time_zone": null,
            "geo_enabled": true,
            "verified": true,
            "statuses_count": 48788,
            "lang": null,
            "contributors_enabled": false,
            "is_translator": false,
            "is_translation_enabled": false,
            "profile_background_color": "FFFFFF",
            "profile_background_image_url": "http://abs.twimg.com/images/themes/theme1/bg.png",
            "profile_background_image_url_https": "https://abs.twimg.com/images/themes/theme1/bg.png",
            "profile_background_tile": true,
            "profile_image_url": "http://pbs.twimg.com/profile_images/999565749415919616/bV7tCg5y_normal.jpg",
            "profile_image_url_https": "https://pbs.twimg.com/profile_images/999565749415919616/bV7tCg5y_normal.jpg",
            "profile_banner_url": "https://pbs.twimg.com/profile_banners/18392906/1569852453",
            "profile_link_color": "AB9386",
            "profile_sidebar_border_color": "FFFFFF",
            "profile_sidebar_fill_color": "FFFFFF",
            "profile_text_color": "030000",
            "profile_use_background_image": true,
            "has_extended_profile": false,
            "default_profile": false,
            "default_profile_image": false,
            "following": null,
            "follow_request_sent": null,
            "notifications": null,
            "translator_type": "none"
        },
        "geo": null,
        "coordinates": null,
        "place": null,
        "contributors": null,
        "is_quote_status": false,
        "retweet_count": 16,
        "favorite_count": 33,
        "favorited": false,
        "retweeted": false,
        "possibly_sensitive": false,
        "lang": "en"
    },
    "is_quote_status": false,
    "retweet_count": 16,
    "favorite_count": 0,
    "favorited": false,
    "retweeted": false,
    "lang": "en"
}