{
    "created_at": "Tue Mar 10 09:59:01 +0000 2020",
    "id": 1237317026118602753,
    "id_str": "1237317026118602753",
    "text": "RT @Dior: For over ten years, the House of Dior has been initiating partnerships with the new generation of perfume flower producers in the\u2026",
    "truncated": false,
    "entities": {
        "hashtags": [],
        "symbols": [],
        "user_mentions": [
            {
                "screen_name": "Dior",
                "name": "Dior",
                "id": 348379865,
                "id_str": "348379865",
                "indices": [
                    3,
                    8
                ]
            }
        ],
        "urls": []
    },
    "metadata": {
        "iso_language_code": "en",
        "result_type": "recent"
    },
    "source": "<a href=\"https://mobile.twitter.com\" rel=\"nofollow\">Twitter Web App</a>",
    "in_reply_to_status_id": null,
    "in_reply_to_status_id_str": null,
    "in_reply_to_user_id": null,
    "in_reply_to_user_id_str": null,
    "in_reply_to_screen_name": null,
    "user": {
        "id": 2543721052,
        "id_str": "2543721052",
        "name": "$\u00f8-G\ud83d\ude0eD\u02d9\u00a6^.*~'#31#\u0394ik\u01b9n\u00a9 YTmp3.CC\u00ae|C++|'''\u2014\u20ac\u00a5\u00a3'\u2122'\u272a",
        "screen_name": "TheRealFs0c1eTy",
        "location": "coinigraphy.com/en/coin/bch ",
        "description": "\u00a3nt\u20ac\u00ac\u00ae~3nd\u00a9l\u00f8-\u00a9k\u00e6\u0300\u20ab\u2076\u2122g\u00f8t\u00f8\u2193\u01b9=MC\u00b2/R \u00b5=RI*NATEL G\u2190Frequency I-D\u00d8NT-T-T N\u00d8W BUT-T I-L\u00d8V Y\u00d8-T https://t.co/Su9vYyWF3c\u00ae \u0394ik\u01b9n\u00a9[1024@F$\u00d8\u00a21\u20acT^Y]azerty'$\u00ab\u00b2\u00a3\u2192G\u03bcnnm@B\u01b9azZ3c\u221epy.\u2191\u00b0\u00bb\u272ai689-\u2763",
        "url": "https://t.co/muHF7D1KeT",
        "entities": {
            "url": {
                "urls": [
                    {
                        "url": "https://t.co/muHF7D1KeT",
                        "expanded_url": "http://YTmp3.CC/VI\u042fUS///",
                        "display_url": "YTmp3.CC/VI\u042fUS///",
                        "indices": [
                            0,
                            23
                        ]
                    }
                ]
            },
            "description": {
                "urls": [
                    {
                        "url": "https://t.co/Su9vYyWF3c",
                        "expanded_url": "http://YTmp3.CC",
                        "display_url": "YTmp3.CC",
                        "indices": [
                            89,
                            112
                        ]
                    }
                ]
            }
        },
        "protected": false,
        "followers_count": 48,
        "friends_count": 228,
        "listed_count": 1,
        "created_at": "Mon May 12 20:40:27 +0000 2014",
        "favourites_count": 5646,
        "utc_offset": null,
        "time_zone": null,
        "geo_enabled": false,
        "verified": false,
        "statuses_count": 61526,
        "lang": null,
        "contributors_enabled": false,
        "is_translator": false,
        "is_translation_enabled": false,
        "profile_background_color": "000000",
        "profile_background_image_url": "http://abs.twimg.com/images/themes/theme1/bg.png",
        "profile_background_image_url_https": "https://abs.twimg.com/images/themes/theme1/bg.png",
        "profile_background_tile": false,
        "profile_image_url": "http://pbs.twimg.com/profile_images/1093681094770208768/xUHNrigf_normal.jpg",
        "profile_image_url_https": "https://pbs.twimg.com/profile_images/1093681094770208768/xUHNrigf_normal.jpg",
        "profile_banner_url": "https://pbs.twimg.com/profile_banners/2543721052/1549780649",
        "profile_link_color": "981CEB",
        "profile_sidebar_border_color": "000000",
        "profile_sidebar_fill_color": "000000",
        "profile_text_color": "000000",
        "profile_use_background_image": false,
        "has_extended_profile": true,
        "default_profile": false,
        "default_profile_image": false,
        "following": null,
        "follow_request_sent": null,
        "notifications": null,
        "translator_type": "none"
    },
    "geo": null,
    "coordinates": null,
    "place": null,
    "contributors": null,
    "retweeted_status": {
        "created_at": "Tue Mar 10 09:00:00 +0000 2020",
        "id": 1237302173815287809,
        "id_str": "1237302173815287809",
        "text": "For over ten years, the House of Dior has been initiating partnerships with the new generation of perfume flower pr\u2026 https://t.co/z5RUoh0jmu",
        "truncated": true,
        "entities": {
            "hashtags": [],
            "symbols": [],
            "user_mentions": [],
            "urls": [
                {
                    "url": "https://t.co/z5RUoh0jmu",
                    "expanded_url": "https://twitter.com/i/web/status/1237302173815287809",
                    "display_url": "twitter.com/i/web/status/1\u2026",
                    "indices": [
                        117,
                        140
                    ]
                }
            ]
        },
        "metadata": {
            "iso_language_code": "en",
            "result_type": "recent"
        },
        "source": "<a href=\"https://studio.twitter.com\" rel=\"nofollow\">Twitter Media Studio</a>",
        "in_reply_to_status_id": null,
        "in_reply_to_status_id_str": null,
        "in_reply_to_user_id": null,
        "in_reply_to_user_id_str": null,
        "in_reply_to_screen_name": null,
        "user": {
            "id": 348379865,
            "id_str": "348379865",
            "name": "Dior",
            "screen_name": "Dior",
            "location": "",
            "description": "",
            "url": "https://t.co/pLUyiJhYc3",
            "entities": {
                "url": {
                    "urls": [
                        {
                            "url": "https://t.co/pLUyiJhYc3",
                            "expanded_url": "http://www.dior.com",
                            "display_url": "dior.com",
                            "indices": [
                                0,
                                23
                            ]
                        }
                    ]
                },
                "description": {
                    "urls": []
                }
            },
            "protected": false,
            "followers_count": 8118096,
            "friends_count": 144,
            "listed_count": 9714,
            "created_at": "Thu Aug 04 10:04:42 +0000 2011",
            "favourites_count": 68,
            "utc_offset": null,
            "time_zone": null,
            "geo_enabled": true,
            "verified": true,
            "statuses_count": 3965,
            "lang": null,
            "contributors_enabled": false,
            "is_translator": false,
            "is_translation_enabled": false,
            "profile_background_color": "000000",
            "profile_background_image_url": "http://abs.twimg.com/images/themes/theme1/bg.png",
            "profile_background_image_url_https": "https://abs.twimg.com/images/themes/theme1/bg.png",
            "profile_background_tile": false,
            "profile_image_url": "http://pbs.twimg.com/profile_images/1051789365205196800/Sr3MjjXc_normal.jpg",
            "profile_image_url_https": "https://pbs.twimg.com/profile_images/1051789365205196800/Sr3MjjXc_normal.jpg",
            "profile_banner_url": "https://pbs.twimg.com/profile_banners/348379865/1583246709",
            "profile_link_color": "009999",
            "profile_sidebar_border_color": "000000",
            "profile_sidebar_fill_color": "303030",
            "profile_text_color": "FFFFFF",
            "profile_use_background_image": false,
            "has_extended_profile": false,
            "default_profile": false,
            "default_profile_image": false,
            "following": null,
            "follow_request_sent": null,
            "notifications": null,
            "translator_type": "none"
        },
        "geo": null,
        "coordinates": null,
        "place": null,
        "contributors": null,
        "is_quote_status": false,
        "retweet_count": 67,
        "favorite_count": 433,
        "favorited": false,
        "retweeted": false,
        "possibly_sensitive": false,
        "lang": "en"
    },
    "is_quote_status": false,
    "retweet_count": 67,
    "favorite_count": 0,
    "favorited": false,
    "retweeted": false,
    "lang": "en"
}