{
    "created_at": "Tue Mar 10 13:11:41 +0000 2020",
    "id": 1237365512574611457,
    "id_str": "1237365512574611457",
    "text": "RT @nostalgia520: \u0e44\u0e14\u0e49\u0e1b\u0e30? \u0e19\u0e35\u0e48\u0e27\u0e48\u0e32\u0e44\u0e14\u0e49\u0e19\u0e30 sehun x dior \u0e15\u0e49\u0e2d\u0e07\u0e21\u0e32\u0e41\u0e25\u0e49\u0e27\u0e21\u0e31\u0e49\u0e22 \u0e41\u0e19\u0e48\u0e19\u0e1a\u0e36\u0e01\u0e1a\u0e31\u0e01 \u0e2b\u0e38\u0e48\u0e19\u0e44\u0e14\u0e49 \u0e01\u0e25\u0e49\u0e32\u0e21\u0e2d\u0e01\u0e41\u0e19\u0e48\u0e19\u0e2a\u0e48\u0e07\u0e0a\u0e38\u0e14\u0e43\u0e2b\u0e49\u0e14\u0e39\u0e14\u0e35\u0e02\u0e36\u0e49\u0e19\u0e44\u0e14\u0e49 \u0e44\u0e2b\u0e25\u0e48\u0e01\u0e27\u0e49\u0e32\u0e07\u0e21\u0e35\u0e2a\u0e32\u0e22\u0e23\u0e31\u0e14\u0e1a\u0e48\u0e32\u0e44\u0e14\u0e49\u2026",
    "truncated": false,
    "entities": {
        "hashtags": [],
        "symbols": [],
        "user_mentions": [
            {
                "screen_name": "nostalgia520",
                "name": "nos.fiction \ud83c\udf45",
                "id": 4003483693,
                "id_str": "4003483693",
                "indices": [
                    3,
                    16
                ]
            }
        ],
        "urls": []
    },
    "metadata": {
        "iso_language_code": "th",
        "result_type": "recent"
    },
    "source": "<a href=\"http://twitter.com/download/android\" rel=\"nofollow\">Twitter for Android</a>",
    "in_reply_to_status_id": null,
    "in_reply_to_status_id_str": null,
    "in_reply_to_user_id": null,
    "in_reply_to_user_id_str": null,
    "in_reply_to_screen_name": null,
    "user": {
        "id": 851712141673480192,
        "id_str": "851712141673480192",
        "name": "\ubb34\ud06c\ud83c\udf37\u0e04\u0e37\u0e19\u0e40\u0e07\u0e34\u0e19\u0e40\u0e16\u0e2d\u0e30\u0e04\u0e48\u0e30 \u0e2b\u0e22\u0e38\u0e14\u0e42\u0e01\u0e07\u0e01\u0e34\u0e19\u0e01\u0e31\u0e19\u0e2a\u0e31\u0e01\u0e17\u0e35 \ub3c8\uc774 \uc5c6\uc5b4 \u0e41\u0e25\u0e49\u0e27",
        "screen_name": "mookhunn_",
        "location": "\u0e1b\u0e23\u0e30\u0e40\u0e17\u0e28\u0e40\u0e2d\u0e47\u0e01\u0e42\u0e0b\u0e41\u0e2d\u0e25",
        "description": "EXO-EXOL \ud83d\udc6b || Wanna One \ud83d\ude4b || AB6IX \ud83d\ude4c ||  \ud83d\udc51 Oohsehun \ud83d\udc51 || \ud83c\udf77\ubc15\uc9c0\ud6c8 \ud83d\udc93 || \uad8c\ud604\ube48 \u2b50 || \ud83c\udf55 \uc720\uc120\ud638 \ud83c\udf57 || I always beside you \u2661\u2022 ||\n\u26a0\ufe0fWarning!\nDon't touch my boy \u2022\ud83d\udca2",
        "url": "https://t.co/mi1EyFwc9U",
        "entities": {
            "url": {
                "urls": [
                    {
                        "url": "https://t.co/mi1EyFwc9U",
                        "expanded_url": "https://ask.fm/mookhunn_",
                        "display_url": "ask.fm/mookhunn_",
                        "indices": [
                            0,
                            23
                        ]
                    }
                ]
            },
            "description": {
                "urls": []
            }
        },
        "protected": false,
        "followers_count": 130,
        "friends_count": 454,
        "listed_count": 0,
        "created_at": "Tue Apr 11 08:22:53 +0000 2017",
        "favourites_count": 2889,
        "utc_offset": null,
        "time_zone": null,
        "geo_enabled": false,
        "verified": false,
        "statuses_count": 93884,
        "lang": null,
        "contributors_enabled": false,
        "is_translator": false,
        "is_translation_enabled": false,
        "profile_background_color": "000000",
        "profile_background_image_url": "http://abs.twimg.com/images/themes/theme1/bg.png",
        "profile_background_image_url_https": "https://abs.twimg.com/images/themes/theme1/bg.png",
        "profile_background_tile": false,
        "profile_image_url": "http://pbs.twimg.com/profile_images/1161673760568532992/6HfCpy5m_normal.jpg",
        "profile_image_url_https": "https://pbs.twimg.com/profile_images/1161673760568532992/6HfCpy5m_normal.jpg",
        "profile_banner_url": "https://pbs.twimg.com/profile_banners/851712141673480192/1541261226",
        "profile_link_color": "F58EA8",
        "profile_sidebar_border_color": "000000",
        "profile_sidebar_fill_color": "000000",
        "profile_text_color": "000000",
        "profile_use_background_image": false,
        "has_extended_profile": true,
        "default_profile": false,
        "default_profile_image": false,
        "following": null,
        "follow_request_sent": null,
        "notifications": null,
        "translator_type": "none"
    },
    "geo": null,
    "coordinates": null,
    "place": null,
    "contributors": null,
    "retweeted_status": {
        "created_at": "Mon Mar 09 14:56:50 +0000 2020",
        "id": 1237029586468098048,
        "id_str": "1237029586468098048",
        "text": "\u0e44\u0e14\u0e49\u0e1b\u0e30? \u0e19\u0e35\u0e48\u0e27\u0e48\u0e32\u0e44\u0e14\u0e49\u0e19\u0e30 sehun x dior \u0e15\u0e49\u0e2d\u0e07\u0e21\u0e32\u0e41\u0e25\u0e49\u0e27\u0e21\u0e31\u0e49\u0e22 \u0e41\u0e19\u0e48\u0e19\u0e1a\u0e36\u0e01\u0e1a\u0e31\u0e01 \u0e2b\u0e38\u0e48\u0e19\u0e44\u0e14\u0e49 \u0e01\u0e25\u0e49\u0e32\u0e21\u0e2d\u0e01\u0e41\u0e19\u0e48\u0e19\u0e2a\u0e48\u0e07\u0e0a\u0e38\u0e14\u0e43\u0e2b\u0e49\u0e14\u0e39\u0e14\u0e35\u0e02\u0e36\u0e49\u0e19\u0e44\u0e14\u0e49 \u0e44\u0e2b\u0e25\u0e48\u0e01\u0e27\u0e49\u0e32\u0e07\u0e21\u0e35\u0e2a\u0e32\u0e22\u0e23\u0e31\u0e14\u2026 https://t.co/5n4q29YZHZ",
        "truncated": true,
        "entities": {
            "hashtags": [],
            "symbols": [],
            "user_mentions": [],
            "urls": [
                {
                    "url": "https://t.co/5n4q29YZHZ",
                    "expanded_url": "https://twitter.com/i/web/status/1237029586468098048",
                    "display_url": "twitter.com/i/web/status/1\u2026",
                    "indices": [
                        117,
                        140
                    ]
                }
            ]
        },
        "metadata": {
            "iso_language_code": "th",
            "result_type": "recent"
        },
        "source": "<a href=\"http://twitter.com/download/iphone\" rel=\"nofollow\">Twitter for iPhone</a>",
        "in_reply_to_status_id": null,
        "in_reply_to_status_id_str": null,
        "in_reply_to_user_id": null,
        "in_reply_to_user_id_str": null,
        "in_reply_to_screen_name": null,
        "user": {
            "id": 4003483693,
            "id_str": "4003483693",
            "name": "nos.fiction \ud83c\udf45",
            "screen_name": "nostalgia520",
            "location": "\u0e15\u0e01\u0e40\u0e1b\u0e47\u0e19\u0e40\u0e21\u0e37\u0e2d\u0e07\u0e02\u0e36\u0e49\u0e19\u0e02\u0e2d\u0e07\u0e40\u0e01\u0e32\u0e2b\u0e25\u0e35\u0e41\u0e25\u0e30\u0e08\u0e35\u0e19",
            "description": "ohsehun \ud83c\uddf0\ud83c\uddf7 wangyibo \ud83c\udde8\ud83c\uddf3 | \u0e1f\u0e34\u0e04\u0e2e\u0e38\u0e19\u0e2e\u0e32\u0e19 #\u0e42\u0e08\u0e23\u0e2a\u0e25\u0e31\u0e14\u0e2e\u0e2e #\u0e08\u0e31\u0e1a\u0e2a\u0e19\u0e34\u0e0a\u0e2e\u0e2e #\u0e44\u0e25\u0e2d\u0e2d\u0e19\u0e2e\u0e2e #\u0e19\u0e2d\u0e21\u0e2e\u0e2e #\u0e44\u0e16\u0e48\u0e1a\u0e32\u0e1b\u0e2e\u0e2e #\u0e1e\u0e32\u0e22\u0e38\u0e24\u0e14\u0e39\u0e23\u0e49\u0e2d\u0e19\u0e2e\u0e2e | \u0e41\u0e2d\u0e04\u0e25\u0e07\u0e1f\u0e34\u0e04\u0e1b\u0e4b\u0e2d\u0e08\u0e49\u0e32\u0e19 \u2192 @greenpeafic",
            "url": "https://t.co/eERRU30vCI",
            "entities": {
                "url": {
                    "urls": [
                        {
                            "url": "https://t.co/eERRU30vCI",
                            "expanded_url": "https://ask.fm/nos_hunhan",
                            "display_url": "ask.fm/nos_hunhan",
                            "indices": [
                                0,
                                23
                            ]
                        }
                    ]
                },
                "description": {
                    "urls": []
                }
            },
            "protected": false,
            "followers_count": 12737,
            "friends_count": 262,
            "listed_count": 19,
            "created_at": "Sat Oct 24 15:08:23 +0000 2015",
            "favourites_count": 12141,
            "utc_offset": null,
            "time_zone": null,
            "geo_enabled": true,
            "verified": false,
            "statuses_count": 102223,
            "lang": null,
            "contributors_enabled": false,
            "is_translator": false,
            "is_translation_enabled": false,
            "profile_background_color": "000000",
            "profile_background_image_url": "http://abs.twimg.com/images/themes/theme1/bg.png",
            "profile_background_image_url_https": "https://abs.twimg.com/images/themes/theme1/bg.png",
            "profile_background_tile": false,
            "profile_image_url": "http://pbs.twimg.com/profile_images/1231509771594813440/CxPNHvrA_normal.jpg",
            "profile_image_url_https": "https://pbs.twimg.com/profile_images/1231509771594813440/CxPNHvrA_normal.jpg",
            "profile_banner_url": "https://pbs.twimg.com/profile_banners/4003483693/1570216880",
            "profile_link_color": "FAB81E",
            "profile_sidebar_border_color": "000000",
            "profile_sidebar_fill_color": "000000",
            "profile_text_color": "000000",
            "profile_use_background_image": false,
            "has_extended_profile": false,
            "default_profile": false,
            "default_profile_image": false,
            "following": null,
            "follow_request_sent": null,
            "notifications": null,
            "translator_type": "none"
        },
        "geo": null,
        "coordinates": null,
        "place": null,
        "contributors": null,
        "is_quote_status": false,
        "retweet_count": 640,
        "favorite_count": 136,
        "favorited": false,
        "retweeted": false,
        "possibly_sensitive": false,
        "lang": "th"
    },
    "is_quote_status": false,
    "retweet_count": 640,
    "favorite_count": 0,
    "favorited": false,
    "retweeted": false,
    "lang": "th"
}