{
    "created_at": "Tue Mar 10 12:37:12 +0000 2020",
    "id": 1237356832802263040,
    "id_str": "1237356832802263040",
    "text": "yes this is a must @Dior https://t.co/MmjP8Aht1n",
    "truncated": false,
    "entities": {
        "hashtags": [],
        "symbols": [],
        "user_mentions": [
            {
                "screen_name": "Dior",
                "name": "Dior",
                "id": 348379865,
                "id_str": "348379865",
                "indices": [
                    19,
                    24
                ]
            }
        ],
        "urls": [
            {
                "url": "https://t.co/MmjP8Aht1n",
                "expanded_url": "https://twitter.com/sehunivers/status/1237320273910566912",
                "display_url": "twitter.com/sehunivers/sta\u2026",
                "indices": [
                    25,
                    48
                ]
            }
        ]
    },
    "metadata": {
        "iso_language_code": "en",
        "result_type": "recent"
    },
    "source": "<a href=\"http://twitter.com/download/iphone\" rel=\"nofollow\">Twitter for iPhone</a>",
    "in_reply_to_status_id": null,
    "in_reply_to_status_id_str": null,
    "in_reply_to_user_id": null,
    "in_reply_to_user_id_str": null,
    "in_reply_to_screen_name": null,
    "user": {
        "id": 111320497,
        "id_str": "111320497",
        "name": "Chu \ud83d\udc23",
        "screen_name": "chichooyeaaaou",
        "location": "deux",
        "description": "#JISOO: JUNMYEON SOLO PERIOD",
        "url": "https://t.co/gGXPswN51z",
        "entities": {
            "url": {
                "urls": [
                    {
                        "url": "https://t.co/gGXPswN51z",
                        "expanded_url": "https://m.youtube.com/watch?v=IHNzOHi8sJs",
                        "display_url": "m.youtube.com/watch?v=IHNzOH\u2026",
                        "indices": [
                            0,
                            23
                        ]
                    }
                ]
            },
            "description": {
                "urls": []
            }
        },
        "protected": false,
        "followers_count": 237,
        "friends_count": 320,
        "listed_count": 2,
        "created_at": "Thu Feb 04 14:29:02 +0000 2010",
        "favourites_count": 44596,
        "utc_offset": null,
        "time_zone": null,
        "geo_enabled": false,
        "verified": false,
        "statuses_count": 13438,
        "lang": null,
        "contributors_enabled": false,
        "is_translator": false,
        "is_translation_enabled": false,
        "profile_background_color": "642D8B",
        "profile_background_image_url": "http://abs.twimg.com/images/themes/theme10/bg.gif",
        "profile_background_image_url_https": "https://abs.twimg.com/images/themes/theme10/bg.gif",
        "profile_background_tile": true,
        "profile_image_url": "http://pbs.twimg.com/profile_images/1230867951835926529/AEmFoojk_normal.jpg",
        "profile_image_url_https": "https://pbs.twimg.com/profile_images/1230867951835926529/AEmFoojk_normal.jpg",
        "profile_banner_url": "https://pbs.twimg.com/profile_banners/111320497/1583844297",
        "profile_link_color": "E81C4F",
        "profile_sidebar_border_color": "FFFFFF",
        "profile_sidebar_fill_color": "7AC3EE",
        "profile_text_color": "3D1957",
        "profile_use_background_image": true,
        "has_extended_profile": true,
        "default_profile": false,
        "default_profile_image": false,
        "following": null,
        "follow_request_sent": null,
        "notifications": null,
        "translator_type": "none"
    },
    "geo": null,
    "coordinates": null,
    "place": null,
    "contributors": null,
    "is_quote_status": true,
    "quoted_status_id": 1237320273910566912,
    "quoted_status_id_str": "1237320273910566912",
    "quoted_status": {
        "created_at": "Tue Mar 10 10:11:56 +0000 2020",
        "id": 1237320273910566912,
        "id_str": "1237320273910566912",
        "text": "omg sehun x jisoo collaboration for Dior please. this will be another iconic moment in kpop.",
        "truncated": false,
        "entities": {
            "hashtags": [],
            "symbols": [],
            "user_mentions": [],
            "urls": []
        },
        "metadata": {
            "iso_language_code": "en",
            "result_type": "recent"
        },
        "source": "<a href=\"http://twitter.com/download/iphone\" rel=\"nofollow\">Twitter for iPhone</a>",
        "in_reply_to_status_id": null,
        "in_reply_to_status_id_str": null,
        "in_reply_to_user_id": null,
        "in_reply_to_user_id_str": null,
        "in_reply_to_screen_name": null,
        "user": {
            "id": 379597521,
            "id_str": "379597521",
            "name": "shixun",
            "screen_name": "sehunivers",
            "location": "",
            "description": "E X O",
            "url": null,
            "entities": {
                "description": {
                    "urls": []
                }
            },
            "protected": false,
            "followers_count": 10592,
            "friends_count": 414,
            "listed_count": 73,
            "created_at": "Sun Sep 25 07:07:55 +0000 2011",
            "favourites_count": 29524,
            "utc_offset": null,
            "time_zone": null,
            "geo_enabled": false,
            "verified": false,
            "statuses_count": 60485,
            "lang": null,
            "contributors_enabled": false,
            "is_translator": false,
            "is_translation_enabled": false,
            "profile_background_color": "F5F0F5",
            "profile_background_image_url": "http://abs.twimg.com/images/themes/theme1/bg.png",
            "profile_background_image_url_https": "https://abs.twimg.com/images/themes/theme1/bg.png",
            "profile_background_tile": false,
            "profile_image_url": "http://pbs.twimg.com/profile_images/1236619874836733953/Jdm6PpTt_normal.jpg",
            "profile_image_url_https": "https://pbs.twimg.com/profile_images/1236619874836733953/Jdm6PpTt_normal.jpg",
            "profile_banner_url": "https://pbs.twimg.com/profile_banners/379597521/1583754922",
            "profile_link_color": "000000",
            "profile_sidebar_border_color": "FFFFFF",
            "profile_sidebar_fill_color": "DDEEF6",
            "profile_text_color": "040005",
            "profile_use_background_image": true,
            "has_extended_profile": true,
            "default_profile": false,
            "default_profile_image": false,
            "following": null,
            "follow_request_sent": null,
            "notifications": null,
            "translator_type": "none"
        },
        "geo": null,
        "coordinates": null,
        "place": null,
        "contributors": null,
        "is_quote_status": false,
        "retweet_count": 10,
        "favorite_count": 62,
        "favorited": false,
        "retweeted": false,
        "lang": "en"
    },
    "retweet_count": 2,
    "favorite_count": 5,
    "favorited": false,
    "retweeted": false,
    "possibly_sensitive": false,
    "lang": "en"
}