{
    "created_at": "Tue Mar 10 14:47:59 +0000 2020",
    "id": 1237389744620867584,
    "id_str": "1237389744620867584",
    "text": "RT @chrisyoungraps: I had to unfollow this nigga @shawnsmithstory he got at me on that get it and dash shit. You can be Young Savage, I'm C\u2026",
    "truncated": false,
    "entities": {
        "hashtags": [],
        "symbols": [],
        "user_mentions": [
            {
                "screen_name": "chrisyoungraps",
                "name": "C. Young",
                "id": 37217689,
                "id_str": "37217689",
                "indices": [
                    3,
                    18
                ]
            },
            {
                "screen_name": "shawnsmithstory",
                "name": "SHAWN SMITH",
                "id": 178117582,
                "id_str": "178117582",
                "indices": [
                    49,
                    65
                ]
            }
        ],
        "urls": []
    },
    "metadata": {
        "iso_language_code": "en",
        "result_type": "recent"
    },
    "source": "<a href=\"https://mobile.twitter.com\" rel=\"nofollow\">Twitter Web App</a>",
    "in_reply_to_status_id": null,
    "in_reply_to_status_id_str": null,
    "in_reply_to_user_id": null,
    "in_reply_to_user_id_str": null,
    "in_reply_to_screen_name": null,
    "user": {
        "id": 1237178730453360640,
        "id_str": "1237178730453360640",
        "name": "Sways Hat",
        "screen_name": "insideswayshat",
        "location": "",
        "description": "I have the answers",
        "url": null,
        "entities": {
            "description": {
                "urls": []
            }
        },
        "protected": false,
        "followers_count": 0,
        "friends_count": 1,
        "listed_count": 0,
        "created_at": "Tue Mar 10 00:49:35 +0000 2020",
        "favourites_count": 163,
        "utc_offset": null,
        "time_zone": null,
        "geo_enabled": false,
        "verified": false,
        "statuses_count": 37,
        "lang": null,
        "contributors_enabled": false,
        "is_translator": false,
        "is_translation_enabled": false,
        "profile_background_color": "F5F8FA",
        "profile_background_image_url": null,
        "profile_background_image_url_https": null,
        "profile_background_tile": false,
        "profile_image_url": "http://pbs.twimg.com/profile_images/1237178916726550528/sCVhaD99_normal.png",
        "profile_image_url_https": "https://pbs.twimg.com/profile_images/1237178916726550528/sCVhaD99_normal.png",
        "profile_link_color": "1DA1F2",
        "profile_sidebar_border_color": "C0DEED",
        "profile_sidebar_fill_color": "DDEEF6",
        "profile_text_color": "333333",
        "profile_use_background_image": true,
        "has_extended_profile": true,
        "default_profile": true,
        "default_profile_image": false,
        "following": null,
        "follow_request_sent": null,
        "notifications": null,
        "translator_type": "none"
    },
    "geo": null,
    "coordinates": null,
    "place": null,
    "contributors": null,
    "retweeted_status": {
        "created_at": "Tue Mar 10 14:46:27 +0000 2020",
        "id": 1237389359256449026,
        "id_str": "1237389359256449026",
        "text": "I had to unfollow this nigga @shawnsmithstory he got at me on that get it and dash shit. You can be Young Savage, I\u2026 https://t.co/hDcXhsEXIx",
        "truncated": true,
        "entities": {
            "hashtags": [],
            "symbols": [],
            "user_mentions": [
                {
                    "screen_name": "shawnsmithstory",
                    "name": "SHAWN SMITH",
                    "id": 178117582,
                    "id_str": "178117582",
                    "indices": [
                        29,
                        45
                    ]
                }
            ],
            "urls": [
                {
                    "url": "https://t.co/hDcXhsEXIx",
                    "expanded_url": "https://twitter.com/i/web/status/1237389359256449026",
                    "display_url": "twitter.com/i/web/status/1\u2026",
                    "indices": [
                        117,
                        140
                    ]
                }
            ]
        },
        "metadata": {
            "iso_language_code": "en",
            "result_type": "recent"
        },
        "source": "<a href=\"https://mobile.twitter.com\" rel=\"nofollow\">Twitter Web App</a>",
        "in_reply_to_status_id": null,
        "in_reply_to_status_id_str": null,
        "in_reply_to_user_id": null,
        "in_reply_to_user_id_str": null,
        "in_reply_to_screen_name": null,
        "user": {
            "id": 37217689,
            "id_str": "37217689",
            "name": "C. Young",
            "screen_name": "chrisyoungraps",
            "location": "",
            "description": "https://t.co/wfyoLEje0V\n\n#oldsoulgang",
            "url": null,
            "entities": {
                "description": {
                    "urls": [
                        {
                            "url": "https://t.co/wfyoLEje0V",
                            "expanded_url": "http://instagram.com/chrisyoungraps",
                            "display_url": "instagram.com/chrisyoungraps",
                            "indices": [
                                0,
                                23
                            ]
                        }
                    ]
                }
            },
            "protected": false,
            "followers_count": 4994,
            "friends_count": 540,
            "listed_count": 65,
            "created_at": "Sat May 02 15:35:44 +0000 2009",
            "favourites_count": 8641,
            "utc_offset": null,
            "time_zone": null,
            "geo_enabled": false,
            "verified": false,
            "statuses_count": 3607,
            "lang": null,
            "contributors_enabled": false,
            "is_translator": false,
            "is_translation_enabled": false,
            "profile_background_color": "BADFCD",
            "profile_background_image_url": "http://abs.twimg.com/images/themes/theme12/bg.gif",
            "profile_background_image_url_https": "https://abs.twimg.com/images/themes/theme12/bg.gif",
            "profile_background_tile": true,
            "profile_image_url": "http://pbs.twimg.com/profile_images/1194616627645386752/03oUU0B7_normal.jpg",
            "profile_image_url_https": "https://pbs.twimg.com/profile_images/1194616627645386752/03oUU0B7_normal.jpg",
            "profile_banner_url": "https://pbs.twimg.com/profile_banners/37217689/1527876886",
            "profile_link_color": "981CEB",
            "profile_sidebar_border_color": "FFFFFF",
            "profile_sidebar_fill_color": "EADEAA",
            "profile_text_color": "333333",
            "profile_use_background_image": true,
            "has_extended_profile": true,
            "default_profile": false,
            "default_profile_image": false,
            "following": null,
            "follow_request_sent": null,
            "notifications": null,
            "translator_type": "none"
        },
        "geo": null,
        "coordinates": null,
        "place": null,
        "contributors": null,
        "is_quote_status": false,
        "retweet_count": 1,
        "favorite_count": 1,
        "favorited": false,
        "retweeted": false,
        "lang": "en"
    },
    "is_quote_status": false,
    "retweet_count": 1,
    "favorite_count": 0,
    "favorited": false,
    "retweeted": false,
    "lang": "en"
}