{
    "created_at": "Tue Mar 10 15:01:12 +0000 2020",
    "id": 1237393069554561026,
    "id_str": "1237393069554561026",
    "text": "RT @vogueaustralia: .@bellahadid celebrated her 23rd birthday in vintage @Dior with #TheWeeknd. #BellaHadid https://t.co/z9WXeAtBo5 https:/\u2026",
    "truncated": false,
    "entities": {
        "hashtags": [
            {
                "text": "TheWeeknd",
                "indices": [
                    84,
                    94
                ]
            },
            {
                "text": "BellaHadid",
                "indices": [
                    96,
                    107
                ]
            }
        ],
        "symbols": [],
        "user_mentions": [
            {
                "screen_name": "vogueaustralia",
                "name": "Vogue Australia",
                "id": 34119271,
                "id_str": "34119271",
                "indices": [
                    3,
                    18
                ]
            },
            {
                "screen_name": "bellahadid",
                "name": "Bella Hadid",
                "id": 171682388,
                "id_str": "171682388",
                "indices": [
                    21,
                    32
                ]
            },
            {
                "screen_name": "Dior",
                "name": "Dior",
                "id": 348379865,
                "id_str": "348379865",
                "indices": [
                    73,
                    78
                ]
            }
        ],
        "urls": [
            {
                "url": "https://t.co/z9WXeAtBo5",
                "expanded_url": "http://au.vogue.com.au/Gzqq9MB",
                "display_url": "au.vogue.com.au/Gzqq9MB",
                "indices": [
                    108,
                    131
                ]
            }
        ]
    },
    "metadata": {
        "iso_language_code": "en",
        "result_type": "recent"
    },
    "source": "<a href=\"https://mobile.twitter.com\" rel=\"nofollow\">Twitter Web App</a>",
    "in_reply_to_status_id": null,
    "in_reply_to_status_id_str": null,
    "in_reply_to_user_id": null,
    "in_reply_to_user_id_str": null,
    "in_reply_to_screen_name": null,
    "user": {
        "id": 1183556629834412032,
        "id_str": "1183556629834412032",
        "name": "Ellie",
        "screen_name": "BrettTucker21",
        "location": "",
        "description": "all love,respect and admiration for this man\ud83d\udd25@Station19 \ud83d\udd25",
        "url": null,
        "entities": {
            "description": {
                "urls": []
            }
        },
        "protected": false,
        "followers_count": 80,
        "friends_count": 308,
        "listed_count": 0,
        "created_at": "Mon Oct 14 01:34:46 +0000 2019",
        "favourites_count": 5027,
        "utc_offset": null,
        "time_zone": null,
        "geo_enabled": false,
        "verified": false,
        "statuses_count": 3869,
        "lang": null,
        "contributors_enabled": false,
        "is_translator": false,
        "is_translation_enabled": false,
        "profile_background_color": "F5F8FA",
        "profile_background_image_url": null,
        "profile_background_image_url_https": null,
        "profile_background_tile": false,
        "profile_image_url": "http://pbs.twimg.com/profile_images/1191920743321341953/FsNCry1r_normal.jpg",
        "profile_image_url_https": "https://pbs.twimg.com/profile_images/1191920743321341953/FsNCry1r_normal.jpg",
        "profile_banner_url": "https://pbs.twimg.com/profile_banners/1183556629834412032/1571017365",
        "profile_link_color": "1DA1F2",
        "profile_sidebar_border_color": "C0DEED",
        "profile_sidebar_fill_color": "DDEEF6",
        "profile_text_color": "333333",
        "profile_use_background_image": true,
        "has_extended_profile": true,
        "default_profile": true,
        "default_profile_image": false,
        "following": null,
        "follow_request_sent": null,
        "notifications": null,
        "translator_type": "none"
    },
    "geo": null,
    "coordinates": null,
    "place": null,
    "contributors": null,
    "retweeted_status": {
        "created_at": "Mon Oct 14 07:52:02 +0000 2019",
        "id": 1183651664844251137,
        "id_str": "1183651664844251137",
        "text": ".@bellahadid celebrated her 23rd birthday in vintage @Dior with #TheWeeknd. #BellaHadid https://t.co/z9WXeAtBo5 https://t.co/COTyKnERPK",
        "truncated": false,
        "entities": {
            "hashtags": [
                {
                    "text": "TheWeeknd",
                    "indices": [
                        64,
                        74
                    ]
                },
                {
                    "text": "BellaHadid",
                    "indices": [
                        76,
                        87
                    ]
                }
            ],
            "symbols": [],
            "user_mentions": [
                {
                    "screen_name": "bellahadid",
                    "name": "Bella Hadid",
                    "id": 171682388,
                    "id_str": "171682388",
                    "indices": [
                        1,
                        12
                    ]
                },
                {
                    "screen_name": "Dior",
                    "name": "Dior",
                    "id": 348379865,
                    "id_str": "348379865",
                    "indices": [
                        53,
                        58
                    ]
                }
            ],
            "urls": [
                {
                    "url": "https://t.co/z9WXeAtBo5",
                    "expanded_url": "http://au.vogue.com.au/Gzqq9MB",
                    "display_url": "au.vogue.com.au/Gzqq9MB",
                    "indices": [
                        88,
                        111
                    ]
                }
            ],
            "media": [
                {
                    "id": 1183651662558388224,
                    "id_str": "1183651662558388224",
                    "indices": [
                        112,
                        135
                    ],
                    "media_url": "http://pbs.twimg.com/media/EG0s6nSX4AA6TvL.jpg",
                    "media_url_https": "https://pbs.twimg.com/media/EG0s6nSX4AA6TvL.jpg",
                    "url": "https://t.co/COTyKnERPK",
                    "display_url": "pic.twitter.com/COTyKnERPK",
                    "expanded_url": "https://twitter.com/vogueaustralia/status/1183651664844251137/photo/1",
                    "type": "photo",
                    "sizes": {
                        "thumb": {
                            "w": 150,
                            "h": 150,
                            "resize": "crop"
                        },
                        "large": {
                            "w": 1200,
                            "h": 630,
                            "resize": "fit"
                        },
                        "medium": {
                            "w": 1200,
                            "h": 630,
                            "resize": "fit"
                        },
                        "small": {
                            "w": 680,
                            "h": 357,
                            "resize": "fit"
                        }
                    }
                }
            ]
        },
        "extended_entities": {
            "media": [
                {
                    "id": 1183651662558388224,
                    "id_str": "1183651662558388224",
                    "indices": [
                        112,
                        135
                    ],
                    "media_url": "http://pbs.twimg.com/media/EG0s6nSX4AA6TvL.jpg",
                    "media_url_https": "https://pbs.twimg.com/media/EG0s6nSX4AA6TvL.jpg",
                    "url": "https://t.co/COTyKnERPK",
                    "display_url": "pic.twitter.com/COTyKnERPK",
                    "expanded_url": "https://twitter.com/vogueaustralia/status/1183651664844251137/photo/1",
                    "type": "photo",
                    "sizes": {
                        "thumb": {
                            "w": 150,
                            "h": 150,
                            "resize": "crop"
                        },
                        "large": {
                            "w": 1200,
                            "h": 630,
                            "resize": "fit"
                        },
                        "medium": {
                            "w": 1200,
                            "h": 630,
                            "resize": "fit"
                        },
                        "small": {
                            "w": 680,
                            "h": 357,
                            "resize": "fit"
                        }
                    }
                }
            ]
        },
        "metadata": {
            "iso_language_code": "en",
            "result_type": "recent"
        },
        "source": "<a href=\"http://www.socialflow.com\" rel=\"nofollow\">SocialFlow</a>",
        "in_reply_to_status_id": null,
        "in_reply_to_status_id_str": null,
        "in_reply_to_user_id": null,
        "in_reply_to_user_id_str": null,
        "in_reply_to_screen_name": null,
        "user": {
            "id": 34119271,
            "id_str": "34119271",
            "name": "Vogue Australia",
            "screen_name": "vogueaustralia",
            "location": "Sydney, Australia",
            "description": "The official Twitter home of Vogue Australia",
            "url": null,
            "entities": {
                "description": {
                    "urls": []
                }
            },
            "protected": false,
            "followers_count": 174081,
            "friends_count": 751,
            "listed_count": 1496,
            "created_at": "Wed Apr 22 01:00:13 +0000 2009",
            "favourites_count": 961,
            "utc_offset": null,
            "time_zone": null,
            "geo_enabled": true,
            "verified": true,
            "statuses_count": 43475,
            "lang": null,
            "contributors_enabled": false,
            "is_translator": false,
            "is_translation_enabled": false,
            "profile_background_color": "FFFFFF",
            "profile_background_image_url": "http://abs.twimg.com/images/themes/theme1/bg.png",
            "profile_background_image_url_https": "https://abs.twimg.com/images/themes/theme1/bg.png",
            "profile_background_tile": true,
            "profile_image_url": "http://pbs.twimg.com/profile_images/1234351138570305537/hYKUE9ba_normal.jpg",
            "profile_image_url_https": "https://pbs.twimg.com/profile_images/1234351138570305537/hYKUE9ba_normal.jpg",
            "profile_banner_url": "https://pbs.twimg.com/profile_banners/34119271/1583127220",
            "profile_link_color": "990000",
            "profile_sidebar_border_color": "FFFFFF",
            "profile_sidebar_fill_color": "F3F3F3",
            "profile_text_color": "C0010E",
            "profile_use_background_image": false,
            "has_extended_profile": false,
            "default_profile": false,
            "default_profile_image": false,
            "following": null,
            "follow_request_sent": null,
            "notifications": null,
            "translator_type": "none"
        },
        "geo": null,
        "coordinates": null,
        "place": null,
        "contributors": null,
        "is_quote_status": false,
        "retweet_count": 2,
        "favorite_count": 9,
        "favorited": false,
        "retweeted": false,
        "possibly_sensitive": false,
        "lang": "en"
    },
    "is_quote_status": false,
    "retweet_count": 2,
    "favorite_count": 0,
    "favorited": false,
    "retweeted": false,
    "possibly_sensitive": false,
    "lang": "en"
}