{
    "created_at": "Tue Mar 10 13:11:29 +0000 2020",
    "id": 1237365458141155333,
    "id_str": "1237365458141155333",
    "text": "@Dior is launching a podcast series called DIOR TALKS. How cool is this!? The podcast will be hosted by London-base\u2026 https://t.co/sgUBCycLX9",
    "truncated": true,
    "entities": {
        "hashtags": [],
        "symbols": [],
        "user_mentions": [
            {
                "screen_name": "Dior",
                "name": "Dior",
                "id": 348379865,
                "id_str": "348379865",
                "indices": [
                    0,
                    5
                ]
            }
        ],
        "urls": [
            {
                "url": "https://t.co/sgUBCycLX9",
                "expanded_url": "https://twitter.com/i/web/status/1237365458141155333",
                "display_url": "twitter.com/i/web/status/1\u2026",
                "indices": [
                    117,
                    140
                ]
            }
        ]
    },
    "metadata": {
        "iso_language_code": "en",
        "result_type": "recent"
    },
    "source": "<a href=\"http://twitter.com/download/iphone\" rel=\"nofollow\">Twitter for iPhone</a>",
    "in_reply_to_status_id": null,
    "in_reply_to_status_id_str": null,
    "in_reply_to_user_id": 348379865,
    "in_reply_to_user_id_str": "348379865",
    "in_reply_to_screen_name": "Dior",
    "user": {
        "id": 862360675909345280,
        "id_str": "862360675909345280",
        "name": "CULTED",
        "screen_name": "cultedcom",
        "location": "London, United Kingdom ",
        "description": "THE FIRST NEWS CHANNEL for fashion & arts\ud83c\udfa5",
        "url": "https://t.co/oxmuTs38FJ",
        "entities": {
            "url": {
                "urls": [
                    {
                        "url": "https://t.co/oxmuTs38FJ",
                        "expanded_url": "http://www.culted.com",
                        "display_url": "culted.com",
                        "indices": [
                            0,
                            23
                        ]
                    }
                ]
            },
            "description": {
                "urls": []
            }
        },
        "protected": false,
        "followers_count": 14,
        "friends_count": 234,
        "listed_count": 2,
        "created_at": "Wed May 10 17:36:21 +0000 2017",
        "favourites_count": 11,
        "utc_offset": null,
        "time_zone": null,
        "geo_enabled": false,
        "verified": false,
        "statuses_count": 104,
        "lang": null,
        "contributors_enabled": false,
        "is_translator": false,
        "is_translation_enabled": false,
        "profile_background_color": "000000",
        "profile_background_image_url": "http://abs.twimg.com/images/themes/theme1/bg.png",
        "profile_background_image_url_https": "https://abs.twimg.com/images/themes/theme1/bg.png",
        "profile_background_tile": false,
        "profile_image_url": "http://pbs.twimg.com/profile_images/1068522082332332035/drbkrH9I_normal.jpg",
        "profile_image_url_https": "https://pbs.twimg.com/profile_images/1068522082332332035/drbkrH9I_normal.jpg",
        "profile_banner_url": "https://pbs.twimg.com/profile_banners/862360675909345280/1580403094",
        "profile_link_color": "ABB8C2",
        "profile_sidebar_border_color": "000000",
        "profile_sidebar_fill_color": "000000",
        "profile_text_color": "000000",
        "profile_use_background_image": false,
        "has_extended_profile": false,
        "default_profile": false,
        "default_profile_image": false,
        "following": null,
        "follow_request_sent": null,
        "notifications": null,
        "translator_type": "none"
    },
    "geo": null,
    "coordinates": null,
    "place": null,
    "contributors": null,
    "is_quote_status": false,
    "retweet_count": 0,
    "favorite_count": 0,
    "favorited": false,
    "retweeted": false,
    "lang": "en"
}