{
    "created_at": "Tue Mar 10 16:39:33 +0000 2020",
    "id": 1237417823921680385,
    "id_str": "1237417823921680385",
    "text": "I'm excited to try @Dior Capture Totale Super Potent Serum compliments of @Influenster! https://t.co/FoGrU2hpRK https://t.co/DZshGEYXaJ",
    "truncated": false,
    "entities": {
        "hashtags": [],
        "symbols": [],
        "user_mentions": [
            {
                "screen_name": "Dior",
                "name": "Dior",
                "id": 348379865,
                "id_str": "348379865",
                "indices": [
                    19,
                    24
                ]
            },
            {
                "screen_name": "Influenster",
                "name": "Influenster",
                "id": 60152652,
                "id_str": "60152652",
                "indices": [
                    74,
                    86
                ]
            }
        ],
        "urls": [
            {
                "url": "https://t.co/FoGrU2hpRK",
                "expanded_url": "https://www.influenster.com/deeplink/photos/61428580",
                "display_url": "influenster.com/deeplink/photo\u2026",
                "indices": [
                    88,
                    111
                ]
            }
        ],
        "media": [
            {
                "id": 1237417820570476546,
                "id_str": "1237417820570476546",
                "indices": [
                    112,
                    135
                ],
                "media_url": "http://pbs.twimg.com/media/ESww86HXYAIy10Z.jpg",
                "media_url_https": "https://pbs.twimg.com/media/ESww86HXYAIy10Z.jpg",
                "url": "https://t.co/DZshGEYXaJ",
                "display_url": "pic.twitter.com/DZshGEYXaJ",
                "expanded_url": "https://twitter.com/Growlynn24/status/1237417823921680385/photo/1",
                "type": "photo",
                "sizes": {
                    "medium": {
                        "w": 1080,
                        "h": 1080,
                        "resize": "fit"
                    },
                    "thumb": {
                        "w": 150,
                        "h": 150,
                        "resize": "crop"
                    },
                    "large": {
                        "w": 1080,
                        "h": 1080,
                        "resize": "fit"
                    },
                    "small": {
                        "w": 680,
                        "h": 680,
                        "resize": "fit"
                    }
                }
            }
        ]
    },
    "extended_entities": {
        "media": [
            {
                "id": 1237417820570476546,
                "id_str": "1237417820570476546",
                "indices": [
                    112,
                    135
                ],
                "media_url": "http://pbs.twimg.com/media/ESww86HXYAIy10Z.jpg",
                "media_url_https": "https://pbs.twimg.com/media/ESww86HXYAIy10Z.jpg",
                "url": "https://t.co/DZshGEYXaJ",
                "display_url": "pic.twitter.com/DZshGEYXaJ",
                "expanded_url": "https://twitter.com/Growlynn24/status/1237417823921680385/photo/1",
                "type": "photo",
                "sizes": {
                    "medium": {
                        "w": 1080,
                        "h": 1080,
                        "resize": "fit"
                    },
                    "thumb": {
                        "w": 150,
                        "h": 150,
                        "resize": "crop"
                    },
                    "large": {
                        "w": 1080,
                        "h": 1080,
                        "resize": "fit"
                    },
                    "small": {
                        "w": 680,
                        "h": 680,
                        "resize": "fit"
                    }
                }
            }
        ]
    },
    "metadata": {
        "iso_language_code": "en",
        "result_type": "recent"
    },
    "source": "<a href=\"https://www.influenster.com\" rel=\"nofollow\">InfluensterApp</a>",
    "in_reply_to_status_id": null,
    "in_reply_to_status_id_str": null,
    "in_reply_to_user_id": null,
    "in_reply_to_user_id_str": null,
    "in_reply_to_screen_name": null,
    "user": {
        "id": 2317955372,
        "id_str": "2317955372",
        "name": "Alison Watson",
        "screen_name": "Growlynn24",
        "location": "",
        "description": "",
        "url": null,
        "entities": {
            "description": {
                "urls": []
            }
        },
        "protected": false,
        "followers_count": 43,
        "friends_count": 325,
        "listed_count": 3,
        "created_at": "Wed Jan 29 23:25:25 +0000 2014",
        "favourites_count": 484,
        "utc_offset": null,
        "time_zone": null,
        "geo_enabled": false,
        "verified": false,
        "statuses_count": 628,
        "lang": null,
        "contributors_enabled": false,
        "is_translator": false,
        "is_translation_enabled": false,
        "profile_background_color": "C0DEED",
        "profile_background_image_url": "http://abs.twimg.com/images/themes/theme1/bg.png",
        "profile_background_image_url_https": "https://abs.twimg.com/images/themes/theme1/bg.png",
        "profile_background_tile": false,
        "profile_image_url": "http://pbs.twimg.com/profile_images/428676949897003008/TfsNK3gC_normal.jpeg",
        "profile_image_url_https": "https://pbs.twimg.com/profile_images/428676949897003008/TfsNK3gC_normal.jpeg",
        "profile_link_color": "1DA1F2",
        "profile_sidebar_border_color": "C0DEED",
        "profile_sidebar_fill_color": "DDEEF6",
        "profile_text_color": "333333",
        "profile_use_background_image": true,
        "has_extended_profile": false,
        "default_profile": true,
        "default_profile_image": false,
        "following": null,
        "follow_request_sent": null,
        "notifications": null,
        "translator_type": "none"
    },
    "geo": null,
    "coordinates": null,
    "place": null,
    "contributors": null,
    "is_quote_status": false,
    "retweet_count": 0,
    "favorite_count": 0,
    "favorited": false,
    "retweeted": false,
    "possibly_sensitive": false,
    "lang": "en"
}