{
    "created_at": "Tue Mar 10 08:37:38 +0000 2020",
    "id": 1237296545306984448,
    "id_str": "1237296545306984448",
    "text": "@Dior @Cartier https://t.co/CRE9Gz5Ayd",
    "truncated": false,
    "entities": {
        "hashtags": [],
        "symbols": [],
        "user_mentions": [
            {
                "screen_name": "Dior",
                "name": "Dior",
                "id": 348379865,
                "id_str": "348379865",
                "indices": [
                    0,
                    5
                ]
            },
            {
                "screen_name": "Cartier",
                "name": "Cartier",
                "id": 60659498,
                "id_str": "60659498",
                "indices": [
                    6,
                    14
                ]
            }
        ],
        "urls": [],
        "media": [
            {
                "id": 1237296541217558528,
                "id_str": "1237296541217558528",
                "indices": [
                    15,
                    38
                ],
                "media_url": "http://pbs.twimg.com/media/ESvCphUXkAAX1Mp.jpg",
                "media_url_https": "https://pbs.twimg.com/media/ESvCphUXkAAX1Mp.jpg",
                "url": "https://t.co/CRE9Gz5Ayd",
                "display_url": "pic.twitter.com/CRE9Gz5Ayd",
                "expanded_url": "https://twitter.com/ledarriusmomon/status/1237296545306984448/photo/1",
                "type": "photo",
                "sizes": {
                    "thumb": {
                        "w": 150,
                        "h": 150,
                        "resize": "crop"
                    },
                    "medium": {
                        "w": 1070,
                        "h": 1070,
                        "resize": "fit"
                    },
                    "small": {
                        "w": 680,
                        "h": 680,
                        "resize": "fit"
                    },
                    "large": {
                        "w": 1070,
                        "h": 1070,
                        "resize": "fit"
                    }
                }
            }
        ]
    },
    "extended_entities": {
        "media": [
            {
                "id": 1237296541217558528,
                "id_str": "1237296541217558528",
                "indices": [
                    15,
                    38
                ],
                "media_url": "http://pbs.twimg.com/media/ESvCphUXkAAX1Mp.jpg",
                "media_url_https": "https://pbs.twimg.com/media/ESvCphUXkAAX1Mp.jpg",
                "url": "https://t.co/CRE9Gz5Ayd",
                "display_url": "pic.twitter.com/CRE9Gz5Ayd",
                "expanded_url": "https://twitter.com/ledarriusmomon/status/1237296545306984448/photo/1",
                "type": "photo",
                "sizes": {
                    "thumb": {
                        "w": 150,
                        "h": 150,
                        "resize": "crop"
                    },
                    "medium": {
                        "w": 1070,
                        "h": 1070,
                        "resize": "fit"
                    },
                    "small": {
                        "w": 680,
                        "h": 680,
                        "resize": "fit"
                    },
                    "large": {
                        "w": 1070,
                        "h": 1070,
                        "resize": "fit"
                    }
                }
            }
        ]
    },
    "metadata": {
        "iso_language_code": "und",
        "result_type": "recent"
    },
    "source": "<a href=\"http://twitter.com/download/iphone\" rel=\"nofollow\">Twitter for iPhone</a>",
    "in_reply_to_status_id": null,
    "in_reply_to_status_id_str": null,
    "in_reply_to_user_id": 348379865,
    "in_reply_to_user_id_str": "348379865",
    "in_reply_to_screen_name": "Dior",
    "user": {
        "id": 929474282207567873,
        "id_str": "929474282207567873",
        "name": "Dior\u00ae\ufe0f",
        "screen_name": "ledarriusmomon",
        "location": "Houston, TX",
        "description": "Tsu23\ud83d\ude08",
        "url": null,
        "entities": {
            "description": {
                "urls": []
            }
        },
        "protected": false,
        "followers_count": 82,
        "friends_count": 62,
        "listed_count": 0,
        "created_at": "Sat Nov 11 22:21:52 +0000 2017",
        "favourites_count": 44,
        "utc_offset": null,
        "time_zone": null,
        "geo_enabled": false,
        "verified": false,
        "statuses_count": 7,
        "lang": null,
        "contributors_enabled": false,
        "is_translator": false,
        "is_translation_enabled": false,
        "profile_background_color": "F5F8FA",
        "profile_background_image_url": null,
        "profile_background_image_url_https": null,
        "profile_background_tile": false,
        "profile_image_url": "http://pbs.twimg.com/profile_images/1237296280981909504/XgvgW52A_normal.jpg",
        "profile_image_url_https": "https://pbs.twimg.com/profile_images/1237296280981909504/XgvgW52A_normal.jpg",
        "profile_banner_url": "https://pbs.twimg.com/profile_banners/929474282207567873/1583829396",
        "profile_link_color": "1DA1F2",
        "profile_sidebar_border_color": "C0DEED",
        "profile_sidebar_fill_color": "DDEEF6",
        "profile_text_color": "333333",
        "profile_use_background_image": true,
        "has_extended_profile": true,
        "default_profile": true,
        "default_profile_image": false,
        "following": null,
        "follow_request_sent": null,
        "notifications": null,
        "translator_type": "none"
    },
    "geo": null,
    "coordinates": null,
    "place": null,
    "contributors": null,
    "is_quote_status": false,
    "retweet_count": 0,
    "favorite_count": 0,
    "favorited": false,
    "retweeted": false,
    "possibly_sensitive": false,
    "lang": "und"
}