{
    "created_at": "Tue Mar 10 08:28:48 +0000 2020",
    "id": 1237294321151418368,
    "id_str": "1237294321151418368",
    "text": "RT @modelrecommends: Post: 5 Beauty Favourites: Feb 2020 https://t.co/TTjgvlr5nc\u2026 @LumeneUK @Dior @RENskincare @JohnMastersOrga @BootsNo7 #\u2026",
    "truncated": false,
    "entities": {
        "hashtags": [],
        "symbols": [],
        "user_mentions": [
            {
                "screen_name": "modelrecommends",
                "name": "Ruth Crilly",
                "id": 118544826,
                "id_str": "118544826",
                "indices": [
                    3,
                    19
                ]
            },
            {
                "screen_name": "LumeneUK",
                "name": "LumeneUK",
                "id": 890211638187610113,
                "id_str": "890211638187610113",
                "indices": [
                    82,
                    91
                ]
            },
            {
                "screen_name": "Dior",
                "name": "Dior",
                "id": 348379865,
                "id_str": "348379865",
                "indices": [
                    92,
                    97
                ]
            },
            {
                "screen_name": "RENskincare",
                "name": "REN Clean Skincare",
                "id": 29685344,
                "id_str": "29685344",
                "indices": [
                    98,
                    110
                ]
            },
            {
                "screen_name": "JohnMastersOrga",
                "name": "John Masters Organic",
                "id": 830786821,
                "id_str": "830786821",
                "indices": [
                    111,
                    127
                ]
            },
            {
                "screen_name": "BootsNo7",
                "name": "Boots No7",
                "id": 122473985,
                "id_str": "122473985",
                "indices": [
                    128,
                    137
                ]
            }
        ],
        "urls": [
            {
                "url": "https://t.co/TTjgvlr5nc",
                "expanded_url": "http://amodelrecommends.com/5-beauty-favou",
                "display_url": "amodelrecommends.com/5-beauty-favou",
                "indices": [
                    57,
                    80
                ]
            }
        ]
    },
    "metadata": {
        "iso_language_code": "en",
        "result_type": "recent"
    },
    "source": "<a href=\"http://twitter.com/download/iphone\" rel=\"nofollow\">Twitter for iPhone</a>",
    "in_reply_to_status_id": null,
    "in_reply_to_status_id_str": null,
    "in_reply_to_user_id": null,
    "in_reply_to_user_id_str": null,
    "in_reply_to_screen_name": null,
    "user": {
        "id": 25791650,
        "id_str": "25791650",
        "name": "Miss Lye",
        "screen_name": "RachaelLye",
        "location": "Bath, England",
        "description": "hello \ud83d\udc69\ud83c\udffc\u200d\ud83d\udcbb",
        "url": null,
        "entities": {
            "description": {
                "urls": []
            }
        },
        "protected": false,
        "followers_count": 452,
        "friends_count": 568,
        "listed_count": 7,
        "created_at": "Sun Mar 22 06:47:18 +0000 2009",
        "favourites_count": 3105,
        "utc_offset": null,
        "time_zone": null,
        "geo_enabled": true,
        "verified": false,
        "statuses_count": 7280,
        "lang": null,
        "contributors_enabled": false,
        "is_translator": false,
        "is_translation_enabled": false,
        "profile_background_color": "0099B9",
        "profile_background_image_url": "http://abs.twimg.com/images/themes/theme4/bg.gif",
        "profile_background_image_url_https": "https://abs.twimg.com/images/themes/theme4/bg.gif",
        "profile_background_tile": false,
        "profile_image_url": "http://pbs.twimg.com/profile_images/1233211613668241409/u_8RK2nK_normal.jpg",
        "profile_image_url_https": "https://pbs.twimg.com/profile_images/1233211613668241409/u_8RK2nK_normal.jpg",
        "profile_banner_url": "https://pbs.twimg.com/profile_banners/25791650/1579938997",
        "profile_link_color": "0099B9",
        "profile_sidebar_border_color": "5ED4DC",
        "profile_sidebar_fill_color": "95E8EC",
        "profile_text_color": "3C3940",
        "profile_use_background_image": true,
        "has_extended_profile": true,
        "default_profile": false,
        "default_profile_image": false,
        "following": null,
        "follow_request_sent": null,
        "notifications": null,
        "translator_type": "none"
    },
    "geo": null,
    "coordinates": null,
    "place": null,
    "contributors": null,
    "retweeted_status": {
        "created_at": "Tue Mar 10 08:28:34 +0000 2020",
        "id": 1237294261336510464,
        "id_str": "1237294261336510464",
        "text": "Post: 5 Beauty Favourites: Feb 2020 https://t.co/TTjgvlr5nc\u2026 @LumeneUK @Dior @RENskincare @JohnMastersOrga @BootsNo7 #beauty",
        "truncated": false,
        "entities": {
            "hashtags": [
                {
                    "text": "beauty",
                    "indices": [
                        117,
                        124
                    ]
                }
            ],
            "symbols": [],
            "user_mentions": [
                {
                    "screen_name": "LumeneUK",
                    "name": "LumeneUK",
                    "id": 890211638187610113,
                    "id_str": "890211638187610113",
                    "indices": [
                        61,
                        70
                    ]
                },
                {
                    "screen_name": "Dior",
                    "name": "Dior",
                    "id": 348379865,
                    "id_str": "348379865",
                    "indices": [
                        71,
                        76
                    ]
                },
                {
                    "screen_name": "RENskincare",
                    "name": "REN Clean Skincare",
                    "id": 29685344,
                    "id_str": "29685344",
                    "indices": [
                        77,
                        89
                    ]
                },
                {
                    "screen_name": "JohnMastersOrga",
                    "name": "John Masters Organic",
                    "id": 830786821,
                    "id_str": "830786821",
                    "indices": [
                        90,
                        106
                    ]
                },
                {
                    "screen_name": "BootsNo7",
                    "name": "Boots No7",
                    "id": 122473985,
                    "id_str": "122473985",
                    "indices": [
                        107,
                        116
                    ]
                }
            ],
            "urls": [
                {
                    "url": "https://t.co/TTjgvlr5nc",
                    "expanded_url": "http://amodelrecommends.com/5-beauty-favou",
                    "display_url": "amodelrecommends.com/5-beauty-favou",
                    "indices": [
                        36,
                        59
                    ]
                }
            ]
        },
        "metadata": {
            "iso_language_code": "en",
            "result_type": "recent"
        },
        "source": "<a href=\"http://twitter.com/download/iphone\" rel=\"nofollow\">Twitter for iPhone</a>",
        "in_reply_to_status_id": null,
        "in_reply_to_status_id_str": null,
        "in_reply_to_user_id": null,
        "in_reply_to_user_id_str": null,
        "in_reply_to_screen_name": null,
        "user": {
            "id": 118544826,
            "id_str": "118544826",
            "name": "Ruth Crilly",
            "screen_name": "modelrecommends",
            "location": "United Kingdom",
            "description": "Beauty blogger / prose-writer / mum of two / sleep-fighter. Spent ages thinking that up.",
            "url": "https://t.co/o5XpEBeqDy",
            "entities": {
                "url": {
                    "urls": [
                        {
                            "url": "https://t.co/o5XpEBeqDy",
                            "expanded_url": "http://www.amodelrecommends.com",
                            "display_url": "amodelrecommends.com",
                            "indices": [
                                0,
                                23
                            ]
                        }
                    ]
                },
                "description": {
                    "urls": []
                }
            },
            "protected": false,
            "followers_count": 72123,
            "friends_count": 461,
            "listed_count": 524,
            "created_at": "Mon Mar 01 01:13:49 +0000 2010",
            "favourites_count": 2129,
            "utc_offset": null,
            "time_zone": null,
            "geo_enabled": false,
            "verified": true,
            "statuses_count": 48483,
            "lang": null,
            "contributors_enabled": false,
            "is_translator": false,
            "is_translation_enabled": false,
            "profile_background_color": "FFFFFF",
            "profile_background_image_url": "http://abs.twimg.com/images/themes/theme15/bg.png",
            "profile_background_image_url_https": "https://abs.twimg.com/images/themes/theme15/bg.png",
            "profile_background_tile": true,
            "profile_image_url": "http://pbs.twimg.com/profile_images/1113351790190264321/-5T-h0wS_normal.png",
            "profile_image_url_https": "https://pbs.twimg.com/profile_images/1113351790190264321/-5T-h0wS_normal.png",
            "profile_banner_url": "https://pbs.twimg.com/profile_banners/118544826/1554278455",
            "profile_link_color": "0084B4",
            "profile_sidebar_border_color": "FFFFFF",
            "profile_sidebar_fill_color": "C0DFEC",
            "profile_text_color": "333333",
            "profile_use_background_image": true,
            "has_extended_profile": false,
            "default_profile": false,
            "default_profile_image": false,
            "following": null,
            "follow_request_sent": null,
            "notifications": null,
            "translator_type": "none"
        },
        "geo": null,
        "coordinates": null,
        "place": null,
        "contributors": null,
        "is_quote_status": false,
        "retweet_count": 1,
        "favorite_count": 8,
        "favorited": false,
        "retweeted": false,
        "possibly_sensitive": false,
        "lang": "en"
    },
    "is_quote_status": false,
    "retweet_count": 1,
    "favorite_count": 0,
    "favorited": false,
    "retweeted": false,
    "possibly_sensitive": false,
    "lang": "en"
}