{
    "created_at": "Tue Mar 10 11:55:09 +0000 2020",
    "id": 1237346249797332992,
    "id_str": "1237346249797332992",
    "text": "sehun and jisoo collabs for dior please @Dior",
    "truncated": false,
    "entities": {
        "hashtags": [],
        "symbols": [],
        "user_mentions": [
            {
                "screen_name": "Dior",
                "name": "Dior",
                "id": 348379865,
                "id_str": "348379865",
                "indices": [
                    40,
                    45
                ]
            }
        ],
        "urls": []
    },
    "metadata": {
        "iso_language_code": "en",
        "result_type": "recent"
    },
    "source": "<a href=\"http://twitter.com/download/android\" rel=\"nofollow\">Twitter for Android</a>",
    "in_reply_to_status_id": null,
    "in_reply_to_status_id_str": null,
    "in_reply_to_user_id": null,
    "in_reply_to_user_id_str": null,
    "in_reply_to_screen_name": null,
    "user": {
        "id": 938626069208244224,
        "id_str": "938626069208244224",
        "name": "ira \u2764 jongdae 4ever",
        "screen_name": "_bluexrose",
        "location": "Malaysia",
        "description": "I forget about sadness because of EXO \u2665",
        "url": null,
        "entities": {
            "description": {
                "urls": []
            }
        },
        "protected": false,
        "followers_count": 257,
        "friends_count": 252,
        "listed_count": 0,
        "created_at": "Thu Dec 07 04:27:48 +0000 2017",
        "favourites_count": 72858,
        "utc_offset": null,
        "time_zone": null,
        "geo_enabled": true,
        "verified": false,
        "statuses_count": 46937,
        "lang": null,
        "contributors_enabled": false,
        "is_translator": false,
        "is_translation_enabled": false,
        "profile_background_color": "F5F8FA",
        "profile_background_image_url": null,
        "profile_background_image_url_https": null,
        "profile_background_tile": false,
        "profile_image_url": "http://pbs.twimg.com/profile_images/1139927513461751808/NQ_Jrhli_normal.jpg",
        "profile_image_url_https": "https://pbs.twimg.com/profile_images/1139927513461751808/NQ_Jrhli_normal.jpg",
        "profile_banner_url": "https://pbs.twimg.com/profile_banners/938626069208244224/1573146579",
        "profile_link_color": "1DA1F2",
        "profile_sidebar_border_color": "C0DEED",
        "profile_sidebar_fill_color": "DDEEF6",
        "profile_text_color": "333333",
        "profile_use_background_image": true,
        "has_extended_profile": true,
        "default_profile": true,
        "default_profile_image": false,
        "following": null,
        "follow_request_sent": null,
        "notifications": null,
        "translator_type": "none"
    },
    "geo": null,
    "coordinates": null,
    "place": null,
    "contributors": null,
    "is_quote_status": false,
    "retweet_count": 0,
    "favorite_count": 1,
    "favorited": false,
    "retweeted": false,
    "lang": "en"
}