{
    "created_at": "Tue Mar 10 14:31:43 +0000 2020",
    "id": 1237385651080712192,
    "id_str": "1237385651080712192",
    "text": "RT @NYLONJAPAN: \u65b0\u5bbf\u4f0a\u52e2\u4e39\u300c\u30c7\u30a3\u30aa\u30fc\u30eb \u30b0\u30ed\u30a6 \u30ac\u30fc\u30c7\u30f3\u300d\u3067 #\u677f\u57a3\u745e\u751f \u304c\u65b0\u30ea\u30c3\u30d7\u3092\u304a\u8a66\u3057\u3002\u65b0\u5e74\u3001\u30c4\u30e4\u5507\u3067\u30b9\u30bf\u30fc\u30c8\u3057\u3066\u2661\u5f7c\u306e\u30b5\u30a4\u30f3\u5165\u308a\u9650\u5b9a\u30c8\u30fc\u30c8\u3082\u660e\u5f8c\u65e5\u307e\u3067!!\nhttps://t.co/VwgLQddPy0\n#NYLONJAPAN #dior #\u30c7\u30a3\u30aa\u30fc\u30eb\u2026",
    "truncated": false,
    "entities": {
        "hashtags": [
            {
                "text": "\u677f\u57a3\u745e\u751f",
                "indices": [
                    39,
                    44
                ]
            },
            {
                "text": "NYLONJAPAN",
                "indices": [
                    114,
                    125
                ]
            },
            {
                "text": "dior",
                "indices": [
                    126,
                    131
                ]
            },
            {
                "text": "\u30c7\u30a3\u30aa\u30fc\u30eb",
                "indices": [
                    132,
                    138
                ]
            }
        ],
        "symbols": [],
        "user_mentions": [
            {
                "screen_name": "NYLONJAPAN",
                "name": "NYLON JAPAN",
                "id": 110144063,
                "id_str": "110144063",
                "indices": [
                    3,
                    14
                ]
            }
        ],
        "urls": [
            {
                "url": "https://t.co/VwgLQddPy0",
                "expanded_url": "http://www.nylon.jp/GLOWOIL",
                "display_url": "nylon.jp/GLOWOIL",
                "indices": [
                    90,
                    113
                ]
            }
        ]
    },
    "metadata": {
        "iso_language_code": "ja",
        "result_type": "recent"
    },
    "source": "<a href=\"http://twitter.com/download/iphone\" rel=\"nofollow\">Twitter for iPhone</a>",
    "in_reply_to_status_id": null,
    "in_reply_to_status_id_str": null,
    "in_reply_to_user_id": null,
    "in_reply_to_user_id_str": null,
    "in_reply_to_screen_name": null,
    "user": {
        "id": 1198444054565933056,
        "id_str": "1198444054565933056",
        "name": "\ud83d\udc05\u3061\u3083\u3071\ud83d\udc3e",
        "screen_name": "chaparan",
        "location": "\u2600\ufe0fGokiMaeda\ud83d\udc08YukiYamada\ud83e\uddaeRMPG",
        "description": "\u305f\u307e\u306bFA\u3002\u30b6\u30ef\u65b0\u898f\u3002\u2600\ufe0f\u3042\u308a\u304c\u3068\u3046\u524d\u7530\u516c\u8f1d\u592a\u967d\u795e\u2600\ufe0f\u6c42\u30fb\u5927\u962a\u306e\u73fe\u5834",
        "url": null,
        "entities": {
            "description": {
                "urls": []
            }
        },
        "protected": false,
        "followers_count": 27,
        "friends_count": 133,
        "listed_count": 0,
        "created_at": "Sun Nov 24 03:31:57 +0000 2019",
        "favourites_count": 2507,
        "utc_offset": null,
        "time_zone": null,
        "geo_enabled": false,
        "verified": false,
        "statuses_count": 3508,
        "lang": null,
        "contributors_enabled": false,
        "is_translator": false,
        "is_translation_enabled": false,
        "profile_background_color": "F5F8FA",
        "profile_background_image_url": null,
        "profile_background_image_url_https": null,
        "profile_background_tile": false,
        "profile_image_url": "http://pbs.twimg.com/profile_images/1234517332879298561/byLcfRwp_normal.jpg",
        "profile_image_url_https": "https://pbs.twimg.com/profile_images/1234517332879298561/byLcfRwp_normal.jpg",
        "profile_banner_url": "https://pbs.twimg.com/profile_banners/1198444054565933056/1581822327",
        "profile_link_color": "1DA1F2",
        "profile_sidebar_border_color": "C0DEED",
        "profile_sidebar_fill_color": "DDEEF6",
        "profile_text_color": "333333",
        "profile_use_background_image": true,
        "has_extended_profile": false,
        "default_profile": true,
        "default_profile_image": false,
        "following": null,
        "follow_request_sent": null,
        "notifications": null,
        "translator_type": "none"
    },
    "geo": null,
    "coordinates": null,
    "place": null,
    "contributors": null,
    "retweeted_status": {
        "created_at": "Sun Jan 05 09:08:49 +0000 2020",
        "id": 1213749179916247045,
        "id_str": "1213749179916247045",
        "text": "\u65b0\u5bbf\u4f0a\u52e2\u4e39\u300c\u30c7\u30a3\u30aa\u30fc\u30eb \u30b0\u30ed\u30a6 \u30ac\u30fc\u30c7\u30f3\u300d\u3067 #\u677f\u57a3\u745e\u751f \u304c\u65b0\u30ea\u30c3\u30d7\u3092\u304a\u8a66\u3057\u3002\u65b0\u5e74\u3001\u30c4\u30e4\u5507\u3067\u30b9\u30bf\u30fc\u30c8\u3057\u3066\u2661\u5f7c\u306e\u30b5\u30a4\u30f3\u5165\u308a\u9650\u5b9a\u30c8\u30fc\u30c8\u3082\u660e\u5f8c\u65e5\u307e\u3067!!\nhttps://t.co/VwgLQddPy0\n#NYLONJAPAN #dior\u2026 https://t.co/hz4rjP68fl",
        "truncated": true,
        "entities": {
            "hashtags": [
                {
                    "text": "\u677f\u57a3\u745e\u751f",
                    "indices": [
                        23,
                        28
                    ]
                },
                {
                    "text": "NYLONJAPAN",
                    "indices": [
                        98,
                        109
                    ]
                },
                {
                    "text": "dior",
                    "indices": [
                        110,
                        115
                    ]
                }
            ],
            "symbols": [],
            "user_mentions": [],
            "urls": [
                {
                    "url": "https://t.co/VwgLQddPy0",
                    "expanded_url": "http://www.nylon.jp/GLOWOIL",
                    "display_url": "nylon.jp/GLOWOIL",
                    "indices": [
                        74,
                        97
                    ]
                },
                {
                    "url": "https://t.co/hz4rjP68fl",
                    "expanded_url": "https://twitter.com/i/web/status/1213749179916247045",
                    "display_url": "twitter.com/i/web/status/1\u2026",
                    "indices": [
                        117,
                        140
                    ]
                }
            ]
        },
        "metadata": {
            "iso_language_code": "ja",
            "result_type": "recent"
        },
        "source": "<a href=\"http://twitter.com/download/android\" rel=\"nofollow\">Twitter for Android</a>",
        "in_reply_to_status_id": null,
        "in_reply_to_status_id_str": null,
        "in_reply_to_user_id": null,
        "in_reply_to_user_id_str": null,
        "in_reply_to_screen_name": null,
        "user": {
            "id": 110144063,
            "id_str": "110144063",
            "name": "NYLON JAPAN",
            "screen_name": "NYLONJAPAN",
            "location": "NYLON \u2764\ufe0e JAPAN",
            "description": "NYLON JAPAN Official / \u30d5\u30a1\u30c3\u30b7\u30e7\u30f3&\u30ab\u30eb\u30c1\u30e3\u30fc\u30de\u30ac\u30b8\u30f3\u300e\u30ca\u30a4\u30ed\u30f3 \u30b8\u30e3\u30d1\u30f3\u300f\u3002\u898b\u308b\u3060\u3051\u3067\u30ad\u30e5\u30f3\u3068\u3057\u3061\u3083\u3046\u3088\u3046\u306a\u53ef\u611b\u304f\u3066\u30af\u30fc\u30eb\u306a\u30d5\u30a1\u30c3\u30b7\u30e7\u30f3\u30fb\u97f3\u697d\u30fb\u30a2\u30fc\u30c8\u304c\u8a70\u307e\u3063\u305f\u201c\u304a\u3057\u3083\u308c\u30b9\u30af\u30e9\u30c3\u30d7\u30de\u30ac\u30b8\u30f3\u201d \u2764\ufe0e\u6620\u753b\u300e\u8ee2\u304c\u308b\u30d3\u30fc\u7389\u300f\u306f1/31\u3088\u308a\u30db\u30ef\u30a4\u30c8 \u30b7\u30cd\u30af\u30a4\u30f3\u30c8\u5148\u884c\u516c\u958b\u30012/7\u3088\u308a\u5168\u56fd\u30ed\u30fc\u30c9\u30b7\u30e7\u30fc\ud83d\udcfd",
            "url": "https://t.co/7sJN3QwP4l",
            "entities": {
                "url": {
                    "urls": [
                        {
                            "url": "https://t.co/7sJN3QwP4l",
                            "expanded_url": "https://nylon.jp",
                            "display_url": "nylon.jp",
                            "indices": [
                                0,
                                23
                            ]
                        }
                    ]
                },
                "description": {
                    "urls": []
                }
            },
            "protected": false,
            "followers_count": 166804,
            "friends_count": 18,
            "listed_count": 1676,
            "created_at": "Sun Jan 31 14:03:36 +0000 2010",
            "favourites_count": 7246,
            "utc_offset": null,
            "time_zone": null,
            "geo_enabled": true,
            "verified": true,
            "statuses_count": 52684,
            "lang": null,
            "contributors_enabled": false,
            "is_translator": false,
            "is_translation_enabled": false,
            "profile_background_color": "FFFFFF",
            "profile_background_image_url": "http://abs.twimg.com/images/themes/theme1/bg.png",
            "profile_background_image_url_https": "https://abs.twimg.com/images/themes/theme1/bg.png",
            "profile_background_tile": true,
            "profile_image_url": "http://pbs.twimg.com/profile_images/875526865296818176/URubs2VO_normal.jpg",
            "profile_image_url_https": "https://pbs.twimg.com/profile_images/875526865296818176/URubs2VO_normal.jpg",
            "profile_banner_url": "https://pbs.twimg.com/profile_banners/110144063/1582787164",
            "profile_link_color": "FA226E",
            "profile_sidebar_border_color": "FFFFFF",
            "profile_sidebar_fill_color": "030303",
            "profile_text_color": "FF005E",
            "profile_use_background_image": true,
            "has_extended_profile": false,
            "default_profile": false,
            "default_profile_image": false,
            "following": null,
            "follow_request_sent": null,
            "notifications": null,
            "translator_type": "none"
        },
        "geo": null,
        "coordinates": null,
        "place": null,
        "contributors": null,
        "is_quote_status": false,
        "retweet_count": 765,
        "favorite_count": 2336,
        "favorited": false,
        "retweeted": false,
        "possibly_sensitive": false,
        "lang": "ja"
    },
    "is_quote_status": false,
    "retweet_count": 765,
    "favorite_count": 0,
    "favorited": false,
    "retweeted": false,
    "possibly_sensitive": false,
    "lang": "ja"
}