{
    "created_at": "Tue Mar 10 12:41:40 +0000 2020",
    "id": 1237357958465556480,
    "id_str": "1237357958465556480",
    "text": "@Dior https://t.co/gDgHXYu7FE",
    "truncated": false,
    "entities": {
        "hashtags": [],
        "symbols": [],
        "user_mentions": [
            {
                "screen_name": "Dior",
                "name": "Dior",
                "id": 348379865,
                "id_str": "348379865",
                "indices": [
                    0,
                    5
                ]
            }
        ],
        "urls": [],
        "media": [
            {
                "id": 1237357937305231361,
                "id_str": "1237357937305231361",
                "indices": [
                    6,
                    29
                ],
                "media_url": "http://pbs.twimg.com/media/ESv6fPkWoAEIzey.jpg",
                "media_url_https": "https://pbs.twimg.com/media/ESv6fPkWoAEIzey.jpg",
                "url": "https://t.co/gDgHXYu7FE",
                "display_url": "pic.twitter.com/gDgHXYu7FE",
                "expanded_url": "https://twitter.com/markkeane262/status/1237357958465556480/photo/1",
                "type": "photo",
                "sizes": {
                    "thumb": {
                        "w": 150,
                        "h": 150,
                        "resize": "crop"
                    },
                    "medium": {
                        "w": 675,
                        "h": 1200,
                        "resize": "fit"
                    },
                    "large": {
                        "w": 1080,
                        "h": 1920,
                        "resize": "fit"
                    },
                    "small": {
                        "w": 383,
                        "h": 680,
                        "resize": "fit"
                    }
                }
            }
        ]
    },
    "extended_entities": {
        "media": [
            {
                "id": 1237357937305231361,
                "id_str": "1237357937305231361",
                "indices": [
                    6,
                    29
                ],
                "media_url": "http://pbs.twimg.com/media/ESv6fPkWoAEIzey.jpg",
                "media_url_https": "https://pbs.twimg.com/media/ESv6fPkWoAEIzey.jpg",
                "url": "https://t.co/gDgHXYu7FE",
                "display_url": "pic.twitter.com/gDgHXYu7FE",
                "expanded_url": "https://twitter.com/markkeane262/status/1237357958465556480/photo/1",
                "type": "photo",
                "sizes": {
                    "thumb": {
                        "w": 150,
                        "h": 150,
                        "resize": "crop"
                    },
                    "medium": {
                        "w": 675,
                        "h": 1200,
                        "resize": "fit"
                    },
                    "large": {
                        "w": 1080,
                        "h": 1920,
                        "resize": "fit"
                    },
                    "small": {
                        "w": 383,
                        "h": 680,
                        "resize": "fit"
                    }
                }
            }
        ]
    },
    "metadata": {
        "iso_language_code": "und",
        "result_type": "recent"
    },
    "source": "<a href=\"http://twitter.com/download/android\" rel=\"nofollow\">Twitter for Android</a>",
    "in_reply_to_status_id": 1237051713225441280,
    "in_reply_to_status_id_str": "1237051713225441280",
    "in_reply_to_user_id": 1223332531568889858,
    "in_reply_to_user_id_str": "1223332531568889858",
    "in_reply_to_screen_name": "markkeane262",
    "user": {
        "id": 1223332531568889858,
        "id_str": "1223332531568889858",
        "name": "markkeane262@gmail.com",
        "screen_name": "markkeane262",
        "location": "",
        "description": "media for a think tank generation",
        "url": null,
        "entities": {
            "description": {
                "urls": []
            }
        },
        "protected": false,
        "followers_count": 10,
        "friends_count": 34,
        "listed_count": 0,
        "created_at": "Fri Jan 31 19:50:03 +0000 2020",
        "favourites_count": 4,
        "utc_offset": null,
        "time_zone": null,
        "geo_enabled": true,
        "verified": false,
        "statuses_count": 1268,
        "lang": null,
        "contributors_enabled": false,
        "is_translator": false,
        "is_translation_enabled": false,
        "profile_background_color": "F5F8FA",
        "profile_background_image_url": null,
        "profile_background_image_url_https": null,
        "profile_background_tile": false,
        "profile_image_url": "http://pbs.twimg.com/profile_images/1232190286551494656/VyEVYZj8_normal.jpg",
        "profile_image_url_https": "https://pbs.twimg.com/profile_images/1232190286551494656/VyEVYZj8_normal.jpg",
        "profile_banner_url": "https://pbs.twimg.com/profile_banners/1223332531568889858/1583767440",
        "profile_link_color": "1DA1F2",
        "profile_sidebar_border_color": "C0DEED",
        "profile_sidebar_fill_color": "DDEEF6",
        "profile_text_color": "333333",
        "profile_use_background_image": true,
        "has_extended_profile": false,
        "default_profile": true,
        "default_profile_image": false,
        "following": null,
        "follow_request_sent": null,
        "notifications": null,
        "translator_type": "none"
    },
    "geo": null,
    "coordinates": null,
    "place": {
        "id": "78d9392bd6093265",
        "url": "https://api.twitter.com/1.1/geo/id/78d9392bd6093265.json",
        "place_type": "city",
        "name": "Vaughan",
        "full_name": "Vaughan, Ontario",
        "country_code": "CA",
        "country": "Canada",
        "contained_within": [],
        "bounding_box": {
            "type": "Polygon",
            "coordinates": [
                [
                    [
                        -79.711527,
                        43.749761
                    ],
                    [
                        -79.420056,
                        43.749761
                    ],
                    [
                        -79.420056,
                        43.924448
                    ],
                    [
                        -79.711527,
                        43.924448
                    ]
                ]
            ]
        },
        "attributes": {}
    },
    "contributors": null,
    "is_quote_status": false,
    "retweet_count": 0,
    "favorite_count": 0,
    "favorited": false,
    "retweeted": false,
    "possibly_sensitive": false,
    "lang": "und"
}