{
    "created_at": "Tue Mar 10 10:13:31 +0000 2020",
    "id": 1237320673896398848,
    "id_str": "1237320673896398848",
    "text": "RT @EX9isforever: Please make it happen @Dior #SEHUNxDIOR",
    "truncated": false,
    "entities": {
        "hashtags": [
            {
                "text": "SEHUNxDIOR",
                "indices": [
                    46,
                    57
                ]
            }
        ],
        "symbols": [],
        "user_mentions": [
            {
                "screen_name": "EX9isforever",
                "name": "\ud83d\udc68\ud83c\udffb\u200d\ud83c\udfa8\u2728SELF PORTRAIT\u2728\ud83d\udc68\ud83c\udffb\u200d\ud83c\udfa8",
                "id": 481033043,
                "id_str": "481033043",
                "indices": [
                    3,
                    16
                ]
            },
            {
                "screen_name": "Dior",
                "name": "Dior",
                "id": 348379865,
                "id_str": "348379865",
                "indices": [
                    40,
                    45
                ]
            }
        ],
        "urls": []
    },
    "metadata": {
        "iso_language_code": "en",
        "result_type": "recent"
    },
    "source": "<a href=\"http://twitter.com/download/android\" rel=\"nofollow\">Twitter for Android</a>",
    "in_reply_to_status_id": null,
    "in_reply_to_status_id_str": null,
    "in_reply_to_user_id": null,
    "in_reply_to_user_id_str": null,
    "in_reply_to_screen_name": null,
    "user": {
        "id": 1101882296779636737,
        "id_str": "1101882296779636737",
        "name": "missyoujongdea\ud83e\udd7asuho's solo",
        "screen_name": "Tamarigabriela1",
        "location": "",
        "description": "EXO IS 9 .GEORGIAN EXO-L\ud83c\uddec\ud83c\uddea",
        "url": null,
        "entities": {
            "description": {
                "urls": []
            }
        },
        "protected": false,
        "followers_count": 521,
        "friends_count": 976,
        "listed_count": 0,
        "created_at": "Sat Mar 02 16:29:46 +0000 2019",
        "favourites_count": 917,
        "utc_offset": null,
        "time_zone": null,
        "geo_enabled": false,
        "verified": false,
        "statuses_count": 5342,
        "lang": null,
        "contributors_enabled": false,
        "is_translator": false,
        "is_translation_enabled": false,
        "profile_background_color": "F5F8FA",
        "profile_background_image_url": null,
        "profile_background_image_url_https": null,
        "profile_background_tile": false,
        "profile_image_url": "http://pbs.twimg.com/profile_images/1237321559460794368/rmiZ4bHW_normal.jpg",
        "profile_image_url_https": "https://pbs.twimg.com/profile_images/1237321559460794368/rmiZ4bHW_normal.jpg",
        "profile_banner_url": "https://pbs.twimg.com/profile_banners/1101882296779636737/1583166645",
        "profile_link_color": "1DA1F2",
        "profile_sidebar_border_color": "C0DEED",
        "profile_sidebar_fill_color": "DDEEF6",
        "profile_text_color": "333333",
        "profile_use_background_image": true,
        "has_extended_profile": false,
        "default_profile": true,
        "default_profile_image": false,
        "following": null,
        "follow_request_sent": null,
        "notifications": null,
        "translator_type": "none"
    },
    "geo": null,
    "coordinates": null,
    "place": null,
    "contributors": null,
    "retweeted_status": {
        "created_at": "Mon Mar 09 19:29:11 +0000 2020",
        "id": 1237098122959925248,
        "id_str": "1237098122959925248",
        "text": "Please make it happen @Dior #SEHUNxDIOR https://t.co/pnhvjJN4Jt",
        "truncated": false,
        "entities": {
            "hashtags": [
                {
                    "text": "SEHUNxDIOR",
                    "indices": [
                        28,
                        39
                    ]
                }
            ],
            "symbols": [],
            "user_mentions": [
                {
                    "screen_name": "Dior",
                    "name": "Dior",
                    "id": 348379865,
                    "id_str": "348379865",
                    "indices": [
                        22,
                        27
                    ]
                }
            ],
            "urls": [
                {
                    "url": "https://t.co/pnhvjJN4Jt",
                    "expanded_url": "https://twitter.com/huhsehun/status/1236968093882011649",
                    "display_url": "twitter.com/huhsehun/statu\u2026",
                    "indices": [
                        40,
                        63
                    ]
                }
            ]
        },
        "metadata": {
            "iso_language_code": "en",
            "result_type": "recent"
        },
        "source": "<a href=\"http://twitter.com/download/iphone\" rel=\"nofollow\">Twitter for iPhone</a>",
        "in_reply_to_status_id": null,
        "in_reply_to_status_id_str": null,
        "in_reply_to_user_id": null,
        "in_reply_to_user_id_str": null,
        "in_reply_to_screen_name": null,
        "user": {
            "id": 481033043,
            "id_str": "481033043",
            "name": "\ud83d\udc68\ud83c\udffb\u200d\ud83c\udfa8\u2728SELF PORTRAIT\u2728\ud83d\udc68\ud83c\udffb\u200d\ud83c\udfa8",
            "screen_name": "EX9isforever",
            "location": "Republic of the Philippines",
            "description": "EXO is the ONLY group I stan.\ud83d\udd25 I LOVE THEM TO DEATH \ud83e\udd7a\ud83e\udd7a\ud83e\udd7a",
            "url": null,
            "entities": {
                "description": {
                    "urls": []
                }
            },
            "protected": false,
            "followers_count": 188,
            "friends_count": 963,
            "listed_count": 1,
            "created_at": "Thu Feb 02 06:47:07 +0000 2012",
            "favourites_count": 5327,
            "utc_offset": null,
            "time_zone": null,
            "geo_enabled": true,
            "verified": false,
            "statuses_count": 35962,
            "lang": null,
            "contributors_enabled": false,
            "is_translator": false,
            "is_translation_enabled": false,
            "profile_background_color": "456E80",
            "profile_background_image_url": "http://abs.twimg.com/images/themes/theme1/bg.png",
            "profile_background_image_url_https": "https://abs.twimg.com/images/themes/theme1/bg.png",
            "profile_background_tile": true,
            "profile_image_url": "http://pbs.twimg.com/profile_images/1235839635143581696/_QLQ8QIN_normal.jpg",
            "profile_image_url_https": "https://pbs.twimg.com/profile_images/1235839635143581696/_QLQ8QIN_normal.jpg",
            "profile_banner_url": "https://pbs.twimg.com/profile_banners/481033043/1583731087",
            "profile_link_color": "F00303",
            "profile_sidebar_border_color": "FFFFFF",
            "profile_sidebar_fill_color": "DDEEF6",
            "profile_text_color": "333333",
            "profile_use_background_image": true,
            "has_extended_profile": true,
            "default_profile": false,
            "default_profile_image": false,
            "following": null,
            "follow_request_sent": null,
            "notifications": null,
            "translator_type": "none"
        },
        "geo": null,
        "coordinates": null,
        "place": null,
        "contributors": null,
        "is_quote_status": true,
        "quoted_status_id": 1236968093882011649,
        "quoted_status_id_str": "1236968093882011649",
        "quoted_status": {
            "created_at": "Mon Mar 09 10:52:29 +0000 2020",
            "id": 1236968093882011649,
            "id_str": "1236968093882011649",
            "text": "omg imagine sehun IN THIS \ud83e\udd7a https://t.co/92xQoDoir4",
            "truncated": false,
            "entities": {
                "hashtags": [],
                "symbols": [],
                "user_mentions": [],
                "urls": [],
                "media": [
                    {
                        "id": 1236968086856593408,
                        "id_str": "1236968086856593408",
                        "indices": [
                            28,
                            51
                        ],
                        "media_url": "http://pbs.twimg.com/media/ESqX69eU8AA8wi9.jpg",
                        "media_url_https": "https://pbs.twimg.com/media/ESqX69eU8AA8wi9.jpg",
                        "url": "https://t.co/92xQoDoir4",
                        "display_url": "pic.twitter.com/92xQoDoir4",
                        "expanded_url": "https://twitter.com/huhsehun/status/1236968093882011649/photo/1",
                        "type": "photo",
                        "sizes": {
                            "thumb": {
                                "w": 150,
                                "h": 150,
                                "resize": "crop"
                            },
                            "medium": {
                                "w": 736,
                                "h": 1073,
                                "resize": "fit"
                            },
                            "small": {
                                "w": 466,
                                "h": 680,
                                "resize": "fit"
                            },
                            "large": {
                                "w": 736,
                                "h": 1073,
                                "resize": "fit"
                            }
                        }
                    }
                ]
            },
            "extended_entities": {
                "media": [
                    {
                        "id": 1236968086856593408,
                        "id_str": "1236968086856593408",
                        "indices": [
                            28,
                            51
                        ],
                        "media_url": "http://pbs.twimg.com/media/ESqX69eU8AA8wi9.jpg",
                        "media_url_https": "https://pbs.twimg.com/media/ESqX69eU8AA8wi9.jpg",
                        "url": "https://t.co/92xQoDoir4",
                        "display_url": "pic.twitter.com/92xQoDoir4",
                        "expanded_url": "https://twitter.com/huhsehun/status/1236968093882011649/photo/1",
                        "type": "photo",
                        "sizes": {
                            "thumb": {
                                "w": 150,
                                "h": 150,
                                "resize": "crop"
                            },
                            "medium": {
                                "w": 736,
                                "h": 1073,
                                "resize": "fit"
                            },
                            "small": {
                                "w": 466,
                                "h": 680,
                                "resize": "fit"
                            },
                            "large": {
                                "w": 736,
                                "h": 1073,
                                "resize": "fit"
                            }
                        }
                    }
                ]
            },
            "metadata": {
                "iso_language_code": "en",
                "result_type": "recent"
            },
            "source": "<a href=\"http://twitter.com/download/iphone\" rel=\"nofollow\">Twitter for iPhone</a>",
            "in_reply_to_status_id": null,
            "in_reply_to_status_id_str": null,
            "in_reply_to_user_id": null,
            "in_reply_to_user_id_str": null,
            "in_reply_to_screen_name": null,
            "user": {
                "id": 970691969818095616,
                "id_str": "970691969818095616",
                "name": "5\uc138\ud6c8 actor sehun",
                "screen_name": "huhsehun",
                "location": "94\ud83d\udccd",
                "description": "permhun enthusiasts \u2022 180707 \u2022 190915 \u2022 191214 \u2022 \ud835\udc4f\ud835\udc4e\ud835\udc4f\ud835\udc66-\ud835\udc56\ud835\udc5b\ud835\udc54 \u210e\ud835\udc56\ud835\udc5a \ud835\udc53\ud835\udc5c\ud835\udc5f 7 \ud835\udc51\ud835\udc4e\ud835\udc66\ud835\udc60 \ud835\udc5d\ud835\udc52\ud835\udc5f \ud835\udc64\ud835\udc52\ud835\udc52\ud835\udc58 \ud835\udc5b\ud835\udc5c\ud835\udc5b\ud835\udc60\ud835\udc61\ud835\udc5c\ud835\udc5d! \ud83e\udd7a \u2022",
                "url": "https://t.co/mZdMgsPkEW",
                "entities": {
                    "url": {
                        "urls": [
                            {
                                "url": "https://t.co/mZdMgsPkEW",
                                "expanded_url": "https://twitter.com/huhsehun/status/1208773144393080834?s=21",
                                "display_url": "twitter.com/huhsehun/statu\u2026",
                                "indices": [
                                    0,
                                    23
                                ]
                            }
                        ]
                    },
                    "description": {
                        "urls": []
                    }
                },
                "protected": false,
                "followers_count": 1787,
                "friends_count": 435,
                "listed_count": 20,
                "created_at": "Mon Mar 05 16:06:15 +0000 2018",
                "favourites_count": 18796,
                "utc_offset": null,
                "time_zone": null,
                "geo_enabled": true,
                "verified": false,
                "statuses_count": 25930,
                "lang": null,
                "contributors_enabled": false,
                "is_translator": false,
                "is_translation_enabled": false,
                "profile_background_color": "F5F8FA",
                "profile_background_image_url": null,
                "profile_background_image_url_https": null,
                "profile_background_tile": false,
                "profile_image_url": "http://pbs.twimg.com/profile_images/1237328283273838593/L9NAkt_w_normal.jpg",
                "profile_image_url_https": "https://pbs.twimg.com/profile_images/1237328283273838593/L9NAkt_w_normal.jpg",
                "profile_banner_url": "https://pbs.twimg.com/profile_banners/970691969818095616/1582643594",
                "profile_link_color": "1DA1F2",
                "profile_sidebar_border_color": "C0DEED",
                "profile_sidebar_fill_color": "DDEEF6",
                "profile_text_color": "333333",
                "profile_use_background_image": true,
                "has_extended_profile": true,
                "default_profile": true,
                "default_profile_image": false,
                "following": null,
                "follow_request_sent": null,
                "notifications": null,
                "translator_type": "none"
            },
            "geo": null,
            "coordinates": null,
            "place": null,
            "contributors": null,
            "is_quote_status": false,
            "retweet_count": 2445,
            "favorite_count": 3906,
            "favorited": false,
            "retweeted": false,
            "possibly_sensitive": false,
            "lang": "en"
        },
        "retweet_count": 2,
        "favorite_count": 2,
        "favorited": false,
        "retweeted": false,
        "possibly_sensitive": false,
        "lang": "en"
    },
    "is_quote_status": true,
    "quoted_status_id": 1236968093882011649,
    "quoted_status_id_str": "1236968093882011649",
    "retweet_count": 2,
    "favorite_count": 0,
    "favorited": false,
    "retweeted": false,
    "lang": "en"
}