{
    "created_at": "Tue Mar 10 14:03:20 +0000 2020",
    "id": 1237378509330399232,
    "id_str": "1237378509330399232",
    "text": "RT @billboard: See a sketch of one of @maluma's @Dior looks below \ud83d\udc40 https://t.co/JmzCEDovI7",
    "truncated": false,
    "entities": {
        "hashtags": [],
        "symbols": [],
        "user_mentions": [
            {
                "screen_name": "billboard",
                "name": "billboard",
                "id": 9695312,
                "id_str": "9695312",
                "indices": [
                    3,
                    13
                ]
            },
            {
                "screen_name": "maluma",
                "name": "MALUMA",
                "id": 153433497,
                "id_str": "153433497",
                "indices": [
                    38,
                    45
                ]
            },
            {
                "screen_name": "Dior",
                "name": "Dior",
                "id": 348379865,
                "id_str": "348379865",
                "indices": [
                    48,
                    53
                ]
            }
        ],
        "urls": [
            {
                "url": "https://t.co/JmzCEDovI7",
                "expanded_url": "http://blbrd.cm/7r6Zqu3",
                "display_url": "blbrd.cm/7r6Zqu3",
                "indices": [
                    68,
                    91
                ]
            }
        ]
    },
    "metadata": {
        "iso_language_code": "en",
        "result_type": "recent"
    },
    "source": "<a href=\"http://twitter.com/download/android\" rel=\"nofollow\">Twitter for Android</a>",
    "in_reply_to_status_id": null,
    "in_reply_to_status_id_str": null,
    "in_reply_to_user_id": null,
    "in_reply_to_user_id_str": null,
    "in_reply_to_screen_name": null,
    "user": {
        "id": 3420920555,
        "id_str": "3420920555",
        "name": "Luna.\ud83c\uddea\ud83c\uddf8\ud83c\uddea\ud83c\uddf8\ud83c\uddea\ud83c\uddf8\ud83c\uddea\ud83c\uddf8\ud83c\uddea\ud83c\uddf8Que viva Espa\u00f1a!!.",
        "screen_name": "lunasangrienta1",
        "location": "Molina de Segura,Murcia,Espa\u00f1a",
        "description": "Ama de casa,administrativa de  empresa de transportes,simp\u00e1tica,me gusta tener amigos,se mucho de m\u00fasica y la poes\u00eda,me gusta PItbull,Tom  Cruise, Vindiesel.",
        "url": null,
        "entities": {
            "description": {
                "urls": []
            }
        },
        "protected": false,
        "followers_count": 3059,
        "friends_count": 201,
        "listed_count": 217,
        "created_at": "Thu Aug 13 20:50:03 +0000 2015",
        "favourites_count": 923833,
        "utc_offset": null,
        "time_zone": null,
        "geo_enabled": true,
        "verified": false,
        "statuses_count": 409834,
        "lang": null,
        "contributors_enabled": false,
        "is_translator": false,
        "is_translation_enabled": false,
        "profile_background_color": "000000",
        "profile_background_image_url": "http://abs.twimg.com/images/themes/theme1/bg.png",
        "profile_background_image_url_https": "https://abs.twimg.com/images/themes/theme1/bg.png",
        "profile_background_tile": false,
        "profile_image_url": "http://pbs.twimg.com/profile_images/1184215719438884865/xOw9gti7_normal.jpg",
        "profile_image_url_https": "https://pbs.twimg.com/profile_images/1184215719438884865/xOw9gti7_normal.jpg",
        "profile_banner_url": "https://pbs.twimg.com/profile_banners/3420920555/1579678736",
        "profile_link_color": "DD2E44",
        "profile_sidebar_border_color": "000000",
        "profile_sidebar_fill_color": "000000",
        "profile_text_color": "000000",
        "profile_use_background_image": false,
        "has_extended_profile": true,
        "default_profile": false,
        "default_profile_image": false,
        "following": null,
        "follow_request_sent": null,
        "notifications": null,
        "translator_type": "none"
    },
    "geo": null,
    "coordinates": null,
    "place": null,
    "contributors": null,
    "retweeted_status": {
        "created_at": "Mon Mar 09 23:00:08 +0000 2020",
        "id": 1237151212006498304,
        "id_str": "1237151212006498304",
        "text": "See a sketch of one of @maluma's @Dior looks below \ud83d\udc40 https://t.co/JmzCEDovI7",
        "truncated": false,
        "entities": {
            "hashtags": [],
            "symbols": [],
            "user_mentions": [
                {
                    "screen_name": "maluma",
                    "name": "MALUMA",
                    "id": 153433497,
                    "id_str": "153433497",
                    "indices": [
                        23,
                        30
                    ]
                },
                {
                    "screen_name": "Dior",
                    "name": "Dior",
                    "id": 348379865,
                    "id_str": "348379865",
                    "indices": [
                        33,
                        38
                    ]
                }
            ],
            "urls": [
                {
                    "url": "https://t.co/JmzCEDovI7",
                    "expanded_url": "http://blbrd.cm/7r6Zqu3",
                    "display_url": "blbrd.cm/7r6Zqu3",
                    "indices": [
                        53,
                        76
                    ]
                }
            ]
        },
        "metadata": {
            "iso_language_code": "en",
            "result_type": "recent"
        },
        "source": "<a href=\"http://www.socialflow.com\" rel=\"nofollow\">SocialFlow</a>",
        "in_reply_to_status_id": null,
        "in_reply_to_status_id_str": null,
        "in_reply_to_user_id": null,
        "in_reply_to_user_id_str": null,
        "in_reply_to_screen_name": null,
        "user": {
            "id": 9695312,
            "id_str": "9695312",
            "name": "billboard",
            "screen_name": "billboard",
            "location": "",
            "description": "music \u2022 charts \u2022 news \u2022 more | @billboardcharts \u2022 @billboarddance \u2022 @billboardhiphop \u2022 @billboardlatin \u2022 @billboardpride \u2022 @billboardbiz",
            "url": "https://t.co/3IA5YKU30t",
            "entities": {
                "url": {
                    "urls": [
                        {
                            "url": "https://t.co/3IA5YKU30t",
                            "expanded_url": "http://billboard.com",
                            "display_url": "billboard.com",
                            "indices": [
                                0,
                                23
                            ]
                        }
                    ]
                },
                "description": {
                    "urls": []
                }
            },
            "protected": false,
            "followers_count": 8438461,
            "friends_count": 3192,
            "listed_count": 25732,
            "created_at": "Thu Oct 25 21:33:23 +0000 2007",
            "favourites_count": 6390,
            "utc_offset": null,
            "time_zone": null,
            "geo_enabled": true,
            "verified": true,
            "statuses_count": 244349,
            "lang": null,
            "contributors_enabled": false,
            "is_translator": false,
            "is_translation_enabled": true,
            "profile_background_color": "FFFFFF",
            "profile_background_image_url": "http://abs.twimg.com/images/themes/theme1/bg.png",
            "profile_background_image_url_https": "https://abs.twimg.com/images/themes/theme1/bg.png",
            "profile_background_tile": false,
            "profile_image_url": "http://pbs.twimg.com/profile_images/1148300782242095105/9vWg5A_I_normal.png",
            "profile_image_url_https": "https://pbs.twimg.com/profile_images/1148300782242095105/9vWg5A_I_normal.png",
            "profile_banner_url": "https://pbs.twimg.com/profile_banners/9695312/1582831213",
            "profile_link_color": "1EB0E8",
            "profile_sidebar_border_color": "FFFFFF",
            "profile_sidebar_fill_color": "CCCCCC",
            "profile_text_color": "333333",
            "profile_use_background_image": false,
            "has_extended_profile": false,
            "default_profile": false,
            "default_profile_image": false,
            "following": null,
            "follow_request_sent": null,
            "notifications": null,
            "translator_type": "regular"
        },
        "geo": null,
        "coordinates": null,
        "place": null,
        "contributors": null,
        "is_quote_status": false,
        "retweet_count": 9,
        "favorite_count": 120,
        "favorited": false,
        "retweeted": false,
        "possibly_sensitive": false,
        "lang": "en"
    },
    "is_quote_status": false,
    "retweet_count": 9,
    "favorite_count": 0,
    "favorited": false,
    "retweeted": false,
    "possibly_sensitive": false,
    "lang": "en"
}