{
    "created_at": "Tue Mar 10 15:22:00 +0000 2020",
    "id": 1237398305287667712,
    "id_str": "1237398305287667712",
    "text": "\"DIOR chez vous\" a Design customised online delivery checkout experience team @LVMH @Dior comes to you!\u2026 https://t.co/6WjjdvPAK6",
    "truncated": true,
    "entities": {
        "hashtags": [],
        "symbols": [],
        "user_mentions": [
            {
                "screen_name": "LVMH",
                "name": "LVMH",
                "id": 558606074,
                "id_str": "558606074",
                "indices": [
                    78,
                    83
                ]
            },
            {
                "screen_name": "Dior",
                "name": "Dior",
                "id": 348379865,
                "id_str": "348379865",
                "indices": [
                    84,
                    89
                ]
            }
        ],
        "urls": [
            {
                "url": "https://t.co/6WjjdvPAK6",
                "expanded_url": "https://twitter.com/i/web/status/1237398305287667712",
                "display_url": "twitter.com/i/web/status/1\u2026",
                "indices": [
                    105,
                    128
                ]
            }
        ]
    },
    "metadata": {
        "iso_language_code": "en",
        "result_type": "recent"
    },
    "source": "<a href=\"http://twitter.com/download/android\" rel=\"nofollow\">Twitter for Android</a>",
    "in_reply_to_status_id": null,
    "in_reply_to_status_id_str": null,
    "in_reply_to_user_id": null,
    "in_reply_to_user_id_str": null,
    "in_reply_to_screen_name": null,
    "user": {
        "id": 321894008,
        "id_str": "321894008",
        "name": "EDHEC Careers",
        "screen_name": "EDHEC_careers",
        "location": "France, UK, Singapour",
        "description": "All the latest in career development for students and alumni. Toute l'info carri\u00e8re \u00e9tudiants et jeunes dipl\u00f4m\u00e9s #recrutement #edhec http://t.co/DiVkKjKSV4",
        "url": "http://t.co/k79eVOI4Vy",
        "entities": {
            "url": {
                "urls": [
                    {
                        "url": "http://t.co/k79eVOI4Vy",
                        "expanded_url": "http://careers.edhec.com/",
                        "display_url": "careers.edhec.com",
                        "indices": [
                            0,
                            22
                        ]
                    }
                ]
            },
            "description": {
                "urls": [
                    {
                        "url": "http://t.co/DiVkKjKSV4",
                        "expanded_url": "http://goo.gl/GPxWU",
                        "display_url": "goo.gl/GPxWU",
                        "indices": [
                            133,
                            155
                        ]
                    }
                ]
            }
        },
        "protected": false,
        "followers_count": 2252,
        "friends_count": 604,
        "listed_count": 44,
        "created_at": "Wed Jun 22 09:20:21 +0000 2011",
        "favourites_count": 69,
        "utc_offset": null,
        "time_zone": null,
        "geo_enabled": true,
        "verified": false,
        "statuses_count": 2949,
        "lang": null,
        "contributors_enabled": false,
        "is_translator": false,
        "is_translation_enabled": false,
        "profile_background_color": "C0DEED",
        "profile_background_image_url": "http://abs.twimg.com/images/themes/theme1/bg.png",
        "profile_background_image_url_https": "https://abs.twimg.com/images/themes/theme1/bg.png",
        "profile_background_tile": false,
        "profile_image_url": "http://pbs.twimg.com/profile_images/925282303902994432/InAW7lDq_normal.jpg",
        "profile_image_url_https": "https://pbs.twimg.com/profile_images/925282303902994432/InAW7lDq_normal.jpg",
        "profile_banner_url": "https://pbs.twimg.com/profile_banners/321894008/1580217801",
        "profile_link_color": "0084B4",
        "profile_sidebar_border_color": "FFFFFF",
        "profile_sidebar_fill_color": "DDEEF6",
        "profile_text_color": "333333",
        "profile_use_background_image": true,
        "has_extended_profile": false,
        "default_profile": false,
        "default_profile_image": false,
        "following": null,
        "follow_request_sent": null,
        "notifications": null,
        "translator_type": "none"
    },
    "geo": null,
    "coordinates": null,
    "place": null,
    "contributors": null,
    "is_quote_status": false,
    "retweet_count": 0,
    "favorite_count": 0,
    "favorited": false,
    "retweeted": false,
    "possibly_sensitive": false,
    "lang": "en"
}