{
    "created_at": "Tue Mar 10 11:58:48 +0000 2020",
    "id": 1237347168064884737,
    "id_str": "1237347168064884737",
    "text": "RT @Leratolicious: This is Africa! \ud83c\udf0d #TIA \n\u2022\n\u2022\n\u2022\n\ud83d\udc55\ud83d\udc5f\ud83d\udc5c: @pumasouthafrica \n\ud83d\udd76: @dior x @spectacleboutique \n\ud83d\udccd: Ngong Town, Kenya https://t.co/yX\u2026",
    "truncated": false,
    "entities": {
        "hashtags": [
            {
                "text": "TIA",
                "indices": [
                    37,
                    41
                ]
            }
        ],
        "symbols": [],
        "user_mentions": [
            {
                "screen_name": "Leratolicious",
                "name": "Lerato Sengadi",
                "id": 33862857,
                "id_str": "33862857",
                "indices": [
                    3,
                    17
                ]
            },
            {
                "screen_name": "PUMASouthAfrica",
                "name": "PUMA South Africa",
                "id": 2315462461,
                "id_str": "2315462461",
                "indices": [
                    54,
                    70
                ]
            },
            {
                "screen_name": "Dior",
                "name": "Dior",
                "id": 348379865,
                "id_str": "348379865",
                "indices": [
                    75,
                    80
                ]
            }
        ],
        "urls": []
    },
    "metadata": {
        "iso_language_code": "en",
        "result_type": "recent"
    },
    "source": "<a href=\"http://twitter.com/download/iphone\" rel=\"nofollow\">Twitter for iPhone</a>",
    "in_reply_to_status_id": null,
    "in_reply_to_status_id_str": null,
    "in_reply_to_user_id": null,
    "in_reply_to_user_id_str": null,
    "in_reply_to_screen_name": null,
    "user": {
        "id": 223575007,
        "id_str": "223575007",
        "name": "Ayanda_AQH",
        "screen_name": "AyaTheAngel",
        "location": "South Africa, Cape Town",
        "description": "Scorpio \u2b06\ufe0f Virgo\u2600\ufe0f Libra\ud83c\udf19 OpinionatedUnbiasedMisunderstoodNo2Xenophobia InnocentUjahTufaceIdibia",
        "url": null,
        "entities": {
            "description": {
                "urls": []
            }
        },
        "protected": false,
        "followers_count": 1991,
        "friends_count": 1208,
        "listed_count": 10,
        "created_at": "Mon Dec 06 19:27:59 +0000 2010",
        "favourites_count": 1693,
        "utc_offset": null,
        "time_zone": null,
        "geo_enabled": true,
        "verified": false,
        "statuses_count": 93001,
        "lang": null,
        "contributors_enabled": false,
        "is_translator": false,
        "is_translation_enabled": false,
        "profile_background_color": "C0DEED",
        "profile_background_image_url": "http://abs.twimg.com/images/themes/theme1/bg.png",
        "profile_background_image_url_https": "https://abs.twimg.com/images/themes/theme1/bg.png",
        "profile_background_tile": false,
        "profile_image_url": "http://pbs.twimg.com/profile_images/1236688950980415489/9mzLNtJ8_normal.jpg",
        "profile_image_url_https": "https://pbs.twimg.com/profile_images/1236688950980415489/9mzLNtJ8_normal.jpg",
        "profile_banner_url": "https://pbs.twimg.com/profile_banners/223575007/1580294256",
        "profile_link_color": "1DA1F2",
        "profile_sidebar_border_color": "C0DEED",
        "profile_sidebar_fill_color": "DDEEF6",
        "profile_text_color": "333333",
        "profile_use_background_image": true,
        "has_extended_profile": false,
        "default_profile": true,
        "default_profile_image": false,
        "following": null,
        "follow_request_sent": null,
        "notifications": null,
        "translator_type": "none"
    },
    "geo": null,
    "coordinates": null,
    "place": null,
    "contributors": null,
    "retweeted_status": {
        "created_at": "Tue Mar 10 08:06:24 +0000 2020",
        "id": 1237288681473531907,
        "id_str": "1237288681473531907",
        "text": "This is Africa! \ud83c\udf0d #TIA \n\u2022\n\u2022\n\u2022\n\ud83d\udc55\ud83d\udc5f\ud83d\udc5c: @pumasouthafrica \n\ud83d\udd76: @dior x @spectacleboutique \n\ud83d\udccd: Ngong Town, Kenya https://t.co/yXdoZYH0yL",
        "truncated": false,
        "entities": {
            "hashtags": [
                {
                    "text": "TIA",
                    "indices": [
                        18,
                        22
                    ]
                }
            ],
            "symbols": [],
            "user_mentions": [
                {
                    "screen_name": "PUMASouthAfrica",
                    "name": "PUMA South Africa",
                    "id": 2315462461,
                    "id_str": "2315462461",
                    "indices": [
                        35,
                        51
                    ]
                },
                {
                    "screen_name": "Dior",
                    "name": "Dior",
                    "id": 348379865,
                    "id_str": "348379865",
                    "indices": [
                        56,
                        61
                    ]
                }
            ],
            "urls": [],
            "media": [
                {
                    "id": 1237288661978406917,
                    "id_str": "1237288661978406917",
                    "indices": [
                        105,
                        128
                    ],
                    "media_url": "http://pbs.twimg.com/media/ESu7e43XYAUOBQK.jpg",
                    "media_url_https": "https://pbs.twimg.com/media/ESu7e43XYAUOBQK.jpg",
                    "url": "https://t.co/yXdoZYH0yL",
                    "display_url": "pic.twitter.com/yXdoZYH0yL",
                    "expanded_url": "https://twitter.com/Leratolicious/status/1237288681473531907/photo/1",
                    "type": "photo",
                    "sizes": {
                        "small": {
                            "w": 510,
                            "h": 680,
                            "resize": "fit"
                        },
                        "thumb": {
                            "w": 150,
                            "h": 150,
                            "resize": "crop"
                        },
                        "medium": {
                            "w": 900,
                            "h": 1200,
                            "resize": "fit"
                        },
                        "large": {
                            "w": 1536,
                            "h": 2048,
                            "resize": "fit"
                        }
                    }
                }
            ]
        },
        "extended_entities": {
            "media": [
                {
                    "id": 1237288661978406917,
                    "id_str": "1237288661978406917",
                    "indices": [
                        105,
                        128
                    ],
                    "media_url": "http://pbs.twimg.com/media/ESu7e43XYAUOBQK.jpg",
                    "media_url_https": "https://pbs.twimg.com/media/ESu7e43XYAUOBQK.jpg",
                    "url": "https://t.co/yXdoZYH0yL",
                    "display_url": "pic.twitter.com/yXdoZYH0yL",
                    "expanded_url": "https://twitter.com/Leratolicious/status/1237288681473531907/photo/1",
                    "type": "photo",
                    "sizes": {
                        "small": {
                            "w": 510,
                            "h": 680,
                            "resize": "fit"
                        },
                        "thumb": {
                            "w": 150,
                            "h": 150,
                            "resize": "crop"
                        },
                        "medium": {
                            "w": 900,
                            "h": 1200,
                            "resize": "fit"
                        },
                        "large": {
                            "w": 1536,
                            "h": 2048,
                            "resize": "fit"
                        }
                    }
                }
            ]
        },
        "metadata": {
            "iso_language_code": "en",
            "result_type": "recent"
        },
        "source": "<a href=\"http://twitter.com/download/iphone\" rel=\"nofollow\">Twitter for iPhone</a>",
        "in_reply_to_status_id": null,
        "in_reply_to_status_id_str": null,
        "in_reply_to_user_id": null,
        "in_reply_to_user_id_str": null,
        "in_reply_to_screen_name": null,
        "user": {
            "id": 33862857,
            "id_str": "33862857",
            "name": "Lerato Sengadi",
            "screen_name": "Leratolicious",
            "location": "Johannesburg",
            "description": "HBIC. Unapologeticly African. Insta: @Leratolicious1",
            "url": null,
            "entities": {
                "description": {
                    "urls": []
                }
            },
            "protected": false,
            "followers_count": 54432,
            "friends_count": 1285,
            "listed_count": 217,
            "created_at": "Tue Apr 21 09:54:16 +0000 2009",
            "favourites_count": 6290,
            "utc_offset": null,
            "time_zone": null,
            "geo_enabled": true,
            "verified": false,
            "statuses_count": 37435,
            "lang": null,
            "contributors_enabled": false,
            "is_translator": false,
            "is_translation_enabled": false,
            "profile_background_color": "3D4A61",
            "profile_background_image_url": "http://abs.twimg.com/images/themes/theme1/bg.png",
            "profile_background_image_url_https": "https://abs.twimg.com/images/themes/theme1/bg.png",
            "profile_background_tile": false,
            "profile_image_url": "http://pbs.twimg.com/profile_images/574844500398456832/qurUQOxM_normal.jpeg",
            "profile_image_url_https": "https://pbs.twimg.com/profile_images/574844500398456832/qurUQOxM_normal.jpeg",
            "profile_banner_url": "https://pbs.twimg.com/profile_banners/33862857/1541752532",
            "profile_link_color": "6F946E",
            "profile_sidebar_border_color": "7581EB",
            "profile_sidebar_fill_color": "09CAE3",
            "profile_text_color": "0A0A0A",
            "profile_use_background_image": true,
            "has_extended_profile": false,
            "default_profile": false,
            "default_profile_image": false,
            "following": null,
            "follow_request_sent": null,
            "notifications": null,
            "translator_type": "none"
        },
        "geo": null,
        "coordinates": null,
        "place": null,
        "contributors": null,
        "is_quote_status": false,
        "retweet_count": 1,
        "favorite_count": 27,
        "favorited": false,
        "retweeted": false,
        "possibly_sensitive": false,
        "lang": "en"
    },
    "is_quote_status": false,
    "retweet_count": 1,
    "favorite_count": 0,
    "favorited": false,
    "retweeted": false,
    "lang": "en"
}