{
    "created_at": "Tue Mar 10 16:28:56 +0000 2020",
    "id": 1237415151319552006,
    "id_str": "1237415151319552006",
    "text": "RT @voguemagazine: .@Dior's fall runway featured hair scarves and bold rimmings of black eyeliner, worn all kinds of way. https://t.co/VjPD\u2026",
    "truncated": false,
    "entities": {
        "hashtags": [],
        "symbols": [],
        "user_mentions": [
            {
                "screen_name": "voguemagazine",
                "name": "Vogue Magazine",
                "id": 136361303,
                "id_str": "136361303",
                "indices": [
                    3,
                    17
                ]
            },
            {
                "screen_name": "Dior",
                "name": "Dior",
                "id": 348379865,
                "id_str": "348379865",
                "indices": [
                    20,
                    25
                ]
            }
        ],
        "urls": []
    },
    "metadata": {
        "iso_language_code": "en",
        "result_type": "recent"
    },
    "source": "<a href=\"https://mobile.twitter.com\" rel=\"nofollow\">Twitter Web App</a>",
    "in_reply_to_status_id": null,
    "in_reply_to_status_id_str": null,
    "in_reply_to_user_id": null,
    "in_reply_to_user_id_str": null,
    "in_reply_to_screen_name": null,
    "user": {
        "id": 905822842268381185,
        "id_str": "905822842268381185",
        "name": "Maria Am\u00e9lia Santos",
        "screen_name": "MariaAmliaSant5",
        "location": "",
        "description": "No, Thanks.",
        "url": null,
        "entities": {
            "description": {
                "urls": []
            }
        },
        "protected": false,
        "followers_count": 61,
        "friends_count": 265,
        "listed_count": 1,
        "created_at": "Thu Sep 07 15:59:29 +0000 2017",
        "favourites_count": 8762,
        "utc_offset": null,
        "time_zone": null,
        "geo_enabled": false,
        "verified": false,
        "statuses_count": 36768,
        "lang": null,
        "contributors_enabled": false,
        "is_translator": false,
        "is_translation_enabled": false,
        "profile_background_color": "000000",
        "profile_background_image_url": "http://abs.twimg.com/images/themes/theme1/bg.png",
        "profile_background_image_url_https": "https://abs.twimg.com/images/themes/theme1/bg.png",
        "profile_background_tile": false,
        "profile_image_url": "http://pbs.twimg.com/profile_images/905833045550395392/HJ4l5r1G_normal.jpg",
        "profile_image_url_https": "https://pbs.twimg.com/profile_images/905833045550395392/HJ4l5r1G_normal.jpg",
        "profile_banner_url": "https://pbs.twimg.com/profile_banners/905822842268381185/1504803274",
        "profile_link_color": "E81C4F",
        "profile_sidebar_border_color": "000000",
        "profile_sidebar_fill_color": "000000",
        "profile_text_color": "000000",
        "profile_use_background_image": false,
        "has_extended_profile": false,
        "default_profile": false,
        "default_profile_image": false,
        "following": null,
        "follow_request_sent": null,
        "notifications": null,
        "translator_type": "none"
    },
    "geo": null,
    "coordinates": null,
    "place": null,
    "contributors": null,
    "retweeted_status": {
        "created_at": "Sun Mar 08 09:52:39 +0000 2020",
        "id": 1236590647018237953,
        "id_str": "1236590647018237953",
        "text": ".@Dior's fall runway featured hair scarves and bold rimmings of black eyeliner, worn all kinds of way. https://t.co/VjPDFSvQDh",
        "truncated": false,
        "entities": {
            "hashtags": [],
            "symbols": [],
            "user_mentions": [
                {
                    "screen_name": "Dior",
                    "name": "Dior",
                    "id": 348379865,
                    "id_str": "348379865",
                    "indices": [
                        1,
                        6
                    ]
                }
            ],
            "urls": [
                {
                    "url": "https://t.co/VjPDFSvQDh",
                    "expanded_url": "http://vogue.cm/ZgBaQQK",
                    "display_url": "vogue.cm/ZgBaQQK",
                    "indices": [
                        103,
                        126
                    ]
                }
            ]
        },
        "metadata": {
            "iso_language_code": "en",
            "result_type": "recent"
        },
        "source": "<a href=\"http://www.socialflow.com\" rel=\"nofollow\">SocialFlow</a>",
        "in_reply_to_status_id": null,
        "in_reply_to_status_id_str": null,
        "in_reply_to_user_id": null,
        "in_reply_to_user_id_str": null,
        "in_reply_to_screen_name": null,
        "user": {
            "id": 136361303,
            "id_str": "136361303",
            "name": "Vogue Magazine",
            "screen_name": "voguemagazine",
            "location": "New York, NY",
            "description": "The official Twitter page of Vogue Magazine.",
            "url": "https://t.co/vaoj57vMYU",
            "entities": {
                "url": {
                    "urls": [
                        {
                            "url": "https://t.co/vaoj57vMYU",
                            "expanded_url": "http://www.vogue.com",
                            "display_url": "vogue.com",
                            "indices": [
                                0,
                                23
                            ]
                        }
                    ]
                },
                "description": {
                    "urls": []
                }
            },
            "protected": false,
            "followers_count": 13794553,
            "friends_count": 518,
            "listed_count": 23814,
            "created_at": "Fri Apr 23 18:33:32 +0000 2010",
            "favourites_count": 5615,
            "utc_offset": null,
            "time_zone": null,
            "geo_enabled": true,
            "verified": true,
            "statuses_count": 147424,
            "lang": null,
            "contributors_enabled": false,
            "is_translator": false,
            "is_translation_enabled": false,
            "profile_background_color": "131516",
            "profile_background_image_url": "http://abs.twimg.com/images/themes/theme14/bg.gif",
            "profile_background_image_url_https": "https://abs.twimg.com/images/themes/theme14/bg.gif",
            "profile_background_tile": false,
            "profile_image_url": "http://pbs.twimg.com/profile_images/949349571087536129/jClOJzBv_normal.jpg",
            "profile_image_url_https": "https://pbs.twimg.com/profile_images/949349571087536129/jClOJzBv_normal.jpg",
            "profile_banner_url": "https://pbs.twimg.com/profile_banners/136361303/1580736793",
            "profile_link_color": "009999",
            "profile_sidebar_border_color": "FFFFFF",
            "profile_sidebar_fill_color": "EFEFEF",
            "profile_text_color": "333333",
            "profile_use_background_image": false,
            "has_extended_profile": false,
            "default_profile": false,
            "default_profile_image": false,
            "following": null,
            "follow_request_sent": null,
            "notifications": null,
            "translator_type": "none"
        },
        "geo": null,
        "coordinates": null,
        "place": null,
        "contributors": null,
        "is_quote_status": false,
        "retweet_count": 16,
        "favorite_count": 91,
        "favorited": false,
        "retweeted": false,
        "possibly_sensitive": false,
        "lang": "en"
    },
    "is_quote_status": false,
    "retweet_count": 16,
    "favorite_count": 0,
    "favorited": false,
    "retweeted": false,
    "lang": "en"
}