{
    "created_at": "Tue Mar 10 14:48:01 +0000 2020",
    "id": 1237389752447299585,
    "id_str": "1237389752447299585",
    "text": "@chrisyoungraps @Dior Bro what the entire fuck are you talking about",
    "truncated": false,
    "entities": {
        "hashtags": [],
        "symbols": [],
        "user_mentions": [
            {
                "screen_name": "chrisyoungraps",
                "name": "C. Young",
                "id": 37217689,
                "id_str": "37217689",
                "indices": [
                    0,
                    15
                ]
            },
            {
                "screen_name": "Dior",
                "name": "Dior",
                "id": 348379865,
                "id_str": "348379865",
                "indices": [
                    16,
                    21
                ]
            }
        ],
        "urls": []
    },
    "metadata": {
        "iso_language_code": "en",
        "result_type": "recent"
    },
    "source": "<a href=\"http://twitter.com/download/iphone\" rel=\"nofollow\">Twitter for iPhone</a>",
    "in_reply_to_status_id": 1237389359256449026,
    "in_reply_to_status_id_str": "1237389359256449026",
    "in_reply_to_user_id": 37217689,
    "in_reply_to_user_id_str": "37217689",
    "in_reply_to_screen_name": "chrisyoungraps",
    "user": {
        "id": 178117582,
        "id_str": "178117582",
        "name": "SHAWN SMITH",
        "screen_name": "shawnsmithstory",
        "location": "shawnsmithmgmt@gmail.com",
        "description": "SINK OR SWIM: A SHAWN SMITH STORY is available on all music platforms! listen here: https://t.co/UCjwwunDsP",
        "url": "https://t.co/HdsISvHkLJ",
        "entities": {
            "url": {
                "urls": [
                    {
                        "url": "https://t.co/HdsISvHkLJ",
                        "expanded_url": "http://shawnsmithstory.net",
                        "display_url": "shawnsmithstory.net",
                        "indices": [
                            0,
                            23
                        ]
                    }
                ]
            },
            "description": {
                "urls": [
                    {
                        "url": "https://t.co/UCjwwunDsP",
                        "expanded_url": "http://fanlink.to/sinkorswim",
                        "display_url": "fanlink.to/sinkorswim",
                        "indices": [
                            84,
                            107
                        ]
                    }
                ]
            }
        },
        "protected": false,
        "followers_count": 19250,
        "friends_count": 858,
        "listed_count": 76,
        "created_at": "Fri Aug 13 22:45:41 +0000 2010",
        "favourites_count": 3289,
        "utc_offset": null,
        "time_zone": null,
        "geo_enabled": true,
        "verified": false,
        "statuses_count": 57884,
        "lang": null,
        "contributors_enabled": false,
        "is_translator": false,
        "is_translation_enabled": false,
        "profile_background_color": "000000",
        "profile_background_image_url": "http://abs.twimg.com/images/themes/theme1/bg.png",
        "profile_background_image_url_https": "https://abs.twimg.com/images/themes/theme1/bg.png",
        "profile_background_tile": true,
        "profile_image_url": "http://pbs.twimg.com/profile_images/1233537749564739591/ev0o1P8f_normal.jpg",
        "profile_image_url_https": "https://pbs.twimg.com/profile_images/1233537749564739591/ev0o1P8f_normal.jpg",
        "profile_banner_url": "https://pbs.twimg.com/profile_banners/178117582/1561434605",
        "profile_link_color": "636363",
        "profile_sidebar_border_color": "FFFFFF",
        "profile_sidebar_fill_color": "FFFFFF",
        "profile_text_color": "348547",
        "profile_use_background_image": false,
        "has_extended_profile": false,
        "default_profile": false,
        "default_profile_image": false,
        "following": null,
        "follow_request_sent": null,
        "notifications": null,
        "translator_type": "none"
    },
    "geo": null,
    "coordinates": null,
    "place": null,
    "contributors": null,
    "is_quote_status": false,
    "retweet_count": 0,
    "favorite_count": 0,
    "favorited": false,
    "retweeted": false,
    "lang": "en"
}