{
    "created_at": "Tue Mar 10 13:54:56 +0000 2020",
    "id": 1237376395979849733,
    "id_str": "1237376395979849733",
    "text": "\u201c \u0e15\u0e34\u0e14\u0e15\u0e32\u0e21\u0e41\u0e1f\u0e0a\u0e31\u0e48\u0e19\u0e40\u0e0b\u0e47\u0e15\u0e1b\u0e01\u0e2a\u0e38\u0e14\u0e1e\u0e34\u0e40\u0e28\u0e29 \u0e01\u0e31\u0e1a \u0e21\u0e34\u0e27 \u0e19\u0e34\u0e29\u0e10\u0e32 \u0e43\u0e19\u0e25\u0e38\u0e04\u0e2a\u0e38\u0e14\u0e2a\u0e27\u0e22\u0e01\u0e31\u0e1a @dior \u0e44\u0e14\u0e49\u0e43\u0e19 Bazaar Fashion Book\nhttps://t.co/12lUWgzxj4",
    "truncated": false,
    "entities": {
        "hashtags": [],
        "symbols": [],
        "user_mentions": [
            {
                "screen_name": "Dior",
                "name": "Dior",
                "id": 348379865,
                "id_str": "348379865",
                "indices": [
                    58,
                    63
                ]
            }
        ],
        "urls": [
            {
                "url": "https://t.co/12lUWgzxj4",
                "expanded_url": "https://www.instagram.com/tv/B9hGOAQBj1C/?igshid=ifyarzfq2935",
                "display_url": "instagram.com/tv/B9hGOAQBj1C\u2026",
                "indices": [
                    90,
                    113
                ]
            }
        ]
    },
    "metadata": {
        "iso_language_code": "th",
        "result_type": "recent"
    },
    "source": "<a href=\"http://twitter.com/download/android\" rel=\"nofollow\">Twitter for Android</a>",
    "in_reply_to_status_id": null,
    "in_reply_to_status_id_str": null,
    "in_reply_to_user_id": null,
    "in_reply_to_user_id_str": null,
    "in_reply_to_screen_name": null,
    "user": {
        "id": 762989433490583554,
        "id_str": "762989433490583554",
        "name": "Mewnitthafc_official",
        "screen_name": "MewnitthafcO",
        "location": "",
        "description": "\u2728 \u0e23\u0e31\u0e01\u0e21\u0e34\u0e27\u0e19\u0e30..\u0e08\u0e49\u0e32\u0e32 \u2728 \n\n\u0e1c\u0e25\u0e07\u0e32\u0e19 \n\ud83c\udfac \u0e2d\u0e01\u0e40\u0e01\u0e37\u0e2d\u0e1a\u0e2b\u0e31\u0e01\u0e41\u0e2d\u0e1a\u0e23\u0e31\u0e01\u0e04\u0e38\u0e13\u0e2a\u0e32\u0e21\u0e35\n\nLine id : @mewnitthafc \n E-mail: mewnitthafanclubofficial@gmail.com",
        "url": "https://t.co/vlTi1fB10v",
        "entities": {
            "url": {
                "urls": [
                    {
                        "url": "https://t.co/vlTi1fB10v",
                        "expanded_url": "http://www.facebook.com/mewnitthafc",
                        "display_url": "facebook.com/mewnitthafc",
                        "indices": [
                            0,
                            23
                        ]
                    }
                ]
            },
            "description": {
                "urls": []
            }
        },
        "protected": false,
        "followers_count": 3432,
        "friends_count": 51,
        "listed_count": 2,
        "created_at": "Tue Aug 09 12:30:31 +0000 2016",
        "favourites_count": 6290,
        "utc_offset": null,
        "time_zone": null,
        "geo_enabled": false,
        "verified": false,
        "statuses_count": 9730,
        "lang": null,
        "contributors_enabled": false,
        "is_translator": false,
        "is_translation_enabled": false,
        "profile_background_color": "F5F8FA",
        "profile_background_image_url": null,
        "profile_background_image_url_https": null,
        "profile_background_tile": false,
        "profile_image_url": "http://pbs.twimg.com/profile_images/1060566193348595712/jL0GNd_1_normal.jpg",
        "profile_image_url_https": "https://pbs.twimg.com/profile_images/1060566193348595712/jL0GNd_1_normal.jpg",
        "profile_banner_url": "https://pbs.twimg.com/profile_banners/762989433490583554/1541693906",
        "profile_link_color": "1DA1F2",
        "profile_sidebar_border_color": "C0DEED",
        "profile_sidebar_fill_color": "DDEEF6",
        "profile_text_color": "333333",
        "profile_use_background_image": true,
        "has_extended_profile": false,
        "default_profile": true,
        "default_profile_image": false,
        "following": null,
        "follow_request_sent": null,
        "notifications": null,
        "translator_type": "none"
    },
    "geo": null,
    "coordinates": null,
    "place": null,
    "contributors": null,
    "is_quote_status": false,
    "retweet_count": 0,
    "favorite_count": 2,
    "favorited": false,
    "retweeted": false,
    "possibly_sensitive": false,
    "lang": "th"
}