{
    "created_at": "Tue Mar 10 07:02:06 +0000 2020",
    "id": 1237272501203292160,
    "id_str": "1237272501203292160",
    "text": "@kjsfirst @Dior @DCJisoogallery https://t.co/42SCtGyeuL",
    "truncated": false,
    "entities": {
        "hashtags": [],
        "symbols": [],
        "user_mentions": [
            {
                "screen_name": "kjsfirst",
                "name": "JISOO FIRST",
                "id": 1006596009798000640,
                "id_str": "1006596009798000640",
                "indices": [
                    0,
                    9
                ]
            },
            {
                "screen_name": "Dior",
                "name": "Dior",
                "id": 348379865,
                "id_str": "348379865",
                "indices": [
                    10,
                    15
                ]
            },
            {
                "screen_name": "DCJisoogallery",
                "name": "DC \ube14\ub799\ud551\ud06c \uc9c0\uc218 \uac24\ub7ec\ub9ac",
                "id": 1043418409399017473,
                "id_str": "1043418409399017473",
                "indices": [
                    16,
                    31
                ]
            }
        ],
        "urls": [
            {
                "url": "https://t.co/42SCtGyeuL",
                "expanded_url": "https://m.search.naver.com/search.naver?sm=mtp_hty.top&where=m&query=%EB%B8%94%EB%9E%99%ED%95%91%ED%81%AC+%EC%A7%80%EC%88%98",
                "display_url": "m.search.naver.com/search.naver?s\u2026",
                "indices": [
                    32,
                    55
                ]
            }
        ]
    },
    "metadata": {
        "iso_language_code": "und",
        "result_type": "recent"
    },
    "source": "<a href=\"http://twitter.com/download/iphone\" rel=\"nofollow\">Twitter for iPhone</a>",
    "in_reply_to_status_id": 1237223361626828801,
    "in_reply_to_status_id_str": "1237223361626828801",
    "in_reply_to_user_id": 1006596009798000640,
    "in_reply_to_user_id_str": "1006596009798000640",
    "in_reply_to_screen_name": "kjsfirst",
    "user": {
        "id": 1212354007403941888,
        "id_str": "1212354007403941888",
        "name": "\ud83c\udd62\ud83c\udd5e\ud83c\udd5d",
        "screen_name": "Mygirl0103",
        "location": "",
        "description": "J\u0362i\u0362s\u0362o\u0362o\u0362 i\u0362s\u0362 m\u0362y\u0362 l\u0362i\u0362f\u0362e\u0362 \ud83d\udc9c \ud835\udfff\ud835\udffb\ud835\udff6\ud835\udff7\ud835\udff6\ud835\udff9 \ud83c\udf89 https://t.co/sZtjaKGQDK",
        "url": null,
        "entities": {
            "description": {
                "urls": [
                    {
                        "url": "https://t.co/sZtjaKGQDK",
                        "expanded_url": "https://instagram.com/sooyaaa__?igshid=19vbfdrmac0rc",
                        "display_url": "instagram.com/sooyaaa__?igsh\u2026",
                        "indices": [
                            41,
                            64
                        ]
                    }
                ]
            }
        },
        "protected": false,
        "followers_count": 249,
        "friends_count": 947,
        "listed_count": 0,
        "created_at": "Wed Jan 01 12:45:26 +0000 2020",
        "favourites_count": 669,
        "utc_offset": null,
        "time_zone": null,
        "geo_enabled": false,
        "verified": false,
        "statuses_count": 8653,
        "lang": null,
        "contributors_enabled": false,
        "is_translator": false,
        "is_translation_enabled": false,
        "profile_background_color": "F5F8FA",
        "profile_background_image_url": null,
        "profile_background_image_url_https": null,
        "profile_background_tile": false,
        "profile_image_url": "http://pbs.twimg.com/profile_images/1232859951422304258/Gg8SilrT_normal.jpg",
        "profile_image_url_https": "https://pbs.twimg.com/profile_images/1232859951422304258/Gg8SilrT_normal.jpg",
        "profile_banner_url": "https://pbs.twimg.com/profile_banners/1212354007403941888/1577931136",
        "profile_link_color": "1DA1F2",
        "profile_sidebar_border_color": "C0DEED",
        "profile_sidebar_fill_color": "DDEEF6",
        "profile_text_color": "333333",
        "profile_use_background_image": true,
        "has_extended_profile": false,
        "default_profile": true,
        "default_profile_image": false,
        "following": null,
        "follow_request_sent": null,
        "notifications": null,
        "translator_type": "none"
    },
    "geo": null,
    "coordinates": null,
    "place": null,
    "contributors": null,
    "is_quote_status": false,
    "retweet_count": 0,
    "favorite_count": 0,
    "favorited": false,
    "retweeted": false,
    "possibly_sensitive": false,
    "lang": "und"
}