{
    "created_at": "Tue Mar 10 05:49:29 +0000 2020",
    "id": 1237254228575318018,
    "id_str": "1237254228575318018",
    "text": "Prestige's March issue is out now! We collaborate with @Dior to commemorate #InternationalWomensDay2020 and celebra\u2026 https://t.co/XAKTm9tJTS",
    "truncated": true,
    "entities": {
        "hashtags": [
            {
                "text": "InternationalWomensDay2020",
                "indices": [
                    76,
                    103
                ]
            }
        ],
        "symbols": [],
        "user_mentions": [
            {
                "screen_name": "Dior",
                "name": "Dior",
                "id": 348379865,
                "id_str": "348379865",
                "indices": [
                    55,
                    60
                ]
            }
        ],
        "urls": [
            {
                "url": "https://t.co/XAKTm9tJTS",
                "expanded_url": "https://twitter.com/i/web/status/1237254228575318018",
                "display_url": "twitter.com/i/web/status/1\u2026",
                "indices": [
                    117,
                    140
                ]
            }
        ]
    },
    "metadata": {
        "iso_language_code": "en",
        "result_type": "recent"
    },
    "source": "<a href=\"http://twitter.com/download/iphone\" rel=\"nofollow\">Twitter for iPhone</a>",
    "in_reply_to_status_id": null,
    "in_reply_to_status_id_str": null,
    "in_reply_to_user_id": null,
    "in_reply_to_user_id_str": null,
    "in_reply_to_screen_name": null,
    "user": {
        "id": 63661357,
        "id_str": "63661357",
        "name": "Prestige Magazine",
        "screen_name": "Prestige_Mag",
        "location": "Indonesia",
        "description": "Indonesia's Leading Society Magazine",
        "url": "https://t.co/d7SjZrZ4Gj",
        "entities": {
            "url": {
                "urls": [
                    {
                        "url": "https://t.co/d7SjZrZ4Gj",
                        "expanded_url": "http://prestigeonline.com/id",
                        "display_url": "prestigeonline.com/id",
                        "indices": [
                            0,
                            23
                        ]
                    }
                ]
            },
            "description": {
                "urls": []
            }
        },
        "protected": false,
        "followers_count": 5489,
        "friends_count": 469,
        "listed_count": 91,
        "created_at": "Fri Aug 07 06:46:53 +0000 2009",
        "favourites_count": 486,
        "utc_offset": null,
        "time_zone": null,
        "geo_enabled": true,
        "verified": false,
        "statuses_count": 12026,
        "lang": null,
        "contributors_enabled": false,
        "is_translator": false,
        "is_translation_enabled": false,
        "profile_background_color": "21522F",
        "profile_background_image_url": "http://abs.twimg.com/images/themes/theme7/bg.gif",
        "profile_background_image_url_https": "https://abs.twimg.com/images/themes/theme7/bg.gif",
        "profile_background_tile": false,
        "profile_image_url": "http://pbs.twimg.com/profile_images/1235445013888118784/8Bt8vcCJ_normal.jpg",
        "profile_image_url_https": "https://pbs.twimg.com/profile_images/1235445013888118784/8Bt8vcCJ_normal.jpg",
        "profile_banner_url": "https://pbs.twimg.com/profile_banners/63661357/1583388020",
        "profile_link_color": "990000",
        "profile_sidebar_border_color": "FFFFFF",
        "profile_sidebar_fill_color": "F3F3F3",
        "profile_text_color": "333333",
        "profile_use_background_image": false,
        "has_extended_profile": false,
        "default_profile": false,
        "default_profile_image": false,
        "following": null,
        "follow_request_sent": null,
        "notifications": null,
        "translator_type": "none"
    },
    "geo": null,
    "coordinates": null,
    "place": null,
    "contributors": null,
    "is_quote_status": false,
    "retweet_count": 0,
    "favorite_count": 0,
    "favorited": false,
    "retweeted": false,
    "possibly_sensitive": false,
    "lang": "en"
}