{
    "created_at": "Tue Mar 10 11:58:47 +0000 2020",
    "id": 1237347163446726657,
    "id_str": "1237347163446726657",
    "text": "RT @EXOnebulae: 2 years late for Sehun but the contract will come through \ud83e\udd74 @Dior https://t.co/yX6FZDVdVC",
    "truncated": false,
    "entities": {
        "hashtags": [],
        "symbols": [],
        "user_mentions": [
            {
                "screen_name": "EXOnebulae",
                "name": "\ud835\ude7d\ud835\ude8a\ud835\ude8c\ud835\ude92\u2019\ud835\ude9c \ud835\ude9c\ud835\ude8e\ud835\ude95\ud835\ude8f \ud835\ude99\ud835\ude98\ud835\ude9b\ud835\ude9d\ud835\ude9b\ud835\ude8a\ud835\ude92\ud835\ude9d",
                "id": 184138939,
                "id_str": "184138939",
                "indices": [
                    3,
                    14
                ]
            },
            {
                "screen_name": "Dior",
                "name": "Dior",
                "id": 348379865,
                "id_str": "348379865",
                "indices": [
                    76,
                    81
                ]
            }
        ],
        "urls": [],
        "media": [
            {
                "id": 1236983293234630662,
                "id_str": "1236983293234630662",
                "indices": [
                    82,
                    105
                ],
                "media_url": "http://pbs.twimg.com/media/ESqlwFpX0AYuLsd.jpg",
                "media_url_https": "https://pbs.twimg.com/media/ESqlwFpX0AYuLsd.jpg",
                "url": "https://t.co/yX6FZDVdVC",
                "display_url": "pic.twitter.com/yX6FZDVdVC",
                "expanded_url": "https://twitter.com/EXOnebulae/status/1236983298196463616/photo/1",
                "type": "photo",
                "sizes": {
                    "thumb": {
                        "w": 150,
                        "h": 150,
                        "resize": "crop"
                    },
                    "medium": {
                        "w": 749,
                        "h": 698,
                        "resize": "fit"
                    },
                    "large": {
                        "w": 749,
                        "h": 698,
                        "resize": "fit"
                    },
                    "small": {
                        "w": 680,
                        "h": 634,
                        "resize": "fit"
                    }
                },
                "source_status_id": 1236983298196463616,
                "source_status_id_str": "1236983298196463616",
                "source_user_id": 184138939,
                "source_user_id_str": "184138939"
            }
        ]
    },
    "extended_entities": {
        "media": [
            {
                "id": 1236983293234630662,
                "id_str": "1236983293234630662",
                "indices": [
                    82,
                    105
                ],
                "media_url": "http://pbs.twimg.com/media/ESqlwFpX0AYuLsd.jpg",
                "media_url_https": "https://pbs.twimg.com/media/ESqlwFpX0AYuLsd.jpg",
                "url": "https://t.co/yX6FZDVdVC",
                "display_url": "pic.twitter.com/yX6FZDVdVC",
                "expanded_url": "https://twitter.com/EXOnebulae/status/1236983298196463616/photo/1",
                "type": "photo",
                "sizes": {
                    "thumb": {
                        "w": 150,
                        "h": 150,
                        "resize": "crop"
                    },
                    "medium": {
                        "w": 749,
                        "h": 698,
                        "resize": "fit"
                    },
                    "large": {
                        "w": 749,
                        "h": 698,
                        "resize": "fit"
                    },
                    "small": {
                        "w": 680,
                        "h": 634,
                        "resize": "fit"
                    }
                },
                "source_status_id": 1236983298196463616,
                "source_status_id_str": "1236983298196463616",
                "source_user_id": 184138939,
                "source_user_id_str": "184138939"
            }
        ]
    },
    "metadata": {
        "iso_language_code": "en",
        "result_type": "recent"
    },
    "source": "<a href=\"http://twitter.com/download/android\" rel=\"nofollow\">Twitter for Android</a>",
    "in_reply_to_status_id": null,
    "in_reply_to_status_id_str": null,
    "in_reply_to_user_id": null,
    "in_reply_to_user_id_str": null,
    "in_reply_to_screen_name": null,
    "user": {
        "id": 1014817821862158337,
        "id_str": "1014817821862158337",
        "name": "dear my dear[rest] \ud83c\udf09",
        "screen_name": "kjd_yahoo",
        "location": "",
        "description": "im not a solo stan but only jongdae-biased\ud83c\udf6d\nUlting chenbaeksoo-chenlerenjundoyoung and many others, sm stan follow me",
        "url": "https://t.co/1XYmyAX9p9",
        "entities": {
            "url": {
                "urls": [
                    {
                        "url": "https://t.co/1XYmyAX9p9",
                        "expanded_url": "http://curiouscat.com",
                        "display_url": "curiouscat.com",
                        "indices": [
                            0,
                            23
                        ]
                    }
                ]
            },
            "description": {
                "urls": []
            }
        },
        "protected": false,
        "followers_count": 91,
        "friends_count": 126,
        "listed_count": 1,
        "created_at": "Thu Jul 05 10:26:37 +0000 2018",
        "favourites_count": 13207,
        "utc_offset": null,
        "time_zone": null,
        "geo_enabled": false,
        "verified": false,
        "statuses_count": 23687,
        "lang": null,
        "contributors_enabled": false,
        "is_translator": false,
        "is_translation_enabled": false,
        "profile_background_color": "F5F8FA",
        "profile_background_image_url": null,
        "profile_background_image_url_https": null,
        "profile_background_tile": false,
        "profile_image_url": "http://pbs.twimg.com/profile_images/1203626039177383938/-cMmz6Ld_normal.jpg",
        "profile_image_url_https": "https://pbs.twimg.com/profile_images/1203626039177383938/-cMmz6Ld_normal.jpg",
        "profile_banner_url": "https://pbs.twimg.com/profile_banners/1014817821862158337/1541687990",
        "profile_link_color": "1DA1F2",
        "profile_sidebar_border_color": "C0DEED",
        "profile_sidebar_fill_color": "DDEEF6",
        "profile_text_color": "333333",
        "profile_use_background_image": true,
        "has_extended_profile": false,
        "default_profile": true,
        "default_profile_image": false,
        "following": null,
        "follow_request_sent": null,
        "notifications": null,
        "translator_type": "none"
    },
    "geo": null,
    "coordinates": null,
    "place": null,
    "contributors": null,
    "retweeted_status": {
        "created_at": "Mon Mar 09 11:52:54 +0000 2020",
        "id": 1236983298196463616,
        "id_str": "1236983298196463616",
        "text": "2 years late for Sehun but the contract will come through \ud83e\udd74 @Dior https://t.co/yX6FZDVdVC",
        "truncated": false,
        "entities": {
            "hashtags": [],
            "symbols": [],
            "user_mentions": [
                {
                    "screen_name": "Dior",
                    "name": "Dior",
                    "id": 348379865,
                    "id_str": "348379865",
                    "indices": [
                        60,
                        65
                    ]
                }
            ],
            "urls": [],
            "media": [
                {
                    "id": 1236983293234630662,
                    "id_str": "1236983293234630662",
                    "indices": [
                        66,
                        89
                    ],
                    "media_url": "http://pbs.twimg.com/media/ESqlwFpX0AYuLsd.jpg",
                    "media_url_https": "https://pbs.twimg.com/media/ESqlwFpX0AYuLsd.jpg",
                    "url": "https://t.co/yX6FZDVdVC",
                    "display_url": "pic.twitter.com/yX6FZDVdVC",
                    "expanded_url": "https://twitter.com/EXOnebulae/status/1236983298196463616/photo/1",
                    "type": "photo",
                    "sizes": {
                        "thumb": {
                            "w": 150,
                            "h": 150,
                            "resize": "crop"
                        },
                        "medium": {
                            "w": 749,
                            "h": 698,
                            "resize": "fit"
                        },
                        "large": {
                            "w": 749,
                            "h": 698,
                            "resize": "fit"
                        },
                        "small": {
                            "w": 680,
                            "h": 634,
                            "resize": "fit"
                        }
                    }
                }
            ]
        },
        "extended_entities": {
            "media": [
                {
                    "id": 1236983293234630662,
                    "id_str": "1236983293234630662",
                    "indices": [
                        66,
                        89
                    ],
                    "media_url": "http://pbs.twimg.com/media/ESqlwFpX0AYuLsd.jpg",
                    "media_url_https": "https://pbs.twimg.com/media/ESqlwFpX0AYuLsd.jpg",
                    "url": "https://t.co/yX6FZDVdVC",
                    "display_url": "pic.twitter.com/yX6FZDVdVC",
                    "expanded_url": "https://twitter.com/EXOnebulae/status/1236983298196463616/photo/1",
                    "type": "photo",
                    "sizes": {
                        "thumb": {
                            "w": 150,
                            "h": 150,
                            "resize": "crop"
                        },
                        "medium": {
                            "w": 749,
                            "h": 698,
                            "resize": "fit"
                        },
                        "large": {
                            "w": 749,
                            "h": 698,
                            "resize": "fit"
                        },
                        "small": {
                            "w": 680,
                            "h": 634,
                            "resize": "fit"
                        }
                    }
                }
            ]
        },
        "metadata": {
            "iso_language_code": "en",
            "result_type": "recent"
        },
        "source": "<a href=\"http://twitter.com/download/iphone\" rel=\"nofollow\">Twitter for iPhone</a>",
        "in_reply_to_status_id": null,
        "in_reply_to_status_id_str": null,
        "in_reply_to_user_id": null,
        "in_reply_to_user_id_str": null,
        "in_reply_to_screen_name": null,
        "user": {
            "id": 184138939,
            "id_str": "184138939",
            "name": "\ud835\ude7d\ud835\ude8a\ud835\ude8c\ud835\ude92\u2019\ud835\ude9c \ud835\ude9c\ud835\ude8e\ud835\ude95\ud835\ude8f \ud835\ude99\ud835\ude98\ud835\ude9b\ud835\ude9d\ud835\ude9b\ud835\ude8a\ud835\ude92\ud835\ude9d",
            "screen_name": "EXOnebulae",
            "location": "L-1485",
            "description": "Oh Se-hun (born April 12, 1994), better known as Sehun, is a South Korean rapper, singer, songwriter, producer, dancer, choreographer, model and actor.",
            "url": null,
            "entities": {
                "description": {
                    "urls": []
                }
            },
            "protected": false,
            "followers_count": 16199,
            "friends_count": 835,
            "listed_count": 243,
            "created_at": "Sat Aug 28 20:02:18 +0000 2010",
            "favourites_count": 115364,
            "utc_offset": null,
            "time_zone": null,
            "geo_enabled": false,
            "verified": false,
            "statuses_count": 122106,
            "lang": null,
            "contributors_enabled": false,
            "is_translator": false,
            "is_translation_enabled": false,
            "profile_background_color": "000000",
            "profile_background_image_url": "http://abs.twimg.com/images/themes/theme1/bg.png",
            "profile_background_image_url_https": "https://abs.twimg.com/images/themes/theme1/bg.png",
            "profile_background_tile": false,
            "profile_image_url": "http://pbs.twimg.com/profile_images/1236068315002437633/EjutOuFL_normal.jpg",
            "profile_image_url_https": "https://pbs.twimg.com/profile_images/1236068315002437633/EjutOuFL_normal.jpg",
            "profile_banner_url": "https://pbs.twimg.com/profile_banners/184138939/1583536627",
            "profile_link_color": "F58EA8",
            "profile_sidebar_border_color": "000000",
            "profile_sidebar_fill_color": "000000",
            "profile_text_color": "000000",
            "profile_use_background_image": false,
            "has_extended_profile": true,
            "default_profile": false,
            "default_profile_image": false,
            "following": null,
            "follow_request_sent": null,
            "notifications": null,
            "translator_type": "none"
        },
        "geo": null,
        "coordinates": null,
        "place": null,
        "contributors": null,
        "is_quote_status": false,
        "retweet_count": 48,
        "favorite_count": 139,
        "favorited": false,
        "retweeted": false,
        "possibly_sensitive": false,
        "lang": "en"
    },
    "is_quote_status": false,
    "retweet_count": 48,
    "favorite_count": 0,
    "favorited": false,
    "retweeted": false,
    "possibly_sensitive": false,
    "lang": "en"
}