{
    "created_at": "Tue Mar 10 11:26:51 +0000 2020",
    "id": 1237339127743483905,
    "id_str": "1237339127743483905",
    "text": "@Leratolicious @PUMASouthAfrica @Dior Greet Kwambox!\ud83d\udc4a",
    "truncated": false,
    "entities": {
        "hashtags": [],
        "symbols": [],
        "user_mentions": [
            {
                "screen_name": "Leratolicious",
                "name": "Lerato Sengadi",
                "id": 33862857,
                "id_str": "33862857",
                "indices": [
                    0,
                    14
                ]
            },
            {
                "screen_name": "PUMASouthAfrica",
                "name": "PUMA South Africa",
                "id": 2315462461,
                "id_str": "2315462461",
                "indices": [
                    15,
                    31
                ]
            },
            {
                "screen_name": "Dior",
                "name": "Dior",
                "id": 348379865,
                "id_str": "348379865",
                "indices": [
                    32,
                    37
                ]
            }
        ],
        "urls": []
    },
    "metadata": {
        "iso_language_code": "nl",
        "result_type": "recent"
    },
    "source": "<a href=\"http://twitter.com/download/android\" rel=\"nofollow\">Twitter for Android</a>",
    "in_reply_to_status_id": 1237288681473531907,
    "in_reply_to_status_id_str": "1237288681473531907",
    "in_reply_to_user_id": 33862857,
    "in_reply_to_user_id_str": "33862857",
    "in_reply_to_screen_name": "Leratolicious",
    "user": {
        "id": 238419658,
        "id_str": "238419658",
        "name": "An Angel",
        "screen_name": "Maenjoo",
        "location": "Pretoria,RSA",
        "description": "A mother, wife & Hard working Professional and Assertive woman. I believe that the sky is not the limit.I am also a no nonsense woman...u get.",
        "url": null,
        "entities": {
            "description": {
                "urls": []
            }
        },
        "protected": false,
        "followers_count": 761,
        "friends_count": 598,
        "listed_count": 4,
        "created_at": "Sat Jan 15 03:52:33 +0000 2011",
        "favourites_count": 5782,
        "utc_offset": null,
        "time_zone": null,
        "geo_enabled": true,
        "verified": false,
        "statuses_count": 9743,
        "lang": null,
        "contributors_enabled": false,
        "is_translator": false,
        "is_translation_enabled": false,
        "profile_background_color": "FF6699",
        "profile_background_image_url": "http://abs.twimg.com/images/themes/theme11/bg.gif",
        "profile_background_image_url_https": "https://abs.twimg.com/images/themes/theme11/bg.gif",
        "profile_background_tile": true,
        "profile_image_url": "http://pbs.twimg.com/profile_images/731559185792503809/xGoWz1y7_normal.jpg",
        "profile_image_url_https": "https://pbs.twimg.com/profile_images/731559185792503809/xGoWz1y7_normal.jpg",
        "profile_banner_url": "https://pbs.twimg.com/profile_banners/238419658/1583769520",
        "profile_link_color": "B40B43",
        "profile_sidebar_border_color": "CC3366",
        "profile_sidebar_fill_color": "E5507E",
        "profile_text_color": "362720",
        "profile_use_background_image": true,
        "has_extended_profile": false,
        "default_profile": false,
        "default_profile_image": false,
        "following": null,
        "follow_request_sent": null,
        "notifications": null,
        "translator_type": "none"
    },
    "geo": null,
    "coordinates": null,
    "place": null,
    "contributors": null,
    "is_quote_status": false,
    "retweet_count": 0,
    "favorite_count": 0,
    "favorited": false,
    "retweeted": false,
    "lang": "nl"
}