{
    "created_at": "Tue Mar 10 11:11:42 +0000 2020",
    "id": 1237335315288690688,
    "id_str": "1237335315288690688",
    "text": "RT @Dior: \u300c\u30ec\u30c7\u30a3 \u30c7\u30a3\u30aa\u30fc\u30eb\u300d\u306e\u65b0\u4f5c\u300c\u30ec\u30c7\u30a3 \u30c7\u30a3\u30fc\u30e9\u30a4\u30c8\u300d\u304c\u3001\u8efd\u3084\u304b\u306a\u7dcf\u30a8\u30f3\u30d6\u30ed\u30a4\u30c0\u30ea\u30fc\u4ed5\u4e0a\u3052\u306e\u30ad\u30e3\u30f3\u30d0\u30b9\u30672020 \u6625\u590f \u30b3\u30ec\u30af\u30b7\u30e7\u30f3\u304b\u3089\u767b\u5834\u3002\u516c\u5f0f\u30aa\u30f3\u30e9\u30a4\u30f3\u30d6\u30c6\u30a3\u30c3\u30af(https://t.co/8kVcKfvuc6)\u304a\u3088\u3073\u5168\u56fd\u306e\u30c7\u30a3\u30aa\u30fc\u30eb \u30d6\u30c6\u30a3\u30c3\u30af\u3092\u30c1\u30a7\u30c3\u30af",
    "truncated": false,
    "entities": {
        "hashtags": [],
        "symbols": [],
        "user_mentions": [
            {
                "screen_name": "Dior",
                "name": "Dior",
                "id": 348379865,
                "id_str": "348379865",
                "indices": [
                    3,
                    8
                ]
            }
        ],
        "urls": [
            {
                "url": "https://t.co/8kVcKfvuc6",
                "expanded_url": "http://on.dior.com/lady-d-lite",
                "display_url": "on.dior.com/lady-d-lite",
                "indices": [
                    93,
                    116
                ]
            }
        ]
    },
    "metadata": {
        "iso_language_code": "ja",
        "result_type": "recent"
    },
    "source": "<a href=\"http://twitter.com/download/iphone\" rel=\"nofollow\">Twitter for iPhone</a>",
    "in_reply_to_status_id": null,
    "in_reply_to_status_id_str": null,
    "in_reply_to_user_id": null,
    "in_reply_to_user_id_str": null,
    "in_reply_to_screen_name": null,
    "user": {
        "id": 2292748183,
        "id_str": "2292748183",
        "name": "(OvO)\u3086\u308a\u308a\u3093(\u00b4\uff65\u0448\uff65)\u2661",
        "screen_name": "newsnmblooooove",
        "location": "",
        "description": "\u25a1\u2661NEWS\u25bd\u25ef \u2606King&Prince\u2606 \u2661\u2661\u2661\u3055\u3084\u307f\u308b\u304d\u30fc\u306f\u6c38\u9060\u3084\u3067\u2661\u2661\u2661 \u2661\u6566\u5b50\u69d8\u2661\u30a2\u30ab\u30ea\u30f3\u2661\u3086\u3046\u3053\u3059\u2661 \u266a\u307e\u306a\u3086\u308a\u3063\u305f\u3093\u266a",
        "url": null,
        "entities": {
            "description": {
                "urls": []
            }
        },
        "protected": false,
        "followers_count": 94,
        "friends_count": 273,
        "listed_count": 4,
        "created_at": "Wed Jan 15 13:56:14 +0000 2014",
        "favourites_count": 41631,
        "utc_offset": null,
        "time_zone": null,
        "geo_enabled": false,
        "verified": false,
        "statuses_count": 12359,
        "lang": null,
        "contributors_enabled": false,
        "is_translator": false,
        "is_translation_enabled": false,
        "profile_background_color": "C0DEED",
        "profile_background_image_url": "http://abs.twimg.com/images/themes/theme1/bg.png",
        "profile_background_image_url_https": "https://abs.twimg.com/images/themes/theme1/bg.png",
        "profile_background_tile": false,
        "profile_image_url": "http://pbs.twimg.com/profile_images/1223257463962472449/LdReZpNt_normal.jpg",
        "profile_image_url_https": "https://pbs.twimg.com/profile_images/1223257463962472449/LdReZpNt_normal.jpg",
        "profile_banner_url": "https://pbs.twimg.com/profile_banners/2292748183/1534177848",
        "profile_link_color": "1DA1F2",
        "profile_sidebar_border_color": "C0DEED",
        "profile_sidebar_fill_color": "DDEEF6",
        "profile_text_color": "333333",
        "profile_use_background_image": true,
        "has_extended_profile": true,
        "default_profile": true,
        "default_profile_image": false,
        "following": null,
        "follow_request_sent": null,
        "notifications": null,
        "translator_type": "none"
    },
    "geo": null,
    "coordinates": null,
    "place": null,
    "contributors": null,
    "retweeted_status": {
        "created_at": "Fri Feb 28 15:07:09 +0000 2020",
        "id": 1233408300458414080,
        "id_str": "1233408300458414080",
        "text": "\u300c\u30ec\u30c7\u30a3 \u30c7\u30a3\u30aa\u30fc\u30eb\u300d\u306e\u65b0\u4f5c\u300c\u30ec\u30c7\u30a3 \u30c7\u30a3\u30fc\u30e9\u30a4\u30c8\u300d\u304c\u3001\u8efd\u3084\u304b\u306a\u7dcf\u30a8\u30f3\u30d6\u30ed\u30a4\u30c0\u30ea\u30fc\u4ed5\u4e0a\u3052\u306e\u30ad\u30e3\u30f3\u30d0\u30b9\u30672020 \u6625\u590f \u30b3\u30ec\u30af\u30b7\u30e7\u30f3\u304b\u3089\u767b\u5834\u3002\u516c\u5f0f\u30aa\u30f3\u30e9\u30a4\u30f3\u30d6\u30c6\u30a3\u30c3\u30af(https://t.co/8kVcKfvuc6)\u304a\u3088\u3073\u5168\u56fd\u306e\u30c7\u30a3\u30aa\u30fc\u30eb \u30d6\u30c6\u30a3\u30c3\u30af\u3092\u30c1\u30a7\u30c3\u30af",
        "truncated": false,
        "entities": {
            "hashtags": [],
            "symbols": [],
            "user_mentions": [],
            "urls": [
                {
                    "url": "https://t.co/8kVcKfvuc6",
                    "expanded_url": "http://on.dior.com/lady-d-lite",
                    "display_url": "on.dior.com/lady-d-lite",
                    "indices": [
                        83,
                        106
                    ]
                }
            ]
        },
        "metadata": {
            "iso_language_code": "ja",
            "result_type": "recent"
        },
        "source": "<a href=\"https://ads-api.twitter.com\" rel=\"nofollow\">Twitter for Advertisers</a>",
        "in_reply_to_status_id": null,
        "in_reply_to_status_id_str": null,
        "in_reply_to_user_id": null,
        "in_reply_to_user_id_str": null,
        "in_reply_to_screen_name": null,
        "user": {
            "id": 348379865,
            "id_str": "348379865",
            "name": "Dior",
            "screen_name": "Dior",
            "location": "",
            "description": "",
            "url": "https://t.co/pLUyiJhYc3",
            "entities": {
                "url": {
                    "urls": [
                        {
                            "url": "https://t.co/pLUyiJhYc3",
                            "expanded_url": "http://www.dior.com",
                            "display_url": "dior.com",
                            "indices": [
                                0,
                                23
                            ]
                        }
                    ]
                },
                "description": {
                    "urls": []
                }
            },
            "protected": false,
            "followers_count": 8118096,
            "friends_count": 144,
            "listed_count": 9714,
            "created_at": "Thu Aug 04 10:04:42 +0000 2011",
            "favourites_count": 68,
            "utc_offset": null,
            "time_zone": null,
            "geo_enabled": true,
            "verified": true,
            "statuses_count": 3965,
            "lang": null,
            "contributors_enabled": false,
            "is_translator": false,
            "is_translation_enabled": false,
            "profile_background_color": "000000",
            "profile_background_image_url": "http://abs.twimg.com/images/themes/theme1/bg.png",
            "profile_background_image_url_https": "https://abs.twimg.com/images/themes/theme1/bg.png",
            "profile_background_tile": false,
            "profile_image_url": "http://pbs.twimg.com/profile_images/1051789365205196800/Sr3MjjXc_normal.jpg",
            "profile_image_url_https": "https://pbs.twimg.com/profile_images/1051789365205196800/Sr3MjjXc_normal.jpg",
            "profile_banner_url": "https://pbs.twimg.com/profile_banners/348379865/1583246709",
            "profile_link_color": "009999",
            "profile_sidebar_border_color": "000000",
            "profile_sidebar_fill_color": "303030",
            "profile_text_color": "FFFFFF",
            "profile_use_background_image": false,
            "has_extended_profile": false,
            "default_profile": false,
            "default_profile_image": false,
            "following": null,
            "follow_request_sent": null,
            "notifications": null,
            "translator_type": "none"
        },
        "geo": null,
        "coordinates": null,
        "place": null,
        "contributors": null,
        "is_quote_status": false,
        "retweet_count": 245,
        "favorite_count": 1630,
        "favorited": false,
        "retweeted": false,
        "possibly_sensitive": false,
        "scopes": {
            "followers": false
        },
        "lang": "ja"
    },
    "is_quote_status": false,
    "retweet_count": 245,
    "favorite_count": 0,
    "favorited": false,
    "retweeted": false,
    "possibly_sensitive": false,
    "lang": "ja"
}