{
    "created_at": "Tue Mar 10 05:38:42 +0000 2020",
    "id": 1237251513606713344,
    "id_str": "1237251513606713344",
    "text": "RT @CaminoTV: ON EN SAIT PLUS SUR LES QUANTIT\u00c9S DE LA AJ1 DIOR \n\nUne \u00e9tiquette \u00e0 l\u2019int\u00e9rieur de la paire indique qu\u2019il n\u2019y aura que 8500 ex\u2026",
    "truncated": false,
    "entities": {
        "hashtags": [],
        "symbols": [],
        "user_mentions": [
            {
                "screen_name": "CaminoTV",
                "name": "LONGUE VIE A TOUS M\u00c9NN\u00c9S \u2764\ufe0f",
                "id": 2366019087,
                "id_str": "2366019087",
                "indices": [
                    3,
                    12
                ]
            }
        ],
        "urls": []
    },
    "metadata": {
        "iso_language_code": "fr",
        "result_type": "recent"
    },
    "source": "<a href=\"http://twitter.com/download/android\" rel=\"nofollow\">Twitter for Android</a>",
    "in_reply_to_status_id": null,
    "in_reply_to_status_id_str": null,
    "in_reply_to_user_id": null,
    "in_reply_to_user_id_str": null,
    "in_reply_to_screen_name": null,
    "user": {
        "id": 771323175498055680,
        "id_str": "771323175498055680",
        "name": "youb",
        "screen_name": "BlgAyoub",
        "location": "Valenciennes, France",
        "description": "Valenciennes, France",
        "url": null,
        "entities": {
            "description": {
                "urls": []
            }
        },
        "protected": false,
        "followers_count": 258,
        "friends_count": 229,
        "listed_count": 0,
        "created_at": "Thu Sep 01 12:25:50 +0000 2016",
        "favourites_count": 1586,
        "utc_offset": null,
        "time_zone": null,
        "geo_enabled": false,
        "verified": false,
        "statuses_count": 3536,
        "lang": null,
        "contributors_enabled": false,
        "is_translator": false,
        "is_translation_enabled": false,
        "profile_background_color": "F5F8FA",
        "profile_background_image_url": null,
        "profile_background_image_url_https": null,
        "profile_background_tile": false,
        "profile_image_url": "http://pbs.twimg.com/profile_images/1236424751326867456/U0PCJtt4_normal.jpg",
        "profile_image_url_https": "https://pbs.twimg.com/profile_images/1236424751326867456/U0PCJtt4_normal.jpg",
        "profile_banner_url": "https://pbs.twimg.com/profile_banners/771323175498055680/1583611735",
        "profile_link_color": "1DA1F2",
        "profile_sidebar_border_color": "C0DEED",
        "profile_sidebar_fill_color": "DDEEF6",
        "profile_text_color": "333333",
        "profile_use_background_image": true,
        "has_extended_profile": true,
        "default_profile": true,
        "default_profile_image": false,
        "following": null,
        "follow_request_sent": null,
        "notifications": null,
        "translator_type": "none"
    },
    "geo": null,
    "coordinates": null,
    "place": null,
    "contributors": null,
    "retweeted_status": {
        "created_at": "Mon Mar 09 17:04:00 +0000 2020",
        "id": 1237061586390585344,
        "id_str": "1237061586390585344",
        "text": "ON EN SAIT PLUS SUR LES QUANTIT\u00c9S DE LA AJ1 DIOR \n\nUne \u00e9tiquette \u00e0 l\u2019int\u00e9rieur de la paire indique qu\u2019il n\u2019y aura q\u2026 https://t.co/9nMZGGCv5F",
        "truncated": true,
        "entities": {
            "hashtags": [],
            "symbols": [],
            "user_mentions": [],
            "urls": [
                {
                    "url": "https://t.co/9nMZGGCv5F",
                    "expanded_url": "https://twitter.com/i/web/status/1237061586390585344",
                    "display_url": "twitter.com/i/web/status/1\u2026",
                    "indices": [
                        117,
                        140
                    ]
                }
            ]
        },
        "metadata": {
            "iso_language_code": "fr",
            "result_type": "recent"
        },
        "source": "<a href=\"https://about.twitter.com/products/tweetdeck\" rel=\"nofollow\">TweetDeck</a>",
        "in_reply_to_status_id": null,
        "in_reply_to_status_id_str": null,
        "in_reply_to_user_id": null,
        "in_reply_to_user_id_str": null,
        "in_reply_to_screen_name": null,
        "user": {
            "id": 2366019087,
            "id_str": "2366019087",
            "name": "LONGUE VIE A TOUS M\u00c9NN\u00c9S \u2764\ufe0f",
            "screen_name": "CaminoTV",
            "location": "",
            "description": "On fait des vid\u00e9os sur les trucs qu'on trouve cool ! On t'aide \u00e0 acheter les meilleurs Sneakers & V\u00eatements ! Va voir sur Youtube : https://t.co/oLJ1sR1pCk",
            "url": "https://t.co/NSACM5FmSj",
            "entities": {
                "url": {
                    "urls": [
                        {
                            "url": "https://t.co/NSACM5FmSj",
                            "expanded_url": "https://sneakersevent.fr/#billetterie",
                            "display_url": "sneakersevent.fr/#billetterie",
                            "indices": [
                                0,
                                23
                            ]
                        }
                    ]
                },
                "description": {
                    "urls": [
                        {
                            "url": "https://t.co/oLJ1sR1pCk",
                            "expanded_url": "http://youtube.com/caminotv",
                            "display_url": "youtube.com/caminotv",
                            "indices": [
                                132,
                                155
                            ]
                        }
                    ]
                }
            },
            "protected": false,
            "followers_count": 150250,
            "friends_count": 258,
            "listed_count": 177,
            "created_at": "Wed Feb 26 01:09:06 +0000 2014",
            "favourites_count": 31127,
            "utc_offset": null,
            "time_zone": null,
            "geo_enabled": true,
            "verified": false,
            "statuses_count": 38036,
            "lang": null,
            "contributors_enabled": false,
            "is_translator": false,
            "is_translation_enabled": false,
            "profile_background_color": "131516",
            "profile_background_image_url": "http://abs.twimg.com/images/themes/theme14/bg.gif",
            "profile_background_image_url_https": "https://abs.twimg.com/images/themes/theme14/bg.gif",
            "profile_background_tile": true,
            "profile_image_url": "http://pbs.twimg.com/profile_images/1197159754445049859/c5D3yZ-1_normal.jpg",
            "profile_image_url_https": "https://pbs.twimg.com/profile_images/1197159754445049859/c5D3yZ-1_normal.jpg",
            "profile_banner_url": "https://pbs.twimg.com/profile_banners/2366019087/1582591248",
            "profile_link_color": "76818F",
            "profile_sidebar_border_color": "FFFFFF",
            "profile_sidebar_fill_color": "DDEEF6",
            "profile_text_color": "333333",
            "profile_use_background_image": true,
            "has_extended_profile": true,
            "default_profile": false,
            "default_profile_image": false,
            "following": null,
            "follow_request_sent": null,
            "notifications": null,
            "translator_type": "none"
        },
        "geo": null,
        "coordinates": null,
        "place": null,
        "contributors": null,
        "is_quote_status": false,
        "retweet_count": 184,
        "favorite_count": 789,
        "favorited": false,
        "retweeted": false,
        "possibly_sensitive": false,
        "lang": "fr"
    },
    "is_quote_status": false,
    "retweet_count": 184,
    "favorite_count": 0,
    "favorited": false,
    "retweeted": false,
    "lang": "fr"
}