{
    "created_at": "Tue Mar 10 05:48:47 +0000 2020",
    "id": 1237254050321772544,
    "id_str": "1237254050321772544",
    "text": "RT @Dior: The Dior Spring-Summer 2020 collection is now available https://t.co/hGsxDtPLFC and in your nearest Dior boutique. Inspired by Ca\u2026",
    "truncated": false,
    "entities": {
        "hashtags": [],
        "symbols": [],
        "user_mentions": [
            {
                "screen_name": "Dior",
                "name": "Dior",
                "id": 348379865,
                "id_str": "348379865",
                "indices": [
                    3,
                    8
                ]
            }
        ],
        "urls": [
            {
                "url": "https://t.co/hGsxDtPLFC",
                "expanded_url": "http://on.dior.com/ss2020",
                "display_url": "on.dior.com/ss2020",
                "indices": [
                    66,
                    89
                ]
            }
        ]
    },
    "metadata": {
        "iso_language_code": "en",
        "result_type": "recent"
    },
    "source": "<a href=\"http://twitter.com/download/android\" rel=\"nofollow\">Twitter for Android</a>",
    "in_reply_to_status_id": null,
    "in_reply_to_status_id_str": null,
    "in_reply_to_user_id": null,
    "in_reply_to_user_id_str": null,
    "in_reply_to_screen_name": null,
    "user": {
        "id": 425779247,
        "id_str": "425779247",
        "name": "Juggs Bunny",
        "screen_name": "ILoveCalinda",
        "location": "",
        "description": "GOAT",
        "url": "https://t.co/DXm0KIXurP",
        "entities": {
            "url": {
                "urls": [
                    {
                        "url": "https://t.co/DXm0KIXurP",
                        "expanded_url": "http://RealAsFuck.com",
                        "display_url": "RealAsFuck.com",
                        "indices": [
                            0,
                            23
                        ]
                    }
                ]
            },
            "description": {
                "urls": []
            }
        },
        "protected": false,
        "followers_count": 16249,
        "friends_count": 519,
        "listed_count": 141,
        "created_at": "Thu Dec 01 12:25:14 +0000 2011",
        "favourites_count": 4807,
        "utc_offset": null,
        "time_zone": null,
        "geo_enabled": true,
        "verified": false,
        "statuses_count": 147502,
        "lang": null,
        "contributors_enabled": false,
        "is_translator": false,
        "is_translation_enabled": true,
        "profile_background_color": "C0DEED",
        "profile_background_image_url": "http://abs.twimg.com/images/themes/theme1/bg.png",
        "profile_background_image_url_https": "https://abs.twimg.com/images/themes/theme1/bg.png",
        "profile_background_tile": true,
        "profile_image_url": "http://pbs.twimg.com/profile_images/1204004882715418624/NudNI28U_normal.jpg",
        "profile_image_url_https": "https://pbs.twimg.com/profile_images/1204004882715418624/NudNI28U_normal.jpg",
        "profile_banner_url": "https://pbs.twimg.com/profile_banners/425779247/1564388710",
        "profile_link_color": "9266CC",
        "profile_sidebar_border_color": "C0DEED",
        "profile_sidebar_fill_color": "DDEEF6",
        "profile_text_color": "333333",
        "profile_use_background_image": true,
        "has_extended_profile": true,
        "default_profile": false,
        "default_profile_image": false,
        "following": null,
        "follow_request_sent": null,
        "notifications": null,
        "translator_type": "none"
    },
    "geo": null,
    "coordinates": null,
    "place": null,
    "contributors": null,
    "retweeted_status": {
        "created_at": "Tue Feb 18 19:07:51 +0000 2020",
        "id": 1229844995567386624,
        "id_str": "1229844995567386624",
        "text": "The Dior Spring-Summer 2020 collection is now available https://t.co/hGsxDtPLFC and in your nearest Dior boutique.\u2026 https://t.co/FFApfKoJ8o",
        "truncated": true,
        "entities": {
            "hashtags": [],
            "symbols": [],
            "user_mentions": [],
            "urls": [
                {
                    "url": "https://t.co/hGsxDtPLFC",
                    "expanded_url": "http://on.dior.com/ss2020",
                    "display_url": "on.dior.com/ss2020",
                    "indices": [
                        56,
                        79
                    ]
                },
                {
                    "url": "https://t.co/FFApfKoJ8o",
                    "expanded_url": "https://twitter.com/i/web/status/1229844995567386624",
                    "display_url": "twitter.com/i/web/status/1\u2026",
                    "indices": [
                        116,
                        139
                    ]
                }
            ]
        },
        "metadata": {
            "iso_language_code": "en",
            "result_type": "recent"
        },
        "source": "<a href=\"https://ads-api.twitter.com\" rel=\"nofollow\">Twitter for Advertisers</a>",
        "in_reply_to_status_id": null,
        "in_reply_to_status_id_str": null,
        "in_reply_to_user_id": null,
        "in_reply_to_user_id_str": null,
        "in_reply_to_screen_name": null,
        "user": {
            "id": 348379865,
            "id_str": "348379865",
            "name": "Dior",
            "screen_name": "Dior",
            "location": "",
            "description": "",
            "url": "https://t.co/pLUyiJhYc3",
            "entities": {
                "url": {
                    "urls": [
                        {
                            "url": "https://t.co/pLUyiJhYc3",
                            "expanded_url": "http://www.dior.com",
                            "display_url": "dior.com",
                            "indices": [
                                0,
                                23
                            ]
                        }
                    ]
                },
                "description": {
                    "urls": []
                }
            },
            "protected": false,
            "followers_count": 8118096,
            "friends_count": 144,
            "listed_count": 9714,
            "created_at": "Thu Aug 04 10:04:42 +0000 2011",
            "favourites_count": 68,
            "utc_offset": null,
            "time_zone": null,
            "geo_enabled": true,
            "verified": true,
            "statuses_count": 3965,
            "lang": null,
            "contributors_enabled": false,
            "is_translator": false,
            "is_translation_enabled": false,
            "profile_background_color": "000000",
            "profile_background_image_url": "http://abs.twimg.com/images/themes/theme1/bg.png",
            "profile_background_image_url_https": "https://abs.twimg.com/images/themes/theme1/bg.png",
            "profile_background_tile": false,
            "profile_image_url": "http://pbs.twimg.com/profile_images/1051789365205196800/Sr3MjjXc_normal.jpg",
            "profile_image_url_https": "https://pbs.twimg.com/profile_images/1051789365205196800/Sr3MjjXc_normal.jpg",
            "profile_banner_url": "https://pbs.twimg.com/profile_banners/348379865/1583246709",
            "profile_link_color": "009999",
            "profile_sidebar_border_color": "000000",
            "profile_sidebar_fill_color": "303030",
            "profile_text_color": "FFFFFF",
            "profile_use_background_image": false,
            "has_extended_profile": false,
            "default_profile": false,
            "default_profile_image": false,
            "following": null,
            "follow_request_sent": null,
            "notifications": null,
            "translator_type": "none"
        },
        "geo": null,
        "coordinates": null,
        "place": null,
        "contributors": null,
        "is_quote_status": false,
        "retweet_count": 74,
        "favorite_count": 429,
        "favorited": false,
        "retweeted": false,
        "possibly_sensitive": false,
        "scopes": {
            "followers": false
        },
        "lang": "en"
    },
    "is_quote_status": false,
    "retweet_count": 74,
    "favorite_count": 0,
    "favorited": false,
    "retweeted": false,
    "possibly_sensitive": true,
    "lang": "en"
}