{
    "created_at": "Tue Mar 10 07:32:20 +0000 2020",
    "id": 1237280111755513857,
    "id_str": "1237280111755513857",
    "text": "RT @FBosom: @Dior just Fu @dior inspired by nature. Look at one month's work destroying the last parcel of nature in @MuseeLouvre #tuilerie\u2026",
    "truncated": false,
    "entities": {
        "hashtags": [],
        "symbols": [],
        "user_mentions": [
            {
                "screen_name": "FBosom",
                "name": "(((FabriceBosom)))",
                "id": 552042812,
                "id_str": "552042812",
                "indices": [
                    3,
                    10
                ]
            },
            {
                "screen_name": "Dior",
                "name": "Dior",
                "id": 348379865,
                "id_str": "348379865",
                "indices": [
                    12,
                    17
                ]
            },
            {
                "screen_name": "Dior",
                "name": "Dior",
                "id": 348379865,
                "id_str": "348379865",
                "indices": [
                    26,
                    31
                ]
            },
            {
                "screen_name": "MuseeLouvre",
                "name": "Mus\u00e9e du Louvre",
                "id": 72520597,
                "id_str": "72520597",
                "indices": [
                    117,
                    129
                ]
            }
        ],
        "urls": []
    },
    "metadata": {
        "iso_language_code": "en",
        "result_type": "recent"
    },
    "source": "<a href=\"http://twitter.com/#!/download/ipad\" rel=\"nofollow\">Twitter for iPad</a>",
    "in_reply_to_status_id": null,
    "in_reply_to_status_id_str": null,
    "in_reply_to_user_id": null,
    "in_reply_to_user_id_str": null,
    "in_reply_to_screen_name": null,
    "user": {
        "id": 1001685625752444928,
        "id_str": "1001685625752444928",
        "name": "\ud83d\ude03",
        "screen_name": "FrancesStein20",
        "location": "Why? delivering me a pizza?",
        "description": "\ud83d\ude03",
        "url": null,
        "entities": {
            "description": {
                "urls": []
            }
        },
        "protected": false,
        "followers_count": 214,
        "friends_count": 390,
        "listed_count": 1,
        "created_at": "Wed May 30 04:43:58 +0000 2018",
        "favourites_count": 2954,
        "utc_offset": null,
        "time_zone": null,
        "geo_enabled": false,
        "verified": false,
        "statuses_count": 4583,
        "lang": null,
        "contributors_enabled": false,
        "is_translator": false,
        "is_translation_enabled": false,
        "profile_background_color": "F5F8FA",
        "profile_background_image_url": null,
        "profile_background_image_url_https": null,
        "profile_background_tile": false,
        "profile_image_url": "http://pbs.twimg.com/profile_images/1181043718880743424/JDoeE8ax_normal.jpg",
        "profile_image_url_https": "https://pbs.twimg.com/profile_images/1181043718880743424/JDoeE8ax_normal.jpg",
        "profile_banner_url": "https://pbs.twimg.com/profile_banners/1001685625752444928/1574527354",
        "profile_link_color": "1DA1F2",
        "profile_sidebar_border_color": "C0DEED",
        "profile_sidebar_fill_color": "DDEEF6",
        "profile_text_color": "333333",
        "profile_use_background_image": true,
        "has_extended_profile": false,
        "default_profile": true,
        "default_profile_image": false,
        "following": null,
        "follow_request_sent": null,
        "notifications": null,
        "translator_type": "none"
    },
    "geo": null,
    "coordinates": null,
    "place": null,
    "contributors": null,
    "retweeted_status": {
        "created_at": "Sun Mar 08 11:56:00 +0000 2020",
        "id": 1236621690072961029,
        "id_str": "1236621690072961029",
        "text": "@Dior just Fu @dior inspired by nature. Look at one month's work destroying the last parcel of nature in\u2026 https://t.co/HEhyIXevI4",
        "truncated": true,
        "entities": {
            "hashtags": [],
            "symbols": [],
            "user_mentions": [
                {
                    "screen_name": "Dior",
                    "name": "Dior",
                    "id": 348379865,
                    "id_str": "348379865",
                    "indices": [
                        0,
                        5
                    ]
                },
                {
                    "screen_name": "Dior",
                    "name": "Dior",
                    "id": 348379865,
                    "id_str": "348379865",
                    "indices": [
                        14,
                        19
                    ]
                }
            ],
            "urls": [
                {
                    "url": "https://t.co/HEhyIXevI4",
                    "expanded_url": "https://twitter.com/i/web/status/1236621690072961029",
                    "display_url": "twitter.com/i/web/status/1\u2026",
                    "indices": [
                        106,
                        129
                    ]
                }
            ]
        },
        "metadata": {
            "iso_language_code": "en",
            "result_type": "recent"
        },
        "source": "<a href=\"http://twitter.com/download/android\" rel=\"nofollow\">Twitter for Android</a>",
        "in_reply_to_status_id": 1229844995567386624,
        "in_reply_to_status_id_str": "1229844995567386624",
        "in_reply_to_user_id": 348379865,
        "in_reply_to_user_id_str": "348379865",
        "in_reply_to_screen_name": "Dior",
        "user": {
            "id": 552042812,
            "id_str": "552042812",
            "name": "(((FabriceBosom)))",
            "screen_name": "FBosom",
            "location": "Paris, France",
            "description": "Intl Management Finance SciencePo. Banked where no one banked before. Invested in innovations from Microfinance to Carbon credits",
            "url": null,
            "entities": {
                "description": {
                    "urls": []
                }
            },
            "protected": false,
            "followers_count": 476,
            "friends_count": 439,
            "listed_count": 30,
            "created_at": "Thu Apr 12 17:52:46 +0000 2012",
            "favourites_count": 10650,
            "utc_offset": null,
            "time_zone": null,
            "geo_enabled": true,
            "verified": false,
            "statuses_count": 6782,
            "lang": null,
            "contributors_enabled": false,
            "is_translator": false,
            "is_translation_enabled": false,
            "profile_background_color": "C0DEED",
            "profile_background_image_url": "http://abs.twimg.com/images/themes/theme1/bg.png",
            "profile_background_image_url_https": "https://abs.twimg.com/images/themes/theme1/bg.png",
            "profile_background_tile": false,
            "profile_image_url": "http://pbs.twimg.com/profile_images/693120462600212480/w0EqiqRc_normal.jpg",
            "profile_image_url_https": "https://pbs.twimg.com/profile_images/693120462600212480/w0EqiqRc_normal.jpg",
            "profile_banner_url": "https://pbs.twimg.com/profile_banners/552042812/1494082198",
            "profile_link_color": "0084B4",
            "profile_sidebar_border_color": "FFFFFF",
            "profile_sidebar_fill_color": "DDEEF6",
            "profile_text_color": "333333",
            "profile_use_background_image": true,
            "has_extended_profile": false,
            "default_profile": false,
            "default_profile_image": false,
            "following": null,
            "follow_request_sent": null,
            "notifications": null,
            "translator_type": "none"
        },
        "geo": null,
        "coordinates": null,
        "place": null,
        "contributors": null,
        "is_quote_status": false,
        "retweet_count": 1,
        "favorite_count": 4,
        "favorited": false,
        "retweeted": false,
        "possibly_sensitive": false,
        "lang": "en"
    },
    "is_quote_status": false,
    "retweet_count": 1,
    "favorite_count": 0,
    "favorited": false,
    "retweeted": false,
    "lang": "en"
}