{
    "created_at": "Tue Mar 10 14:22:14 +0000 2020",
    "id": 1237383262911238146,
    "id_str": "1237383262911238146",
    "text": "@morningpassages @weareoneEXO @Dior suits sehun soooo freaking well \u2728\u2728\u2728\u2728\u2728\u2728\u2728\ud83d\udd25\ud83d\udd25\ud83d\udd25\ud83d\udd25\ud83d\udd25\ud83d\udc51\ud83d\udc51\ud83d\udc51\ud83d\udc51\ud83d\udc51\ud83d\udc51\ud83d\udc51\ud83d\udc51\ud83d\udc8e\ud83d\udc8e\ud83d\udc8e\ud83d\udc8e\ud83d\udc8e\ud83d\udc8e\ud83d\udc8e #SEHUN #SEHUNxDIOR",
    "truncated": false,
    "entities": {
        "hashtags": [
            {
                "text": "SEHUN",
                "indices": [
                    96,
                    102
                ]
            },
            {
                "text": "SEHUNxDIOR",
                "indices": [
                    103,
                    114
                ]
            }
        ],
        "symbols": [],
        "user_mentions": [
            {
                "screen_name": "morningpassages",
                "name": "94 \u2665\ufe0f\ud83d\udd4aSehun",
                "id": 702199310520291328,
                "id_str": "702199310520291328",
                "indices": [
                    0,
                    16
                ]
            },
            {
                "screen_name": "weareoneEXO",
                "name": "EXO",
                "id": 873115441303924736,
                "id_str": "873115441303924736",
                "indices": [
                    17,
                    29
                ]
            },
            {
                "screen_name": "Dior",
                "name": "Dior",
                "id": 348379865,
                "id_str": "348379865",
                "indices": [
                    30,
                    35
                ]
            }
        ],
        "urls": []
    },
    "metadata": {
        "iso_language_code": "en",
        "result_type": "recent"
    },
    "source": "<a href=\"http://twitter.com/download/iphone\" rel=\"nofollow\">Twitter for iPhone</a>",
    "in_reply_to_status_id": 1237258344219451392,
    "in_reply_to_status_id_str": "1237258344219451392",
    "in_reply_to_user_id": 702199310520291328,
    "in_reply_to_user_id_str": "702199310520291328",
    "in_reply_to_screen_name": "morningpassages",
    "user": {
        "id": 1221534503765729280,
        "id_str": "1221534503765729280",
        "name": "Olivia_9",
        "screen_name": "Olivia934826295",
        "location": "",
        "description": "When it gets difficult , hold my hand tight.. since I am here, you don\u2019t have to be afraid\u2728\u2728\ud83d\udca5 \ud83d\udc25\ud83d\udc99",
        "url": null,
        "entities": {
            "description": {
                "urls": []
            }
        },
        "protected": false,
        "followers_count": 78,
        "friends_count": 128,
        "listed_count": 1,
        "created_at": "Sun Jan 26 20:46:12 +0000 2020",
        "favourites_count": 7856,
        "utc_offset": null,
        "time_zone": null,
        "geo_enabled": false,
        "verified": false,
        "statuses_count": 1789,
        "lang": null,
        "contributors_enabled": false,
        "is_translator": false,
        "is_translation_enabled": false,
        "profile_background_color": "F5F8FA",
        "profile_background_image_url": null,
        "profile_background_image_url_https": null,
        "profile_background_tile": false,
        "profile_image_url": "http://pbs.twimg.com/profile_images/1236665666838695937/k0_8SFKZ_normal.jpg",
        "profile_image_url_https": "https://pbs.twimg.com/profile_images/1236665666838695937/k0_8SFKZ_normal.jpg",
        "profile_banner_url": "https://pbs.twimg.com/profile_banners/1221534503765729280/1583073293",
        "profile_link_color": "1DA1F2",
        "profile_sidebar_border_color": "C0DEED",
        "profile_sidebar_fill_color": "DDEEF6",
        "profile_text_color": "333333",
        "profile_use_background_image": true,
        "has_extended_profile": false,
        "default_profile": true,
        "default_profile_image": false,
        "following": null,
        "follow_request_sent": null,
        "notifications": null,
        "translator_type": "none"
    },
    "geo": null,
    "coordinates": null,
    "place": null,
    "contributors": null,
    "is_quote_status": false,
    "retweet_count": 0,
    "favorite_count": 2,
    "favorited": false,
    "retweeted": false,
    "lang": "en"
}