{
    "created_at": "Tue Mar 10 10:12:11 +0000 2020",
    "id": 1237320336405753857,
    "id_str": "1237320336405753857",
    "text": "Christian Dior Bag please @Dior",
    "truncated": false,
    "entities": {
        "hashtags": [],
        "symbols": [],
        "user_mentions": [
            {
                "screen_name": "Dior",
                "name": "Dior",
                "id": 348379865,
                "id_str": "348379865",
                "indices": [
                    26,
                    31
                ]
            }
        ],
        "urls": []
    },
    "metadata": {
        "iso_language_code": "en",
        "result_type": "recent"
    },
    "source": "<a href=\"http://twitter.com/download/iphone\" rel=\"nofollow\">Twitter for iPhone</a>",
    "in_reply_to_status_id": null,
    "in_reply_to_status_id_str": null,
    "in_reply_to_user_id": null,
    "in_reply_to_user_id_str": null,
    "in_reply_to_screen_name": null,
    "user": {
        "id": 4209174973,
        "id_str": "4209174973",
        "name": "a eh",
        "screen_name": "stigerfroidie",
        "location": "Taguig City, National Capital ",
        "description": "attitude",
        "url": "https://t.co/8pD7NdFylZ",
        "entities": {
            "url": {
                "urls": [
                    {
                        "url": "https://t.co/8pD7NdFylZ",
                        "expanded_url": "http://www.stigerfroid16indita.com",
                        "display_url": "stigerfroid16indita.com",
                        "indices": [
                            0,
                            23
                        ]
                    }
                ]
            },
            "description": {
                "urls": []
            }
        },
        "protected": false,
        "followers_count": 288,
        "friends_count": 674,
        "listed_count": 0,
        "created_at": "Thu Nov 12 05:29:45 +0000 2015",
        "favourites_count": 10708,
        "utc_offset": null,
        "time_zone": null,
        "geo_enabled": true,
        "verified": false,
        "statuses_count": 8641,
        "lang": null,
        "contributors_enabled": false,
        "is_translator": false,
        "is_translation_enabled": false,
        "profile_background_color": "C0DEED",
        "profile_background_image_url": "http://abs.twimg.com/images/themes/theme1/bg.png",
        "profile_background_image_url_https": "https://abs.twimg.com/images/themes/theme1/bg.png",
        "profile_background_tile": false,
        "profile_image_url": "http://pbs.twimg.com/profile_images/1237417752639356934/nBlUTaEk_normal.jpg",
        "profile_image_url_https": "https://pbs.twimg.com/profile_images/1237417752639356934/nBlUTaEk_normal.jpg",
        "profile_banner_url": "https://pbs.twimg.com/profile_banners/4209174973/1573226920",
        "profile_link_color": "1DA1F2",
        "profile_sidebar_border_color": "C0DEED",
        "profile_sidebar_fill_color": "DDEEF6",
        "profile_text_color": "333333",
        "profile_use_background_image": true,
        "has_extended_profile": true,
        "default_profile": true,
        "default_profile_image": false,
        "following": null,
        "follow_request_sent": null,
        "notifications": null,
        "translator_type": "none"
    },
    "geo": null,
    "coordinates": null,
    "place": null,
    "contributors": null,
    "is_quote_status": false,
    "retweet_count": 0,
    "favorite_count": 0,
    "favorited": false,
    "retweeted": false,
    "lang": "en"
}