{
    "created_at": "Tue Mar 10 12:59:58 +0000 2020",
    "id": 1237362560812400641,
    "id_str": "1237362560812400641",
    "text": "@Dior \u064a\u0627\u0644\u0641\u062e\u0627\u0645\u0629 \u0627\u0644\u0627\u0633\u0645 \u064a\u0627 \u0646\u0627\u0633 \ud83e\udd70",
    "truncated": false,
    "entities": {
        "hashtags": [],
        "symbols": [],
        "user_mentions": [
            {
                "screen_name": "Dior",
                "name": "Dior",
                "id": 348379865,
                "id_str": "348379865",
                "indices": [
                    0,
                    5
                ]
            }
        ],
        "urls": []
    },
    "metadata": {
        "iso_language_code": "ar",
        "result_type": "recent"
    },
    "source": "<a href=\"http://twitter.com/download/android\" rel=\"nofollow\">Twitter for Android</a>",
    "in_reply_to_status_id": 1234793945466458112,
    "in_reply_to_status_id_str": "1234793945466458112",
    "in_reply_to_user_id": 348379865,
    "in_reply_to_user_id_str": "348379865",
    "in_reply_to_screen_name": "Dior",
    "user": {
        "id": 245663931,
        "id_str": "245663931",
        "name": "\u0455\u03c5\u03b9\u0442\u03b1\u0438 \u0430\u03b9\u05e0\u03b1\u03c9\u043d\u0430\u044fi\ud83c\udde9\ud83c\uddea",
        "screen_name": "SultanAljawhari",
        "location": "Riyadh",
        "description": "\u200f\u0642\u062f\u0648\u062a\u064a \u200e@Albuainain_f",
        "url": null,
        "entities": {
            "description": {
                "urls": []
            }
        },
        "protected": false,
        "followers_count": 279,
        "friends_count": 143,
        "listed_count": 1,
        "created_at": "Tue Feb 01 05:44:30 +0000 2011",
        "favourites_count": 744,
        "utc_offset": null,
        "time_zone": null,
        "geo_enabled": true,
        "verified": false,
        "statuses_count": 2884,
        "lang": null,
        "contributors_enabled": false,
        "is_translator": false,
        "is_translation_enabled": false,
        "profile_background_color": "0099B9",
        "profile_background_image_url": "http://abs.twimg.com/images/themes/theme4/bg.gif",
        "profile_background_image_url_https": "https://abs.twimg.com/images/themes/theme4/bg.gif",
        "profile_background_tile": false,
        "profile_image_url": "http://pbs.twimg.com/profile_images/1087369423013535744/pDM3-KBR_normal.jpg",
        "profile_image_url_https": "https://pbs.twimg.com/profile_images/1087369423013535744/pDM3-KBR_normal.jpg",
        "profile_banner_url": "https://pbs.twimg.com/profile_banners/245663931/1579901030",
        "profile_link_color": "0F7687",
        "profile_sidebar_border_color": "000000",
        "profile_sidebar_fill_color": "000000",
        "profile_text_color": "000000",
        "profile_use_background_image": true,
        "has_extended_profile": false,
        "default_profile": false,
        "default_profile_image": false,
        "following": null,
        "follow_request_sent": null,
        "notifications": null,
        "translator_type": "regular"
    },
    "geo": null,
    "coordinates": null,
    "place": null,
    "contributors": null,
    "is_quote_status": false,
    "retweet_count": 0,
    "favorite_count": 0,
    "favorited": false,
    "retweeted": false,
    "lang": "ar"
}