{
    "created_at": "Tue Mar 10 14:19:20 +0000 2020",
    "id": 1237382534612172800,
    "id_str": "1237382534612172800",
    "text": "RT @pledis_17: [17'S THE 8] Good day ~\n@dispatchsns @Dior\n\n#NowSVT https://t.co/1vpnhnYR20",
    "truncated": false,
    "entities": {
        "hashtags": [
            {
                "text": "NowSVT",
                "indices": [
                    59,
                    66
                ]
            }
        ],
        "symbols": [],
        "user_mentions": [
            {
                "screen_name": "pledis_17",
                "name": "\uc138\ube10\ud2f4(SEVENTEEN)",
                "id": 956888370,
                "id_str": "956888370",
                "indices": [
                    3,
                    13
                ]
            },
            {
                "screen_name": "dispatchsns",
                "name": "korea dispatch",
                "id": 230761964,
                "id_str": "230761964",
                "indices": [
                    39,
                    51
                ]
            },
            {
                "screen_name": "Dior",
                "name": "Dior",
                "id": 348379865,
                "id_str": "348379865",
                "indices": [
                    52,
                    57
                ]
            }
        ],
        "urls": [],
        "media": [
            {
                "id": 1219413470908542978,
                "id_str": "1219413470908542978",
                "indices": [
                    67,
                    90
                ],
                "media_url": "http://pbs.twimg.com/media/EOw6F0_UcAIwVoS.jpg",
                "media_url_https": "https://pbs.twimg.com/media/EOw6F0_UcAIwVoS.jpg",
                "url": "https://t.co/1vpnhnYR20",
                "display_url": "pic.twitter.com/1vpnhnYR20",
                "expanded_url": "https://twitter.com/pledis_17/status/1219413507264745472/photo/1",
                "type": "photo",
                "sizes": {
                    "thumb": {
                        "w": 150,
                        "h": 150,
                        "resize": "crop"
                    },
                    "small": {
                        "w": 680,
                        "h": 680,
                        "resize": "fit"
                    },
                    "medium": {
                        "w": 1200,
                        "h": 1200,
                        "resize": "fit"
                    },
                    "large": {
                        "w": 2048,
                        "h": 2048,
                        "resize": "fit"
                    }
                },
                "source_status_id": 1219413507264745472,
                "source_status_id_str": "1219413507264745472",
                "source_user_id": 956888370,
                "source_user_id_str": "956888370"
            }
        ]
    },
    "extended_entities": {
        "media": [
            {
                "id": 1219413470908542978,
                "id_str": "1219413470908542978",
                "indices": [
                    67,
                    90
                ],
                "media_url": "http://pbs.twimg.com/media/EOw6F0_UcAIwVoS.jpg",
                "media_url_https": "https://pbs.twimg.com/media/EOw6F0_UcAIwVoS.jpg",
                "url": "https://t.co/1vpnhnYR20",
                "display_url": "pic.twitter.com/1vpnhnYR20",
                "expanded_url": "https://twitter.com/pledis_17/status/1219413507264745472/photo/1",
                "type": "photo",
                "sizes": {
                    "thumb": {
                        "w": 150,
                        "h": 150,
                        "resize": "crop"
                    },
                    "small": {
                        "w": 680,
                        "h": 680,
                        "resize": "fit"
                    },
                    "medium": {
                        "w": 1200,
                        "h": 1200,
                        "resize": "fit"
                    },
                    "large": {
                        "w": 2048,
                        "h": 2048,
                        "resize": "fit"
                    }
                },
                "source_status_id": 1219413507264745472,
                "source_status_id_str": "1219413507264745472",
                "source_user_id": 956888370,
                "source_user_id_str": "956888370"
            },
            {
                "id": 1219413470916964352,
                "id_str": "1219413470916964352",
                "indices": [
                    67,
                    90
                ],
                "media_url": "http://pbs.twimg.com/media/EOw6F1BU8AASJQ_.jpg",
                "media_url_https": "https://pbs.twimg.com/media/EOw6F1BU8AASJQ_.jpg",
                "url": "https://t.co/1vpnhnYR20",
                "display_url": "pic.twitter.com/1vpnhnYR20",
                "expanded_url": "https://twitter.com/pledis_17/status/1219413507264745472/photo/1",
                "type": "photo",
                "sizes": {
                    "thumb": {
                        "w": 150,
                        "h": 150,
                        "resize": "crop"
                    },
                    "large": {
                        "w": 1947,
                        "h": 1947,
                        "resize": "fit"
                    },
                    "medium": {
                        "w": 1200,
                        "h": 1200,
                        "resize": "fit"
                    },
                    "small": {
                        "w": 680,
                        "h": 680,
                        "resize": "fit"
                    }
                },
                "source_status_id": 1219413507264745472,
                "source_status_id_str": "1219413507264745472",
                "source_user_id": 956888370,
                "source_user_id_str": "956888370"
            },
            {
                "id": 1219413470916927488,
                "id_str": "1219413470916927488",
                "indices": [
                    67,
                    90
                ],
                "media_url": "http://pbs.twimg.com/media/EOw6F1BUYAACcuF.jpg",
                "media_url_https": "https://pbs.twimg.com/media/EOw6F1BUYAACcuF.jpg",
                "url": "https://t.co/1vpnhnYR20",
                "display_url": "pic.twitter.com/1vpnhnYR20",
                "expanded_url": "https://twitter.com/pledis_17/status/1219413507264745472/photo/1",
                "type": "photo",
                "sizes": {
                    "thumb": {
                        "w": 150,
                        "h": 150,
                        "resize": "crop"
                    },
                    "medium": {
                        "w": 1200,
                        "h": 1200,
                        "resize": "fit"
                    },
                    "small": {
                        "w": 680,
                        "h": 680,
                        "resize": "fit"
                    },
                    "large": {
                        "w": 2048,
                        "h": 2048,
                        "resize": "fit"
                    }
                },
                "source_status_id": 1219413507264745472,
                "source_status_id_str": "1219413507264745472",
                "source_user_id": 956888370,
                "source_user_id_str": "956888370"
            }
        ]
    },
    "metadata": {
        "iso_language_code": "en",
        "result_type": "recent"
    },
    "source": "<a href=\"http://twitter.com/download/android\" rel=\"nofollow\">Twitter for Android</a>",
    "in_reply_to_status_id": null,
    "in_reply_to_status_id_str": null,
    "in_reply_to_user_id": null,
    "in_reply_to_user_id_str": null,
    "in_reply_to_screen_name": null,
    "user": {
        "id": 902855853786644480,
        "id_str": "902855853786644480",
        "name": "Cherilyn@",
        "screen_name": "ys050930",
        "location": "",
        "description": "ARMY X CARAT",
        "url": null,
        "entities": {
            "description": {
                "urls": []
            }
        },
        "protected": false,
        "followers_count": 11,
        "friends_count": 36,
        "listed_count": 0,
        "created_at": "Wed Aug 30 11:29:44 +0000 2017",
        "favourites_count": 7200,
        "utc_offset": null,
        "time_zone": null,
        "geo_enabled": false,
        "verified": false,
        "statuses_count": 1947,
        "lang": null,
        "contributors_enabled": false,
        "is_translator": false,
        "is_translation_enabled": false,
        "profile_background_color": "000000",
        "profile_background_image_url": "http://abs.twimg.com/images/themes/theme1/bg.png",
        "profile_background_image_url_https": "https://abs.twimg.com/images/themes/theme1/bg.png",
        "profile_background_tile": false,
        "profile_image_url": "http://pbs.twimg.com/profile_images/1234896465681510400/pB6A0QXZ_normal.jpg",
        "profile_image_url_https": "https://pbs.twimg.com/profile_images/1234896465681510400/pB6A0QXZ_normal.jpg",
        "profile_banner_url": "https://pbs.twimg.com/profile_banners/902855853786644480/1581265540",
        "profile_link_color": "FAB81E",
        "profile_sidebar_border_color": "000000",
        "profile_sidebar_fill_color": "000000",
        "profile_text_color": "000000",
        "profile_use_background_image": false,
        "has_extended_profile": false,
        "default_profile": false,
        "default_profile_image": false,
        "following": null,
        "follow_request_sent": null,
        "notifications": null,
        "translator_type": "none"
    },
    "geo": null,
    "coordinates": null,
    "place": null,
    "contributors": null,
    "retweeted_status": {
        "created_at": "Tue Jan 21 00:16:50 +0000 2020",
        "id": 1219413507264745472,
        "id_str": "1219413507264745472",
        "text": "[17'S THE 8] Good day ~\n@dispatchsns @Dior\n\n#NowSVT https://t.co/1vpnhnYR20",
        "truncated": false,
        "entities": {
            "hashtags": [
                {
                    "text": "NowSVT",
                    "indices": [
                        44,
                        51
                    ]
                }
            ],
            "symbols": [],
            "user_mentions": [
                {
                    "screen_name": "dispatchsns",
                    "name": "korea dispatch",
                    "id": 230761964,
                    "id_str": "230761964",
                    "indices": [
                        24,
                        36
                    ]
                },
                {
                    "screen_name": "Dior",
                    "name": "Dior",
                    "id": 348379865,
                    "id_str": "348379865",
                    "indices": [
                        37,
                        42
                    ]
                }
            ],
            "urls": [],
            "media": [
                {
                    "id": 1219413470908542978,
                    "id_str": "1219413470908542978",
                    "indices": [
                        52,
                        75
                    ],
                    "media_url": "http://pbs.twimg.com/media/EOw6F0_UcAIwVoS.jpg",
                    "media_url_https": "https://pbs.twimg.com/media/EOw6F0_UcAIwVoS.jpg",
                    "url": "https://t.co/1vpnhnYR20",
                    "display_url": "pic.twitter.com/1vpnhnYR20",
                    "expanded_url": "https://twitter.com/pledis_17/status/1219413507264745472/photo/1",
                    "type": "photo",
                    "sizes": {
                        "thumb": {
                            "w": 150,
                            "h": 150,
                            "resize": "crop"
                        },
                        "small": {
                            "w": 680,
                            "h": 680,
                            "resize": "fit"
                        },
                        "medium": {
                            "w": 1200,
                            "h": 1200,
                            "resize": "fit"
                        },
                        "large": {
                            "w": 2048,
                            "h": 2048,
                            "resize": "fit"
                        }
                    }
                }
            ]
        },
        "extended_entities": {
            "media": [
                {
                    "id": 1219413470908542978,
                    "id_str": "1219413470908542978",
                    "indices": [
                        52,
                        75
                    ],
                    "media_url": "http://pbs.twimg.com/media/EOw6F0_UcAIwVoS.jpg",
                    "media_url_https": "https://pbs.twimg.com/media/EOw6F0_UcAIwVoS.jpg",
                    "url": "https://t.co/1vpnhnYR20",
                    "display_url": "pic.twitter.com/1vpnhnYR20",
                    "expanded_url": "https://twitter.com/pledis_17/status/1219413507264745472/photo/1",
                    "type": "photo",
                    "sizes": {
                        "thumb": {
                            "w": 150,
                            "h": 150,
                            "resize": "crop"
                        },
                        "small": {
                            "w": 680,
                            "h": 680,
                            "resize": "fit"
                        },
                        "medium": {
                            "w": 1200,
                            "h": 1200,
                            "resize": "fit"
                        },
                        "large": {
                            "w": 2048,
                            "h": 2048,
                            "resize": "fit"
                        }
                    }
                },
                {
                    "id": 1219413470916964352,
                    "id_str": "1219413470916964352",
                    "indices": [
                        52,
                        75
                    ],
                    "media_url": "http://pbs.twimg.com/media/EOw6F1BU8AASJQ_.jpg",
                    "media_url_https": "https://pbs.twimg.com/media/EOw6F1BU8AASJQ_.jpg",
                    "url": "https://t.co/1vpnhnYR20",
                    "display_url": "pic.twitter.com/1vpnhnYR20",
                    "expanded_url": "https://twitter.com/pledis_17/status/1219413507264745472/photo/1",
                    "type": "photo",
                    "sizes": {
                        "thumb": {
                            "w": 150,
                            "h": 150,
                            "resize": "crop"
                        },
                        "large": {
                            "w": 1947,
                            "h": 1947,
                            "resize": "fit"
                        },
                        "medium": {
                            "w": 1200,
                            "h": 1200,
                            "resize": "fit"
                        },
                        "small": {
                            "w": 680,
                            "h": 680,
                            "resize": "fit"
                        }
                    }
                },
                {
                    "id": 1219413470916927488,
                    "id_str": "1219413470916927488",
                    "indices": [
                        52,
                        75
                    ],
                    "media_url": "http://pbs.twimg.com/media/EOw6F1BUYAACcuF.jpg",
                    "media_url_https": "https://pbs.twimg.com/media/EOw6F1BUYAACcuF.jpg",
                    "url": "https://t.co/1vpnhnYR20",
                    "display_url": "pic.twitter.com/1vpnhnYR20",
                    "expanded_url": "https://twitter.com/pledis_17/status/1219413507264745472/photo/1",
                    "type": "photo",
                    "sizes": {
                        "thumb": {
                            "w": 150,
                            "h": 150,
                            "resize": "crop"
                        },
                        "medium": {
                            "w": 1200,
                            "h": 1200,
                            "resize": "fit"
                        },
                        "small": {
                            "w": 680,
                            "h": 680,
                            "resize": "fit"
                        },
                        "large": {
                            "w": 2048,
                            "h": 2048,
                            "resize": "fit"
                        }
                    }
                }
            ]
        },
        "metadata": {
            "iso_language_code": "en",
            "result_type": "recent"
        },
        "source": "<a href=\"http://twitter.com/download/iphone\" rel=\"nofollow\">Twitter for iPhone</a>",
        "in_reply_to_status_id": null,
        "in_reply_to_status_id_str": null,
        "in_reply_to_user_id": null,
        "in_reply_to_user_id_str": null,
        "in_reply_to_screen_name": null,
        "user": {
            "id": 956888370,
            "id_str": "956888370",
            "name": "\uc138\ube10\ud2f4(SEVENTEEN)",
            "screen_name": "pledis_17",
            "location": "",
            "description": "\ud50c\ub808\ub514\uc2a4 \uc5d4\ud130\ud14c\uc778\uba3c\ud2b8 \uc18c\uc18d \uc138\ube10\ud2f4(SEVENTEEN) \uacf5\uc2dd \ud2b8\uc704\ud130",
            "url": "https://t.co/p85JTT6yci",
            "entities": {
                "url": {
                    "urls": [
                        {
                            "url": "https://t.co/p85JTT6yci",
                            "expanded_url": "http://www.seventeen-17.com",
                            "display_url": "seventeen-17.com",
                            "indices": [
                                0,
                                23
                            ]
                        }
                    ]
                },
                "description": {
                    "urls": []
                }
            },
            "protected": false,
            "followers_count": 4900009,
            "friends_count": 5,
            "listed_count": 12390,
            "created_at": "Mon Nov 19 06:57:38 +0000 2012",
            "favourites_count": 108,
            "utc_offset": null,
            "time_zone": null,
            "geo_enabled": false,
            "verified": true,
            "statuses_count": 14388,
            "lang": null,
            "contributors_enabled": false,
            "is_translator": false,
            "is_translation_enabled": false,
            "profile_background_color": "C0DEED",
            "profile_background_image_url": "http://abs.twimg.com/images/themes/theme1/bg.png",
            "profile_background_image_url_https": "https://abs.twimg.com/images/themes/theme1/bg.png",
            "profile_background_tile": false,
            "profile_image_url": "http://pbs.twimg.com/profile_images/1168177958294409216/E02udUf-_normal.jpg",
            "profile_image_url_https": "https://pbs.twimg.com/profile_images/1168177958294409216/E02udUf-_normal.jpg",
            "profile_banner_url": "https://pbs.twimg.com/profile_banners/956888370/1567350305",
            "profile_link_color": "1DA1F2",
            "profile_sidebar_border_color": "C0DEED",
            "profile_sidebar_fill_color": "DDEEF6",
            "profile_text_color": "333333",
            "profile_use_background_image": true,
            "has_extended_profile": false,
            "default_profile": true,
            "default_profile_image": false,
            "following": null,
            "follow_request_sent": null,
            "notifications": null,
            "translator_type": "none"
        },
        "geo": null,
        "coordinates": null,
        "place": null,
        "contributors": null,
        "is_quote_status": false,
        "retweet_count": 23976,
        "favorite_count": 98643,
        "favorited": false,
        "retweeted": false,
        "possibly_sensitive": false,
        "lang": "en"
    },
    "is_quote_status": false,
    "retweet_count": 23976,
    "favorite_count": 0,
    "favorited": false,
    "retweeted": false,
    "possibly_sensitive": false,
    "lang": "en"
}