{
    "created_at": "Tue Mar 10 07:35:57 +0000 2020",
    "id": 1237281020262502400,
    "id_str": "1237281020262502400",
    "text": "RT @Luckiest_077: #Poll Let\u2019s make a poll for the best ship with @dior\nSuzy X Nam Joo Hyuk X DIOR\nJisoo X Sehun X DIOR\nSuzy X Sehun X DIOR\u2026",
    "truncated": false,
    "entities": {
        "hashtags": [
            {
                "text": "Poll",
                "indices": [
                    18,
                    23
                ]
            }
        ],
        "symbols": [],
        "user_mentions": [
            {
                "screen_name": "Luckiest_077",
                "name": "Where is BLACKPINK Comeback?",
                "id": 1142818317863964672,
                "id_str": "1142818317863964672",
                "indices": [
                    3,
                    16
                ]
            },
            {
                "screen_name": "Dior",
                "name": "Dior",
                "id": 348379865,
                "id_str": "348379865",
                "indices": [
                    65,
                    70
                ]
            }
        ],
        "urls": []
    },
    "metadata": {
        "iso_language_code": "in",
        "result_type": "recent"
    },
    "source": "<a href=\"https://mobile.twitter.com\" rel=\"nofollow\">Twitter Web App</a>",
    "in_reply_to_status_id": null,
    "in_reply_to_status_id_str": null,
    "in_reply_to_user_id": null,
    "in_reply_to_user_id_str": null,
    "in_reply_to_screen_name": null,
    "user": {
        "id": 1112784327174025216,
        "id_str": "1112784327174025216",
        "name": "Baesuzy",
        "screen_name": "Baesuzy45599805",
        "location": "",
        "description": "",
        "url": null,
        "entities": {
            "description": {
                "urls": []
            }
        },
        "protected": false,
        "followers_count": 58,
        "friends_count": 115,
        "listed_count": 0,
        "created_at": "Mon Apr 01 18:30:32 +0000 2019",
        "favourites_count": 67069,
        "utc_offset": null,
        "time_zone": null,
        "geo_enabled": false,
        "verified": false,
        "statuses_count": 15973,
        "lang": null,
        "contributors_enabled": false,
        "is_translator": false,
        "is_translation_enabled": false,
        "profile_background_color": "F5F8FA",
        "profile_background_image_url": null,
        "profile_background_image_url_https": null,
        "profile_background_tile": false,
        "profile_image_url": "http://pbs.twimg.com/profile_images/1182052976996704256/GIVWt3Wk_normal.png",
        "profile_image_url_https": "https://pbs.twimg.com/profile_images/1182052976996704256/GIVWt3Wk_normal.png",
        "profile_link_color": "1DA1F2",
        "profile_sidebar_border_color": "C0DEED",
        "profile_sidebar_fill_color": "DDEEF6",
        "profile_text_color": "333333",
        "profile_use_background_image": true,
        "has_extended_profile": false,
        "default_profile": true,
        "default_profile_image": false,
        "following": null,
        "follow_request_sent": null,
        "notifications": null,
        "translator_type": "none"
    },
    "geo": null,
    "coordinates": null,
    "place": null,
    "contributors": null,
    "retweeted_status": {
        "created_at": "Mon Mar 09 16:20:41 +0000 2020",
        "id": 1237050687202168837,
        "id_str": "1237050687202168837",
        "text": "#Poll Let\u2019s make a poll for the best ship with @dior\nSuzy X Nam Joo Hyuk X DIOR\nJisoo X Sehun X DIOR\nSuzy X Sehun X\u2026 https://t.co/VB8u5KPduu",
        "truncated": true,
        "entities": {
            "hashtags": [
                {
                    "text": "Poll",
                    "indices": [
                        0,
                        5
                    ]
                }
            ],
            "symbols": [],
            "user_mentions": [
                {
                    "screen_name": "Dior",
                    "name": "Dior",
                    "id": 348379865,
                    "id_str": "348379865",
                    "indices": [
                        47,
                        52
                    ]
                }
            ],
            "urls": [
                {
                    "url": "https://t.co/VB8u5KPduu",
                    "expanded_url": "https://twitter.com/i/web/status/1237050687202168837",
                    "display_url": "twitter.com/i/web/status/1\u2026",
                    "indices": [
                        117,
                        140
                    ]
                }
            ]
        },
        "metadata": {
            "iso_language_code": "in",
            "result_type": "recent"
        },
        "source": "<a href=\"http://twitter.com/download/iphone\" rel=\"nofollow\">Twitter for iPhone</a>",
        "in_reply_to_status_id": 1237003068035776513,
        "in_reply_to_status_id_str": "1237003068035776513",
        "in_reply_to_user_id": 1142818317863964672,
        "in_reply_to_user_id_str": "1142818317863964672",
        "in_reply_to_screen_name": "Luckiest_077",
        "user": {
            "id": 1142818317863964672,
            "id_str": "1142818317863964672",
            "name": "Where is BLACKPINK Comeback?",
            "screen_name": "Luckiest_077",
            "location": "Hotel Blue Moon",
            "description": "Learn to respect and tolerate other people opinions",
            "url": null,
            "entities": {
                "description": {
                    "urls": []
                }
            },
            "protected": false,
            "followers_count": 12,
            "friends_count": 95,
            "listed_count": 0,
            "created_at": "Sun Jun 23 15:34:54 +0000 2019",
            "favourites_count": 0,
            "utc_offset": null,
            "time_zone": null,
            "geo_enabled": false,
            "verified": false,
            "statuses_count": 802,
            "lang": null,
            "contributors_enabled": false,
            "is_translator": false,
            "is_translation_enabled": false,
            "profile_background_color": "F5F8FA",
            "profile_background_image_url": null,
            "profile_background_image_url_https": null,
            "profile_background_tile": false,
            "profile_image_url": "http://pbs.twimg.com/profile_images/1237053393115496448/dsSJKrSN_normal.jpg",
            "profile_image_url_https": "https://pbs.twimg.com/profile_images/1237053393115496448/dsSJKrSN_normal.jpg",
            "profile_banner_url": "https://pbs.twimg.com/profile_banners/1142818317863964672/1583702447",
            "profile_link_color": "1DA1F2",
            "profile_sidebar_border_color": "C0DEED",
            "profile_sidebar_fill_color": "DDEEF6",
            "profile_text_color": "333333",
            "profile_use_background_image": true,
            "has_extended_profile": false,
            "default_profile": true,
            "default_profile_image": false,
            "following": null,
            "follow_request_sent": null,
            "notifications": null,
            "translator_type": "none"
        },
        "geo": null,
        "coordinates": null,
        "place": null,
        "contributors": null,
        "is_quote_status": false,
        "retweet_count": 4,
        "favorite_count": 2,
        "favorited": false,
        "retweeted": false,
        "lang": "in"
    },
    "is_quote_status": false,
    "retweet_count": 4,
    "favorite_count": 0,
    "favorited": false,
    "retweeted": false,
    "lang": "in"
}