{
    "created_at": "Tue Mar 10 11:00:01 +0000 2020",
    "id": 1237332377031954434,
    "id_str": "1237332377031954434",
    "text": "Please.\ud83d\ude4f\ud83c\udffb\n \nhttps://t.co/lXGEJStAUb\nhttps://t.co/5tYoNuNXtk\n\n@Dior @VICTON1109 @NewWorld_VICTON \n\n#Dior #\uc784\uc138\uc900 #\ube45\ud1a4\u2026 https://t.co/lrmvEGGrJh",
    "truncated": true,
    "entities": {
        "hashtags": [
            {
                "text": "Dior",
                "indices": [
                    98,
                    103
                ]
            },
            {
                "text": "\uc784\uc138\uc900",
                "indices": [
                    104,
                    108
                ]
            },
            {
                "text": "\ube45\ud1a4",
                "indices": [
                    109,
                    112
                ]
            }
        ],
        "symbols": [],
        "user_mentions": [
            {
                "screen_name": "Dior",
                "name": "Dior",
                "id": 348379865,
                "id_str": "348379865",
                "indices": [
                    61,
                    66
                ]
            },
            {
                "screen_name": "VICTON1109",
                "name": "VICTON(\ube45\ud1a4)",
                "id": 793353793681301504,
                "id_str": "793353793681301504",
                "indices": [
                    67,
                    78
                ]
            },
            {
                "screen_name": "NewWorld_VICTON",
                "name": "VICTON \ube45\ud1a4",
                "id": 1019129631113220096,
                "id_str": "1019129631113220096",
                "indices": [
                    79,
                    95
                ]
            }
        ],
        "urls": [
            {
                "url": "https://t.co/lXGEJStAUb",
                "expanded_url": "https://i.ibb.co/v3hM87T/27428-A25-F805-4704-8-EAC-37009-FF2-AAA0.jpg",
                "display_url": "i.ibb.co/v3hM87T/27428-\u2026",
                "indices": [
                    12,
                    35
                ]
            },
            {
                "url": "https://t.co/5tYoNuNXtk",
                "expanded_url": "https://i.ibb.co/2530kjP/7148-C3-C3-D6-DB-4352-91-FE-514-ADC35-F279.jpg",
                "display_url": "i.ibb.co/2530kjP/7148-C\u2026",
                "indices": [
                    36,
                    59
                ]
            },
            {
                "url": "https://t.co/lrmvEGGrJh",
                "expanded_url": "https://twitter.com/i/web/status/1237332377031954434",
                "display_url": "twitter.com/i/web/status/1\u2026",
                "indices": [
                    114,
                    137
                ]
            }
        ]
    },
    "metadata": {
        "iso_language_code": "en",
        "result_type": "recent"
    },
    "source": "<a href=\"http://twitter.com/download/iphone\" rel=\"nofollow\">Twitter for iPhone</a>",
    "in_reply_to_status_id": null,
    "in_reply_to_status_id_str": null,
    "in_reply_to_user_id": null,
    "in_reply_to_user_id_str": null,
    "in_reply_to_screen_name": null,
    "user": {
        "id": 4905011198,
        "id_str": "4905011198",
        "name": "\ud835\udc01\ud835\udc0e\ud835\udc17\ud835\udc22",
        "screen_name": "BOXi1209",
        "location": "\ud83c\udde8\ud83c\uddf3",
        "description": "\ud83c\udf53\ud83c\udf7c  \u3010all pictures\ud83d\udeab\u3011",
        "url": null,
        "entities": {
            "description": {
                "urls": []
            }
        },
        "protected": false,
        "followers_count": 119,
        "friends_count": 225,
        "listed_count": 5,
        "created_at": "Sun Feb 14 04:44:29 +0000 2016",
        "favourites_count": 1171,
        "utc_offset": null,
        "time_zone": null,
        "geo_enabled": false,
        "verified": false,
        "statuses_count": 375,
        "lang": null,
        "contributors_enabled": false,
        "is_translator": false,
        "is_translation_enabled": false,
        "profile_background_color": "F5F8FA",
        "profile_background_image_url": null,
        "profile_background_image_url_https": null,
        "profile_background_tile": false,
        "profile_image_url": "http://pbs.twimg.com/profile_images/1234360555164422144/nquzNcGg_normal.jpg",
        "profile_image_url_https": "https://pbs.twimg.com/profile_images/1234360555164422144/nquzNcGg_normal.jpg",
        "profile_banner_url": "https://pbs.twimg.com/profile_banners/4905011198/1581344561",
        "profile_link_color": "1DA1F2",
        "profile_sidebar_border_color": "C0DEED",
        "profile_sidebar_fill_color": "DDEEF6",
        "profile_text_color": "333333",
        "profile_use_background_image": true,
        "has_extended_profile": true,
        "default_profile": true,
        "default_profile_image": false,
        "following": null,
        "follow_request_sent": null,
        "notifications": null,
        "translator_type": "none"
    },
    "geo": null,
    "coordinates": null,
    "place": null,
    "contributors": null,
    "is_quote_status": false,
    "retweet_count": 0,
    "favorite_count": 2,
    "favorited": false,
    "retweeted": false,
    "possibly_sensitive": false,
    "lang": "en"
}