{
    "created_at": "Tue Mar 10 05:32:41 +0000 2020",
    "id": 1237249998183526400,
    "id_str": "1237249998183526400",
    "text": "RT @yarwan: \u3072\u3068\u8db3\u304a\u5148\u306b\u304a\u82b1\u898b #\u30c7\u30a3\u30aa\u30fc\u30eb\u5c55 @Dior @hankyu_event https://t.co/ZaaiEmkOMl",
    "truncated": false,
    "entities": {
        "hashtags": [
            {
                "text": "\u30c7\u30a3\u30aa\u30fc\u30eb\u5c55",
                "indices": [
                    22,
                    29
                ]
            }
        ],
        "symbols": [],
        "user_mentions": [
            {
                "screen_name": "yarwan",
                "name": "\u3084\u30fc\u308f\u3093",
                "id": 46591719,
                "id_str": "46591719",
                "indices": [
                    3,
                    10
                ]
            },
            {
                "screen_name": "Dior",
                "name": "Dior",
                "id": 348379865,
                "id_str": "348379865",
                "indices": [
                    30,
                    35
                ]
            },
            {
                "screen_name": "hankyu_event",
                "name": "HANKYU EVENT",
                "id": 2842888274,
                "id_str": "2842888274",
                "indices": [
                    36,
                    49
                ]
            }
        ],
        "urls": [],
        "media": [
            {
                "id": 1237246349453578241,
                "id_str": "1237246349453578241",
                "indices": [
                    50,
                    73
                ],
                "media_url": "http://pbs.twimg.com/media/ESuU_-bUUAEtoCV.jpg",
                "media_url_https": "https://pbs.twimg.com/media/ESuU_-bUUAEtoCV.jpg",
                "url": "https://t.co/ZaaiEmkOMl",
                "display_url": "pic.twitter.com/ZaaiEmkOMl",
                "expanded_url": "https://twitter.com/yarwan/status/1237246353379483648/photo/1",
                "type": "photo",
                "sizes": {
                    "medium": {
                        "w": 900,
                        "h": 1200,
                        "resize": "fit"
                    },
                    "thumb": {
                        "w": 150,
                        "h": 150,
                        "resize": "crop"
                    },
                    "large": {
                        "w": 1536,
                        "h": 2048,
                        "resize": "fit"
                    },
                    "small": {
                        "w": 510,
                        "h": 680,
                        "resize": "fit"
                    }
                },
                "source_status_id": 1237246353379483648,
                "source_status_id_str": "1237246353379483648",
                "source_user_id": 46591719,
                "source_user_id_str": "46591719"
            }
        ]
    },
    "extended_entities": {
        "media": [
            {
                "id": 1237246349453578241,
                "id_str": "1237246349453578241",
                "indices": [
                    50,
                    73
                ],
                "media_url": "http://pbs.twimg.com/media/ESuU_-bUUAEtoCV.jpg",
                "media_url_https": "https://pbs.twimg.com/media/ESuU_-bUUAEtoCV.jpg",
                "url": "https://t.co/ZaaiEmkOMl",
                "display_url": "pic.twitter.com/ZaaiEmkOMl",
                "expanded_url": "https://twitter.com/yarwan/status/1237246353379483648/photo/1",
                "type": "photo",
                "sizes": {
                    "medium": {
                        "w": 900,
                        "h": 1200,
                        "resize": "fit"
                    },
                    "thumb": {
                        "w": 150,
                        "h": 150,
                        "resize": "crop"
                    },
                    "large": {
                        "w": 1536,
                        "h": 2048,
                        "resize": "fit"
                    },
                    "small": {
                        "w": 510,
                        "h": 680,
                        "resize": "fit"
                    }
                },
                "source_status_id": 1237246353379483648,
                "source_status_id_str": "1237246353379483648",
                "source_user_id": 46591719,
                "source_user_id_str": "46591719"
            },
            {
                "id": 1237246349977866240,
                "id_str": "1237246349977866240",
                "indices": [
                    50,
                    73
                ],
                "media_url": "http://pbs.twimg.com/media/ESuVAAYUUAAGs5m.jpg",
                "media_url_https": "https://pbs.twimg.com/media/ESuVAAYUUAAGs5m.jpg",
                "url": "https://t.co/ZaaiEmkOMl",
                "display_url": "pic.twitter.com/ZaaiEmkOMl",
                "expanded_url": "https://twitter.com/yarwan/status/1237246353379483648/photo/1",
                "type": "photo",
                "sizes": {
                    "large": {
                        "w": 1536,
                        "h": 2048,
                        "resize": "fit"
                    },
                    "thumb": {
                        "w": 150,
                        "h": 150,
                        "resize": "crop"
                    },
                    "medium": {
                        "w": 900,
                        "h": 1200,
                        "resize": "fit"
                    },
                    "small": {
                        "w": 510,
                        "h": 680,
                        "resize": "fit"
                    }
                },
                "source_status_id": 1237246353379483648,
                "source_status_id_str": "1237246353379483648",
                "source_user_id": 46591719,
                "source_user_id_str": "46591719"
            },
            {
                "id": 1237246349717852160,
                "id_str": "1237246349717852160",
                "indices": [
                    50,
                    73
                ],
                "media_url": "http://pbs.twimg.com/media/ESuU__aU0AAVz6c.jpg",
                "media_url_https": "https://pbs.twimg.com/media/ESuU__aU0AAVz6c.jpg",
                "url": "https://t.co/ZaaiEmkOMl",
                "display_url": "pic.twitter.com/ZaaiEmkOMl",
                "expanded_url": "https://twitter.com/yarwan/status/1237246353379483648/photo/1",
                "type": "photo",
                "sizes": {
                    "small": {
                        "w": 510,
                        "h": 680,
                        "resize": "fit"
                    },
                    "thumb": {
                        "w": 150,
                        "h": 150,
                        "resize": "crop"
                    },
                    "large": {
                        "w": 1536,
                        "h": 2048,
                        "resize": "fit"
                    },
                    "medium": {
                        "w": 900,
                        "h": 1200,
                        "resize": "fit"
                    }
                },
                "source_status_id": 1237246353379483648,
                "source_status_id_str": "1237246353379483648",
                "source_user_id": 46591719,
                "source_user_id_str": "46591719"
            },
            {
                "id": 1237246349466198019,
                "id_str": "1237246349466198019",
                "indices": [
                    50,
                    73
                ],
                "media_url": "http://pbs.twimg.com/media/ESuU_-eU4AMeqLt.jpg",
                "media_url_https": "https://pbs.twimg.com/media/ESuU_-eU4AMeqLt.jpg",
                "url": "https://t.co/ZaaiEmkOMl",
                "display_url": "pic.twitter.com/ZaaiEmkOMl",
                "expanded_url": "https://twitter.com/yarwan/status/1237246353379483648/photo/1",
                "type": "photo",
                "sizes": {
                    "thumb": {
                        "w": 150,
                        "h": 150,
                        "resize": "crop"
                    },
                    "large": {
                        "w": 1536,
                        "h": 2048,
                        "resize": "fit"
                    },
                    "small": {
                        "w": 510,
                        "h": 680,
                        "resize": "fit"
                    },
                    "medium": {
                        "w": 900,
                        "h": 1200,
                        "resize": "fit"
                    }
                },
                "source_status_id": 1237246353379483648,
                "source_status_id_str": "1237246353379483648",
                "source_user_id": 46591719,
                "source_user_id_str": "46591719"
            }
        ]
    },
    "metadata": {
        "iso_language_code": "ja",
        "result_type": "recent"
    },
    "source": "<a href=\"http://twitter.com/download/iphone\" rel=\"nofollow\">Twitter for iPhone</a>",
    "in_reply_to_status_id": null,
    "in_reply_to_status_id_str": null,
    "in_reply_to_user_id": null,
    "in_reply_to_user_id_str": null,
    "in_reply_to_screen_name": null,
    "user": {
        "id": 51743475,
        "id_str": "51743475",
        "name": "michino ogura",
        "screen_name": "mimion77",
        "location": "Tokyo,Japan",
        "description": "Editor,Writer",
        "url": "https://t.co/OqwT5RsA5d",
        "entities": {
            "url": {
                "urls": [
                    {
                        "url": "https://t.co/OqwT5RsA5d",
                        "expanded_url": "https://www.instagram.com/mimion77/",
                        "display_url": "instagram.com/mimion77/",
                        "indices": [
                            0,
                            23
                        ]
                    }
                ]
            },
            "description": {
                "urls": []
            }
        },
        "protected": false,
        "followers_count": 464,
        "friends_count": 1438,
        "listed_count": 13,
        "created_at": "Sun Jun 28 14:36:52 +0000 2009",
        "favourites_count": 27467,
        "utc_offset": null,
        "time_zone": null,
        "geo_enabled": false,
        "verified": false,
        "statuses_count": 11806,
        "lang": null,
        "contributors_enabled": false,
        "is_translator": false,
        "is_translation_enabled": false,
        "profile_background_color": "C0DEED",
        "profile_background_image_url": "http://abs.twimg.com/images/themes/theme1/bg.png",
        "profile_background_image_url_https": "https://abs.twimg.com/images/themes/theme1/bg.png",
        "profile_background_tile": false,
        "profile_image_url": "http://pbs.twimg.com/profile_images/2461277166/F9D21969-F502-4A8E-988C-08DB2E0A834E_normal",
        "profile_image_url_https": "https://pbs.twimg.com/profile_images/2461277166/F9D21969-F502-4A8E-988C-08DB2E0A834E_normal",
        "profile_banner_url": "https://pbs.twimg.com/profile_banners/51743475/1526553701",
        "profile_link_color": "0084B4",
        "profile_sidebar_border_color": "C0DEED",
        "profile_sidebar_fill_color": "DDEEF6",
        "profile_text_color": "333333",
        "profile_use_background_image": true,
        "has_extended_profile": false,
        "default_profile": false,
        "default_profile_image": false,
        "following": null,
        "follow_request_sent": null,
        "notifications": null,
        "translator_type": "none"
    },
    "geo": null,
    "coordinates": null,
    "place": null,
    "contributors": null,
    "retweeted_status": {
        "created_at": "Tue Mar 10 05:18:12 +0000 2020",
        "id": 1237246353379483648,
        "id_str": "1237246353379483648",
        "text": "\u3072\u3068\u8db3\u304a\u5148\u306b\u304a\u82b1\u898b #\u30c7\u30a3\u30aa\u30fc\u30eb\u5c55 @Dior @hankyu_event https://t.co/ZaaiEmkOMl",
        "truncated": false,
        "entities": {
            "hashtags": [
                {
                    "text": "\u30c7\u30a3\u30aa\u30fc\u30eb\u5c55",
                    "indices": [
                        10,
                        17
                    ]
                }
            ],
            "symbols": [],
            "user_mentions": [
                {
                    "screen_name": "Dior",
                    "name": "Dior",
                    "id": 348379865,
                    "id_str": "348379865",
                    "indices": [
                        18,
                        23
                    ]
                },
                {
                    "screen_name": "hankyu_event",
                    "name": "HANKYU EVENT",
                    "id": 2842888274,
                    "id_str": "2842888274",
                    "indices": [
                        24,
                        37
                    ]
                }
            ],
            "urls": [],
            "media": [
                {
                    "id": 1237246349453578241,
                    "id_str": "1237246349453578241",
                    "indices": [
                        38,
                        61
                    ],
                    "media_url": "http://pbs.twimg.com/media/ESuU_-bUUAEtoCV.jpg",
                    "media_url_https": "https://pbs.twimg.com/media/ESuU_-bUUAEtoCV.jpg",
                    "url": "https://t.co/ZaaiEmkOMl",
                    "display_url": "pic.twitter.com/ZaaiEmkOMl",
                    "expanded_url": "https://twitter.com/yarwan/status/1237246353379483648/photo/1",
                    "type": "photo",
                    "sizes": {
                        "medium": {
                            "w": 900,
                            "h": 1200,
                            "resize": "fit"
                        },
                        "thumb": {
                            "w": 150,
                            "h": 150,
                            "resize": "crop"
                        },
                        "large": {
                            "w": 1536,
                            "h": 2048,
                            "resize": "fit"
                        },
                        "small": {
                            "w": 510,
                            "h": 680,
                            "resize": "fit"
                        }
                    }
                }
            ]
        },
        "extended_entities": {
            "media": [
                {
                    "id": 1237246349453578241,
                    "id_str": "1237246349453578241",
                    "indices": [
                        38,
                        61
                    ],
                    "media_url": "http://pbs.twimg.com/media/ESuU_-bUUAEtoCV.jpg",
                    "media_url_https": "https://pbs.twimg.com/media/ESuU_-bUUAEtoCV.jpg",
                    "url": "https://t.co/ZaaiEmkOMl",
                    "display_url": "pic.twitter.com/ZaaiEmkOMl",
                    "expanded_url": "https://twitter.com/yarwan/status/1237246353379483648/photo/1",
                    "type": "photo",
                    "sizes": {
                        "medium": {
                            "w": 900,
                            "h": 1200,
                            "resize": "fit"
                        },
                        "thumb": {
                            "w": 150,
                            "h": 150,
                            "resize": "crop"
                        },
                        "large": {
                            "w": 1536,
                            "h": 2048,
                            "resize": "fit"
                        },
                        "small": {
                            "w": 510,
                            "h": 680,
                            "resize": "fit"
                        }
                    }
                },
                {
                    "id": 1237246349977866240,
                    "id_str": "1237246349977866240",
                    "indices": [
                        38,
                        61
                    ],
                    "media_url": "http://pbs.twimg.com/media/ESuVAAYUUAAGs5m.jpg",
                    "media_url_https": "https://pbs.twimg.com/media/ESuVAAYUUAAGs5m.jpg",
                    "url": "https://t.co/ZaaiEmkOMl",
                    "display_url": "pic.twitter.com/ZaaiEmkOMl",
                    "expanded_url": "https://twitter.com/yarwan/status/1237246353379483648/photo/1",
                    "type": "photo",
                    "sizes": {
                        "large": {
                            "w": 1536,
                            "h": 2048,
                            "resize": "fit"
                        },
                        "thumb": {
                            "w": 150,
                            "h": 150,
                            "resize": "crop"
                        },
                        "medium": {
                            "w": 900,
                            "h": 1200,
                            "resize": "fit"
                        },
                        "small": {
                            "w": 510,
                            "h": 680,
                            "resize": "fit"
                        }
                    }
                },
                {
                    "id": 1237246349717852160,
                    "id_str": "1237246349717852160",
                    "indices": [
                        38,
                        61
                    ],
                    "media_url": "http://pbs.twimg.com/media/ESuU__aU0AAVz6c.jpg",
                    "media_url_https": "https://pbs.twimg.com/media/ESuU__aU0AAVz6c.jpg",
                    "url": "https://t.co/ZaaiEmkOMl",
                    "display_url": "pic.twitter.com/ZaaiEmkOMl",
                    "expanded_url": "https://twitter.com/yarwan/status/1237246353379483648/photo/1",
                    "type": "photo",
                    "sizes": {
                        "small": {
                            "w": 510,
                            "h": 680,
                            "resize": "fit"
                        },
                        "thumb": {
                            "w": 150,
                            "h": 150,
                            "resize": "crop"
                        },
                        "large": {
                            "w": 1536,
                            "h": 2048,
                            "resize": "fit"
                        },
                        "medium": {
                            "w": 900,
                            "h": 1200,
                            "resize": "fit"
                        }
                    }
                },
                {
                    "id": 1237246349466198019,
                    "id_str": "1237246349466198019",
                    "indices": [
                        38,
                        61
                    ],
                    "media_url": "http://pbs.twimg.com/media/ESuU_-eU4AMeqLt.jpg",
                    "media_url_https": "https://pbs.twimg.com/media/ESuU_-eU4AMeqLt.jpg",
                    "url": "https://t.co/ZaaiEmkOMl",
                    "display_url": "pic.twitter.com/ZaaiEmkOMl",
                    "expanded_url": "https://twitter.com/yarwan/status/1237246353379483648/photo/1",
                    "type": "photo",
                    "sizes": {
                        "thumb": {
                            "w": 150,
                            "h": 150,
                            "resize": "crop"
                        },
                        "large": {
                            "w": 1536,
                            "h": 2048,
                            "resize": "fit"
                        },
                        "small": {
                            "w": 510,
                            "h": 680,
                            "resize": "fit"
                        },
                        "medium": {
                            "w": 900,
                            "h": 1200,
                            "resize": "fit"
                        }
                    }
                }
            ]
        },
        "metadata": {
            "iso_language_code": "ja",
            "result_type": "recent"
        },
        "source": "<a href=\"https://onloft.com/tweetlogix\" rel=\"nofollow\">Tweetlogix</a>",
        "in_reply_to_status_id": null,
        "in_reply_to_status_id_str": null,
        "in_reply_to_user_id": null,
        "in_reply_to_user_id_str": null,
        "in_reply_to_screen_name": null,
        "user": {
            "id": 46591719,
            "id_str": "46591719",
            "name": "\u3084\u30fc\u308f\u3093",
            "screen_name": "yarwan",
            "location": "Japan",
            "description": "I love music. I love cinema. I love fashion. \u4e3b\u89b3\u3068\u5ba2\u89b3\u306e\u30cf\u30b6\u30de\u3092\u884c\u3063\u305f\u308a\u6765\u305f\u308a\u3002",
            "url": "https://t.co/tA5SUi8N9f",
            "entities": {
                "url": {
                    "urls": [
                        {
                            "url": "https://t.co/tA5SUi8N9f",
                            "expanded_url": "http://www.lastfm.jp/user/yarwan",
                            "display_url": "lastfm.jp/user/yarwan",
                            "indices": [
                                0,
                                23
                            ]
                        }
                    ]
                },
                "description": {
                    "urls": []
                }
            },
            "protected": false,
            "followers_count": 1076,
            "friends_count": 1126,
            "listed_count": 84,
            "created_at": "Fri Jun 12 05:43:01 +0000 2009",
            "favourites_count": 35781,
            "utc_offset": null,
            "time_zone": null,
            "geo_enabled": true,
            "verified": false,
            "statuses_count": 121524,
            "lang": null,
            "contributors_enabled": false,
            "is_translator": false,
            "is_translation_enabled": false,
            "profile_background_color": "EAED32",
            "profile_background_image_url": "http://abs.twimg.com/images/themes/theme14/bg.gif",
            "profile_background_image_url_https": "https://abs.twimg.com/images/themes/theme14/bg.gif",
            "profile_background_tile": false,
            "profile_image_url": "http://pbs.twimg.com/profile_images/866803464885678080/9v0dOKtJ_normal.jpg",
            "profile_image_url_https": "https://pbs.twimg.com/profile_images/866803464885678080/9v0dOKtJ_normal.jpg",
            "profile_banner_url": "https://pbs.twimg.com/profile_banners/46591719/1401652383",
            "profile_link_color": "099999",
            "profile_sidebar_border_color": "FFFFFF",
            "profile_sidebar_fill_color": "EBFFF0",
            "profile_text_color": "B84E3C",
            "profile_use_background_image": false,
            "has_extended_profile": false,
            "default_profile": false,
            "default_profile_image": false,
            "following": null,
            "follow_request_sent": null,
            "notifications": null,
            "translator_type": "none"
        },
        "geo": null,
        "coordinates": null,
        "place": null,
        "contributors": null,
        "is_quote_status": false,
        "retweet_count": 1,
        "favorite_count": 3,
        "favorited": false,
        "retweeted": false,
        "possibly_sensitive": true,
        "lang": "ja"
    },
    "is_quote_status": false,
    "retweet_count": 1,
    "favorite_count": 0,
    "favorited": false,
    "retweeted": false,
    "possibly_sensitive": false,
    "lang": "ja"
}