{
    "created_at": "Tue Mar 10 13:41:33 +0000 2020",
    "id": 1237373028138270720,
    "id_str": "1237373028138270720",
    "text": "@huhsehun @dior",
    "truncated": false,
    "entities": {
        "hashtags": [],
        "symbols": [],
        "user_mentions": [
            {
                "screen_name": "huhsehun",
                "name": "5\uc138\ud6c8 actor sehun",
                "id": 970691969818095616,
                "id_str": "970691969818095616",
                "indices": [
                    0,
                    9
                ]
            },
            {
                "screen_name": "Dior",
                "name": "Dior",
                "id": 348379865,
                "id_str": "348379865",
                "indices": [
                    10,
                    15
                ]
            }
        ],
        "urls": []
    },
    "metadata": {
        "iso_language_code": "und",
        "result_type": "recent"
    },
    "source": "<a href=\"https://mobile.twitter.com\" rel=\"nofollow\">Twitter Web App</a>",
    "in_reply_to_status_id": 1236968093882011649,
    "in_reply_to_status_id_str": "1236968093882011649",
    "in_reply_to_user_id": 970691969818095616,
    "in_reply_to_user_id_str": "970691969818095616",
    "in_reply_to_screen_name": "huhsehun",
    "user": {
        "id": 1141983461319725062,
        "id_str": "1141983461319725062",
        "name": "ristaa\ud83d\udc25 {semi hiatus}",
        "screen_name": "babyohsehoon",
        "location": "",
        "description": "a girl who love oh sehun and exo\n(lagi ambis ub2020 /stan 2020)\nhobi : retweet aktivitas exo",
        "url": null,
        "entities": {
            "description": {
                "urls": []
            }
        },
        "protected": false,
        "followers_count": 336,
        "friends_count": 421,
        "listed_count": 2,
        "created_at": "Fri Jun 21 08:17:28 +0000 2019",
        "favourites_count": 5003,
        "utc_offset": null,
        "time_zone": null,
        "geo_enabled": false,
        "verified": false,
        "statuses_count": 5740,
        "lang": null,
        "contributors_enabled": false,
        "is_translator": false,
        "is_translation_enabled": false,
        "profile_background_color": "F5F8FA",
        "profile_background_image_url": null,
        "profile_background_image_url_https": null,
        "profile_background_tile": false,
        "profile_image_url": "http://pbs.twimg.com/profile_images/1221496415630712833/qsEaMDVT_normal.jpg",
        "profile_image_url_https": "https://pbs.twimg.com/profile_images/1221496415630712833/qsEaMDVT_normal.jpg",
        "profile_banner_url": "https://pbs.twimg.com/profile_banners/1141983461319725062/1576475102",
        "profile_link_color": "1DA1F2",
        "profile_sidebar_border_color": "C0DEED",
        "profile_sidebar_fill_color": "DDEEF6",
        "profile_text_color": "333333",
        "profile_use_background_image": true,
        "has_extended_profile": true,
        "default_profile": true,
        "default_profile_image": false,
        "following": null,
        "follow_request_sent": null,
        "notifications": null,
        "translator_type": "none"
    },
    "geo": null,
    "coordinates": null,
    "place": null,
    "contributors": null,
    "is_quote_status": false,
    "retweet_count": 0,
    "favorite_count": 0,
    "favorited": false,
    "retweeted": false,
    "lang": "und"
}