{
    "created_at": "Tue Mar 10 09:42:26 +0000 2020",
    "id": 1237312849661145088,
    "id_str": "1237312849661145088",
    "text": "RT @Dior: For over ten years, the House of Dior has been initiating partnerships with the new generation of perfume flower producers in the\u2026",
    "truncated": false,
    "entities": {
        "hashtags": [],
        "symbols": [],
        "user_mentions": [
            {
                "screen_name": "Dior",
                "name": "Dior",
                "id": 348379865,
                "id_str": "348379865",
                "indices": [
                    3,
                    8
                ]
            }
        ],
        "urls": []
    },
    "metadata": {
        "iso_language_code": "en",
        "result_type": "recent"
    },
    "source": "<a href=\"https://mobile.twitter.com\" rel=\"nofollow\">Twitter Web App</a>",
    "in_reply_to_status_id": null,
    "in_reply_to_status_id_str": null,
    "in_reply_to_user_id": null,
    "in_reply_to_user_id_str": null,
    "in_reply_to_screen_name": null,
    "user": {
        "id": 453744722,
        "id_str": "453744722",
        "name": "\u8db3\u888b\u732b",
        "screen_name": "maimimimomo",
        "location": "",
        "description": "\u4e3b\u306b\u80b2\u3066\u3066\u3044\u308b\u8594\u8587\u306a\u3069\u3002\u6211\u304c\u5b50\u540c\u7136\u3060\u3063\u305f\u611b\u732b\u30927\u67089\u65e5\u306b\u4ea1\u304f\u3057\u3066\u55aa\u4e2d\u3002\u81ea\u7136\u3068\u751f\u304d\u7269\u304c\u597d\u304d\u3002\u7f8e\u8853\u3001\u97f3\u697d\u3001\u6620\u753b\u3001\u8aad\u66f8\u3001\u30d5\u30a1\u30c3\u30b7\u30e7\u30f3\u3001\u30a2\u30fc\u30c8\u5168\u822c\u304c\u8da3\u5473\u3002\u7530\u820e\u66ae\u3089\u3057\u3067\u3059\u3002",
        "url": "https://t.co/RRuULDRo4C",
        "entities": {
            "url": {
                "urls": [
                    {
                        "url": "https://t.co/RRuULDRo4C",
                        "expanded_url": "https://note.mu/maimimimomo",
                        "display_url": "note.mu/maimimimomo",
                        "indices": [
                            0,
                            23
                        ]
                    }
                ]
            },
            "description": {
                "urls": []
            }
        },
        "protected": false,
        "followers_count": 271,
        "friends_count": 288,
        "listed_count": 2,
        "created_at": "Tue Jan 03 07:18:46 +0000 2012",
        "favourites_count": 48794,
        "utc_offset": null,
        "time_zone": null,
        "geo_enabled": false,
        "verified": false,
        "statuses_count": 14419,
        "lang": null,
        "contributors_enabled": false,
        "is_translator": false,
        "is_translation_enabled": false,
        "profile_background_color": "FF6699",
        "profile_background_image_url": "http://abs.twimg.com/images/themes/theme11/bg.gif",
        "profile_background_image_url_https": "https://abs.twimg.com/images/themes/theme11/bg.gif",
        "profile_background_tile": false,
        "profile_image_url": "http://pbs.twimg.com/profile_images/628466663248171008/ZL_B-Knn_normal.jpg",
        "profile_image_url_https": "https://pbs.twimg.com/profile_images/628466663248171008/ZL_B-Knn_normal.jpg",
        "profile_banner_url": "https://pbs.twimg.com/profile_banners/453744722/1466422482",
        "profile_link_color": "9266CC",
        "profile_sidebar_border_color": "FFFFFF",
        "profile_sidebar_fill_color": "E5507E",
        "profile_text_color": "362720",
        "profile_use_background_image": true,
        "has_extended_profile": false,
        "default_profile": false,
        "default_profile_image": false,
        "following": null,
        "follow_request_sent": null,
        "notifications": null,
        "translator_type": "none"
    },
    "geo": null,
    "coordinates": null,
    "place": null,
    "contributors": null,
    "retweeted_status": {
        "created_at": "Tue Mar 10 09:00:00 +0000 2020",
        "id": 1237302173815287809,
        "id_str": "1237302173815287809",
        "text": "For over ten years, the House of Dior has been initiating partnerships with the new generation of perfume flower pr\u2026 https://t.co/z5RUoh0jmu",
        "truncated": true,
        "entities": {
            "hashtags": [],
            "symbols": [],
            "user_mentions": [],
            "urls": [
                {
                    "url": "https://t.co/z5RUoh0jmu",
                    "expanded_url": "https://twitter.com/i/web/status/1237302173815287809",
                    "display_url": "twitter.com/i/web/status/1\u2026",
                    "indices": [
                        117,
                        140
                    ]
                }
            ]
        },
        "metadata": {
            "iso_language_code": "en",
            "result_type": "recent"
        },
        "source": "<a href=\"https://studio.twitter.com\" rel=\"nofollow\">Twitter Media Studio</a>",
        "in_reply_to_status_id": null,
        "in_reply_to_status_id_str": null,
        "in_reply_to_user_id": null,
        "in_reply_to_user_id_str": null,
        "in_reply_to_screen_name": null,
        "user": {
            "id": 348379865,
            "id_str": "348379865",
            "name": "Dior",
            "screen_name": "Dior",
            "location": "",
            "description": "",
            "url": "https://t.co/pLUyiJhYc3",
            "entities": {
                "url": {
                    "urls": [
                        {
                            "url": "https://t.co/pLUyiJhYc3",
                            "expanded_url": "http://www.dior.com",
                            "display_url": "dior.com",
                            "indices": [
                                0,
                                23
                            ]
                        }
                    ]
                },
                "description": {
                    "urls": []
                }
            },
            "protected": false,
            "followers_count": 8118096,
            "friends_count": 144,
            "listed_count": 9714,
            "created_at": "Thu Aug 04 10:04:42 +0000 2011",
            "favourites_count": 68,
            "utc_offset": null,
            "time_zone": null,
            "geo_enabled": true,
            "verified": true,
            "statuses_count": 3965,
            "lang": null,
            "contributors_enabled": false,
            "is_translator": false,
            "is_translation_enabled": false,
            "profile_background_color": "000000",
            "profile_background_image_url": "http://abs.twimg.com/images/themes/theme1/bg.png",
            "profile_background_image_url_https": "https://abs.twimg.com/images/themes/theme1/bg.png",
            "profile_background_tile": false,
            "profile_image_url": "http://pbs.twimg.com/profile_images/1051789365205196800/Sr3MjjXc_normal.jpg",
            "profile_image_url_https": "https://pbs.twimg.com/profile_images/1051789365205196800/Sr3MjjXc_normal.jpg",
            "profile_banner_url": "https://pbs.twimg.com/profile_banners/348379865/1583246709",
            "profile_link_color": "009999",
            "profile_sidebar_border_color": "000000",
            "profile_sidebar_fill_color": "303030",
            "profile_text_color": "FFFFFF",
            "profile_use_background_image": false,
            "has_extended_profile": false,
            "default_profile": false,
            "default_profile_image": false,
            "following": null,
            "follow_request_sent": null,
            "notifications": null,
            "translator_type": "none"
        },
        "geo": null,
        "coordinates": null,
        "place": null,
        "contributors": null,
        "is_quote_status": false,
        "retweet_count": 67,
        "favorite_count": 433,
        "favorited": false,
        "retweeted": false,
        "possibly_sensitive": false,
        "lang": "en"
    },
    "is_quote_status": false,
    "retweet_count": 67,
    "favorite_count": 0,
    "favorited": false,
    "retweeted": false,
    "lang": "en"
}