{
    "created_at": "Tue Mar 10 14:14:43 +0000 2020",
    "id": 1237381371430989832,
    "id_str": "1237381371430989832",
    "text": "RT @caroletwitt_: A powerful tribute to the power of liberated women, the inspirations behind the #DiorAW20\u00a0 show and collection - discover\u2026",
    "truncated": false,
    "entities": {
        "hashtags": [
            {
                "text": "DiorAW20",
                "indices": [
                    98,
                    107
                ]
            }
        ],
        "symbols": [],
        "user_mentions": [
            {
                "screen_name": "caroletwitt_",
                "name": "Carole CG \ud83c\udf0d",
                "id": 1125091071032270848,
                "id_str": "1125091071032270848",
                "indices": [
                    3,
                    16
                ]
            }
        ],
        "urls": []
    },
    "metadata": {
        "iso_language_code": "en",
        "result_type": "recent"
    },
    "source": "<a href=\"https://mobile.twitter.com\" rel=\"nofollow\">Twitter Web App</a>",
    "in_reply_to_status_id": null,
    "in_reply_to_status_id_str": null,
    "in_reply_to_user_id": null,
    "in_reply_to_user_id_str": null,
    "in_reply_to_screen_name": null,
    "user": {
        "id": 20730617,
        "id_str": "20730617",
        "name": "PraWin Karde",
        "screen_name": "kardepravin",
        "location": "\u00dcT: 18.493236,73.79016",
        "description": "#International #Business #Consulting, #Reader, #Explorer, #Networking is the way of #life    #Startup #Africa #Indo-Africa #travel #Technology #MBA #Engineering",
        "url": "https://t.co/qTNibWUa3l",
        "entities": {
            "url": {
                "urls": [
                    {
                        "url": "https://t.co/qTNibWUa3l",
                        "expanded_url": "http://linkedin.com/in/prawinkarde",
                        "display_url": "linkedin.com/in/prawinkarde",
                        "indices": [
                            0,
                            23
                        ]
                    }
                ]
            },
            "description": {
                "urls": []
            }
        },
        "protected": false,
        "followers_count": 2484,
        "friends_count": 5000,
        "listed_count": 159,
        "created_at": "Thu Feb 12 23:17:23 +0000 2009",
        "favourites_count": 8798,
        "utc_offset": null,
        "time_zone": null,
        "geo_enabled": false,
        "verified": false,
        "statuses_count": 21747,
        "lang": null,
        "contributors_enabled": false,
        "is_translator": false,
        "is_translation_enabled": false,
        "profile_background_color": "000000",
        "profile_background_image_url": "http://abs.twimg.com/images/themes/theme1/bg.png",
        "profile_background_image_url_https": "https://abs.twimg.com/images/themes/theme1/bg.png",
        "profile_background_tile": false,
        "profile_image_url": "http://pbs.twimg.com/profile_images/550468005168037889/Bgq0_7Ul_normal.jpeg",
        "profile_image_url_https": "https://pbs.twimg.com/profile_images/550468005168037889/Bgq0_7Ul_normal.jpeg",
        "profile_banner_url": "https://pbs.twimg.com/profile_banners/20730617/1420076863",
        "profile_link_color": "1B95E0",
        "profile_sidebar_border_color": "000000",
        "profile_sidebar_fill_color": "000000",
        "profile_text_color": "000000",
        "profile_use_background_image": false,
        "has_extended_profile": true,
        "default_profile": false,
        "default_profile_image": false,
        "following": null,
        "follow_request_sent": null,
        "notifications": null,
        "translator_type": "none"
    },
    "geo": null,
    "coordinates": null,
    "place": null,
    "contributors": null,
    "retweeted_status": {
        "created_at": "Sun Mar 08 17:42:45 +0000 2020",
        "id": 1236708950600495106,
        "id_str": "1236708950600495106",
        "text": "A powerful tribute to the power of liberated women, the inspirations behind the #DiorAW20\u00a0 show and collection - di\u2026 https://t.co/VkAesJKBmB",
        "truncated": true,
        "entities": {
            "hashtags": [
                {
                    "text": "DiorAW20",
                    "indices": [
                        80,
                        89
                    ]
                }
            ],
            "symbols": [],
            "user_mentions": [],
            "urls": [
                {
                    "url": "https://t.co/VkAesJKBmB",
                    "expanded_url": "https://twitter.com/i/web/status/1236708950600495106",
                    "display_url": "twitter.com/i/web/status/1\u2026",
                    "indices": [
                        117,
                        140
                    ]
                }
            ]
        },
        "metadata": {
            "iso_language_code": "en",
            "result_type": "recent"
        },
        "source": "<a href=\"http://twitter.com/#!/download/ipad\" rel=\"nofollow\">Twitter for iPad</a>",
        "in_reply_to_status_id": null,
        "in_reply_to_status_id_str": null,
        "in_reply_to_user_id": null,
        "in_reply_to_user_id_str": null,
        "in_reply_to_screen_name": null,
        "user": {
            "id": 1125091071032270848,
            "id_str": "1125091071032270848",
            "name": "Carole CG \ud83c\udf0d",
            "screen_name": "caroletwitt_",
            "location": "Montpellier/Dijon/Paris FRANCE",
            "description": "#Tech \u2022 #Economics #CircularEconomy #Sustainability #SustainableFashion\n\ud83c\udf31 \u2022 #Marketing #Communication #Luxury #Retail \u2022 #Education #Art #Nature \ud83c\udf3f \u2022 #Wellbeing",
            "url": null,
            "entities": {
                "description": {
                    "urls": []
                }
            },
            "protected": false,
            "followers_count": 3083,
            "friends_count": 2428,
            "listed_count": 21,
            "created_at": "Sun May 05 17:33:09 +0000 2019",
            "favourites_count": 10663,
            "utc_offset": null,
            "time_zone": null,
            "geo_enabled": false,
            "verified": false,
            "statuses_count": 2957,
            "lang": null,
            "contributors_enabled": false,
            "is_translator": false,
            "is_translation_enabled": false,
            "profile_background_color": "000000",
            "profile_background_image_url": "http://abs.twimg.com/images/themes/theme1/bg.png",
            "profile_background_image_url_https": "https://abs.twimg.com/images/themes/theme1/bg.png",
            "profile_background_tile": false,
            "profile_image_url": "http://pbs.twimg.com/profile_images/1227882810398191617/z3Q075t3_normal.jpg",
            "profile_image_url_https": "https://pbs.twimg.com/profile_images/1227882810398191617/z3Q075t3_normal.jpg",
            "profile_banner_url": "https://pbs.twimg.com/profile_banners/1125091071032270848/1573991546",
            "profile_link_color": "1E90FF",
            "profile_sidebar_border_color": "000000",
            "profile_sidebar_fill_color": "000000",
            "profile_text_color": "000000",
            "profile_use_background_image": false,
            "has_extended_profile": false,
            "default_profile": false,
            "default_profile_image": false,
            "following": null,
            "follow_request_sent": null,
            "notifications": null,
            "translator_type": "none"
        },
        "geo": null,
        "coordinates": null,
        "place": null,
        "contributors": null,
        "is_quote_status": false,
        "retweet_count": 6,
        "favorite_count": 14,
        "favorited": false,
        "retweeted": false,
        "possibly_sensitive": false,
        "lang": "en"
    },
    "is_quote_status": false,
    "retweet_count": 6,
    "favorite_count": 0,
    "favorited": false,
    "retweeted": false,
    "lang": "en"
}