{
    "created_at": "Tue Mar 10 10:31:24 +0000 2020",
    "id": 1237325174451691520,
    "id_str": "1237325174451691520",
    "text": "@stigerfroidie @Dior https://t.co/w1iqy3aY3P",
    "truncated": false,
    "entities": {
        "hashtags": [],
        "symbols": [],
        "user_mentions": [
            {
                "screen_name": "stigerfroidie",
                "name": "a eh",
                "id": 4209174973,
                "id_str": "4209174973",
                "indices": [
                    0,
                    14
                ]
            },
            {
                "screen_name": "Dior",
                "name": "Dior",
                "id": 348379865,
                "id_str": "348379865",
                "indices": [
                    15,
                    20
                ]
            }
        ],
        "urls": [],
        "media": [
            {
                "id": 1237325165542817798,
                "id_str": "1237325165542817798",
                "indices": [
                    21,
                    44
                ],
                "media_url": "http://pbs.twimg.com/tweet_video_thumb/ESvcrrPUwAYwJN_.jpg",
                "media_url_https": "https://pbs.twimg.com/tweet_video_thumb/ESvcrrPUwAYwJN_.jpg",
                "url": "https://t.co/w1iqy3aY3P",
                "display_url": "pic.twitter.com/w1iqy3aY3P",
                "expanded_url": "https://twitter.com/acnejohn/status/1237325174451691520/photo/1",
                "type": "photo",
                "sizes": {
                    "thumb": {
                        "w": 150,
                        "h": 150,
                        "resize": "crop"
                    },
                    "large": {
                        "w": 480,
                        "h": 420,
                        "resize": "fit"
                    },
                    "medium": {
                        "w": 480,
                        "h": 420,
                        "resize": "fit"
                    },
                    "small": {
                        "w": 480,
                        "h": 420,
                        "resize": "fit"
                    }
                }
            }
        ]
    },
    "extended_entities": {
        "media": [
            {
                "id": 1237325165542817798,
                "id_str": "1237325165542817798",
                "indices": [
                    21,
                    44
                ],
                "media_url": "http://pbs.twimg.com/tweet_video_thumb/ESvcrrPUwAYwJN_.jpg",
                "media_url_https": "https://pbs.twimg.com/tweet_video_thumb/ESvcrrPUwAYwJN_.jpg",
                "url": "https://t.co/w1iqy3aY3P",
                "display_url": "pic.twitter.com/w1iqy3aY3P",
                "expanded_url": "https://twitter.com/acnejohn/status/1237325174451691520/photo/1",
                "type": "animated_gif",
                "sizes": {
                    "thumb": {
                        "w": 150,
                        "h": 150,
                        "resize": "crop"
                    },
                    "large": {
                        "w": 480,
                        "h": 420,
                        "resize": "fit"
                    },
                    "medium": {
                        "w": 480,
                        "h": 420,
                        "resize": "fit"
                    },
                    "small": {
                        "w": 480,
                        "h": 420,
                        "resize": "fit"
                    }
                },
                "video_info": {
                    "aspect_ratio": [
                        8,
                        7
                    ],
                    "variants": [
                        {
                            "bitrate": 0,
                            "content_type": "video/mp4",
                            "url": "https://video.twimg.com/tweet_video/ESvcrrPUwAYwJN_.mp4"
                        }
                    ]
                }
            }
        ]
    },
    "metadata": {
        "iso_language_code": "und",
        "result_type": "recent"
    },
    "source": "<a href=\"http://twitter.com/download/android\" rel=\"nofollow\">Twitter for Android</a>",
    "in_reply_to_status_id": 1237320336405753857,
    "in_reply_to_status_id_str": "1237320336405753857",
    "in_reply_to_user_id": 4209174973,
    "in_reply_to_user_id_str": "4209174973",
    "in_reply_to_screen_name": "stigerfroidie",
    "user": {
        "id": 1145699142179512325,
        "id_str": "1145699142179512325",
        "name": "Coco chanel",
        "screen_name": "acnejohn",
        "location": "",
        "description": "Drink water and mind your own business bitch!",
        "url": null,
        "entities": {
            "description": {
                "urls": []
            }
        },
        "protected": false,
        "followers_count": 57,
        "friends_count": 146,
        "listed_count": 0,
        "created_at": "Mon Jul 01 14:22:16 +0000 2019",
        "favourites_count": 4536,
        "utc_offset": null,
        "time_zone": null,
        "geo_enabled": false,
        "verified": false,
        "statuses_count": 1489,
        "lang": null,
        "contributors_enabled": false,
        "is_translator": false,
        "is_translation_enabled": false,
        "profile_background_color": "F5F8FA",
        "profile_background_image_url": null,
        "profile_background_image_url_https": null,
        "profile_background_tile": false,
        "profile_image_url": "http://pbs.twimg.com/profile_images/1227768189141962752/DfeNFYKt_normal.jpg",
        "profile_image_url_https": "https://pbs.twimg.com/profile_images/1227768189141962752/DfeNFYKt_normal.jpg",
        "profile_banner_url": "https://pbs.twimg.com/profile_banners/1145699142179512325/1566727515",
        "profile_link_color": "1DA1F2",
        "profile_sidebar_border_color": "C0DEED",
        "profile_sidebar_fill_color": "DDEEF6",
        "profile_text_color": "333333",
        "profile_use_background_image": true,
        "has_extended_profile": true,
        "default_profile": true,
        "default_profile_image": false,
        "following": null,
        "follow_request_sent": null,
        "notifications": null,
        "translator_type": "none"
    },
    "geo": null,
    "coordinates": null,
    "place": null,
    "contributors": null,
    "is_quote_status": false,
    "retweet_count": 0,
    "favorite_count": 0,
    "favorited": false,
    "retweeted": false,
    "possibly_sensitive": false,
    "lang": "und"
}