{
    "created_at": "Tue Mar 10 09:04:44 +0000 2020",
    "id": 1237303364226072576,
    "id_str": "1237303364226072576",
    "text": "@Dior Dior vc \u00e9 perfeita mds\ud83d\udc95\ud83d\ude24",
    "truncated": false,
    "entities": {
        "hashtags": [],
        "symbols": [],
        "user_mentions": [
            {
                "screen_name": "Dior",
                "name": "Dior",
                "id": 348379865,
                "id_str": "348379865",
                "indices": [
                    0,
                    5
                ]
            }
        ],
        "urls": []
    },
    "metadata": {
        "iso_language_code": "pt",
        "result_type": "recent"
    },
    "source": "<a href=\"http://twitter.com/download/android\" rel=\"nofollow\">Twitter for Android</a>",
    "in_reply_to_status_id": 1237302173815287809,
    "in_reply_to_status_id_str": "1237302173815287809",
    "in_reply_to_user_id": 348379865,
    "in_reply_to_user_id_str": "348379865",
    "in_reply_to_screen_name": "Dior",
    "user": {
        "id": 825465598452826112,
        "id_str": "825465598452826112",
        "name": "Ana Clara",
        "screen_name": "AnaClar85337783",
        "location": "",
        "description": "Girass\u00f3is, paz e um bom caf\u00e9 \ud83c\udf08\ud83c\udf3b\u2615",
        "url": null,
        "entities": {
            "description": {
                "urls": []
            }
        },
        "protected": false,
        "followers_count": 73,
        "friends_count": 287,
        "listed_count": 0,
        "created_at": "Sat Jan 28 22:08:29 +0000 2017",
        "favourites_count": 24606,
        "utc_offset": null,
        "time_zone": null,
        "geo_enabled": false,
        "verified": false,
        "statuses_count": 538,
        "lang": null,
        "contributors_enabled": false,
        "is_translator": false,
        "is_translation_enabled": false,
        "profile_background_color": "F5F8FA",
        "profile_background_image_url": null,
        "profile_background_image_url_https": null,
        "profile_background_tile": false,
        "profile_image_url": "http://pbs.twimg.com/profile_images/1084940060544385025/BQpj-MBA_normal.jpg",
        "profile_image_url_https": "https://pbs.twimg.com/profile_images/1084940060544385025/BQpj-MBA_normal.jpg",
        "profile_banner_url": "https://pbs.twimg.com/profile_banners/825465598452826112/1495652568",
        "profile_link_color": "1DA1F2",
        "profile_sidebar_border_color": "C0DEED",
        "profile_sidebar_fill_color": "DDEEF6",
        "profile_text_color": "333333",
        "profile_use_background_image": true,
        "has_extended_profile": true,
        "default_profile": true,
        "default_profile_image": false,
        "following": null,
        "follow_request_sent": null,
        "notifications": null,
        "translator_type": "none"
    },
    "geo": null,
    "coordinates": null,
    "place": null,
    "contributors": null,
    "is_quote_status": false,
    "retweet_count": 0,
    "favorite_count": 0,
    "favorited": false,
    "retweeted": false,
    "lang": "pt"
}