{
    "created_at": "Tue Mar 10 07:59:51 +0000 2020",
    "id": 1237287036966465536,
    "id_str": "1237287036966465536",
    "text": "RT @GucciGang_EXO: Sehun in @Dior Silk Shirt \u201cBouquet de Fleurs Dior\u201d print for Madame Figaro China March 2019 issue \n\n#SEHUN #\uc138\ud6c8 @weareone\u2026",
    "truncated": false,
    "entities": {
        "hashtags": [
            {
                "text": "SEHUN",
                "indices": [
                    119,
                    125
                ]
            },
            {
                "text": "\uc138\ud6c8",
                "indices": [
                    126,
                    129
                ]
            }
        ],
        "symbols": [],
        "user_mentions": [
            {
                "screen_name": "GucciGang_EXO",
                "name": "\u02e2\u1d43\u1d47\u1d43 \u2079\u2074",
                "id": 907077652351209472,
                "id_str": "907077652351209472",
                "indices": [
                    3,
                    17
                ]
            },
            {
                "screen_name": "Dior",
                "name": "Dior",
                "id": 348379865,
                "id_str": "348379865",
                "indices": [
                    28,
                    33
                ]
            }
        ],
        "urls": []
    },
    "metadata": {
        "iso_language_code": "en",
        "result_type": "recent"
    },
    "source": "<a href=\"http://twitter.com/download/iphone\" rel=\"nofollow\">Twitter for iPhone</a>",
    "in_reply_to_status_id": null,
    "in_reply_to_status_id_str": null,
    "in_reply_to_user_id": null,
    "in_reply_to_user_id_str": null,
    "in_reply_to_screen_name": null,
    "user": {
        "id": 4820918461,
        "id_str": "4820918461",
        "name": "\u32da\u304f\u3093 @ #SUHOLO | #OORinMNL2020 | #MOCLPasabuyUpdate",
        "screen_name": "MyOneCrossLake",
        "location": "wag kang magulo di ko rin alam",
        "description": "\ud83c\udff3\ufe0f\u200d\ud83c\udf08\ud83d\udeae D\u00cb\u00cb \u2022 Art is in IG \u2022 #YoI \u4e28MXTX \ud83d\udc30\ud83e\udd8b\u4e28 #MARVEL \ud83d\udc0d\u4e28 #\u30d5\u30a3\u30ae\u30e5\u30a2\u30b9\u30b1\u30fc\u30c8 Unhoe \u26f8\u4e28 #ONEOKROCK 10969\u4e28 #\uc288\ud37c\uc8fc\ub2c8\uc5b4 \ud83d\udc34\ud83d\udc27\u4e28 #\uc5d1\uc18c \ud83d\udc27\u4e28 #\ub9c8\ub9c8\ubb34 \ud83c\udf1d\u4e28 #\u535a\u541b\u4e00\u8096 \ud83e\udd81\ud83d\udc30 \u2022 \ud83d\udd1e\u4e28\ud83e\udd2c\u4e28ENG/FIL/\u65e5\u672cOK!",
        "url": "https://t.co/wRfMIujgIM",
        "entities": {
            "url": {
                "urls": [
                    {
                        "url": "https://t.co/wRfMIujgIM",
                        "expanded_url": "http://listography.com/myonecrosslake",
                        "display_url": "listography.com/myonecrosslake",
                        "indices": [
                            0,
                            23
                        ]
                    }
                ]
            },
            "description": {
                "urls": []
            }
        },
        "protected": false,
        "followers_count": 290,
        "friends_count": 1291,
        "listed_count": 16,
        "created_at": "Wed Jan 27 11:47:02 +0000 2016",
        "favourites_count": 59204,
        "utc_offset": null,
        "time_zone": null,
        "geo_enabled": false,
        "verified": false,
        "statuses_count": 68221,
        "lang": null,
        "contributors_enabled": false,
        "is_translator": false,
        "is_translation_enabled": false,
        "profile_background_color": "000000",
        "profile_background_image_url": "http://abs.twimg.com/images/themes/theme1/bg.png",
        "profile_background_image_url_https": "https://abs.twimg.com/images/themes/theme1/bg.png",
        "profile_background_tile": false,
        "profile_image_url": "http://pbs.twimg.com/profile_images/1225087234258296832/ODGKVV7I_normal.jpg",
        "profile_image_url_https": "https://pbs.twimg.com/profile_images/1225087234258296832/ODGKVV7I_normal.jpg",
        "profile_banner_url": "https://pbs.twimg.com/profile_banners/4820918461/1580872460",
        "profile_link_color": "2F568D",
        "profile_sidebar_border_color": "000000",
        "profile_sidebar_fill_color": "000000",
        "profile_text_color": "000000",
        "profile_use_background_image": false,
        "has_extended_profile": true,
        "default_profile": false,
        "default_profile_image": false,
        "following": null,
        "follow_request_sent": null,
        "notifications": null,
        "translator_type": "none"
    },
    "geo": null,
    "coordinates": null,
    "place": null,
    "contributors": null,
    "retweeted_status": {
        "created_at": "Thu Mar 05 09:25:14 +0000 2020",
        "id": 1235496584927834113,
        "id_str": "1235496584927834113",
        "text": "Sehun in @Dior Silk Shirt \u201cBouquet de Fleurs Dior\u201d print for Madame Figaro China March 2019 issue \n\n#SEHUN #\uc138\ud6c8\u2026 https://t.co/sLRDkEJvJs",
        "truncated": true,
        "entities": {
            "hashtags": [
                {
                    "text": "SEHUN",
                    "indices": [
                        100,
                        106
                    ]
                },
                {
                    "text": "\uc138\ud6c8",
                    "indices": [
                        107,
                        110
                    ]
                }
            ],
            "symbols": [],
            "user_mentions": [
                {
                    "screen_name": "Dior",
                    "name": "Dior",
                    "id": 348379865,
                    "id_str": "348379865",
                    "indices": [
                        9,
                        14
                    ]
                }
            ],
            "urls": [
                {
                    "url": "https://t.co/sLRDkEJvJs",
                    "expanded_url": "https://twitter.com/i/web/status/1235496584927834113",
                    "display_url": "twitter.com/i/web/status/1\u2026",
                    "indices": [
                        112,
                        135
                    ]
                }
            ]
        },
        "metadata": {
            "iso_language_code": "en",
            "result_type": "recent"
        },
        "source": "<a href=\"http://twitter.com/download/android\" rel=\"nofollow\">Twitter for Android</a>",
        "in_reply_to_status_id": 1235495631612977154,
        "in_reply_to_status_id_str": "1235495631612977154",
        "in_reply_to_user_id": 907077652351209472,
        "in_reply_to_user_id_str": "907077652351209472",
        "in_reply_to_screen_name": "GucciGang_EXO",
        "user": {
            "id": 907077652351209472,
            "id_str": "907077652351209472",
            "name": "\u02e2\u1d43\u1d47\u1d43 \u2079\u2074",
            "screen_name": "GucciGang_EXO",
            "location": "sebaekyeol+jennie",
            "description": "im in this exo sht forever",
            "url": null,
            "entities": {
                "description": {
                    "urls": []
                }
            },
            "protected": false,
            "followers_count": 2028,
            "friends_count": 695,
            "listed_count": 1,
            "created_at": "Mon Sep 11 03:05:39 +0000 2017",
            "favourites_count": 87171,
            "utc_offset": null,
            "time_zone": null,
            "geo_enabled": false,
            "verified": false,
            "statuses_count": 43768,
            "lang": null,
            "contributors_enabled": false,
            "is_translator": false,
            "is_translation_enabled": false,
            "profile_background_color": "F5F8FA",
            "profile_background_image_url": null,
            "profile_background_image_url_https": null,
            "profile_background_tile": false,
            "profile_image_url": "http://pbs.twimg.com/profile_images/1232371848924598276/OtwZUMPD_normal.jpg",
            "profile_image_url_https": "https://pbs.twimg.com/profile_images/1232371848924598276/OtwZUMPD_normal.jpg",
            "profile_banner_url": "https://pbs.twimg.com/profile_banners/907077652351209472/1575579677",
            "profile_link_color": "1DA1F2",
            "profile_sidebar_border_color": "C0DEED",
            "profile_sidebar_fill_color": "DDEEF6",
            "profile_text_color": "333333",
            "profile_use_background_image": true,
            "has_extended_profile": false,
            "default_profile": true,
            "default_profile_image": false,
            "following": null,
            "follow_request_sent": null,
            "notifications": null,
            "translator_type": "none"
        },
        "geo": null,
        "coordinates": null,
        "place": null,
        "contributors": null,
        "is_quote_status": false,
        "retweet_count": 47,
        "favorite_count": 47,
        "favorited": false,
        "retweeted": false,
        "possibly_sensitive": false,
        "lang": "en"
    },
    "is_quote_status": false,
    "retweet_count": 47,
    "favorite_count": 0,
    "favorited": false,
    "retweeted": false,
    "lang": "en"
}