{
    "created_at": "Tue Mar 10 07:27:56 +0000 2020",
    "id": 1237279003075059712,
    "id_str": "1237279003075059712",
    "text": "@Dior Sorry but my mom designed dresses like that 40 years ago..LOL\ud83d\ude03",
    "truncated": false,
    "entities": {
        "hashtags": [],
        "symbols": [],
        "user_mentions": [
            {
                "screen_name": "Dior",
                "name": "Dior",
                "id": 348379865,
                "id_str": "348379865",
                "indices": [
                    0,
                    5
                ]
            }
        ],
        "urls": []
    },
    "metadata": {
        "iso_language_code": "en",
        "result_type": "recent"
    },
    "source": "<a href=\"http://twitter.com/#!/download/ipad\" rel=\"nofollow\">Twitter for iPad</a>",
    "in_reply_to_status_id": 1229844995567386624,
    "in_reply_to_status_id_str": "1229844995567386624",
    "in_reply_to_user_id": 348379865,
    "in_reply_to_user_id_str": "348379865",
    "in_reply_to_screen_name": "Dior",
    "user": {
        "id": 1001685625752444928,
        "id_str": "1001685625752444928",
        "name": "\ud83d\ude03",
        "screen_name": "FrancesStein20",
        "location": "Why? delivering me a pizza?",
        "description": "\ud83d\ude03",
        "url": null,
        "entities": {
            "description": {
                "urls": []
            }
        },
        "protected": false,
        "followers_count": 214,
        "friends_count": 390,
        "listed_count": 1,
        "created_at": "Wed May 30 04:43:58 +0000 2018",
        "favourites_count": 2954,
        "utc_offset": null,
        "time_zone": null,
        "geo_enabled": false,
        "verified": false,
        "statuses_count": 4583,
        "lang": null,
        "contributors_enabled": false,
        "is_translator": false,
        "is_translation_enabled": false,
        "profile_background_color": "F5F8FA",
        "profile_background_image_url": null,
        "profile_background_image_url_https": null,
        "profile_background_tile": false,
        "profile_image_url": "http://pbs.twimg.com/profile_images/1181043718880743424/JDoeE8ax_normal.jpg",
        "profile_image_url_https": "https://pbs.twimg.com/profile_images/1181043718880743424/JDoeE8ax_normal.jpg",
        "profile_banner_url": "https://pbs.twimg.com/profile_banners/1001685625752444928/1574527354",
        "profile_link_color": "1DA1F2",
        "profile_sidebar_border_color": "C0DEED",
        "profile_sidebar_fill_color": "DDEEF6",
        "profile_text_color": "333333",
        "profile_use_background_image": true,
        "has_extended_profile": false,
        "default_profile": true,
        "default_profile_image": false,
        "following": null,
        "follow_request_sent": null,
        "notifications": null,
        "translator_type": "none"
    },
    "geo": null,
    "coordinates": null,
    "place": null,
    "contributors": null,
    "is_quote_status": false,
    "retweet_count": 0,
    "favorite_count": 1,
    "favorited": false,
    "retweeted": false,
    "lang": "en"
}