{
    "created_at": "Tue Mar 10 07:20:28 +0000 2020",
    "id": 1237277123364237314,
    "id_str": "1237277123364237314",
    "text": "RT @Dior: Discover the \u2018Lady D-Lite\u2019, a new relief-embroidered version of the \u2018Lady Dior\u2019, now available https://t.co/8kVcKfvuc6 and in bou\u2026",
    "truncated": false,
    "entities": {
        "hashtags": [],
        "symbols": [],
        "user_mentions": [
            {
                "screen_name": "Dior",
                "name": "Dior",
                "id": 348379865,
                "id_str": "348379865",
                "indices": [
                    3,
                    8
                ]
            }
        ],
        "urls": [
            {
                "url": "https://t.co/8kVcKfvuc6",
                "expanded_url": "http://on.dior.com/lady-d-lite",
                "display_url": "on.dior.com/lady-d-lite",
                "indices": [
                    105,
                    128
                ]
            }
        ]
    },
    "metadata": {
        "iso_language_code": "und",
        "result_type": "recent"
    },
    "source": "<a href=\"http://twitter.com/download/iphone\" rel=\"nofollow\">Twitter for iPhone</a>",
    "in_reply_to_status_id": null,
    "in_reply_to_status_id_str": null,
    "in_reply_to_user_id": null,
    "in_reply_to_user_id_str": null,
    "in_reply_to_screen_name": null,
    "user": {
        "id": 186985479,
        "id_str": "186985479",
        "name": "Lamia \u2728",
        "screen_name": "alqassimL",
        "location": "Dubai ",
        "description": "Wify \ud83d\udc97 Realizing you're completely unique... even in a crowd ZU Alumni \ud83c\udf93",
        "url": "https://t.co/FWwBs2IUkb",
        "entities": {
            "url": {
                "urls": [
                    {
                        "url": "https://t.co/FWwBs2IUkb",
                        "expanded_url": "https://curiouscat.me/alqassimL",
                        "display_url": "curiouscat.me/alqassimL",
                        "indices": [
                            0,
                            23
                        ]
                    }
                ]
            },
            "description": {
                "urls": []
            }
        },
        "protected": false,
        "followers_count": 457,
        "friends_count": 183,
        "listed_count": 2,
        "created_at": "Sat Sep 04 23:29:36 +0000 2010",
        "favourites_count": 482,
        "utc_offset": null,
        "time_zone": null,
        "geo_enabled": true,
        "verified": false,
        "statuses_count": 21648,
        "lang": null,
        "contributors_enabled": false,
        "is_translator": false,
        "is_translation_enabled": false,
        "profile_background_color": "DBE9ED",
        "profile_background_image_url": "http://abs.twimg.com/images/themes/theme17/bg.gif",
        "profile_background_image_url_https": "https://abs.twimg.com/images/themes/theme17/bg.gif",
        "profile_background_tile": false,
        "profile_image_url": "http://pbs.twimg.com/profile_images/1130876455964090368/YB22HrsF_normal.jpg",
        "profile_image_url_https": "https://pbs.twimg.com/profile_images/1130876455964090368/YB22HrsF_normal.jpg",
        "profile_banner_url": "https://pbs.twimg.com/profile_banners/186985479/1558456245",
        "profile_link_color": "CC3366",
        "profile_sidebar_border_color": "FFFFFF",
        "profile_sidebar_fill_color": "AAACAD",
        "profile_text_color": "F00979",
        "profile_use_background_image": true,
        "has_extended_profile": true,
        "default_profile": false,
        "default_profile_image": false,
        "following": null,
        "follow_request_sent": null,
        "notifications": null,
        "translator_type": "none"
    },
    "geo": null,
    "coordinates": null,
    "place": null,
    "contributors": null,
    "retweeted_status": {
        "created_at": "Tue Mar 03 09:49:53 +0000 2020",
        "id": 1234778011788025858,
        "id_str": "1234778011788025858",
        "text": "Discover the \u2018Lady D-Lite\u2019, a new relief-embroidered version of the \u2018Lady Dior\u2019, now available\u2026 https://t.co/y6J47fBREu",
        "truncated": true,
        "entities": {
            "hashtags": [],
            "symbols": [],
            "user_mentions": [],
            "urls": [
                {
                    "url": "https://t.co/y6J47fBREu",
                    "expanded_url": "https://twitter.com/i/web/status/1234778011788025858",
                    "display_url": "twitter.com/i/web/status/1\u2026",
                    "indices": [
                        96,
                        119
                    ]
                }
            ]
        },
        "metadata": {
            "iso_language_code": "und",
            "result_type": "recent"
        },
        "source": "<a href=\"https://ads-api.twitter.com\" rel=\"nofollow\">Twitter for Advertisers</a>",
        "in_reply_to_status_id": null,
        "in_reply_to_status_id_str": null,
        "in_reply_to_user_id": null,
        "in_reply_to_user_id_str": null,
        "in_reply_to_screen_name": null,
        "user": {
            "id": 348379865,
            "id_str": "348379865",
            "name": "Dior",
            "screen_name": "Dior",
            "location": "",
            "description": "",
            "url": "https://t.co/pLUyiJhYc3",
            "entities": {
                "url": {
                    "urls": [
                        {
                            "url": "https://t.co/pLUyiJhYc3",
                            "expanded_url": "http://www.dior.com",
                            "display_url": "dior.com",
                            "indices": [
                                0,
                                23
                            ]
                        }
                    ]
                },
                "description": {
                    "urls": []
                }
            },
            "protected": false,
            "followers_count": 8118096,
            "friends_count": 144,
            "listed_count": 9714,
            "created_at": "Thu Aug 04 10:04:42 +0000 2011",
            "favourites_count": 68,
            "utc_offset": null,
            "time_zone": null,
            "geo_enabled": true,
            "verified": true,
            "statuses_count": 3965,
            "lang": null,
            "contributors_enabled": false,
            "is_translator": false,
            "is_translation_enabled": false,
            "profile_background_color": "000000",
            "profile_background_image_url": "http://abs.twimg.com/images/themes/theme1/bg.png",
            "profile_background_image_url_https": "https://abs.twimg.com/images/themes/theme1/bg.png",
            "profile_background_tile": false,
            "profile_image_url": "http://pbs.twimg.com/profile_images/1051789365205196800/Sr3MjjXc_normal.jpg",
            "profile_image_url_https": "https://pbs.twimg.com/profile_images/1051789365205196800/Sr3MjjXc_normal.jpg",
            "profile_banner_url": "https://pbs.twimg.com/profile_banners/348379865/1583246709",
            "profile_link_color": "009999",
            "profile_sidebar_border_color": "000000",
            "profile_sidebar_fill_color": "303030",
            "profile_text_color": "FFFFFF",
            "profile_use_background_image": false,
            "has_extended_profile": false,
            "default_profile": false,
            "default_profile_image": false,
            "following": null,
            "follow_request_sent": null,
            "notifications": null,
            "translator_type": "none"
        },
        "geo": null,
        "coordinates": null,
        "place": null,
        "contributors": null,
        "is_quote_status": false,
        "retweet_count": 43,
        "favorite_count": 268,
        "favorited": false,
        "retweeted": false,
        "possibly_sensitive": false,
        "scopes": {
            "followers": false
        },
        "lang": "und"
    },
    "is_quote_status": false,
    "retweet_count": 43,
    "favorite_count": 0,
    "favorited": false,
    "retweeted": false,
    "possibly_sensitive": false,
    "lang": "und"
}