{
    "created_at": "Tue Mar 10 11:31:25 +0000 2020",
    "id": 1237340276030689280,
    "id_str": "1237340276030689280",
    "text": "RT @AllNinasOutfits: Nina wore @dkny Teddy Fleece Half Zip Funnel Neck Jacket, #carbon38 High Rise Full-Length Legging ($98), @Nike perform\u2026",
    "truncated": false,
    "entities": {
        "hashtags": [
            {
                "text": "carbon38",
                "indices": [
                    79,
                    88
                ]
            }
        ],
        "symbols": [],
        "user_mentions": [
            {
                "screen_name": "AllNinasOutfits",
                "name": "Nina Dobrev outfits",
                "id": 776797960814358528,
                "id_str": "776797960814358528",
                "indices": [
                    3,
                    19
                ]
            },
            {
                "screen_name": "dkny",
                "name": "DKNY",
                "id": 28635233,
                "id_str": "28635233",
                "indices": [
                    31,
                    36
                ]
            },
            {
                "screen_name": "Nike",
                "name": "Nike",
                "id": 415859364,
                "id_str": "415859364",
                "indices": [
                    126,
                    131
                ]
            }
        ],
        "urls": []
    },
    "metadata": {
        "iso_language_code": "en",
        "result_type": "recent"
    },
    "source": "<a href=\"http://twitter.com/download/android\" rel=\"nofollow\">Twitter for Android</a>",
    "in_reply_to_status_id": null,
    "in_reply_to_status_id_str": null,
    "in_reply_to_user_id": null,
    "in_reply_to_user_id_str": null,
    "in_reply_to_screen_name": null,
    "user": {
        "id": 1642788835,
        "id_str": "1642788835",
        "name": "NIKOLINA",
        "screen_name": "Darreninalights",
        "location": "California dreaming",
        "description": "Nina Darren Bridgit Lea Demi Candice Dianna Broadway \ud83e\udd84\nFan account",
        "url": null,
        "entities": {
            "description": {
                "urls": []
            }
        },
        "protected": false,
        "followers_count": 1344,
        "friends_count": 399,
        "listed_count": 45,
        "created_at": "Sat Aug 03 12:43:35 +0000 2013",
        "favourites_count": 44215,
        "utc_offset": null,
        "time_zone": null,
        "geo_enabled": true,
        "verified": false,
        "statuses_count": 63472,
        "lang": null,
        "contributors_enabled": false,
        "is_translator": false,
        "is_translation_enabled": false,
        "profile_background_color": "642D8B",
        "profile_background_image_url": "http://abs.twimg.com/images/themes/theme10/bg.gif",
        "profile_background_image_url_https": "https://abs.twimg.com/images/themes/theme10/bg.gif",
        "profile_background_tile": true,
        "profile_image_url": "http://pbs.twimg.com/profile_images/1176611069260963842/qMjzNcbl_normal.jpg",
        "profile_image_url_https": "https://pbs.twimg.com/profile_images/1176611069260963842/qMjzNcbl_normal.jpg",
        "profile_banner_url": "https://pbs.twimg.com/profile_banners/1642788835/1548672178",
        "profile_link_color": "1B95E0",
        "profile_sidebar_border_color": "000000",
        "profile_sidebar_fill_color": "000000",
        "profile_text_color": "000000",
        "profile_use_background_image": true,
        "has_extended_profile": false,
        "default_profile": false,
        "default_profile_image": false,
        "following": null,
        "follow_request_sent": null,
        "notifications": null,
        "translator_type": "none"
    },
    "geo": null,
    "coordinates": null,
    "place": null,
    "contributors": null,
    "retweeted_status": {
        "created_at": "Mon Mar 09 21:38:17 +0000 2020",
        "id": 1237130613481705473,
        "id_str": "1237130613481705473",
        "text": "Nina wore @dkny Teddy Fleece Half Zip Funnel Neck Jacket, #carbon38 High Rise Full-Length Legging ($98), @Nike perf\u2026 https://t.co/YJFTdjryiD",
        "truncated": true,
        "entities": {
            "hashtags": [
                {
                    "text": "carbon38",
                    "indices": [
                        58,
                        67
                    ]
                }
            ],
            "symbols": [],
            "user_mentions": [
                {
                    "screen_name": "dkny",
                    "name": "DKNY",
                    "id": 28635233,
                    "id_str": "28635233",
                    "indices": [
                        10,
                        15
                    ]
                },
                {
                    "screen_name": "Nike",
                    "name": "Nike",
                    "id": 415859364,
                    "id_str": "415859364",
                    "indices": [
                        105,
                        110
                    ]
                }
            ],
            "urls": [
                {
                    "url": "https://t.co/YJFTdjryiD",
                    "expanded_url": "https://twitter.com/i/web/status/1237130613481705473",
                    "display_url": "twitter.com/i/web/status/1\u2026",
                    "indices": [
                        117,
                        140
                    ]
                }
            ]
        },
        "metadata": {
            "iso_language_code": "en",
            "result_type": "recent"
        },
        "source": "<a href=\"http://twitter.com/download/android\" rel=\"nofollow\">Twitter for Android</a>",
        "in_reply_to_status_id": null,
        "in_reply_to_status_id_str": null,
        "in_reply_to_user_id": null,
        "in_reply_to_user_id_str": null,
        "in_reply_to_screen_name": null,
        "user": {
            "id": 776797960814358528,
            "id_str": "776797960814358528",
            "name": "Nina Dobrev outfits",
            "screen_name": "AllNinasOutfits",
            "location": "Nina Dobrev support account",
            "description": "all about Nina Dobrev's outfits. Fan account",
            "url": "https://t.co/LncVen24EB",
            "entities": {
                "url": {
                    "urls": [
                        {
                            "url": "https://t.co/LncVen24EB",
                            "expanded_url": "https://www.instagram.com/allninasoutfits/",
                            "display_url": "instagram.com/allninasoutfit\u2026",
                            "indices": [
                                0,
                                23
                            ]
                        }
                    ]
                },
                "description": {
                    "urls": []
                }
            },
            "protected": false,
            "followers_count": 661,
            "friends_count": 110,
            "listed_count": 1,
            "created_at": "Fri Sep 16 15:00:40 +0000 2016",
            "favourites_count": 980,
            "utc_offset": null,
            "time_zone": null,
            "geo_enabled": true,
            "verified": false,
            "statuses_count": 1574,
            "lang": null,
            "contributors_enabled": false,
            "is_translator": false,
            "is_translation_enabled": false,
            "profile_background_color": "000000",
            "profile_background_image_url": "http://abs.twimg.com/images/themes/theme1/bg.png",
            "profile_background_image_url_https": "https://abs.twimg.com/images/themes/theme1/bg.png",
            "profile_background_tile": false,
            "profile_image_url": "http://pbs.twimg.com/profile_images/1214505807812997120/XbPYFMcN_normal.jpg",
            "profile_image_url_https": "https://pbs.twimg.com/profile_images/1214505807812997120/XbPYFMcN_normal.jpg",
            "profile_banner_url": "https://pbs.twimg.com/profile_banners/776797960814358528/1552068907",
            "profile_link_color": "E81C4F",
            "profile_sidebar_border_color": "000000",
            "profile_sidebar_fill_color": "000000",
            "profile_text_color": "000000",
            "profile_use_background_image": false,
            "has_extended_profile": false,
            "default_profile": false,
            "default_profile_image": false,
            "following": null,
            "follow_request_sent": null,
            "notifications": null,
            "translator_type": "none"
        },
        "geo": null,
        "coordinates": null,
        "place": null,
        "contributors": null,
        "is_quote_status": false,
        "retweet_count": 2,
        "favorite_count": 16,
        "favorited": false,
        "retweeted": false,
        "possibly_sensitive": false,
        "lang": "en"
    },
    "is_quote_status": false,
    "retweet_count": 2,
    "favorite_count": 0,
    "favorited": false,
    "retweeted": false,
    "lang": "en"
}