{
    "created_at": "Tue Mar 10 13:22:10 +0000 2020",
    "id": 1237368149869129730,
    "id_str": "1237368149869129730",
    "text": "RT @nostalgia520: \u0e44\u0e14\u0e49\u0e1b\u0e30? \u0e19\u0e35\u0e48\u0e27\u0e48\u0e32\u0e44\u0e14\u0e49\u0e19\u0e30 sehun x dior \u0e15\u0e49\u0e2d\u0e07\u0e21\u0e32\u0e41\u0e25\u0e49\u0e27\u0e21\u0e31\u0e49\u0e22 \u0e41\u0e19\u0e48\u0e19\u0e1a\u0e36\u0e01\u0e1a\u0e31\u0e01 \u0e2b\u0e38\u0e48\u0e19\u0e44\u0e14\u0e49 \u0e01\u0e25\u0e49\u0e32\u0e21\u0e2d\u0e01\u0e41\u0e19\u0e48\u0e19\u0e2a\u0e48\u0e07\u0e0a\u0e38\u0e14\u0e43\u0e2b\u0e49\u0e14\u0e39\u0e14\u0e35\u0e02\u0e36\u0e49\u0e19\u0e44\u0e14\u0e49 \u0e44\u0e2b\u0e25\u0e48\u0e01\u0e27\u0e49\u0e32\u0e07\u0e21\u0e35\u0e2a\u0e32\u0e22\u0e23\u0e31\u0e14\u0e1a\u0e48\u0e32\u0e44\u0e14\u0e49\u2026",
    "truncated": false,
    "entities": {
        "hashtags": [],
        "symbols": [],
        "user_mentions": [
            {
                "screen_name": "nostalgia520",
                "name": "nos.fiction \ud83c\udf45",
                "id": 4003483693,
                "id_str": "4003483693",
                "indices": [
                    3,
                    16
                ]
            }
        ],
        "urls": []
    },
    "metadata": {
        "iso_language_code": "th",
        "result_type": "recent"
    },
    "source": "<a href=\"http://twitter.com/download/iphone\" rel=\"nofollow\">Twitter for iPhone</a>",
    "in_reply_to_status_id": null,
    "in_reply_to_status_id_str": null,
    "in_reply_to_user_id": null,
    "in_reply_to_user_id_str": null,
    "in_reply_to_screen_name": null,
    "user": {
        "id": 725298068195676160,
        "id_str": "725298068195676160",
        "name": "\ud835\udc84\ud835\udc82\ud835\udc93\ud835\udc91\ud835\udc86 \ud835\udc85\ud835\udc8a\ud835\udc86\ud835\udc8e \u0295\u201d\u032e\u097d\u0941\u2665",
        "screen_name": "axnspc",
        "location": "cafe universe \u263c",
        "description": "\u2800 \u2800\u2800 \u2800\u2800 \u2800\u2800 -\u02cb\u02cf @weareoneEXO \u2661 \u02ce\u02ca- \u2800\u2800 \u2800\u2800 \u2800\u2800 \u2800 \u2800 \u2800\u2800\ub9c8\ub0e5 \uc774\ub300\ub85c \ud568\uaed8 \uac78\uc73c\uba74 \uc5b4\ub514\ub4e0 \ucc9c\uad6d\uc77c\ud14c\ub2c8\u2728 \u2800\u2800 \u2800\u2800 \u2800\u2800 \u2800 \u2800",
        "url": "https://t.co/qbCx4jTY5w",
        "entities": {
            "url": {
                "urls": [
                    {
                        "url": "https://t.co/qbCx4jTY5w",
                        "expanded_url": "http://exo.smtown.com",
                        "display_url": "exo.smtown.com",
                        "indices": [
                            0,
                            23
                        ]
                    }
                ]
            },
            "description": {
                "urls": []
            }
        },
        "protected": false,
        "followers_count": 262,
        "friends_count": 768,
        "listed_count": 1,
        "created_at": "Wed Apr 27 12:18:29 +0000 2016",
        "favourites_count": 11120,
        "utc_offset": null,
        "time_zone": null,
        "geo_enabled": true,
        "verified": false,
        "statuses_count": 154690,
        "lang": null,
        "contributors_enabled": false,
        "is_translator": false,
        "is_translation_enabled": false,
        "profile_background_color": "000000",
        "profile_background_image_url": "http://abs.twimg.com/images/themes/theme1/bg.png",
        "profile_background_image_url_https": "https://abs.twimg.com/images/themes/theme1/bg.png",
        "profile_background_tile": false,
        "profile_image_url": "http://pbs.twimg.com/profile_images/1235945087005110272/2sgjaYNb_normal.png",
        "profile_image_url_https": "https://pbs.twimg.com/profile_images/1235945087005110272/2sgjaYNb_normal.png",
        "profile_banner_url": "https://pbs.twimg.com/profile_banners/725298068195676160/1568384258",
        "profile_link_color": "516DB8",
        "profile_sidebar_border_color": "000000",
        "profile_sidebar_fill_color": "000000",
        "profile_text_color": "000000",
        "profile_use_background_image": false,
        "has_extended_profile": true,
        "default_profile": false,
        "default_profile_image": false,
        "following": null,
        "follow_request_sent": null,
        "notifications": null,
        "translator_type": "none"
    },
    "geo": null,
    "coordinates": null,
    "place": null,
    "contributors": null,
    "retweeted_status": {
        "created_at": "Mon Mar 09 14:56:50 +0000 2020",
        "id": 1237029586468098048,
        "id_str": "1237029586468098048",
        "text": "\u0e44\u0e14\u0e49\u0e1b\u0e30? \u0e19\u0e35\u0e48\u0e27\u0e48\u0e32\u0e44\u0e14\u0e49\u0e19\u0e30 sehun x dior \u0e15\u0e49\u0e2d\u0e07\u0e21\u0e32\u0e41\u0e25\u0e49\u0e27\u0e21\u0e31\u0e49\u0e22 \u0e41\u0e19\u0e48\u0e19\u0e1a\u0e36\u0e01\u0e1a\u0e31\u0e01 \u0e2b\u0e38\u0e48\u0e19\u0e44\u0e14\u0e49 \u0e01\u0e25\u0e49\u0e32\u0e21\u0e2d\u0e01\u0e41\u0e19\u0e48\u0e19\u0e2a\u0e48\u0e07\u0e0a\u0e38\u0e14\u0e43\u0e2b\u0e49\u0e14\u0e39\u0e14\u0e35\u0e02\u0e36\u0e49\u0e19\u0e44\u0e14\u0e49 \u0e44\u0e2b\u0e25\u0e48\u0e01\u0e27\u0e49\u0e32\u0e07\u0e21\u0e35\u0e2a\u0e32\u0e22\u0e23\u0e31\u0e14\u2026 https://t.co/5n4q29YZHZ",
        "truncated": true,
        "entities": {
            "hashtags": [],
            "symbols": [],
            "user_mentions": [],
            "urls": [
                {
                    "url": "https://t.co/5n4q29YZHZ",
                    "expanded_url": "https://twitter.com/i/web/status/1237029586468098048",
                    "display_url": "twitter.com/i/web/status/1\u2026",
                    "indices": [
                        117,
                        140
                    ]
                }
            ]
        },
        "metadata": {
            "iso_language_code": "th",
            "result_type": "recent"
        },
        "source": "<a href=\"http://twitter.com/download/iphone\" rel=\"nofollow\">Twitter for iPhone</a>",
        "in_reply_to_status_id": null,
        "in_reply_to_status_id_str": null,
        "in_reply_to_user_id": null,
        "in_reply_to_user_id_str": null,
        "in_reply_to_screen_name": null,
        "user": {
            "id": 4003483693,
            "id_str": "4003483693",
            "name": "nos.fiction \ud83c\udf45",
            "screen_name": "nostalgia520",
            "location": "\u0e15\u0e01\u0e40\u0e1b\u0e47\u0e19\u0e40\u0e21\u0e37\u0e2d\u0e07\u0e02\u0e36\u0e49\u0e19\u0e02\u0e2d\u0e07\u0e40\u0e01\u0e32\u0e2b\u0e25\u0e35\u0e41\u0e25\u0e30\u0e08\u0e35\u0e19",
            "description": "ohsehun \ud83c\uddf0\ud83c\uddf7 wangyibo \ud83c\udde8\ud83c\uddf3 | \u0e1f\u0e34\u0e04\u0e2e\u0e38\u0e19\u0e2e\u0e32\u0e19 #\u0e42\u0e08\u0e23\u0e2a\u0e25\u0e31\u0e14\u0e2e\u0e2e #\u0e08\u0e31\u0e1a\u0e2a\u0e19\u0e34\u0e0a\u0e2e\u0e2e #\u0e44\u0e25\u0e2d\u0e2d\u0e19\u0e2e\u0e2e #\u0e19\u0e2d\u0e21\u0e2e\u0e2e #\u0e44\u0e16\u0e48\u0e1a\u0e32\u0e1b\u0e2e\u0e2e #\u0e1e\u0e32\u0e22\u0e38\u0e24\u0e14\u0e39\u0e23\u0e49\u0e2d\u0e19\u0e2e\u0e2e | \u0e41\u0e2d\u0e04\u0e25\u0e07\u0e1f\u0e34\u0e04\u0e1b\u0e4b\u0e2d\u0e08\u0e49\u0e32\u0e19 \u2192 @greenpeafic",
            "url": "https://t.co/eERRU30vCI",
            "entities": {
                "url": {
                    "urls": [
                        {
                            "url": "https://t.co/eERRU30vCI",
                            "expanded_url": "https://ask.fm/nos_hunhan",
                            "display_url": "ask.fm/nos_hunhan",
                            "indices": [
                                0,
                                23
                            ]
                        }
                    ]
                },
                "description": {
                    "urls": []
                }
            },
            "protected": false,
            "followers_count": 12737,
            "friends_count": 262,
            "listed_count": 19,
            "created_at": "Sat Oct 24 15:08:23 +0000 2015",
            "favourites_count": 12141,
            "utc_offset": null,
            "time_zone": null,
            "geo_enabled": true,
            "verified": false,
            "statuses_count": 102223,
            "lang": null,
            "contributors_enabled": false,
            "is_translator": false,
            "is_translation_enabled": false,
            "profile_background_color": "000000",
            "profile_background_image_url": "http://abs.twimg.com/images/themes/theme1/bg.png",
            "profile_background_image_url_https": "https://abs.twimg.com/images/themes/theme1/bg.png",
            "profile_background_tile": false,
            "profile_image_url": "http://pbs.twimg.com/profile_images/1231509771594813440/CxPNHvrA_normal.jpg",
            "profile_image_url_https": "https://pbs.twimg.com/profile_images/1231509771594813440/CxPNHvrA_normal.jpg",
            "profile_banner_url": "https://pbs.twimg.com/profile_banners/4003483693/1570216880",
            "profile_link_color": "FAB81E",
            "profile_sidebar_border_color": "000000",
            "profile_sidebar_fill_color": "000000",
            "profile_text_color": "000000",
            "profile_use_background_image": false,
            "has_extended_profile": false,
            "default_profile": false,
            "default_profile_image": false,
            "following": null,
            "follow_request_sent": null,
            "notifications": null,
            "translator_type": "none"
        },
        "geo": null,
        "coordinates": null,
        "place": null,
        "contributors": null,
        "is_quote_status": false,
        "retweet_count": 640,
        "favorite_count": 136,
        "favorited": false,
        "retweeted": false,
        "possibly_sensitive": false,
        "lang": "th"
    },
    "is_quote_status": false,
    "retweet_count": 640,
    "favorite_count": 0,
    "favorited": false,
    "retweeted": false,
    "lang": "th"
}