{
    "created_at": "Tue Mar 10 15:26:37 +0000 2020",
    "id": 1237399468821090305,
    "id_str": "1237399468821090305",
    "text": "El cantante colombiano @maluma se est\u00e1 preparando para usar los atuendos de la forma @Dior en el escenario durante\u2026 https://t.co/EgYEdaGfuX",
    "truncated": true,
    "entities": {
        "hashtags": [],
        "symbols": [],
        "user_mentions": [
            {
                "screen_name": "maluma",
                "name": "MALUMA",
                "id": 153433497,
                "id_str": "153433497",
                "indices": [
                    23,
                    30
                ]
            },
            {
                "screen_name": "Dior",
                "name": "Dior",
                "id": 348379865,
                "id_str": "348379865",
                "indices": [
                    85,
                    90
                ]
            }
        ],
        "urls": [
            {
                "url": "https://t.co/EgYEdaGfuX",
                "expanded_url": "https://twitter.com/i/web/status/1237399468821090305",
                "display_url": "twitter.com/i/web/status/1\u2026",
                "indices": [
                    116,
                    139
                ]
            }
        ]
    },
    "metadata": {
        "iso_language_code": "es",
        "result_type": "recent"
    },
    "source": "<a href=\"http://twitter.com/download/iphone\" rel=\"nofollow\">Twitter for iPhone</a>",
    "in_reply_to_status_id": null,
    "in_reply_to_status_id_str": null,
    "in_reply_to_user_id": null,
    "in_reply_to_user_id_str": null,
    "in_reply_to_screen_name": null,
    "user": {
        "id": 936443313665728512,
        "id_str": "936443313665728512",
        "name": "La Calle TV",
        "screen_name": "LaCalleTVMedia",
        "location": "New York, NY",
        "description": "New Digital Multimedia Platform: Ent\u00e9rate de lo \u00faltimo en el mundo por #LaCalleTv",
        "url": "https://t.co/z4eTPSsYvz",
        "entities": {
            "url": {
                "urls": [
                    {
                        "url": "https://t.co/z4eTPSsYvz",
                        "expanded_url": "http://www.lacalletv.com",
                        "display_url": "lacalletv.com",
                        "indices": [
                            0,
                            23
                        ]
                    }
                ]
            },
            "description": {
                "urls": []
            }
        },
        "protected": false,
        "followers_count": 211,
        "friends_count": 448,
        "listed_count": 5,
        "created_at": "Fri Dec 01 03:54:19 +0000 2017",
        "favourites_count": 157,
        "utc_offset": null,
        "time_zone": null,
        "geo_enabled": true,
        "verified": false,
        "statuses_count": 15577,
        "lang": null,
        "contributors_enabled": false,
        "is_translator": false,
        "is_translation_enabled": false,
        "profile_background_color": "000000",
        "profile_background_image_url": "http://abs.twimg.com/images/themes/theme1/bg.png",
        "profile_background_image_url_https": "https://abs.twimg.com/images/themes/theme1/bg.png",
        "profile_background_tile": false,
        "profile_image_url": "http://pbs.twimg.com/profile_images/946072300578672640/860m7xQC_normal.jpg",
        "profile_image_url_https": "https://pbs.twimg.com/profile_images/946072300578672640/860m7xQC_normal.jpg",
        "profile_banner_url": "https://pbs.twimg.com/profile_banners/936443313665728512/1571161073",
        "profile_link_color": "ABB8C2",
        "profile_sidebar_border_color": "000000",
        "profile_sidebar_fill_color": "000000",
        "profile_text_color": "000000",
        "profile_use_background_image": false,
        "has_extended_profile": false,
        "default_profile": false,
        "default_profile_image": false,
        "following": null,
        "follow_request_sent": null,
        "notifications": null,
        "translator_type": "none"
    },
    "geo": null,
    "coordinates": null,
    "place": null,
    "contributors": null,
    "is_quote_status": false,
    "retweet_count": 0,
    "favorite_count": 0,
    "favorited": false,
    "retweeted": false,
    "possibly_sensitive": false,
    "lang": "es"
}