{
    "created_at": "Tue Mar 10 14:03:46 +0000 2020",
    "id": 1237378617870438401,
    "id_str": "1237378617870438401",
    "text": "RT @kjsfirst: #JISOO X @Dior'S Beauty New Article On NAVER! \n\ud83d\udd17https://t.co/J1jlfnOmiU\n\ud83d\udd17https://t.co/9DN51L0s3M\n\ud83d\udd17https://t.co/fLgsI9SFw3\n\ud83d\udd17ht\u2026",
    "truncated": false,
    "entities": {
        "hashtags": [
            {
                "text": "JISOO",
                "indices": [
                    14,
                    20
                ]
            }
        ],
        "symbols": [],
        "user_mentions": [
            {
                "screen_name": "kjsfirst",
                "name": "JISOO FIRST",
                "id": 1006596009798000640,
                "id_str": "1006596009798000640",
                "indices": [
                    3,
                    12
                ]
            },
            {
                "screen_name": "Dior",
                "name": "Dior",
                "id": 348379865,
                "id_str": "348379865",
                "indices": [
                    23,
                    28
                ]
            }
        ],
        "urls": [
            {
                "url": "https://t.co/J1jlfnOmiU",
                "expanded_url": "https://n.news.naver.com/entertain/article/241/0003009416",
                "display_url": "n.news.naver.com/entertain/arti\u2026",
                "indices": [
                    62,
                    85
                ]
            },
            {
                "url": "https://t.co/9DN51L0s3M",
                "expanded_url": "https://n.news.naver.com/entertain/article/112/0003276582",
                "display_url": "n.news.naver.com/entertain/arti\u2026",
                "indices": [
                    87,
                    110
                ]
            },
            {
                "url": "https://t.co/fLgsI9SFw3",
                "expanded_url": "http://naver.me/FrCEWcSl",
                "display_url": "naver.me/FrCEWcSl",
                "indices": [
                    112,
                    135
                ]
            }
        ]
    },
    "metadata": {
        "iso_language_code": "en",
        "result_type": "recent"
    },
    "source": "<a href=\"http://twitter.com/download/android\" rel=\"nofollow\">Twitter for Android</a>",
    "in_reply_to_status_id": null,
    "in_reply_to_status_id_str": null,
    "in_reply_to_user_id": null,
    "in_reply_to_user_id_str": null,
    "in_reply_to_screen_name": null,
    "user": {
        "id": 1103877996740456448,
        "id_str": "1103877996740456448",
        "name": "Ms.Worldwide",
        "screen_name": "kimjichuu__",
        "location": "",
        "description": "Love miss worldwide\ud83d\udc9e",
        "url": null,
        "entities": {
            "description": {
                "urls": []
            }
        },
        "protected": false,
        "followers_count": 44,
        "friends_count": 216,
        "listed_count": 1,
        "created_at": "Fri Mar 08 04:39:58 +0000 2019",
        "favourites_count": 29295,
        "utc_offset": null,
        "time_zone": null,
        "geo_enabled": false,
        "verified": false,
        "statuses_count": 11703,
        "lang": null,
        "contributors_enabled": false,
        "is_translator": false,
        "is_translation_enabled": false,
        "profile_background_color": "F5F8FA",
        "profile_background_image_url": null,
        "profile_background_image_url_https": null,
        "profile_background_tile": false,
        "profile_image_url": "http://pbs.twimg.com/profile_images/1215945618692067329/GnwVPNH3_normal.jpg",
        "profile_image_url_https": "https://pbs.twimg.com/profile_images/1215945618692067329/GnwVPNH3_normal.jpg",
        "profile_banner_url": "https://pbs.twimg.com/profile_banners/1103877996740456448/1578739001",
        "profile_link_color": "1DA1F2",
        "profile_sidebar_border_color": "C0DEED",
        "profile_sidebar_fill_color": "DDEEF6",
        "profile_text_color": "333333",
        "profile_use_background_image": true,
        "has_extended_profile": true,
        "default_profile": true,
        "default_profile_image": false,
        "following": null,
        "follow_request_sent": null,
        "notifications": null,
        "translator_type": "none"
    },
    "geo": null,
    "coordinates": null,
    "place": null,
    "contributors": null,
    "retweeted_status": {
        "created_at": "Tue Mar 10 03:46:50 +0000 2020",
        "id": 1237223361626828801,
        "id_str": "1237223361626828801",
        "text": "#JISOO X @Dior'S Beauty New Article On NAVER! \n\ud83d\udd17https://t.co/J1jlfnOmiU\n\ud83d\udd17https://t.co/9DN51L0s3M\n\ud83d\udd17\u2026 https://t.co/VfDOp61BTr",
        "truncated": true,
        "entities": {
            "hashtags": [
                {
                    "text": "JISOO",
                    "indices": [
                        0,
                        6
                    ]
                }
            ],
            "symbols": [],
            "user_mentions": [
                {
                    "screen_name": "Dior",
                    "name": "Dior",
                    "id": 348379865,
                    "id_str": "348379865",
                    "indices": [
                        9,
                        14
                    ]
                }
            ],
            "urls": [
                {
                    "url": "https://t.co/J1jlfnOmiU",
                    "expanded_url": "https://n.news.naver.com/entertain/article/241/0003009416",
                    "display_url": "n.news.naver.com/entertain/arti\u2026",
                    "indices": [
                        48,
                        71
                    ]
                },
                {
                    "url": "https://t.co/9DN51L0s3M",
                    "expanded_url": "https://n.news.naver.com/entertain/article/112/0003276582",
                    "display_url": "n.news.naver.com/entertain/arti\u2026",
                    "indices": [
                        73,
                        96
                    ]
                },
                {
                    "url": "https://t.co/VfDOp61BTr",
                    "expanded_url": "https://twitter.com/i/web/status/1237223361626828801",
                    "display_url": "twitter.com/i/web/status/1\u2026",
                    "indices": [
                        100,
                        123
                    ]
                }
            ]
        },
        "metadata": {
            "iso_language_code": "en",
            "result_type": "recent"
        },
        "source": "<a href=\"http://twitter.com/download/android\" rel=\"nofollow\">Twitter for Android</a>",
        "in_reply_to_status_id": null,
        "in_reply_to_status_id_str": null,
        "in_reply_to_user_id": null,
        "in_reply_to_user_id_str": null,
        "in_reply_to_screen_name": null,
        "user": {
            "id": 1006596009798000640,
            "id_str": "1006596009798000640",
            "name": "JISOO FIRST",
            "screen_name": "kjsfirst",
            "location": "Jisoo's Heart",
            "description": "[Fan Account] \u2022 Jisoo Solo Stan \u2022 I know you stalking my acc. Get tf out \ud83e\udd70 #\ube14\ub799\ud551\ud06c #\uc9c0\uc218 #\u30b8\u30b9 #JISOO #BLACKPINK",
            "url": null,
            "entities": {
                "description": {
                    "urls": []
                }
            },
            "protected": false,
            "followers_count": 2042,
            "friends_count": 383,
            "listed_count": 13,
            "created_at": "Tue Jun 12 17:56:05 +0000 2018",
            "favourites_count": 19102,
            "utc_offset": null,
            "time_zone": null,
            "geo_enabled": false,
            "verified": false,
            "statuses_count": 69812,
            "lang": null,
            "contributors_enabled": false,
            "is_translator": false,
            "is_translation_enabled": false,
            "profile_background_color": "F5F8FA",
            "profile_background_image_url": null,
            "profile_background_image_url_https": null,
            "profile_background_tile": false,
            "profile_image_url": "http://pbs.twimg.com/profile_images/1235537991059124224/SPgFUvT1_normal.jpg",
            "profile_image_url_https": "https://pbs.twimg.com/profile_images/1235537991059124224/SPgFUvT1_normal.jpg",
            "profile_banner_url": "https://pbs.twimg.com/profile_banners/1006596009798000640/1583410358",
            "profile_link_color": "1DA1F2",
            "profile_sidebar_border_color": "C0DEED",
            "profile_sidebar_fill_color": "DDEEF6",
            "profile_text_color": "333333",
            "profile_use_background_image": true,
            "has_extended_profile": true,
            "default_profile": true,
            "default_profile_image": false,
            "following": null,
            "follow_request_sent": null,
            "notifications": null,
            "translator_type": "none"
        },
        "geo": null,
        "coordinates": null,
        "place": null,
        "contributors": null,
        "is_quote_status": false,
        "retweet_count": 41,
        "favorite_count": 65,
        "favorited": false,
        "retweeted": false,
        "possibly_sensitive": false,
        "lang": "en"
    },
    "is_quote_status": false,
    "retweet_count": 41,
    "favorite_count": 0,
    "favorited": false,
    "retweeted": false,
    "possibly_sensitive": false,
    "lang": "en"
}