{
    "created_at": "Tue Mar 10 12:11:19 +0000 2020",
    "id": 1237350318737784832,
    "id_str": "1237350318737784832",
    "text": "RT @TheSupremeSaint: .@jtimberlake rocking the @Dior x Jordan 1\u2019s \ud83e\uddca https://t.co/c1mb6PCJc7",
    "truncated": false,
    "entities": {
        "hashtags": [],
        "symbols": [],
        "user_mentions": [
            {
                "screen_name": "TheSupremeSaint",
                "name": "The Supreme Saint",
                "id": 2426313439,
                "id_str": "2426313439",
                "indices": [
                    3,
                    19
                ]
            },
            {
                "screen_name": "jtimberlake",
                "name": "Justin Timberlake",
                "id": 26565946,
                "id_str": "26565946",
                "indices": [
                    22,
                    34
                ]
            },
            {
                "screen_name": "Dior",
                "name": "Dior",
                "id": 348379865,
                "id_str": "348379865",
                "indices": [
                    47,
                    52
                ]
            }
        ],
        "urls": [],
        "media": [
            {
                "id": 1232472514330271744,
                "id_str": "1232472514330271744",
                "indices": [
                    68,
                    91
                ],
                "media_url": "http://pbs.twimg.com/media/ERqfOMwWoAA47Ba.jpg",
                "media_url_https": "https://pbs.twimg.com/media/ERqfOMwWoAA47Ba.jpg",
                "url": "https://t.co/c1mb6PCJc7",
                "display_url": "pic.twitter.com/c1mb6PCJc7",
                "expanded_url": "https://twitter.com/TheSupremeSaint/status/1232472525369528320/photo/1",
                "type": "photo",
                "sizes": {
                    "medium": {
                        "w": 1200,
                        "h": 1200,
                        "resize": "fit"
                    },
                    "thumb": {
                        "w": 150,
                        "h": 150,
                        "resize": "crop"
                    },
                    "large": {
                        "w": 1242,
                        "h": 1242,
                        "resize": "fit"
                    },
                    "small": {
                        "w": 680,
                        "h": 680,
                        "resize": "fit"
                    }
                },
                "source_status_id": 1232472525369528320,
                "source_status_id_str": "1232472525369528320",
                "source_user_id": 2426313439,
                "source_user_id_str": "2426313439"
            }
        ]
    },
    "extended_entities": {
        "media": [
            {
                "id": 1232472514330271744,
                "id_str": "1232472514330271744",
                "indices": [
                    68,
                    91
                ],
                "media_url": "http://pbs.twimg.com/media/ERqfOMwWoAA47Ba.jpg",
                "media_url_https": "https://pbs.twimg.com/media/ERqfOMwWoAA47Ba.jpg",
                "url": "https://t.co/c1mb6PCJc7",
                "display_url": "pic.twitter.com/c1mb6PCJc7",
                "expanded_url": "https://twitter.com/TheSupremeSaint/status/1232472525369528320/photo/1",
                "type": "photo",
                "sizes": {
                    "medium": {
                        "w": 1200,
                        "h": 1200,
                        "resize": "fit"
                    },
                    "thumb": {
                        "w": 150,
                        "h": 150,
                        "resize": "crop"
                    },
                    "large": {
                        "w": 1242,
                        "h": 1242,
                        "resize": "fit"
                    },
                    "small": {
                        "w": 680,
                        "h": 680,
                        "resize": "fit"
                    }
                },
                "source_status_id": 1232472525369528320,
                "source_status_id_str": "1232472525369528320",
                "source_user_id": 2426313439,
                "source_user_id_str": "2426313439"
            },
            {
                "id": 1232472514514817027,
                "id_str": "1232472514514817027",
                "indices": [
                    68,
                    91
                ],
                "media_url": "http://pbs.twimg.com/media/ERqfONcWkAMhKBs.jpg",
                "media_url_https": "https://pbs.twimg.com/media/ERqfONcWkAMhKBs.jpg",
                "url": "https://t.co/c1mb6PCJc7",
                "display_url": "pic.twitter.com/c1mb6PCJc7",
                "expanded_url": "https://twitter.com/TheSupremeSaint/status/1232472525369528320/photo/1",
                "type": "photo",
                "sizes": {
                    "thumb": {
                        "w": 150,
                        "h": 150,
                        "resize": "crop"
                    },
                    "small": {
                        "w": 668,
                        "h": 680,
                        "resize": "fit"
                    },
                    "large": {
                        "w": 1242,
                        "h": 1264,
                        "resize": "fit"
                    },
                    "medium": {
                        "w": 1179,
                        "h": 1200,
                        "resize": "fit"
                    }
                },
                "source_status_id": 1232472525369528320,
                "source_status_id_str": "1232472525369528320",
                "source_user_id": 2426313439,
                "source_user_id_str": "2426313439"
            }
        ]
    },
    "metadata": {
        "iso_language_code": "en",
        "result_type": "recent"
    },
    "source": "<a href=\"http://twitter.com/download/android\" rel=\"nofollow\">Twitter for Android</a>",
    "in_reply_to_status_id": null,
    "in_reply_to_status_id_str": null,
    "in_reply_to_user_id": null,
    "in_reply_to_user_id_str": null,
    "in_reply_to_screen_name": null,
    "user": {
        "id": 830442958000304131,
        "id_str": "830442958000304131",
        "name": "Kim Evans",
        "screen_name": "Evans467Kim",
        "location": "Lightning Ridge, New South Wal",
        "description": "I m a single mum !and absolutely mad in Love with don Johnson.",
        "url": null,
        "entities": {
            "description": {
                "urls": []
            }
        },
        "protected": false,
        "followers_count": 35,
        "friends_count": 54,
        "listed_count": 0,
        "created_at": "Sat Feb 11 15:46:44 +0000 2017",
        "favourites_count": 1921,
        "utc_offset": null,
        "time_zone": null,
        "geo_enabled": true,
        "verified": false,
        "statuses_count": 1163,
        "lang": null,
        "contributors_enabled": false,
        "is_translator": false,
        "is_translation_enabled": false,
        "profile_background_color": "F5F8FA",
        "profile_background_image_url": null,
        "profile_background_image_url_https": null,
        "profile_background_tile": false,
        "profile_image_url": "http://pbs.twimg.com/profile_images/1220606270899572737/lfZDhD_X_normal.jpg",
        "profile_image_url_https": "https://pbs.twimg.com/profile_images/1220606270899572737/lfZDhD_X_normal.jpg",
        "profile_banner_url": "https://pbs.twimg.com/profile_banners/830442958000304131/1582105783",
        "profile_link_color": "1DA1F2",
        "profile_sidebar_border_color": "C0DEED",
        "profile_sidebar_fill_color": "DDEEF6",
        "profile_text_color": "333333",
        "profile_use_background_image": true,
        "has_extended_profile": true,
        "default_profile": true,
        "default_profile_image": false,
        "following": null,
        "follow_request_sent": null,
        "notifications": null,
        "translator_type": "none"
    },
    "geo": null,
    "coordinates": null,
    "place": null,
    "contributors": null,
    "retweeted_status": {
        "created_at": "Wed Feb 26 01:08:42 +0000 2020",
        "id": 1232472525369528320,
        "id_str": "1232472525369528320",
        "text": ".@jtimberlake rocking the @Dior x Jordan 1\u2019s \ud83e\uddca https://t.co/c1mb6PCJc7",
        "truncated": false,
        "entities": {
            "hashtags": [],
            "symbols": [],
            "user_mentions": [
                {
                    "screen_name": "jtimberlake",
                    "name": "Justin Timberlake",
                    "id": 26565946,
                    "id_str": "26565946",
                    "indices": [
                        1,
                        13
                    ]
                },
                {
                    "screen_name": "Dior",
                    "name": "Dior",
                    "id": 348379865,
                    "id_str": "348379865",
                    "indices": [
                        26,
                        31
                    ]
                }
            ],
            "urls": [],
            "media": [
                {
                    "id": 1232472514330271744,
                    "id_str": "1232472514330271744",
                    "indices": [
                        47,
                        70
                    ],
                    "media_url": "http://pbs.twimg.com/media/ERqfOMwWoAA47Ba.jpg",
                    "media_url_https": "https://pbs.twimg.com/media/ERqfOMwWoAA47Ba.jpg",
                    "url": "https://t.co/c1mb6PCJc7",
                    "display_url": "pic.twitter.com/c1mb6PCJc7",
                    "expanded_url": "https://twitter.com/TheSupremeSaint/status/1232472525369528320/photo/1",
                    "type": "photo",
                    "sizes": {
                        "medium": {
                            "w": 1200,
                            "h": 1200,
                            "resize": "fit"
                        },
                        "thumb": {
                            "w": 150,
                            "h": 150,
                            "resize": "crop"
                        },
                        "large": {
                            "w": 1242,
                            "h": 1242,
                            "resize": "fit"
                        },
                        "small": {
                            "w": 680,
                            "h": 680,
                            "resize": "fit"
                        }
                    }
                }
            ]
        },
        "extended_entities": {
            "media": [
                {
                    "id": 1232472514330271744,
                    "id_str": "1232472514330271744",
                    "indices": [
                        47,
                        70
                    ],
                    "media_url": "http://pbs.twimg.com/media/ERqfOMwWoAA47Ba.jpg",
                    "media_url_https": "https://pbs.twimg.com/media/ERqfOMwWoAA47Ba.jpg",
                    "url": "https://t.co/c1mb6PCJc7",
                    "display_url": "pic.twitter.com/c1mb6PCJc7",
                    "expanded_url": "https://twitter.com/TheSupremeSaint/status/1232472525369528320/photo/1",
                    "type": "photo",
                    "sizes": {
                        "medium": {
                            "w": 1200,
                            "h": 1200,
                            "resize": "fit"
                        },
                        "thumb": {
                            "w": 150,
                            "h": 150,
                            "resize": "crop"
                        },
                        "large": {
                            "w": 1242,
                            "h": 1242,
                            "resize": "fit"
                        },
                        "small": {
                            "w": 680,
                            "h": 680,
                            "resize": "fit"
                        }
                    }
                },
                {
                    "id": 1232472514514817027,
                    "id_str": "1232472514514817027",
                    "indices": [
                        47,
                        70
                    ],
                    "media_url": "http://pbs.twimg.com/media/ERqfONcWkAMhKBs.jpg",
                    "media_url_https": "https://pbs.twimg.com/media/ERqfONcWkAMhKBs.jpg",
                    "url": "https://t.co/c1mb6PCJc7",
                    "display_url": "pic.twitter.com/c1mb6PCJc7",
                    "expanded_url": "https://twitter.com/TheSupremeSaint/status/1232472525369528320/photo/1",
                    "type": "photo",
                    "sizes": {
                        "thumb": {
                            "w": 150,
                            "h": 150,
                            "resize": "crop"
                        },
                        "small": {
                            "w": 668,
                            "h": 680,
                            "resize": "fit"
                        },
                        "large": {
                            "w": 1242,
                            "h": 1264,
                            "resize": "fit"
                        },
                        "medium": {
                            "w": 1179,
                            "h": 1200,
                            "resize": "fit"
                        }
                    }
                }
            ]
        },
        "metadata": {
            "iso_language_code": "en",
            "result_type": "recent"
        },
        "source": "<a href=\"http://twitter.com/download/iphone\" rel=\"nofollow\">Twitter for iPhone</a>",
        "in_reply_to_status_id": null,
        "in_reply_to_status_id_str": null,
        "in_reply_to_user_id": null,
        "in_reply_to_user_id_str": null,
        "in_reply_to_screen_name": null,
        "user": {
            "id": 2426313439,
            "id_str": "2426313439",
            "name": "The Supreme Saint",
            "screen_name": "TheSupremeSaint",
            "location": "Miami",
            "description": "Streetwear, Sneakers, Releases, and Culture. Not affiliated with Supreme New York.",
            "url": "https://t.co/3xWw35mL93",
            "entities": {
                "url": {
                    "urls": [
                        {
                            "url": "https://t.co/3xWw35mL93",
                            "expanded_url": "http://TheSupremeSaint.com",
                            "display_url": "TheSupremeSaint.com",
                            "indices": [
                                0,
                                23
                            ]
                        }
                    ]
                },
                "description": {
                    "urls": []
                }
            },
            "protected": false,
            "followers_count": 148914,
            "friends_count": 416,
            "listed_count": 221,
            "created_at": "Thu Apr 03 23:07:20 +0000 2014",
            "favourites_count": 362,
            "utc_offset": null,
            "time_zone": null,
            "geo_enabled": true,
            "verified": true,
            "statuses_count": 18693,
            "lang": null,
            "contributors_enabled": false,
            "is_translator": false,
            "is_translation_enabled": false,
            "profile_background_color": "FFFFFF",
            "profile_background_image_url": "http://abs.twimg.com/images/themes/theme1/bg.png",
            "profile_background_image_url_https": "https://abs.twimg.com/images/themes/theme1/bg.png",
            "profile_background_tile": true,
            "profile_image_url": "http://pbs.twimg.com/profile_images/1155956892176224261/HE5gwUmI_normal.jpg",
            "profile_image_url_https": "https://pbs.twimg.com/profile_images/1155956892176224261/HE5gwUmI_normal.jpg",
            "profile_banner_url": "https://pbs.twimg.com/profile_banners/2426313439/1565540716",
            "profile_link_color": "FF0000",
            "profile_sidebar_border_color": "FFFFFF",
            "profile_sidebar_fill_color": "DDEEF6",
            "profile_text_color": "333333",
            "profile_use_background_image": false,
            "has_extended_profile": false,
            "default_profile": false,
            "default_profile_image": false,
            "following": null,
            "follow_request_sent": null,
            "notifications": null,
            "translator_type": "none"
        },
        "geo": null,
        "coordinates": null,
        "place": null,
        "contributors": null,
        "is_quote_status": false,
        "retweet_count": 125,
        "favorite_count": 1075,
        "favorited": false,
        "retweeted": false,
        "possibly_sensitive": false,
        "lang": "en"
    },
    "is_quote_status": false,
    "retweet_count": 125,
    "favorite_count": 0,
    "favorited": false,
    "retweeted": false,
    "possibly_sensitive": false,
    "lang": "en"
}