{
    "created_at": "Tue Mar 10 06:35:18 +0000 2020",
    "id": 1237265757655797760,
    "id_str": "1237265757655797760",
    "text": "RT @hypebae: #hypebaekicks: The highly-anticipated @Dior x @Nike #AirJordan1 High will be limited to 8,500 pairs only, arriving at the end\u2026",
    "truncated": false,
    "entities": {
        "hashtags": [
            {
                "text": "hypebaekicks",
                "indices": [
                    13,
                    26
                ]
            },
            {
                "text": "AirJordan1",
                "indices": [
                    65,
                    76
                ]
            }
        ],
        "symbols": [],
        "user_mentions": [
            {
                "screen_name": "hypebae",
                "name": "HYPEBAE",
                "id": 3909725952,
                "id_str": "3909725952",
                "indices": [
                    3,
                    11
                ]
            },
            {
                "screen_name": "Dior",
                "name": "Dior",
                "id": 348379865,
                "id_str": "348379865",
                "indices": [
                    51,
                    56
                ]
            },
            {
                "screen_name": "Nike",
                "name": "Nike",
                "id": 415859364,
                "id_str": "415859364",
                "indices": [
                    59,
                    64
                ]
            }
        ],
        "urls": []
    },
    "metadata": {
        "iso_language_code": "en",
        "result_type": "recent"
    },
    "source": "<a href=\"https://mobile.twitter.com\" rel=\"nofollow\">Twitter Web App</a>",
    "in_reply_to_status_id": null,
    "in_reply_to_status_id_str": null,
    "in_reply_to_user_id": null,
    "in_reply_to_user_id_str": null,
    "in_reply_to_screen_name": null,
    "user": {
        "id": 879734159601680385,
        "id_str": "879734159601680385",
        "name": "Hunney Nakamura",
        "screen_name": "_ohhunney",
        "location": "Themyscira",
        "description": "surviving",
        "url": "https://t.co/05Taax14iU",
        "entities": {
            "url": {
                "urls": [
                    {
                        "url": "https://t.co/05Taax14iU",
                        "expanded_url": "http://www.instagram.com/ohhunney",
                        "display_url": "instagram.com/ohhunney",
                        "indices": [
                            0,
                            23
                        ]
                    }
                ]
            },
            "description": {
                "urls": []
            }
        },
        "protected": false,
        "followers_count": 76,
        "friends_count": 68,
        "listed_count": 0,
        "created_at": "Tue Jun 27 16:12:23 +0000 2017",
        "favourites_count": 6741,
        "utc_offset": null,
        "time_zone": null,
        "geo_enabled": false,
        "verified": false,
        "statuses_count": 8789,
        "lang": null,
        "contributors_enabled": false,
        "is_translator": false,
        "is_translation_enabled": false,
        "profile_background_color": "000000",
        "profile_background_image_url": "http://abs.twimg.com/images/themes/theme1/bg.png",
        "profile_background_image_url_https": "https://abs.twimg.com/images/themes/theme1/bg.png",
        "profile_background_tile": false,
        "profile_image_url": "http://pbs.twimg.com/profile_images/1152782886958854145/3sO8JoMi_normal.jpg",
        "profile_image_url_https": "https://pbs.twimg.com/profile_images/1152782886958854145/3sO8JoMi_normal.jpg",
        "profile_banner_url": "https://pbs.twimg.com/profile_banners/879734159601680385/1498580148",
        "profile_link_color": "ABB8C2",
        "profile_sidebar_border_color": "000000",
        "profile_sidebar_fill_color": "000000",
        "profile_text_color": "000000",
        "profile_use_background_image": false,
        "has_extended_profile": false,
        "default_profile": false,
        "default_profile_image": false,
        "following": null,
        "follow_request_sent": null,
        "notifications": null,
        "translator_type": "none"
    },
    "geo": null,
    "coordinates": null,
    "place": null,
    "contributors": null,
    "retweeted_status": {
        "created_at": "Mon Mar 09 18:05:35 +0000 2020",
        "id": 1237077084104728578,
        "id_str": "1237077084104728578",
        "text": "#hypebaekicks: The highly-anticipated @Dior x @Nike #AirJordan1 High will be limited to 8,500 pairs only, arriving\u2026 https://t.co/5vWwe2p2yR",
        "truncated": true,
        "entities": {
            "hashtags": [
                {
                    "text": "hypebaekicks",
                    "indices": [
                        0,
                        13
                    ]
                },
                {
                    "text": "AirJordan1",
                    "indices": [
                        52,
                        63
                    ]
                }
            ],
            "symbols": [],
            "user_mentions": [
                {
                    "screen_name": "Dior",
                    "name": "Dior",
                    "id": 348379865,
                    "id_str": "348379865",
                    "indices": [
                        38,
                        43
                    ]
                },
                {
                    "screen_name": "Nike",
                    "name": "Nike",
                    "id": 415859364,
                    "id_str": "415859364",
                    "indices": [
                        46,
                        51
                    ]
                }
            ],
            "urls": [
                {
                    "url": "https://t.co/5vWwe2p2yR",
                    "expanded_url": "https://twitter.com/i/web/status/1237077084104728578",
                    "display_url": "twitter.com/i/web/status/1\u2026",
                    "indices": [
                        116,
                        139
                    ]
                }
            ]
        },
        "metadata": {
            "iso_language_code": "en",
            "result_type": "recent"
        },
        "source": "<a href=\"https://www.echobox.com\" rel=\"nofollow\">Echobox Social</a>",
        "in_reply_to_status_id": null,
        "in_reply_to_status_id_str": null,
        "in_reply_to_user_id": null,
        "in_reply_to_user_id_str": null,
        "in_reply_to_screen_name": null,
        "user": {
            "id": 3909725952,
            "id_str": "3909725952",
            "name": "HYPEBAE",
            "screen_name": "hypebae",
            "location": "",
            "description": "@HYPEBEAST's female-centric platform. Your go-to destination for women's contemporary streetwear, fashion, beauty and everything else.",
            "url": "https://t.co/5uT6mIfwUt",
            "entities": {
                "url": {
                    "urls": [
                        {
                            "url": "https://t.co/5uT6mIfwUt",
                            "expanded_url": "http://hypebae.com",
                            "display_url": "hypebae.com",
                            "indices": [
                                0,
                                23
                            ]
                        }
                    ]
                },
                "description": {
                    "urls": []
                }
            },
            "protected": false,
            "followers_count": 31618,
            "friends_count": 1,
            "listed_count": 302,
            "created_at": "Fri Oct 16 03:57:35 +0000 2015",
            "favourites_count": 95,
            "utc_offset": null,
            "time_zone": null,
            "geo_enabled": false,
            "verified": false,
            "statuses_count": 42627,
            "lang": null,
            "contributors_enabled": false,
            "is_translator": false,
            "is_translation_enabled": false,
            "profile_background_color": "000000",
            "profile_background_image_url": "http://abs.twimg.com/images/themes/theme1/bg.png",
            "profile_background_image_url_https": "https://abs.twimg.com/images/themes/theme1/bg.png",
            "profile_background_tile": false,
            "profile_image_url": "http://pbs.twimg.com/profile_images/1189550537999552513/8CXEhbFV_normal.jpg",
            "profile_image_url_https": "https://pbs.twimg.com/profile_images/1189550537999552513/8CXEhbFV_normal.jpg",
            "profile_banner_url": "https://pbs.twimg.com/profile_banners/3909725952/1508912878",
            "profile_link_color": "7FDBB6",
            "profile_sidebar_border_color": "000000",
            "profile_sidebar_fill_color": "000000",
            "profile_text_color": "000000",
            "profile_use_background_image": false,
            "has_extended_profile": false,
            "default_profile": false,
            "default_profile_image": false,
            "following": null,
            "follow_request_sent": null,
            "notifications": null,
            "translator_type": "none"
        },
        "geo": null,
        "coordinates": null,
        "place": null,
        "contributors": null,
        "is_quote_status": false,
        "retweet_count": 4,
        "favorite_count": 23,
        "favorited": false,
        "retweeted": false,
        "possibly_sensitive": false,
        "lang": "en"
    },
    "is_quote_status": false,
    "retweet_count": 4,
    "favorite_count": 0,
    "favorited": false,
    "retweeted": false,
    "lang": "en"
}