{
    "created_at": "Tue Mar 10 09:13:30 +0000 2020",
    "id": 1237305568257290241,
    "id_str": "1237305568257290241",
    "text": "@Dior \u062a\u0633\u062a\u0627\u0647\u0644 \u0627\u0644\u0644\u064a \u064a\u0646\u062f\u0641\u0639 \u0641\u064a\u0647\u0627 \u0634\u063a\u0644\u0647\u0645 \u0645\u062a\u0639\u0648\u0628 \u0639\u0644\u064a\u0647 \u062f\u0642\u0647 \u0648\u062c\u0648\u062f\u0647 \u0648\u0634\u0643\u0644\ud83d\udc4c\ud83c\udffb",
    "truncated": false,
    "entities": {
        "hashtags": [],
        "symbols": [],
        "user_mentions": [
            {
                "screen_name": "Dior",
                "name": "Dior",
                "id": 348379865,
                "id_str": "348379865",
                "indices": [
                    0,
                    5
                ]
            }
        ],
        "urls": []
    },
    "metadata": {
        "iso_language_code": "ar",
        "result_type": "recent"
    },
    "source": "<a href=\"http://twitter.com/download/iphone\" rel=\"nofollow\">Twitter for iPhone</a>",
    "in_reply_to_status_id": 1234793945466458112,
    "in_reply_to_status_id_str": "1234793945466458112",
    "in_reply_to_user_id": 348379865,
    "in_reply_to_user_id_str": "348379865",
    "in_reply_to_screen_name": "Dior",
    "user": {
        "id": 4295994375,
        "id_str": "4295994375",
        "name": "~ \u0631\u062d\u064a\u0644 \u0627\u0644\u0642\u0648\u0627\u0641\u064a ~",
        "screen_name": "2016h2016h",
        "location": "",
        "description": "\ud83d\udd15 \u0639\u064f\u0640\u0640\u0640\u0640\u0640\u0640\u0630\u0631\u0627\u064b \u0623\u064a\u0640\u0640\u0640\u064f\u0647\u0640\u0640\u0640\u0622 \u0627\u0644\u062d\u0640\u0640\u0640\u064f\u0628\u0652 \u0644\u0640\u0640\u0645 \u0623\u0639\u064f\u0640\u0650\u0640\u0640\u0640\u064f\u0640\u062f \u0623\u062b\u0640\u0652\u0640\u0640\u0640\u0650\u0642\u064f \u0628\u0640\u0640\u0640\u0640\u0640\u0640\u0640\u0643 \u00a3",
        "url": null,
        "entities": {
            "description": {
                "urls": []
            }
        },
        "protected": false,
        "followers_count": 158,
        "friends_count": 80,
        "listed_count": 1,
        "created_at": "Fri Nov 27 12:15:17 +0000 2015",
        "favourites_count": 479,
        "utc_offset": null,
        "time_zone": null,
        "geo_enabled": false,
        "verified": false,
        "statuses_count": 2112,
        "lang": null,
        "contributors_enabled": false,
        "is_translator": false,
        "is_translation_enabled": false,
        "profile_background_color": "C0DEED",
        "profile_background_image_url": "http://abs.twimg.com/images/themes/theme1/bg.png",
        "profile_background_image_url_https": "https://abs.twimg.com/images/themes/theme1/bg.png",
        "profile_background_tile": false,
        "profile_image_url": "http://pbs.twimg.com/profile_images/1152730914134331393/cX8m4n_H_normal.jpg",
        "profile_image_url_https": "https://pbs.twimg.com/profile_images/1152730914134331393/cX8m4n_H_normal.jpg",
        "profile_banner_url": "https://pbs.twimg.com/profile_banners/4295994375/1563667568",
        "profile_link_color": "1DA1F2",
        "profile_sidebar_border_color": "C0DEED",
        "profile_sidebar_fill_color": "DDEEF6",
        "profile_text_color": "333333",
        "profile_use_background_image": true,
        "has_extended_profile": false,
        "default_profile": true,
        "default_profile_image": false,
        "following": null,
        "follow_request_sent": null,
        "notifications": null,
        "translator_type": "none"
    },
    "geo": null,
    "coordinates": null,
    "place": null,
    "contributors": null,
    "is_quote_status": false,
    "retweet_count": 0,
    "favorite_count": 0,
    "favorited": false,
    "retweeted": false,
    "lang": "ar"
}