{
    "created_at": "Tue Mar 10 10:26:36 +0000 2020",
    "id": 1237323967721070592,
    "id_str": "1237323967721070592",
    "text": "@FlashTweet @Dior @BlogModerateur @garypinagot @IsabelleChaboud ;)",
    "truncated": false,
    "entities": {
        "hashtags": [],
        "symbols": [],
        "user_mentions": [
            {
                "screen_name": "FlashTweet",
                "name": "\u26a1\ufe0fFlashTweet, LA Matinale sur la TransfoNum\u26a1\ufe0f",
                "id": 115065053,
                "id_str": "115065053",
                "indices": [
                    0,
                    11
                ]
            },
            {
                "screen_name": "Dior",
                "name": "Dior",
                "id": 348379865,
                "id_str": "348379865",
                "indices": [
                    12,
                    17
                ]
            },
            {
                "screen_name": "BlogModerateur",
                "name": "BDM",
                "id": 493241646,
                "id_str": "493241646",
                "indices": [
                    18,
                    33
                ]
            },
            {
                "screen_name": "garypinagot",
                "name": "Gary Pinagot",
                "id": 258736877,
                "id_str": "258736877",
                "indices": [
                    34,
                    46
                ]
            },
            {
                "screen_name": "IsabelleChaboud",
                "name": "Isabelle Chaboud",
                "id": 3197722667,
                "id_str": "3197722667",
                "indices": [
                    47,
                    63
                ]
            }
        ],
        "urls": []
    },
    "metadata": {
        "iso_language_code": "und",
        "result_type": "recent"
    },
    "source": "<a href=\"https://mobile.twitter.com\" rel=\"nofollow\">Twitter Web App</a>",
    "in_reply_to_status_id": 1237266086501986304,
    "in_reply_to_status_id_str": "1237266086501986304",
    "in_reply_to_user_id": 115065053,
    "in_reply_to_user_id_str": "115065053",
    "in_reply_to_screen_name": "FlashTweet",
    "user": {
        "id": 52082317,
        "id_str": "52082317",
        "name": "Romain Bry",
        "screen_name": "RomainBRY",
        "location": "Grenoble, France",
        "description": "Responsable outils digitaux #GEMCareers #MarqueEmployeur #Recrutement @Grenoble_EM | \n \u25ba#DigitalMarketing | #Rugby #Rock #Scorsese |",
        "url": "https://t.co/4rXqeXjH1m",
        "entities": {
            "url": {
                "urls": [
                    {
                        "url": "https://t.co/4rXqeXjH1m",
                        "expanded_url": "https://fr.linkedin.com/in/romainbry",
                        "display_url": "fr.linkedin.com/in/romainbry",
                        "indices": [
                            0,
                            23
                        ]
                    }
                ]
            },
            "description": {
                "urls": []
            }
        },
        "protected": false,
        "followers_count": 2007,
        "friends_count": 1410,
        "listed_count": 1097,
        "created_at": "Mon Jun 29 15:08:49 +0000 2009",
        "favourites_count": 16606,
        "utc_offset": null,
        "time_zone": null,
        "geo_enabled": true,
        "verified": false,
        "statuses_count": 44458,
        "lang": null,
        "contributors_enabled": false,
        "is_translator": false,
        "is_translation_enabled": false,
        "profile_background_color": "000000",
        "profile_background_image_url": "http://abs.twimg.com/images/themes/theme1/bg.png",
        "profile_background_image_url_https": "https://abs.twimg.com/images/themes/theme1/bg.png",
        "profile_background_tile": false,
        "profile_image_url": "http://pbs.twimg.com/profile_images/1013694093082484736/P4zFhXGT_normal.jpg",
        "profile_image_url_https": "https://pbs.twimg.com/profile_images/1013694093082484736/P4zFhXGT_normal.jpg",
        "profile_banner_url": "https://pbs.twimg.com/profile_banners/52082317/1581114366",
        "profile_link_color": "9266CC",
        "profile_sidebar_border_color": "000000",
        "profile_sidebar_fill_color": "000000",
        "profile_text_color": "000000",
        "profile_use_background_image": false,
        "has_extended_profile": true,
        "default_profile": false,
        "default_profile_image": false,
        "following": null,
        "follow_request_sent": null,
        "notifications": null,
        "translator_type": "none"
    },
    "geo": null,
    "coordinates": null,
    "place": null,
    "contributors": null,
    "is_quote_status": false,
    "retweet_count": 0,
    "favorite_count": 0,
    "favorited": false,
    "retweeted": false,
    "lang": "und"
}