{
    "created_at": "Tue Mar 10 08:59:21 +0000 2020",
    "id": 1237302008568115207,
    "id_str": "1237302008568115207",
    "text": "RT @jichu_charts: Dior Stellar Halo Shine ( @Dior 's product that #JISOO promoted in @VogueKorea March 2020) is ranked in the Shopping Tren\u2026",
    "truncated": false,
    "entities": {
        "hashtags": [
            {
                "text": "JISOO",
                "indices": [
                    66,
                    72
                ]
            }
        ],
        "symbols": [],
        "user_mentions": [
            {
                "screen_name": "jichu_charts",
                "name": "\ud835\ude11\ud835\ude10\ud835\ude1a\ud835\ude16\ud835\ude16 \ud835\ude0a\ud835\ude0f\ud835\ude08\ud835\ude19\ud835\ude1b\ud835\ude1a",
                "id": 1147343242800668672,
                "id_str": "1147343242800668672",
                "indices": [
                    3,
                    16
                ]
            },
            {
                "screen_name": "Dior",
                "name": "Dior",
                "id": 348379865,
                "id_str": "348379865",
                "indices": [
                    44,
                    49
                ]
            },
            {
                "screen_name": "VogueKorea",
                "name": "VOGUE KOREA",
                "id": 159102271,
                "id_str": "159102271",
                "indices": [
                    85,
                    96
                ]
            }
        ],
        "urls": []
    },
    "metadata": {
        "iso_language_code": "en",
        "result_type": "recent"
    },
    "source": "<a href=\"http://twitter.com/download/iphone\" rel=\"nofollow\">Twitter for iPhone</a>",
    "in_reply_to_status_id": null,
    "in_reply_to_status_id_str": null,
    "in_reply_to_user_id": null,
    "in_reply_to_user_id_str": null,
    "in_reply_to_screen_name": null,
    "user": {
        "id": 873441874714927104,
        "id_str": "873441874714927104",
        "name": "\ud83e\udd70",
        "screen_name": "lemonegoo",
        "location": "",
        "description": "",
        "url": null,
        "entities": {
            "description": {
                "urls": []
            }
        },
        "protected": false,
        "followers_count": 34,
        "friends_count": 261,
        "listed_count": 1,
        "created_at": "Sat Jun 10 07:29:05 +0000 2017",
        "favourites_count": 18253,
        "utc_offset": null,
        "time_zone": null,
        "geo_enabled": true,
        "verified": false,
        "statuses_count": 10911,
        "lang": null,
        "contributors_enabled": false,
        "is_translator": false,
        "is_translation_enabled": false,
        "profile_background_color": "F5F8FA",
        "profile_background_image_url": null,
        "profile_background_image_url_https": null,
        "profile_background_tile": false,
        "profile_image_url": "http://pbs.twimg.com/profile_images/1231961508516634625/AeAVbAVw_normal.jpg",
        "profile_image_url_https": "https://pbs.twimg.com/profile_images/1231961508516634625/AeAVbAVw_normal.jpg",
        "profile_banner_url": "https://pbs.twimg.com/profile_banners/873441874714927104/1578273379",
        "profile_link_color": "1DA1F2",
        "profile_sidebar_border_color": "C0DEED",
        "profile_sidebar_fill_color": "DDEEF6",
        "profile_text_color": "333333",
        "profile_use_background_image": true,
        "has_extended_profile": false,
        "default_profile": true,
        "default_profile_image": false,
        "following": null,
        "follow_request_sent": null,
        "notifications": null,
        "translator_type": "none"
    },
    "geo": null,
    "coordinates": null,
    "place": null,
    "contributors": null,
    "retweeted_status": {
        "created_at": "Sun Mar 08 10:07:36 +0000 2020",
        "id": 1236594408700530694,
        "id_str": "1236594408700530694",
        "text": "Dior Stellar Halo Shine ( @Dior 's product that #JISOO promoted in @VogueKorea March 2020) is ranked in the Shoppin\u2026 https://t.co/2JAq5g0aBp",
        "truncated": true,
        "entities": {
            "hashtags": [
                {
                    "text": "JISOO",
                    "indices": [
                        48,
                        54
                    ]
                }
            ],
            "symbols": [],
            "user_mentions": [
                {
                    "screen_name": "Dior",
                    "name": "Dior",
                    "id": 348379865,
                    "id_str": "348379865",
                    "indices": [
                        26,
                        31
                    ]
                },
                {
                    "screen_name": "VogueKorea",
                    "name": "VOGUE KOREA",
                    "id": 159102271,
                    "id_str": "159102271",
                    "indices": [
                        67,
                        78
                    ]
                }
            ],
            "urls": [
                {
                    "url": "https://t.co/2JAq5g0aBp",
                    "expanded_url": "https://twitter.com/i/web/status/1236594408700530694",
                    "display_url": "twitter.com/i/web/status/1\u2026",
                    "indices": [
                        117,
                        140
                    ]
                }
            ]
        },
        "metadata": {
            "iso_language_code": "en",
            "result_type": "recent"
        },
        "source": "<a href=\"https://mobile.twitter.com\" rel=\"nofollow\">Twitter Web App</a>",
        "in_reply_to_status_id": null,
        "in_reply_to_status_id_str": null,
        "in_reply_to_user_id": null,
        "in_reply_to_user_id_str": null,
        "in_reply_to_screen_name": null,
        "user": {
            "id": 1147343242800668672,
            "id_str": "1147343242800668672",
            "name": "\ud835\ude11\ud835\ude10\ud835\ude1a\ud835\ude16\ud835\ude16 \ud835\ude0a\ud835\ude0f\ud835\ude08\ud835\ude19\ud835\ude1b\ud835\ude1a",
            "screen_name": "jichu_charts",
            "location": "",
            "description": "Click \ud83d\udc47",
            "url": "https://t.co/tYClCnu2fY",
            "entities": {
                "url": {
                    "urls": [
                        {
                            "url": "https://t.co/tYClCnu2fY",
                            "expanded_url": "http://bit.ly/2YKGwTq",
                            "display_url": "bit.ly/2YKGwTq",
                            "indices": [
                                0,
                                23
                            ]
                        }
                    ]
                },
                "description": {
                    "urls": []
                }
            },
            "protected": false,
            "followers_count": 9672,
            "friends_count": 20,
            "listed_count": 77,
            "created_at": "Sat Jul 06 03:15:20 +0000 2019",
            "favourites_count": 44,
            "utc_offset": null,
            "time_zone": null,
            "geo_enabled": false,
            "verified": false,
            "statuses_count": 2893,
            "lang": null,
            "contributors_enabled": false,
            "is_translator": false,
            "is_translation_enabled": false,
            "profile_background_color": "F5F8FA",
            "profile_background_image_url": null,
            "profile_background_image_url_https": null,
            "profile_background_tile": false,
            "profile_image_url": "http://pbs.twimg.com/profile_images/1233300398741446656/ZlzP7z0N_normal.jpg",
            "profile_image_url_https": "https://pbs.twimg.com/profile_images/1233300398741446656/ZlzP7z0N_normal.jpg",
            "profile_banner_url": "https://pbs.twimg.com/profile_banners/1147343242800668672/1582876710",
            "profile_link_color": "1DA1F2",
            "profile_sidebar_border_color": "C0DEED",
            "profile_sidebar_fill_color": "DDEEF6",
            "profile_text_color": "333333",
            "profile_use_background_image": true,
            "has_extended_profile": false,
            "default_profile": true,
            "default_profile_image": false,
            "following": null,
            "follow_request_sent": null,
            "notifications": null,
            "translator_type": "none"
        },
        "geo": null,
        "coordinates": null,
        "place": null,
        "contributors": null,
        "is_quote_status": false,
        "retweet_count": 235,
        "favorite_count": 675,
        "favorited": false,
        "retweeted": false,
        "possibly_sensitive": false,
        "lang": "en"
    },
    "is_quote_status": false,
    "retweet_count": 235,
    "favorite_count": 0,
    "favorited": false,
    "retweeted": false,
    "lang": "en"
}