{
    "created_at": "Tue Mar 10 15:11:12 +0000 2020",
    "id": 1237395586304708610,
    "id_str": "1237395586304708610",
    "text": "RT @Dior: 3\u670822\u65e5(\u65e5)\u307e\u3067\u3001\u5927\u962a\u00a0\u962a\u6025\u3046\u3081\u3060\u672c\u5e97\u306b\u3066\u300c\u30c7\u30a3\u30aa\u30fc\u30eb\u3001\u30d1\u30ea\u304b\u3089\u65e5\u672c\u3078\u300d(https://t.co/yrf1mEIsHd)\u5c55\u3092\u958b\u50ac\u3002\u30aa\u30fc\u30c8\u30af\u30c1\u30e5\u30fc\u30eb\u306e\u30c9\u30ec\u30b9\u304b\u3089\u3001\u30a2\u30fc\u30c6\u30a3\u30b9\u30c8\u306e\u518d\u89e3\u91c8\u306b\u3088\u308b\u300c\u30ec\u30c7\u30a3 \u30c7\u30a3\u30aa\u30fc\u30eb\u300d\u30d0\u30c3\u30b0\u307e\u3067\u3001\u30b5\u30f4\u30a9\u30ef\u30fc\u30eb\u30d5\u30a7\u30fc\u30eb\u3092\u901a\u3057\u3066\u4f1d\u3048\u2026",
    "truncated": false,
    "entities": {
        "hashtags": [],
        "symbols": [],
        "user_mentions": [
            {
                "screen_name": "Dior",
                "name": "Dior",
                "id": 348379865,
                "id_str": "348379865",
                "indices": [
                    3,
                    8
                ]
            }
        ],
        "urls": [
            {
                "url": "https://t.co/yrf1mEIsHd",
                "expanded_url": "http://on.dior.com/exhibition-jp20",
                "display_url": "on.dior.com/exhibition-jp20",
                "indices": [
                    49,
                    72
                ]
            }
        ]
    },
    "metadata": {
        "iso_language_code": "ja",
        "result_type": "recent"
    },
    "source": "<a href=\"http://twitter.com/download/iphone\" rel=\"nofollow\">Twitter for iPhone</a>",
    "in_reply_to_status_id": null,
    "in_reply_to_status_id_str": null,
    "in_reply_to_user_id": null,
    "in_reply_to_user_id_str": null,
    "in_reply_to_screen_name": null,
    "user": {
        "id": 218013094,
        "id_str": "218013094",
        "name": "\u304a\u3070\u3051\u308a\u3093\u3054\ud83d\udc2f\ud83d\udc30\ud83e\udd81\ud83d\udcab\u3064\u3076\u3084\u304d\u63a7\u3048\u3081\u4e2d",
        "screen_name": "amane1735",
        "location": "\u305d\u3089\u306e\u304d\u308c\u3044\u306a\u30b7\u30e5\u30c6\u30eb\u30f3\u30d3\u30eb\u30c8",
        "description": "\u6b69\u304f\u901f\u3055\u3067twitter\u3092\u7d9a\u3051\u3066\u307e\u3059\u3002\u597d\u304d\u306a\u3082\u306e\u306f\u8aad\u66f8/\u672c\u5c4b/\u56f3\u66f8\u9928/\u6b69\u304f\u3053\u3068/\u89b3\u5287/\u7f8e\u8853\u9928/T&B\u306e\u864e\u5fb9\u3055\u3093\uff08\u4ed6\u306e\u30d2\u30fc\u30ed\u30fc\u9054\u3082\u597d\u304d\uff09/\u590f\u76ee\u53cb\u4eba\u5e33/\u7a7a/\u65c5/\u5b87\u5b99/\u5200\u5263\u4e71\u821e/\u3078\u3057\u5207\u308a\u9577\u8c37\u90e8/figureskate/\u6751\u5c71\u65e9\u7d00/\u9808\u8cc0\u6566\u5b50/\u5742\u672c\u771f\u7dbe/\u6069\u7530\u9678/\u837b\u539f\u898f\u5b50/\u8305\u7530\u7802\u80e1/\u65b0\u5c45\u662d\u4e43\uff08\u656c\u79f0\u7565\uff09\u7b49\u3002\u65e5\u5e38\u7b49\u3064\u3076\u3084\u304d\u3082\u6709\u3002\u6210\u4eba\u6e08",
        "url": null,
        "entities": {
            "description": {
                "urls": []
            }
        },
        "protected": false,
        "followers_count": 343,
        "friends_count": 583,
        "listed_count": 30,
        "created_at": "Sun Nov 21 05:04:59 +0000 2010",
        "favourites_count": 199674,
        "utc_offset": null,
        "time_zone": null,
        "geo_enabled": false,
        "verified": false,
        "statuses_count": 315718,
        "lang": null,
        "contributors_enabled": false,
        "is_translator": false,
        "is_translation_enabled": false,
        "profile_background_color": "EDECE9",
        "profile_background_image_url": "http://abs.twimg.com/images/themes/theme3/bg.gif",
        "profile_background_image_url_https": "https://abs.twimg.com/images/themes/theme3/bg.gif",
        "profile_background_tile": false,
        "profile_image_url": "http://pbs.twimg.com/profile_images/1153700048271581184/wAfrzdb8_normal.jpg",
        "profile_image_url_https": "https://pbs.twimg.com/profile_images/1153700048271581184/wAfrzdb8_normal.jpg",
        "profile_banner_url": "https://pbs.twimg.com/profile_banners/218013094/1456113045",
        "profile_link_color": "981CEB",
        "profile_sidebar_border_color": "D3D2CF",
        "profile_sidebar_fill_color": "E3E2DE",
        "profile_text_color": "634047",
        "profile_use_background_image": true,
        "has_extended_profile": false,
        "default_profile": false,
        "default_profile_image": false,
        "following": null,
        "follow_request_sent": null,
        "notifications": null,
        "translator_type": "none"
    },
    "geo": null,
    "coordinates": null,
    "place": null,
    "contributors": null,
    "retweeted_status": {
        "created_at": "Thu Mar 05 06:57:19 +0000 2020",
        "id": 1235459360479834112,
        "id_str": "1235459360479834112",
        "text": "3\u670822\u65e5(\u65e5)\u307e\u3067\u3001\u5927\u962a\u00a0\u962a\u6025\u3046\u3081\u3060\u672c\u5e97\u306b\u3066\u300c\u30c7\u30a3\u30aa\u30fc\u30eb\u3001\u30d1\u30ea\u304b\u3089\u65e5\u672c\u3078\u300d(https://t.co/yrf1mEIsHd)\u5c55\u3092\u958b\u50ac\u3002\u30aa\u30fc\u30c8\u30af\u30c1\u30e5\u30fc\u30eb\u306e\u30c9\u30ec\u30b9\u304b\u3089\u3001\u30a2\u30fc\u30c6\u30a3\u30b9\u30c8\u306e\u518d\u89e3\u91c8\u306b\u3088\u308b\u300c\u30ec\u30c7\u30a3 \u30c7\u30a3\u30aa\u30fc\u30eb\u300d\u30d0\u30c3\u30b0\u307e\u3067\u3001\u30b5\u30f4\u2026 https://t.co/3YqflX0f2h",
        "truncated": true,
        "entities": {
            "hashtags": [],
            "symbols": [],
            "user_mentions": [],
            "urls": [
                {
                    "url": "https://t.co/yrf1mEIsHd",
                    "expanded_url": "http://on.dior.com/exhibition-jp20",
                    "display_url": "on.dior.com/exhibition-jp20",
                    "indices": [
                        39,
                        62
                    ]
                },
                {
                    "url": "https://t.co/3YqflX0f2h",
                    "expanded_url": "https://twitter.com/i/web/status/1235459360479834112",
                    "display_url": "twitter.com/i/web/status/1\u2026",
                    "indices": [
                        117,
                        140
                    ]
                }
            ]
        },
        "metadata": {
            "iso_language_code": "ja",
            "result_type": "recent"
        },
        "source": "<a href=\"https://ads-api.twitter.com\" rel=\"nofollow\">Twitter for Advertisers</a>",
        "in_reply_to_status_id": null,
        "in_reply_to_status_id_str": null,
        "in_reply_to_user_id": null,
        "in_reply_to_user_id_str": null,
        "in_reply_to_screen_name": null,
        "user": {
            "id": 348379865,
            "id_str": "348379865",
            "name": "Dior",
            "screen_name": "Dior",
            "location": "",
            "description": "",
            "url": "https://t.co/pLUyiJhYc3",
            "entities": {
                "url": {
                    "urls": [
                        {
                            "url": "https://t.co/pLUyiJhYc3",
                            "expanded_url": "http://www.dior.com",
                            "display_url": "dior.com",
                            "indices": [
                                0,
                                23
                            ]
                        }
                    ]
                },
                "description": {
                    "urls": []
                }
            },
            "protected": false,
            "followers_count": 8118096,
            "friends_count": 144,
            "listed_count": 9714,
            "created_at": "Thu Aug 04 10:04:42 +0000 2011",
            "favourites_count": 68,
            "utc_offset": null,
            "time_zone": null,
            "geo_enabled": true,
            "verified": true,
            "statuses_count": 3965,
            "lang": null,
            "contributors_enabled": false,
            "is_translator": false,
            "is_translation_enabled": false,
            "profile_background_color": "000000",
            "profile_background_image_url": "http://abs.twimg.com/images/themes/theme1/bg.png",
            "profile_background_image_url_https": "https://abs.twimg.com/images/themes/theme1/bg.png",
            "profile_background_tile": false,
            "profile_image_url": "http://pbs.twimg.com/profile_images/1051789365205196800/Sr3MjjXc_normal.jpg",
            "profile_image_url_https": "https://pbs.twimg.com/profile_images/1051789365205196800/Sr3MjjXc_normal.jpg",
            "profile_banner_url": "https://pbs.twimg.com/profile_banners/348379865/1583246709",
            "profile_link_color": "009999",
            "profile_sidebar_border_color": "000000",
            "profile_sidebar_fill_color": "303030",
            "profile_text_color": "FFFFFF",
            "profile_use_background_image": false,
            "has_extended_profile": false,
            "default_profile": false,
            "default_profile_image": false,
            "following": null,
            "follow_request_sent": null,
            "notifications": null,
            "translator_type": "none"
        },
        "geo": null,
        "coordinates": null,
        "place": null,
        "contributors": null,
        "is_quote_status": false,
        "retweet_count": 29,
        "favorite_count": 117,
        "favorited": false,
        "retweeted": false,
        "possibly_sensitive": false,
        "scopes": {
            "followers": false
        },
        "lang": "ja"
    },
    "is_quote_status": false,
    "retweet_count": 29,
    "favorite_count": 0,
    "favorited": false,
    "retweeted": false,
    "possibly_sensitive": false,
    "lang": "ja"
}