{
    "created_at": "Tue Mar 10 10:03:58 +0000 2020",
    "id": 1237318270107222018,
    "id_str": "1237318270107222018",
    "text": "[#Com] \"Imbriquer le \u00ab online \u00bb et le \u00ab offline \u00bb pour offrir des exp\u00e9riences \u00e0 360\u00b0, qui vont lier un \u00e9v\u00e9nement ph\u2026 https://t.co/AXFXWuxGrd",
    "truncated": true,
    "entities": {
        "hashtags": [
            {
                "text": "Com",
                "indices": [
                    1,
                    5
                ]
            }
        ],
        "symbols": [],
        "user_mentions": [],
        "urls": [
            {
                "url": "https://t.co/AXFXWuxGrd",
                "expanded_url": "https://twitter.com/i/web/status/1237318270107222018",
                "display_url": "twitter.com/i/web/status/1\u2026",
                "indices": [
                    117,
                    140
                ]
            }
        ]
    },
    "metadata": {
        "iso_language_code": "fr",
        "result_type": "recent"
    },
    "source": "<a href=\"http://twitter.com/download/android\" rel=\"nofollow\">Twitter for Android</a>",
    "in_reply_to_status_id": null,
    "in_reply_to_status_id_str": null,
    "in_reply_to_user_id": null,
    "in_reply_to_user_id_str": null,
    "in_reply_to_screen_name": null,
    "user": {
        "id": 337089450,
        "id_str": "337089450",
        "name": "David Reisch",
        "screen_name": "World_isTweetly",
        "location": "Brest, France",
        "description": "Communicant, relations publiques | Je tweete \u00e0 propos de #communication #comCorporate #comPublique #comPol || Avant #RespCom dans le Groupe @cmarkea",
        "url": "https://t.co/BOzfIMVDQH",
        "entities": {
            "url": {
                "urls": [
                    {
                        "url": "https://t.co/BOzfIMVDQH",
                        "expanded_url": "https://www.linkedin.com/in/david-reisch-9b6a39b5",
                        "display_url": "linkedin.com/in/david-reisc\u2026",
                        "indices": [
                            0,
                            23
                        ]
                    }
                ]
            },
            "description": {
                "urls": []
            }
        },
        "protected": false,
        "followers_count": 3069,
        "friends_count": 3540,
        "listed_count": 186,
        "created_at": "Sun Jul 17 12:41:22 +0000 2011",
        "favourites_count": 27445,
        "utc_offset": null,
        "time_zone": null,
        "geo_enabled": true,
        "verified": false,
        "statuses_count": 32731,
        "lang": null,
        "contributors_enabled": false,
        "is_translator": false,
        "is_translation_enabled": false,
        "profile_background_color": "C0DEED",
        "profile_background_image_url": "http://abs.twimg.com/images/themes/theme1/bg.png",
        "profile_background_image_url_https": "https://abs.twimg.com/images/themes/theme1/bg.png",
        "profile_background_tile": false,
        "profile_image_url": "http://pbs.twimg.com/profile_images/1229702283618922496/wL0nUZud_normal.jpg",
        "profile_image_url_https": "https://pbs.twimg.com/profile_images/1229702283618922496/wL0nUZud_normal.jpg",
        "profile_banner_url": "https://pbs.twimg.com/profile_banners/337089450/1583594649",
        "profile_link_color": "1DA1F2",
        "profile_sidebar_border_color": "C0DEED",
        "profile_sidebar_fill_color": "DDEEF6",
        "profile_text_color": "333333",
        "profile_use_background_image": true,
        "has_extended_profile": true,
        "default_profile": true,
        "default_profile_image": false,
        "following": null,
        "follow_request_sent": null,
        "notifications": null,
        "translator_type": "none"
    },
    "geo": null,
    "coordinates": null,
    "place": {
        "id": "499e0ab45c8fdb63",
        "url": "https://api.twitter.com/1.1/geo/id/499e0ab45c8fdb63.json",
        "place_type": "city",
        "name": "Clermont-Ferrand",
        "full_name": "Clermont-Ferrand, France",
        "country_code": "FR",
        "country": "France",
        "contained_within": [],
        "bounding_box": {
            "type": "Polygon",
            "coordinates": [
                [
                    [
                        3.0531778,
                        45.7556417
                    ],
                    [
                        3.1722051,
                        45.7556417
                    ],
                    [
                        3.1722051,
                        45.8181879
                    ],
                    [
                        3.0531778,
                        45.8181879
                    ]
                ]
            ]
        },
        "attributes": {}
    },
    "contributors": null,
    "is_quote_status": true,
    "quoted_status_id": 1237266086501986304,
    "quoted_status_id_str": "1237266086501986304",
    "quoted_status": {
        "created_at": "Tue Mar 10 06:36:36 +0000 2020",
        "id": 1237266086501986304,
        "id_str": "1237266086501986304",
        "text": "3\ufe0f\u20e3\ud83d\udc4d[#SocialMedia] Zoom sur la strat\u00e9gie #SocialMedia de @dior  \nhttps://t.co/YjydFj4cZv @BlogModerateur\n\n\ud83d\udcac\"Notre o\u2026 https://t.co/VJ5KyAeUH1",
        "truncated": true,
        "entities": {
            "hashtags": [
                {
                    "text": "SocialMedia",
                    "indices": [
                        5,
                        17
                    ]
                },
                {
                    "text": "SocialMedia",
                    "indices": [
                        41,
                        53
                    ]
                }
            ],
            "symbols": [],
            "user_mentions": [
                {
                    "screen_name": "Dior",
                    "name": "Dior",
                    "id": 348379865,
                    "id_str": "348379865",
                    "indices": [
                        57,
                        62
                    ]
                },
                {
                    "screen_name": "BlogModerateur",
                    "name": "BDM",
                    "id": 493241646,
                    "id_str": "493241646",
                    "indices": [
                        89,
                        104
                    ]
                }
            ],
            "urls": [
                {
                    "url": "https://t.co/YjydFj4cZv",
                    "expanded_url": "https://buff.ly/2Ivnv0q",
                    "display_url": "buff.ly/2Ivnv0q",
                    "indices": [
                        65,
                        88
                    ]
                },
                {
                    "url": "https://t.co/VJ5KyAeUH1",
                    "expanded_url": "https://twitter.com/i/web/status/1237266086501986304",
                    "display_url": "twitter.com/i/web/status/1\u2026",
                    "indices": [
                        117,
                        140
                    ]
                }
            ]
        },
        "metadata": {
            "iso_language_code": "fr",
            "result_type": "recent"
        },
        "source": "<a href=\"https://buffer.com\" rel=\"nofollow\">Buffer</a>",
        "in_reply_to_status_id": null,
        "in_reply_to_status_id_str": null,
        "in_reply_to_user_id": null,
        "in_reply_to_user_id_str": null,
        "in_reply_to_screen_name": null,
        "user": {
            "id": 115065053,
            "id_str": "115065053",
            "name": "\u26a1\ufe0fFlashTweet, LA Matinale sur la TransfoNum\u26a1\ufe0f",
            "screen_name": "FlashTweet",
            "location": "\ud83d\udcf7Instagram _@FlashTweet_",
            "description": "\u23f0RDV 7:30 pour LA #Matinale de #Twitter sur la #TransfoNum by @EmmanuelleL9 #Tech #IA #SocialMedia #startup #innovation \u00a9#FFWomenInTech #FlashTweetEdu #i4emploi",
            "url": "https://t.co/0pL5372tjE",
            "entities": {
                "url": {
                    "urls": [
                        {
                            "url": "https://t.co/0pL5372tjE",
                            "expanded_url": "http://www.flashtweet.fr",
                            "display_url": "flashtweet.fr",
                            "indices": [
                                0,
                                23
                            ]
                        }
                    ]
                },
                "description": {
                    "urls": []
                }
            },
            "protected": false,
            "followers_count": 56261,
            "friends_count": 4525,
            "listed_count": 4904,
            "created_at": "Wed Feb 17 14:09:44 +0000 2010",
            "favourites_count": 83901,
            "utc_offset": null,
            "time_zone": null,
            "geo_enabled": true,
            "verified": false,
            "statuses_count": 96728,
            "lang": null,
            "contributors_enabled": false,
            "is_translator": false,
            "is_translation_enabled": false,
            "profile_background_color": "000000",
            "profile_background_image_url": "http://abs.twimg.com/images/themes/theme15/bg.png",
            "profile_background_image_url_https": "https://abs.twimg.com/images/themes/theme15/bg.png",
            "profile_background_tile": false,
            "profile_image_url": "http://pbs.twimg.com/profile_images/1185475791167115264/XSonnRTq_normal.jpg",
            "profile_image_url_https": "https://pbs.twimg.com/profile_images/1185475791167115264/XSonnRTq_normal.jpg",
            "profile_banner_url": "https://pbs.twimg.com/profile_banners/115065053/1583396557",
            "profile_link_color": "FA743E",
            "profile_sidebar_border_color": "000000",
            "profile_sidebar_fill_color": "000000",
            "profile_text_color": "000000",
            "profile_use_background_image": false,
            "has_extended_profile": false,
            "default_profile": false,
            "default_profile_image": false,
            "following": null,
            "follow_request_sent": null,
            "notifications": null,
            "translator_type": "none"
        },
        "geo": null,
        "coordinates": null,
        "place": null,
        "contributors": null,
        "is_quote_status": false,
        "retweet_count": 7,
        "favorite_count": 7,
        "favorited": false,
        "retweeted": false,
        "possibly_sensitive": false,
        "lang": "fr"
    },
    "retweet_count": 1,
    "favorite_count": 5,
    "favorited": false,
    "retweeted": false,
    "possibly_sensitive": false,
    "lang": "fr"
}