{
    "created_at": "Tue Mar 10 05:57:44 +0000 2020",
    "id": 1237256304688652288,
    "id_str": "1237256304688652288",
    "text": "RT @kjsfirst: #JISOO X @Dior Beauty On DAUM \n\ud83d\udd17https://t.co/aM2hS6N1YX\n\ud83d\udd17https://t.co/OwustlR0xy\n\ud83d\udd17https://t.co/a4J0NXspW5\n\ud83d\udd17https://t.co/jS27R\u2026",
    "truncated": false,
    "entities": {
        "hashtags": [
            {
                "text": "JISOO",
                "indices": [
                    14,
                    20
                ]
            }
        ],
        "symbols": [],
        "user_mentions": [
            {
                "screen_name": "kjsfirst",
                "name": "JISOO FIRST",
                "id": 1006596009798000640,
                "id_str": "1006596009798000640",
                "indices": [
                    3,
                    12
                ]
            },
            {
                "screen_name": "Dior",
                "name": "Dior",
                "id": 348379865,
                "id_str": "348379865",
                "indices": [
                    23,
                    28
                ]
            }
        ],
        "urls": [
            {
                "url": "https://t.co/aM2hS6N1YX",
                "expanded_url": "https://entertain.v.daum.net/v/20200310101927736",
                "display_url": "entertain.v.daum.net/v/202003101019\u2026",
                "indices": [
                    46,
                    69
                ]
            },
            {
                "url": "https://t.co/OwustlR0xy",
                "expanded_url": "https://entertain.v.daum.net/v/20200310122530083",
                "display_url": "entertain.v.daum.net/v/202003101225\u2026",
                "indices": [
                    71,
                    94
                ]
            },
            {
                "url": "https://t.co/a4J0NXspW5",
                "expanded_url": "https://news.v.daum.net/v/20200310104653245",
                "display_url": "news.v.daum.net/v/202003101046\u2026",
                "indices": [
                    96,
                    119
                ]
            }
        ]
    },
    "metadata": {
        "iso_language_code": "en",
        "result_type": "recent"
    },
    "source": "<a href=\"http://twitter.com/download/android\" rel=\"nofollow\">Twitter for Android</a>",
    "in_reply_to_status_id": null,
    "in_reply_to_status_id_str": null,
    "in_reply_to_user_id": null,
    "in_reply_to_user_id_str": null,
    "in_reply_to_screen_name": null,
    "user": {
        "id": 884294442320109568,
        "id_str": "884294442320109568",
        "name": "Kiara\u2077",
        "screen_name": "Kaira_04_Kaira",
        "location": "",
        "description": "Jisoo\u2764Blackpink\nBTS\u2764\nSemi-Hiatus..",
        "url": null,
        "entities": {
            "description": {
                "urls": []
            }
        },
        "protected": false,
        "followers_count": 62,
        "friends_count": 83,
        "listed_count": 0,
        "created_at": "Mon Jul 10 06:13:19 +0000 2017",
        "favourites_count": 36147,
        "utc_offset": null,
        "time_zone": null,
        "geo_enabled": false,
        "verified": false,
        "statuses_count": 12819,
        "lang": null,
        "contributors_enabled": false,
        "is_translator": false,
        "is_translation_enabled": false,
        "profile_background_color": "F5F8FA",
        "profile_background_image_url": null,
        "profile_background_image_url_https": null,
        "profile_background_tile": false,
        "profile_image_url": "http://pbs.twimg.com/profile_images/1237337022265733120/zrazCdf0_normal.jpg",
        "profile_image_url_https": "https://pbs.twimg.com/profile_images/1237337022265733120/zrazCdf0_normal.jpg",
        "profile_banner_url": "https://pbs.twimg.com/profile_banners/884294442320109568/1582265635",
        "profile_link_color": "1DA1F2",
        "profile_sidebar_border_color": "C0DEED",
        "profile_sidebar_fill_color": "DDEEF6",
        "profile_text_color": "333333",
        "profile_use_background_image": true,
        "has_extended_profile": true,
        "default_profile": true,
        "default_profile_image": false,
        "following": null,
        "follow_request_sent": null,
        "notifications": null,
        "translator_type": "none"
    },
    "geo": null,
    "coordinates": null,
    "place": null,
    "contributors": null,
    "retweeted_status": {
        "created_at": "Tue Mar 10 04:01:36 +0000 2020",
        "id": 1237227079575302144,
        "id_str": "1237227079575302144",
        "text": "#JISOO X @Dior Beauty On DAUM \n\ud83d\udd17https://t.co/aM2hS6N1YX\n\ud83d\udd17https://t.co/OwustlR0xy\n\ud83d\udd17https://t.co/a4J0NXspW5\n\ud83d\udd17\u2026 https://t.co/rrLictaw3c",
        "truncated": true,
        "entities": {
            "hashtags": [
                {
                    "text": "JISOO",
                    "indices": [
                        0,
                        6
                    ]
                }
            ],
            "symbols": [],
            "user_mentions": [
                {
                    "screen_name": "Dior",
                    "name": "Dior",
                    "id": 348379865,
                    "id_str": "348379865",
                    "indices": [
                        9,
                        14
                    ]
                }
            ],
            "urls": [
                {
                    "url": "https://t.co/aM2hS6N1YX",
                    "expanded_url": "https://entertain.v.daum.net/v/20200310101927736",
                    "display_url": "entertain.v.daum.net/v/202003101019\u2026",
                    "indices": [
                        32,
                        55
                    ]
                },
                {
                    "url": "https://t.co/OwustlR0xy",
                    "expanded_url": "https://entertain.v.daum.net/v/20200310122530083",
                    "display_url": "entertain.v.daum.net/v/202003101225\u2026",
                    "indices": [
                        57,
                        80
                    ]
                },
                {
                    "url": "https://t.co/a4J0NXspW5",
                    "expanded_url": "https://news.v.daum.net/v/20200310104653245",
                    "display_url": "news.v.daum.net/v/202003101046\u2026",
                    "indices": [
                        82,
                        105
                    ]
                },
                {
                    "url": "https://t.co/rrLictaw3c",
                    "expanded_url": "https://twitter.com/i/web/status/1237227079575302144",
                    "display_url": "twitter.com/i/web/status/1\u2026",
                    "indices": [
                        109,
                        132
                    ]
                }
            ]
        },
        "metadata": {
            "iso_language_code": "en",
            "result_type": "recent"
        },
        "source": "<a href=\"http://twitter.com/download/android\" rel=\"nofollow\">Twitter for Android</a>",
        "in_reply_to_status_id": 1237223361626828801,
        "in_reply_to_status_id_str": "1237223361626828801",
        "in_reply_to_user_id": 1006596009798000640,
        "in_reply_to_user_id_str": "1006596009798000640",
        "in_reply_to_screen_name": "kjsfirst",
        "user": {
            "id": 1006596009798000640,
            "id_str": "1006596009798000640",
            "name": "JISOO FIRST",
            "screen_name": "kjsfirst",
            "location": "Jisoo's Heart",
            "description": "[Fan Account] \u2022 Jisoo Solo Stan \u2022 I know you stalking my acc. Get tf out \ud83e\udd70 #\ube14\ub799\ud551\ud06c #\uc9c0\uc218 #\u30b8\u30b9 #JISOO #BLACKPINK",
            "url": null,
            "entities": {
                "description": {
                    "urls": []
                }
            },
            "protected": false,
            "followers_count": 2042,
            "friends_count": 383,
            "listed_count": 13,
            "created_at": "Tue Jun 12 17:56:05 +0000 2018",
            "favourites_count": 19102,
            "utc_offset": null,
            "time_zone": null,
            "geo_enabled": false,
            "verified": false,
            "statuses_count": 69812,
            "lang": null,
            "contributors_enabled": false,
            "is_translator": false,
            "is_translation_enabled": false,
            "profile_background_color": "F5F8FA",
            "profile_background_image_url": null,
            "profile_background_image_url_https": null,
            "profile_background_tile": false,
            "profile_image_url": "http://pbs.twimg.com/profile_images/1235537991059124224/SPgFUvT1_normal.jpg",
            "profile_image_url_https": "https://pbs.twimg.com/profile_images/1235537991059124224/SPgFUvT1_normal.jpg",
            "profile_banner_url": "https://pbs.twimg.com/profile_banners/1006596009798000640/1583410358",
            "profile_link_color": "1DA1F2",
            "profile_sidebar_border_color": "C0DEED",
            "profile_sidebar_fill_color": "DDEEF6",
            "profile_text_color": "333333",
            "profile_use_background_image": true,
            "has_extended_profile": true,
            "default_profile": true,
            "default_profile_image": false,
            "following": null,
            "follow_request_sent": null,
            "notifications": null,
            "translator_type": "none"
        },
        "geo": null,
        "coordinates": null,
        "place": null,
        "contributors": null,
        "is_quote_status": false,
        "retweet_count": 18,
        "favorite_count": 28,
        "favorited": false,
        "retweeted": false,
        "possibly_sensitive": false,
        "lang": "en"
    },
    "is_quote_status": false,
    "retweet_count": 18,
    "favorite_count": 0,
    "favorited": false,
    "retweeted": false,
    "possibly_sensitive": false,
    "lang": "en"
}