{
    "created_at": "Tue Mar 10 09:32:37 +0000 2020",
    "id": 1237310380977913856,
    "id_str": "1237310380977913856",
    "text": "RT @Dior: For over ten years, the House of Dior has been initiating partnerships with the new generation of perfume flower producers in the\u2026",
    "truncated": false,
    "entities": {
        "hashtags": [],
        "symbols": [],
        "user_mentions": [
            {
                "screen_name": "Dior",
                "name": "Dior",
                "id": 348379865,
                "id_str": "348379865",
                "indices": [
                    3,
                    8
                ]
            }
        ],
        "urls": []
    },
    "metadata": {
        "iso_language_code": "en",
        "result_type": "recent"
    },
    "source": "<a href=\"http://twitter.com/download/android\" rel=\"nofollow\">Twitter for Android</a>",
    "in_reply_to_status_id": null,
    "in_reply_to_status_id_str": null,
    "in_reply_to_user_id": null,
    "in_reply_to_user_id_str": null,
    "in_reply_to_screen_name": null,
    "user": {
        "id": 859077924129054720,
        "id_str": "859077924129054720",
        "name": "Candida Pino",
        "screen_name": "candida_pino",
        "location": "West Midlands, England",
        "description": "",
        "url": null,
        "entities": {
            "description": {
                "urls": []
            }
        },
        "protected": false,
        "followers_count": 10,
        "friends_count": 68,
        "listed_count": 0,
        "created_at": "Mon May 01 16:11:52 +0000 2017",
        "favourites_count": 640,
        "utc_offset": null,
        "time_zone": null,
        "geo_enabled": false,
        "verified": false,
        "statuses_count": 31,
        "lang": null,
        "contributors_enabled": false,
        "is_translator": false,
        "is_translation_enabled": false,
        "profile_background_color": "F5F8FA",
        "profile_background_image_url": null,
        "profile_background_image_url_https": null,
        "profile_background_tile": false,
        "profile_image_url": "http://abs.twimg.com/sticky/default_profile_images/default_profile_normal.png",
        "profile_image_url_https": "https://abs.twimg.com/sticky/default_profile_images/default_profile_normal.png",
        "profile_link_color": "1DA1F2",
        "profile_sidebar_border_color": "C0DEED",
        "profile_sidebar_fill_color": "DDEEF6",
        "profile_text_color": "333333",
        "profile_use_background_image": true,
        "has_extended_profile": false,
        "default_profile": true,
        "default_profile_image": true,
        "following": null,
        "follow_request_sent": null,
        "notifications": null,
        "translator_type": "none"
    },
    "geo": null,
    "coordinates": null,
    "place": null,
    "contributors": null,
    "retweeted_status": {
        "created_at": "Tue Mar 10 09:00:00 +0000 2020",
        "id": 1237302173815287809,
        "id_str": "1237302173815287809",
        "text": "For over ten years, the House of Dior has been initiating partnerships with the new generation of perfume flower pr\u2026 https://t.co/z5RUoh0jmu",
        "truncated": true,
        "entities": {
            "hashtags": [],
            "symbols": [],
            "user_mentions": [],
            "urls": [
                {
                    "url": "https://t.co/z5RUoh0jmu",
                    "expanded_url": "https://twitter.com/i/web/status/1237302173815287809",
                    "display_url": "twitter.com/i/web/status/1\u2026",
                    "indices": [
                        117,
                        140
                    ]
                }
            ]
        },
        "metadata": {
            "iso_language_code": "en",
            "result_type": "recent"
        },
        "source": "<a href=\"https://studio.twitter.com\" rel=\"nofollow\">Twitter Media Studio</a>",
        "in_reply_to_status_id": null,
        "in_reply_to_status_id_str": null,
        "in_reply_to_user_id": null,
        "in_reply_to_user_id_str": null,
        "in_reply_to_screen_name": null,
        "user": {
            "id": 348379865,
            "id_str": "348379865",
            "name": "Dior",
            "screen_name": "Dior",
            "location": "",
            "description": "",
            "url": "https://t.co/pLUyiJhYc3",
            "entities": {
                "url": {
                    "urls": [
                        {
                            "url": "https://t.co/pLUyiJhYc3",
                            "expanded_url": "http://www.dior.com",
                            "display_url": "dior.com",
                            "indices": [
                                0,
                                23
                            ]
                        }
                    ]
                },
                "description": {
                    "urls": []
                }
            },
            "protected": false,
            "followers_count": 8118096,
            "friends_count": 144,
            "listed_count": 9714,
            "created_at": "Thu Aug 04 10:04:42 +0000 2011",
            "favourites_count": 68,
            "utc_offset": null,
            "time_zone": null,
            "geo_enabled": true,
            "verified": true,
            "statuses_count": 3965,
            "lang": null,
            "contributors_enabled": false,
            "is_translator": false,
            "is_translation_enabled": false,
            "profile_background_color": "000000",
            "profile_background_image_url": "http://abs.twimg.com/images/themes/theme1/bg.png",
            "profile_background_image_url_https": "https://abs.twimg.com/images/themes/theme1/bg.png",
            "profile_background_tile": false,
            "profile_image_url": "http://pbs.twimg.com/profile_images/1051789365205196800/Sr3MjjXc_normal.jpg",
            "profile_image_url_https": "https://pbs.twimg.com/profile_images/1051789365205196800/Sr3MjjXc_normal.jpg",
            "profile_banner_url": "https://pbs.twimg.com/profile_banners/348379865/1583246709",
            "profile_link_color": "009999",
            "profile_sidebar_border_color": "000000",
            "profile_sidebar_fill_color": "303030",
            "profile_text_color": "FFFFFF",
            "profile_use_background_image": false,
            "has_extended_profile": false,
            "default_profile": false,
            "default_profile_image": false,
            "following": null,
            "follow_request_sent": null,
            "notifications": null,
            "translator_type": "none"
        },
        "geo": null,
        "coordinates": null,
        "place": null,
        "contributors": null,
        "is_quote_status": false,
        "retweet_count": 67,
        "favorite_count": 433,
        "favorited": false,
        "retweeted": false,
        "possibly_sensitive": false,
        "lang": "en"
    },
    "is_quote_status": false,
    "retweet_count": 67,
    "favorite_count": 0,
    "favorited": false,
    "retweeted": false,
    "lang": "en"
}