{
    "created_at": "Tue Mar 10 06:36:36 +0000 2020",
    "id": 1237266086501986304,
    "id_str": "1237266086501986304",
    "text": "3\ufe0f\u20e3\ud83d\udc4d[#SocialMedia] Zoom sur la strat\u00e9gie #SocialMedia de @dior  \nhttps://t.co/YjydFj4cZv @BlogModerateur\n\n\ud83d\udcac\"Notre o\u2026 https://t.co/VJ5KyAeUH1",
    "truncated": true,
    "entities": {
        "hashtags": [
            {
                "text": "SocialMedia",
                "indices": [
                    5,
                    17
                ]
            },
            {
                "text": "SocialMedia",
                "indices": [
                    41,
                    53
                ]
            }
        ],
        "symbols": [],
        "user_mentions": [
            {
                "screen_name": "Dior",
                "name": "Dior",
                "id": 348379865,
                "id_str": "348379865",
                "indices": [
                    57,
                    62
                ]
            },
            {
                "screen_name": "BlogModerateur",
                "name": "BDM",
                "id": 493241646,
                "id_str": "493241646",
                "indices": [
                    89,
                    104
                ]
            }
        ],
        "urls": [
            {
                "url": "https://t.co/YjydFj4cZv",
                "expanded_url": "https://buff.ly/2Ivnv0q",
                "display_url": "buff.ly/2Ivnv0q",
                "indices": [
                    65,
                    88
                ]
            },
            {
                "url": "https://t.co/VJ5KyAeUH1",
                "expanded_url": "https://twitter.com/i/web/status/1237266086501986304",
                "display_url": "twitter.com/i/web/status/1\u2026",
                "indices": [
                    117,
                    140
                ]
            }
        ]
    },
    "metadata": {
        "iso_language_code": "fr",
        "result_type": "recent"
    },
    "source": "<a href=\"https://buffer.com\" rel=\"nofollow\">Buffer</a>",
    "in_reply_to_status_id": null,
    "in_reply_to_status_id_str": null,
    "in_reply_to_user_id": null,
    "in_reply_to_user_id_str": null,
    "in_reply_to_screen_name": null,
    "user": {
        "id": 115065053,
        "id_str": "115065053",
        "name": "\u26a1\ufe0fFlashTweet, LA Matinale sur la TransfoNum\u26a1\ufe0f",
        "screen_name": "FlashTweet",
        "location": "\ud83d\udcf7Instagram _@FlashTweet_",
        "description": "\u23f0RDV 7:30 pour LA #Matinale de #Twitter sur la #TransfoNum by @EmmanuelleL9 #Tech #IA #SocialMedia #startup #innovation \u00a9#FFWomenInTech #FlashTweetEdu #i4emploi",
        "url": "https://t.co/0pL5372tjE",
        "entities": {
            "url": {
                "urls": [
                    {
                        "url": "https://t.co/0pL5372tjE",
                        "expanded_url": "http://www.flashtweet.fr",
                        "display_url": "flashtweet.fr",
                        "indices": [
                            0,
                            23
                        ]
                    }
                ]
            },
            "description": {
                "urls": []
            }
        },
        "protected": false,
        "followers_count": 56261,
        "friends_count": 4525,
        "listed_count": 4904,
        "created_at": "Wed Feb 17 14:09:44 +0000 2010",
        "favourites_count": 83901,
        "utc_offset": null,
        "time_zone": null,
        "geo_enabled": true,
        "verified": false,
        "statuses_count": 96728,
        "lang": null,
        "contributors_enabled": false,
        "is_translator": false,
        "is_translation_enabled": false,
        "profile_background_color": "000000",
        "profile_background_image_url": "http://abs.twimg.com/images/themes/theme15/bg.png",
        "profile_background_image_url_https": "https://abs.twimg.com/images/themes/theme15/bg.png",
        "profile_background_tile": false,
        "profile_image_url": "http://pbs.twimg.com/profile_images/1185475791167115264/XSonnRTq_normal.jpg",
        "profile_image_url_https": "https://pbs.twimg.com/profile_images/1185475791167115264/XSonnRTq_normal.jpg",
        "profile_banner_url": "https://pbs.twimg.com/profile_banners/115065053/1583396557",
        "profile_link_color": "FA743E",
        "profile_sidebar_border_color": "000000",
        "profile_sidebar_fill_color": "000000",
        "profile_text_color": "000000",
        "profile_use_background_image": false,
        "has_extended_profile": false,
        "default_profile": false,
        "default_profile_image": false,
        "following": null,
        "follow_request_sent": null,
        "notifications": null,
        "translator_type": "none"
    },
    "geo": null,
    "coordinates": null,
    "place": null,
    "contributors": null,
    "is_quote_status": false,
    "retweet_count": 7,
    "favorite_count": 7,
    "favorited": false,
    "retweeted": false,
    "possibly_sensitive": false,
    "lang": "fr"
}