{
    "created_at": "Tue Mar 10 11:03:37 +0000 2020",
    "id": 1237333280074186764,
    "id_str": "1237333280074186764",
    "text": "From Meghan\u2019s dazzling aquamarine cocktail ring to @Dior Joaillerie's stunning mutli-stone option, see\u2026 https://t.co/p1ZnIDZlGD",
    "truncated": true,
    "entities": {
        "hashtags": [],
        "symbols": [],
        "user_mentions": [
            {
                "screen_name": "Dior",
                "name": "Dior",
                "id": 348379865,
                "id_str": "348379865",
                "indices": [
                    51,
                    56
                ]
            }
        ],
        "urls": [
            {
                "url": "https://t.co/p1ZnIDZlGD",
                "expanded_url": "https://twitter.com/i/web/status/1237333280074186764",
                "display_url": "twitter.com/i/web/status/1\u2026",
                "indices": [
                    104,
                    127
                ]
            }
        ]
    },
    "metadata": {
        "iso_language_code": "en",
        "result_type": "recent"
    },
    "source": "<a href=\"https://www.echobox.com\" rel=\"nofollow\">Echobox Social</a>",
    "in_reply_to_status_id": null,
    "in_reply_to_status_id_str": null,
    "in_reply_to_user_id": null,
    "in_reply_to_user_id_str": null,
    "in_reply_to_screen_name": null,
    "user": {
        "id": 27844479,
        "id_str": "27844479",
        "name": "British Vogue",
        "screen_name": "BritishVogue",
        "location": "London",
        "description": "The official https://t.co/00ft3TZEXg Twitter page. Download the latest issue, or subscribe, here: https://t.co/pbvS7S9IMP",
        "url": "https://t.co/OtiMFiwraN",
        "entities": {
            "url": {
                "urls": [
                    {
                        "url": "https://t.co/OtiMFiwraN",
                        "expanded_url": "http://www.vogue.co.uk/",
                        "display_url": "vogue.co.uk",
                        "indices": [
                            0,
                            23
                        ]
                    }
                ]
            },
            "description": {
                "urls": [
                    {
                        "url": "https://t.co/00ft3TZEXg",
                        "expanded_url": "http://VOGUE.CO.UK",
                        "display_url": "VOGUE.CO.UK",
                        "indices": [
                            13,
                            36
                        ]
                    },
                    {
                        "url": "https://t.co/pbvS7S9IMP",
                        "expanded_url": "http://vogue.uk/download1",
                        "display_url": "vogue.uk/download1",
                        "indices": [
                            98,
                            121
                        ]
                    }
                ]
            }
        },
        "protected": false,
        "followers_count": 3620382,
        "friends_count": 984,
        "listed_count": 13152,
        "created_at": "Tue Mar 31 09:59:43 +0000 2009",
        "favourites_count": 1012,
        "utc_offset": null,
        "time_zone": null,
        "geo_enabled": true,
        "verified": true,
        "statuses_count": 339828,
        "lang": null,
        "contributors_enabled": false,
        "is_translator": false,
        "is_translation_enabled": true,
        "profile_background_color": "948C8D",
        "profile_background_image_url": "http://abs.twimg.com/images/themes/theme1/bg.png",
        "profile_background_image_url_https": "https://abs.twimg.com/images/themes/theme1/bg.png",
        "profile_background_tile": true,
        "profile_image_url": "http://pbs.twimg.com/profile_images/892295415500025856/y9E8PvLe_normal.jpg",
        "profile_image_url_https": "https://pbs.twimg.com/profile_images/892295415500025856/y9E8PvLe_normal.jpg",
        "profile_banner_url": "https://pbs.twimg.com/profile_banners/27844479/1583476606",
        "profile_link_color": "0099CC",
        "profile_sidebar_border_color": "FFFFFF",
        "profile_sidebar_fill_color": "DDEEF6",
        "profile_text_color": "333333",
        "profile_use_background_image": true,
        "has_extended_profile": false,
        "default_profile": false,
        "default_profile_image": false,
        "following": null,
        "follow_request_sent": null,
        "notifications": null,
        "translator_type": "none"
    },
    "geo": null,
    "coordinates": null,
    "place": null,
    "contributors": null,
    "is_quote_status": false,
    "retweet_count": 2,
    "favorite_count": 20,
    "favorited": false,
    "retweeted": false,
    "possibly_sensitive": false,
    "lang": "en"
}