{
    "created_at": "Tue Mar 10 15:44:27 +0000 2020",
    "id": 1237403956109660162,
    "id_str": "1237403956109660162",
    "text": "RT @Dior: 3\u670822\u65e5(\u65e5)\u307e\u3067\u3001\u5927\u962a\u00a0\u962a\u6025\u3046\u3081\u3060\u672c\u5e97\u306b\u3066\u300c\u30c7\u30a3\u30aa\u30fc\u30eb\u3001\u30d1\u30ea\u304b\u3089\u65e5\u672c\u3078\u300d(https://t.co/yrf1mEIsHd)\u5c55\u3092\u958b\u50ac\u3002\u30aa\u30fc\u30c8\u30af\u30c1\u30e5\u30fc\u30eb\u306e\u30c9\u30ec\u30b9\u304b\u3089\u3001\u30a2\u30fc\u30c6\u30a3\u30b9\u30c8\u306e\u518d\u89e3\u91c8\u306b\u3088\u308b\u300c\u30ec\u30c7\u30a3 \u30c7\u30a3\u30aa\u30fc\u30eb\u300d\u30d0\u30c3\u30b0\u307e\u3067\u3001\u30b5\u30f4\u30a9\u30ef\u30fc\u30eb\u30d5\u30a7\u30fc\u30eb\u3092\u901a\u3057\u3066\u4f1d\u3048\u2026",
    "truncated": false,
    "entities": {
        "hashtags": [],
        "symbols": [],
        "user_mentions": [
            {
                "screen_name": "Dior",
                "name": "Dior",
                "id": 348379865,
                "id_str": "348379865",
                "indices": [
                    3,
                    8
                ]
            }
        ],
        "urls": [
            {
                "url": "https://t.co/yrf1mEIsHd",
                "expanded_url": "http://on.dior.com/exhibition-jp20",
                "display_url": "on.dior.com/exhibition-jp20",
                "indices": [
                    49,
                    72
                ]
            }
        ]
    },
    "metadata": {
        "iso_language_code": "ja",
        "result_type": "recent"
    },
    "source": "<a href=\"http://twitter.com/download/iphone\" rel=\"nofollow\">Twitter for iPhone</a>",
    "in_reply_to_status_id": null,
    "in_reply_to_status_id_str": null,
    "in_reply_to_user_id": null,
    "in_reply_to_user_id_str": null,
    "in_reply_to_screen_name": null,
    "user": {
        "id": 1008316826,
        "id_str": "1008316826",
        "name": "\u3057\u3043\u3061\u3083\u3093",
        "screen_name": "zoomin_caravan",
        "location": "\u5927\u962a",
        "description": "30\u2191\u5927\u962a \u30d2\u30d7\u30de\u30a4\u3068\u4ed5\u4e8b\u306e\u545f\u304d\u304c\u4e3b\u3002\u4e8c\u90ce\u3078\u306e\u606f\u5b50\u611b\u66b4\u8d70\u4e2d\u3002\u5c71\u7530\u306b\u3054\u98ef\u98df\u3079\u3055\u305b\u305f\u3044\u30e2\u30f3\u30da\u3002\u5927\u4f53\u8150\u3063\u3066\u308b\u3002\u5730\u96f7\u306a\u3057\u4f55\u3067\u3082\u7f8e\u5473\u3057\u304f\u9802\u304d\u307e\u3059\u3002\u3051\u3069\u672a\u3060\u306b\u30c4\u30a4\u30c3\u30bf\u30fc\u3092\u4f7f\u3044\u3053\u306a\u305b\u306a\u3044\uff01\u5fa1\u7121\u793c\u3042\u3063\u305f\u3089\u3059\u3044\u307e\u305b\u3093\uff01 \u6642\u3005\u5c0f\u8aac\u66f8\u3044\u3066\u307e\u3059\u3002\u2192 https://t.co/mb32nxcz09",
        "url": null,
        "entities": {
            "description": {
                "urls": [
                    {
                        "url": "https://t.co/mb32nxcz09",
                        "expanded_url": "https://www.pixiv.net/member.php?id=6388297",
                        "display_url": "pixiv.net/member.php?id=\u2026",
                        "indices": [
                            113,
                            136
                        ]
                    }
                ]
            }
        },
        "protected": false,
        "followers_count": 95,
        "friends_count": 574,
        "listed_count": 1,
        "created_at": "Thu Dec 13 08:30:48 +0000 2012",
        "favourites_count": 8616,
        "utc_offset": null,
        "time_zone": null,
        "geo_enabled": true,
        "verified": false,
        "statuses_count": 8479,
        "lang": null,
        "contributors_enabled": false,
        "is_translator": false,
        "is_translation_enabled": false,
        "profile_background_color": "C0DEED",
        "profile_background_image_url": "http://abs.twimg.com/images/themes/theme1/bg.png",
        "profile_background_image_url_https": "https://abs.twimg.com/images/themes/theme1/bg.png",
        "profile_background_tile": false,
        "profile_image_url": "http://pbs.twimg.com/profile_images/1113022875965939718/2ON3LufQ_normal.jpg",
        "profile_image_url_https": "https://pbs.twimg.com/profile_images/1113022875965939718/2ON3LufQ_normal.jpg",
        "profile_banner_url": "https://pbs.twimg.com/profile_banners/1008316826/1583415878",
        "profile_link_color": "1DA1F2",
        "profile_sidebar_border_color": "C0DEED",
        "profile_sidebar_fill_color": "DDEEF6",
        "profile_text_color": "333333",
        "profile_use_background_image": true,
        "has_extended_profile": true,
        "default_profile": true,
        "default_profile_image": false,
        "following": null,
        "follow_request_sent": null,
        "notifications": null,
        "translator_type": "none"
    },
    "geo": null,
    "coordinates": null,
    "place": null,
    "contributors": null,
    "retweeted_status": {
        "created_at": "Thu Mar 05 06:57:15 +0000 2020",
        "id": 1235459340019961857,
        "id_str": "1235459340019961857",
        "text": "3\u670822\u65e5(\u65e5)\u307e\u3067\u3001\u5927\u962a\u00a0\u962a\u6025\u3046\u3081\u3060\u672c\u5e97\u306b\u3066\u300c\u30c7\u30a3\u30aa\u30fc\u30eb\u3001\u30d1\u30ea\u304b\u3089\u65e5\u672c\u3078\u300d(https://t.co/yrf1mEIsHd)\u5c55\u3092\u958b\u50ac\u3002\u30aa\u30fc\u30c8\u30af\u30c1\u30e5\u30fc\u30eb\u306e\u30c9\u30ec\u30b9\u304b\u3089\u3001\u30a2\u30fc\u30c6\u30a3\u30b9\u30c8\u306e\u518d\u89e3\u91c8\u306b\u3088\u308b\u300c\u30ec\u30c7\u30a3 \u30c7\u30a3\u30aa\u30fc\u30eb\u300d\u30d0\u30c3\u30b0\u307e\u3067\u3001\u30b5\u30f4\u2026 https://t.co/UOqewXG3q7",
        "truncated": true,
        "entities": {
            "hashtags": [],
            "symbols": [],
            "user_mentions": [],
            "urls": [
                {
                    "url": "https://t.co/yrf1mEIsHd",
                    "expanded_url": "http://on.dior.com/exhibition-jp20",
                    "display_url": "on.dior.com/exhibition-jp20",
                    "indices": [
                        39,
                        62
                    ]
                },
                {
                    "url": "https://t.co/UOqewXG3q7",
                    "expanded_url": "https://twitter.com/i/web/status/1235459340019961857",
                    "display_url": "twitter.com/i/web/status/1\u2026",
                    "indices": [
                        117,
                        140
                    ]
                }
            ]
        },
        "metadata": {
            "iso_language_code": "ja",
            "result_type": "recent"
        },
        "source": "<a href=\"https://ads-api.twitter.com\" rel=\"nofollow\">Twitter for Advertisers</a>",
        "in_reply_to_status_id": null,
        "in_reply_to_status_id_str": null,
        "in_reply_to_user_id": null,
        "in_reply_to_user_id_str": null,
        "in_reply_to_screen_name": null,
        "user": {
            "id": 348379865,
            "id_str": "348379865",
            "name": "Dior",
            "screen_name": "Dior",
            "location": "",
            "description": "",
            "url": "https://t.co/pLUyiJhYc3",
            "entities": {
                "url": {
                    "urls": [
                        {
                            "url": "https://t.co/pLUyiJhYc3",
                            "expanded_url": "http://www.dior.com",
                            "display_url": "dior.com",
                            "indices": [
                                0,
                                23
                            ]
                        }
                    ]
                },
                "description": {
                    "urls": []
                }
            },
            "protected": false,
            "followers_count": 8118096,
            "friends_count": 144,
            "listed_count": 9714,
            "created_at": "Thu Aug 04 10:04:42 +0000 2011",
            "favourites_count": 68,
            "utc_offset": null,
            "time_zone": null,
            "geo_enabled": true,
            "verified": true,
            "statuses_count": 3965,
            "lang": null,
            "contributors_enabled": false,
            "is_translator": false,
            "is_translation_enabled": false,
            "profile_background_color": "000000",
            "profile_background_image_url": "http://abs.twimg.com/images/themes/theme1/bg.png",
            "profile_background_image_url_https": "https://abs.twimg.com/images/themes/theme1/bg.png",
            "profile_background_tile": false,
            "profile_image_url": "http://pbs.twimg.com/profile_images/1051789365205196800/Sr3MjjXc_normal.jpg",
            "profile_image_url_https": "https://pbs.twimg.com/profile_images/1051789365205196800/Sr3MjjXc_normal.jpg",
            "profile_banner_url": "https://pbs.twimg.com/profile_banners/348379865/1583246709",
            "profile_link_color": "009999",
            "profile_sidebar_border_color": "000000",
            "profile_sidebar_fill_color": "303030",
            "profile_text_color": "FFFFFF",
            "profile_use_background_image": false,
            "has_extended_profile": false,
            "default_profile": false,
            "default_profile_image": false,
            "following": null,
            "follow_request_sent": null,
            "notifications": null,
            "translator_type": "none"
        },
        "geo": null,
        "coordinates": null,
        "place": null,
        "contributors": null,
        "is_quote_status": false,
        "retweet_count": 157,
        "favorite_count": 697,
        "favorited": false,
        "retweeted": false,
        "possibly_sensitive": false,
        "scopes": {
            "followers": false
        },
        "lang": "ja"
    },
    "is_quote_status": false,
    "retweet_count": 157,
    "favorite_count": 0,
    "favorited": false,
    "retweeted": false,
    "possibly_sensitive": false,
    "lang": "ja"
}