{
    "created_at": "Tue Mar 10 05:58:31 +0000 2020",
    "id": 1237256499006541825,
    "id_str": "1237256499006541825",
    "text": "RT @jichu_charts: Jisoo \u00d7 @Dior \u00d7 @VogueKorea focused articles\n\ud83d\udccehttps://t.co/cBVov08Wph\n\ud83d\udccehttps://t.co/vgdHX9HP2X\n\ud83d\udccehttps://t.co/3bcrEbLrWG?\u2026",
    "truncated": false,
    "entities": {
        "hashtags": [],
        "symbols": [],
        "user_mentions": [
            {
                "screen_name": "jichu_charts",
                "name": "\ud835\ude11\ud835\ude10\ud835\ude1a\ud835\ude16\ud835\ude16 \ud835\ude0a\ud835\ude0f\ud835\ude08\ud835\ude19\ud835\ude1b\ud835\ude1a",
                "id": 1147343242800668672,
                "id_str": "1147343242800668672",
                "indices": [
                    3,
                    16
                ]
            },
            {
                "screen_name": "Dior",
                "name": "Dior",
                "id": 348379865,
                "id_str": "348379865",
                "indices": [
                    26,
                    31
                ]
            },
            {
                "screen_name": "VogueKorea",
                "name": "VOGUE KOREA",
                "id": 159102271,
                "id_str": "159102271",
                "indices": [
                    34,
                    45
                ]
            }
        ],
        "urls": [
            {
                "url": "https://t.co/cBVov08Wph",
                "expanded_url": "http://naver.me/xz3XBpT2",
                "display_url": "naver.me/xz3XBpT2",
                "indices": [
                    64,
                    87
                ]
            },
            {
                "url": "https://t.co/vgdHX9HP2X",
                "expanded_url": "https://entertain.v.daum.net/v/20200310101927736",
                "display_url": "entertain.v.daum.net/v/202003101019\u2026",
                "indices": [
                    89,
                    112
                ]
            },
            {
                "url": "https://t.co/3bcrEbLrWG",
                "expanded_url": "https://m.news.nate.com/view/20200310n12663",
                "display_url": "m.news.nate.com/view/20200310n\u2026",
                "indices": [
                    114,
                    137
                ]
            }
        ]
    },
    "metadata": {
        "iso_language_code": "en",
        "result_type": "recent"
    },
    "source": "<a href=\"http://twitter.com/download/android\" rel=\"nofollow\">Twitter for Android</a>",
    "in_reply_to_status_id": null,
    "in_reply_to_status_id_str": null,
    "in_reply_to_user_id": null,
    "in_reply_to_user_id_str": null,
    "in_reply_to_screen_name": null,
    "user": {
        "id": 1034268326816411648,
        "id_str": "1034268326816411648",
        "name": "Sel\ud83d\udc19",
        "screen_name": "jisooyaaahooo",
        "location": "",
        "description": "",
        "url": null,
        "entities": {
            "description": {
                "urls": []
            }
        },
        "protected": false,
        "followers_count": 0,
        "friends_count": 0,
        "listed_count": 0,
        "created_at": "Tue Aug 28 02:35:59 +0000 2018",
        "favourites_count": 13,
        "utc_offset": null,
        "time_zone": null,
        "geo_enabled": false,
        "verified": false,
        "statuses_count": 95625,
        "lang": null,
        "contributors_enabled": false,
        "is_translator": false,
        "is_translation_enabled": false,
        "profile_background_color": "000000",
        "profile_background_image_url": "http://abs.twimg.com/images/themes/theme1/bg.png",
        "profile_background_image_url_https": "https://abs.twimg.com/images/themes/theme1/bg.png",
        "profile_background_tile": false,
        "profile_image_url": "http://pbs.twimg.com/profile_images/1231269045233565696/juz3_FN6_normal.jpg",
        "profile_image_url_https": "https://pbs.twimg.com/profile_images/1231269045233565696/juz3_FN6_normal.jpg",
        "profile_banner_url": "https://pbs.twimg.com/profile_banners/1034268326816411648/1582294625",
        "profile_link_color": "981CEB",
        "profile_sidebar_border_color": "000000",
        "profile_sidebar_fill_color": "000000",
        "profile_text_color": "000000",
        "profile_use_background_image": false,
        "has_extended_profile": true,
        "default_profile": false,
        "default_profile_image": false,
        "following": null,
        "follow_request_sent": null,
        "notifications": null,
        "translator_type": "none"
    },
    "geo": null,
    "coordinates": null,
    "place": null,
    "contributors": null,
    "retweeted_status": {
        "created_at": "Tue Mar 10 02:58:07 +0000 2020",
        "id": 1237211099746861057,
        "id_str": "1237211099746861057",
        "text": "Jisoo \u00d7 @Dior \u00d7 @VogueKorea focused articles\n\ud83d\udccehttps://t.co/cBVov08Wph\n\ud83d\udccehttps://t.co/vgdHX9HP2X\n\ud83d\udcce\u2026 https://t.co/bXy5DzHsx9",
        "truncated": true,
        "entities": {
            "hashtags": [],
            "symbols": [],
            "user_mentions": [
                {
                    "screen_name": "Dior",
                    "name": "Dior",
                    "id": 348379865,
                    "id_str": "348379865",
                    "indices": [
                        8,
                        13
                    ]
                },
                {
                    "screen_name": "VogueKorea",
                    "name": "VOGUE KOREA",
                    "id": 159102271,
                    "id_str": "159102271",
                    "indices": [
                        16,
                        27
                    ]
                }
            ],
            "urls": [
                {
                    "url": "https://t.co/cBVov08Wph",
                    "expanded_url": "http://naver.me/xz3XBpT2",
                    "display_url": "naver.me/xz3XBpT2",
                    "indices": [
                        46,
                        69
                    ]
                },
                {
                    "url": "https://t.co/vgdHX9HP2X",
                    "expanded_url": "https://entertain.v.daum.net/v/20200310101927736",
                    "display_url": "entertain.v.daum.net/v/202003101019\u2026",
                    "indices": [
                        71,
                        94
                    ]
                },
                {
                    "url": "https://t.co/bXy5DzHsx9",
                    "expanded_url": "https://twitter.com/i/web/status/1237211099746861057",
                    "display_url": "twitter.com/i/web/status/1\u2026",
                    "indices": [
                        98,
                        121
                    ]
                }
            ]
        },
        "metadata": {
            "iso_language_code": "en",
            "result_type": "recent"
        },
        "source": "<a href=\"https://mobile.twitter.com\" rel=\"nofollow\">Twitter Web App</a>",
        "in_reply_to_status_id": null,
        "in_reply_to_status_id_str": null,
        "in_reply_to_user_id": null,
        "in_reply_to_user_id_str": null,
        "in_reply_to_screen_name": null,
        "user": {
            "id": 1147343242800668672,
            "id_str": "1147343242800668672",
            "name": "\ud835\ude11\ud835\ude10\ud835\ude1a\ud835\ude16\ud835\ude16 \ud835\ude0a\ud835\ude0f\ud835\ude08\ud835\ude19\ud835\ude1b\ud835\ude1a",
            "screen_name": "jichu_charts",
            "location": "",
            "description": "Click \ud83d\udc47",
            "url": "https://t.co/tYClCnu2fY",
            "entities": {
                "url": {
                    "urls": [
                        {
                            "url": "https://t.co/tYClCnu2fY",
                            "expanded_url": "http://bit.ly/2YKGwTq",
                            "display_url": "bit.ly/2YKGwTq",
                            "indices": [
                                0,
                                23
                            ]
                        }
                    ]
                },
                "description": {
                    "urls": []
                }
            },
            "protected": false,
            "followers_count": 9672,
            "friends_count": 20,
            "listed_count": 77,
            "created_at": "Sat Jul 06 03:15:20 +0000 2019",
            "favourites_count": 44,
            "utc_offset": null,
            "time_zone": null,
            "geo_enabled": false,
            "verified": false,
            "statuses_count": 2893,
            "lang": null,
            "contributors_enabled": false,
            "is_translator": false,
            "is_translation_enabled": false,
            "profile_background_color": "F5F8FA",
            "profile_background_image_url": null,
            "profile_background_image_url_https": null,
            "profile_background_tile": false,
            "profile_image_url": "http://pbs.twimg.com/profile_images/1233300398741446656/ZlzP7z0N_normal.jpg",
            "profile_image_url_https": "https://pbs.twimg.com/profile_images/1233300398741446656/ZlzP7z0N_normal.jpg",
            "profile_banner_url": "https://pbs.twimg.com/profile_banners/1147343242800668672/1582876710",
            "profile_link_color": "1DA1F2",
            "profile_sidebar_border_color": "C0DEED",
            "profile_sidebar_fill_color": "DDEEF6",
            "profile_text_color": "333333",
            "profile_use_background_image": true,
            "has_extended_profile": false,
            "default_profile": true,
            "default_profile_image": false,
            "following": null,
            "follow_request_sent": null,
            "notifications": null,
            "translator_type": "none"
        },
        "geo": null,
        "coordinates": null,
        "place": null,
        "contributors": null,
        "is_quote_status": false,
        "retweet_count": 44,
        "favorite_count": 122,
        "favorited": false,
        "retweeted": false,
        "possibly_sensitive": false,
        "lang": "en"
    },
    "is_quote_status": false,
    "retweet_count": 44,
    "favorite_count": 0,
    "favorited": false,
    "retweeted": false,
    "possibly_sensitive": false,
    "lang": "en"
}