{
    "created_at": "Tue Mar 10 05:41:44 +0000 2020",
    "id": 1237252278576222210,
    "id_str": "1237252278576222210",
    "text": "RT @Dior: 3\u670822\u65e5(\u65e5)\u307e\u3067\u3001\u5927\u962a\u00a0\u962a\u6025\u3046\u3081\u3060\u672c\u5e97\u306b\u3066\u300c\u30c7\u30a3\u30aa\u30fc\u30eb\u3001\u30d1\u30ea\u304b\u3089\u65e5\u672c\u3078\u300d(https://t.co/yrf1mEIsHd)\u5c55\u3092\u958b\u50ac\u3002\u30aa\u30fc\u30c8\u30af\u30c1\u30e5\u30fc\u30eb\u306e\u30c9\u30ec\u30b9\u304b\u3089\u3001\u30a2\u30fc\u30c6\u30a3\u30b9\u30c8\u306e\u518d\u89e3\u91c8\u306b\u3088\u308b\u300c\u30ec\u30c7\u30a3 \u30c7\u30a3\u30aa\u30fc\u30eb\u300d\u30d0\u30c3\u30b0\u307e\u3067\u3001\u30b5\u30f4\u30a9\u30ef\u30fc\u30eb\u30d5\u30a7\u30fc\u30eb\u3092\u901a\u3057\u3066\u4f1d\u3048\u2026",
    "truncated": false,
    "entities": {
        "hashtags": [],
        "symbols": [],
        "user_mentions": [
            {
                "screen_name": "Dior",
                "name": "Dior",
                "id": 348379865,
                "id_str": "348379865",
                "indices": [
                    3,
                    8
                ]
            }
        ],
        "urls": [
            {
                "url": "https://t.co/yrf1mEIsHd",
                "expanded_url": "http://on.dior.com/exhibition-jp20",
                "display_url": "on.dior.com/exhibition-jp20",
                "indices": [
                    49,
                    72
                ]
            }
        ]
    },
    "metadata": {
        "iso_language_code": "ja",
        "result_type": "recent"
    },
    "source": "<a href=\"http://twitter.com/download/iphone\" rel=\"nofollow\">Twitter for iPhone</a>",
    "in_reply_to_status_id": null,
    "in_reply_to_status_id_str": null,
    "in_reply_to_user_id": null,
    "in_reply_to_user_id_str": null,
    "in_reply_to_screen_name": null,
    "user": {
        "id": 2508794275,
        "id_str": "2508794275",
        "name": "\u548c\u97f3",
        "screen_name": "kazzmass0704",
        "location": "",
        "description": "NEWS \u30c6\u30b4\u30de\u30b9\u304c\u5927\u597d\u304d\u266c \u5f7c\u3089\u306e\u66f2\u306e\u4e16\u754c\u89b3\u304c\u3059\u304d\u2764\ufe0f\uff8f\uff6f\uff7d\uff70\u306e\u3042\u306e\u9854\u306b\u3042\u306e\u8eab\u4f53\ud83e\udd23\ud83d\ude1b\u306e\uff77\uff9e\uff6c\uff6f\uff8c\uff9f\uff64\u6b4c\u58f0\uff64\u30c0\u30f3\u30b9\u306b\u5815\u3061\u3066\u65e97\u5e74\u76ee\ud83d\udc9b\u7d50\u69cb\u5927\u4ebaw #\uff8a\uff8b\uff9f\uff7a\uff9d #White #\uff8c\uff9a\uff9d\uff84\uff9e#\u9752\u6625 #quartetto #\uff88\uff8a\uff9e\uff97\uff9d #OnlyYou #\u5473\u30b9\u30bf #EPCOTIA-encore #worldista",
        "url": null,
        "entities": {
            "description": {
                "urls": []
            }
        },
        "protected": false,
        "followers_count": 160,
        "friends_count": 170,
        "listed_count": 2,
        "created_at": "Mon May 19 23:55:31 +0000 2014",
        "favourites_count": 38677,
        "utc_offset": null,
        "time_zone": null,
        "geo_enabled": true,
        "verified": false,
        "statuses_count": 21031,
        "lang": null,
        "contributors_enabled": false,
        "is_translator": false,
        "is_translation_enabled": false,
        "profile_background_color": "C0DEED",
        "profile_background_image_url": "http://abs.twimg.com/images/themes/theme1/bg.png",
        "profile_background_image_url_https": "https://abs.twimg.com/images/themes/theme1/bg.png",
        "profile_background_tile": false,
        "profile_image_url": "http://pbs.twimg.com/profile_images/1199582240541274112/PVcntC7g_normal.jpg",
        "profile_image_url_https": "https://pbs.twimg.com/profile_images/1199582240541274112/PVcntC7g_normal.jpg",
        "profile_banner_url": "https://pbs.twimg.com/profile_banners/2508794275/1581055592",
        "profile_link_color": "1DA1F2",
        "profile_sidebar_border_color": "C0DEED",
        "profile_sidebar_fill_color": "DDEEF6",
        "profile_text_color": "333333",
        "profile_use_background_image": true,
        "has_extended_profile": true,
        "default_profile": true,
        "default_profile_image": false,
        "following": null,
        "follow_request_sent": null,
        "notifications": null,
        "translator_type": "none"
    },
    "geo": null,
    "coordinates": null,
    "place": null,
    "contributors": null,
    "retweeted_status": {
        "created_at": "Thu Mar 05 06:57:15 +0000 2020",
        "id": 1235459340019961857,
        "id_str": "1235459340019961857",
        "text": "3\u670822\u65e5(\u65e5)\u307e\u3067\u3001\u5927\u962a\u00a0\u962a\u6025\u3046\u3081\u3060\u672c\u5e97\u306b\u3066\u300c\u30c7\u30a3\u30aa\u30fc\u30eb\u3001\u30d1\u30ea\u304b\u3089\u65e5\u672c\u3078\u300d(https://t.co/yrf1mEIsHd)\u5c55\u3092\u958b\u50ac\u3002\u30aa\u30fc\u30c8\u30af\u30c1\u30e5\u30fc\u30eb\u306e\u30c9\u30ec\u30b9\u304b\u3089\u3001\u30a2\u30fc\u30c6\u30a3\u30b9\u30c8\u306e\u518d\u89e3\u91c8\u306b\u3088\u308b\u300c\u30ec\u30c7\u30a3 \u30c7\u30a3\u30aa\u30fc\u30eb\u300d\u30d0\u30c3\u30b0\u307e\u3067\u3001\u30b5\u30f4\u2026 https://t.co/UOqewXG3q7",
        "truncated": true,
        "entities": {
            "hashtags": [],
            "symbols": [],
            "user_mentions": [],
            "urls": [
                {
                    "url": "https://t.co/yrf1mEIsHd",
                    "expanded_url": "http://on.dior.com/exhibition-jp20",
                    "display_url": "on.dior.com/exhibition-jp20",
                    "indices": [
                        39,
                        62
                    ]
                },
                {
                    "url": "https://t.co/UOqewXG3q7",
                    "expanded_url": "https://twitter.com/i/web/status/1235459340019961857",
                    "display_url": "twitter.com/i/web/status/1\u2026",
                    "indices": [
                        117,
                        140
                    ]
                }
            ]
        },
        "metadata": {
            "iso_language_code": "ja",
            "result_type": "recent"
        },
        "source": "<a href=\"https://ads-api.twitter.com\" rel=\"nofollow\">Twitter for Advertisers</a>",
        "in_reply_to_status_id": null,
        "in_reply_to_status_id_str": null,
        "in_reply_to_user_id": null,
        "in_reply_to_user_id_str": null,
        "in_reply_to_screen_name": null,
        "user": {
            "id": 348379865,
            "id_str": "348379865",
            "name": "Dior",
            "screen_name": "Dior",
            "location": "",
            "description": "",
            "url": "https://t.co/pLUyiJhYc3",
            "entities": {
                "url": {
                    "urls": [
                        {
                            "url": "https://t.co/pLUyiJhYc3",
                            "expanded_url": "http://www.dior.com",
                            "display_url": "dior.com",
                            "indices": [
                                0,
                                23
                            ]
                        }
                    ]
                },
                "description": {
                    "urls": []
                }
            },
            "protected": false,
            "followers_count": 8118096,
            "friends_count": 144,
            "listed_count": 9714,
            "created_at": "Thu Aug 04 10:04:42 +0000 2011",
            "favourites_count": 68,
            "utc_offset": null,
            "time_zone": null,
            "geo_enabled": true,
            "verified": true,
            "statuses_count": 3965,
            "lang": null,
            "contributors_enabled": false,
            "is_translator": false,
            "is_translation_enabled": false,
            "profile_background_color": "000000",
            "profile_background_image_url": "http://abs.twimg.com/images/themes/theme1/bg.png",
            "profile_background_image_url_https": "https://abs.twimg.com/images/themes/theme1/bg.png",
            "profile_background_tile": false,
            "profile_image_url": "http://pbs.twimg.com/profile_images/1051789365205196800/Sr3MjjXc_normal.jpg",
            "profile_image_url_https": "https://pbs.twimg.com/profile_images/1051789365205196800/Sr3MjjXc_normal.jpg",
            "profile_banner_url": "https://pbs.twimg.com/profile_banners/348379865/1583246709",
            "profile_link_color": "009999",
            "profile_sidebar_border_color": "000000",
            "profile_sidebar_fill_color": "303030",
            "profile_text_color": "FFFFFF",
            "profile_use_background_image": false,
            "has_extended_profile": false,
            "default_profile": false,
            "default_profile_image": false,
            "following": null,
            "follow_request_sent": null,
            "notifications": null,
            "translator_type": "none"
        },
        "geo": null,
        "coordinates": null,
        "place": null,
        "contributors": null,
        "is_quote_status": false,
        "retweet_count": 157,
        "favorite_count": 697,
        "favorited": false,
        "retweeted": false,
        "possibly_sensitive": false,
        "scopes": {
            "followers": false
        },
        "lang": "ja"
    },
    "is_quote_status": false,
    "retweet_count": 157,
    "favorite_count": 0,
    "favorited": false,
    "retweeted": false,
    "possibly_sensitive": false,
    "lang": "ja"
}