{
    "created_at": "Tue Mar 10 09:16:18 +0000 2020",
    "id": 1237306273634357251,
    "id_str": "1237306273634357251",
    "text": "RT @BlogModerateur: Nous avons interview\u00e9 Gary Pinagot, Directeur des R\u00e9seaux Sociaux et de l\u2019e-R\u00e9putation de Christian @Dior Couture, qui\u2026",
    "truncated": false,
    "entities": {
        "hashtags": [],
        "symbols": [],
        "user_mentions": [
            {
                "screen_name": "BlogModerateur",
                "name": "BDM",
                "id": 493241646,
                "id_str": "493241646",
                "indices": [
                    3,
                    18
                ]
            },
            {
                "screen_name": "Dior",
                "name": "Dior",
                "id": 348379865,
                "id_str": "348379865",
                "indices": [
                    120,
                    125
                ]
            }
        ],
        "urls": []
    },
    "metadata": {
        "iso_language_code": "fr",
        "result_type": "recent"
    },
    "source": "<a href=\"https://mobile.twitter.com\" rel=\"nofollow\">Twitter Web App</a>",
    "in_reply_to_status_id": null,
    "in_reply_to_status_id_str": null,
    "in_reply_to_user_id": null,
    "in_reply_to_user_id_str": null,
    "in_reply_to_screen_name": null,
    "user": {
        "id": 541429304,
        "id_str": "541429304",
        "name": "Hematome__",
        "screen_name": "emmadeno__",
        "location": "Bordeaux",
        "description": "Charg\u00e9e de #Communication chez @domofrance \ud83d\udc69\ud83c\udffd\u200d\ud83d\udcbb",
        "url": "https://t.co/JgxlNufCe2",
        "entities": {
            "url": {
                "urls": [
                    {
                        "url": "https://t.co/JgxlNufCe2",
                        "expanded_url": "https://www.linkedin.com/in/emma-denonain/",
                        "display_url": "linkedin.com/in/emma-denona\u2026",
                        "indices": [
                            0,
                            23
                        ]
                    }
                ]
            },
            "description": {
                "urls": []
            }
        },
        "protected": false,
        "followers_count": 1414,
        "friends_count": 434,
        "listed_count": 14,
        "created_at": "Sat Mar 31 06:57:49 +0000 2012",
        "favourites_count": 3714,
        "utc_offset": null,
        "time_zone": null,
        "geo_enabled": true,
        "verified": false,
        "statuses_count": 4192,
        "lang": null,
        "contributors_enabled": false,
        "is_translator": false,
        "is_translation_enabled": false,
        "profile_background_color": "131516",
        "profile_background_image_url": "http://abs.twimg.com/images/themes/theme9/bg.gif",
        "profile_background_image_url_https": "https://abs.twimg.com/images/themes/theme9/bg.gif",
        "profile_background_tile": true,
        "profile_image_url": "http://pbs.twimg.com/profile_images/1234524715500363776/6A-9WgUE_normal.jpg",
        "profile_image_url_https": "https://pbs.twimg.com/profile_images/1234524715500363776/6A-9WgUE_normal.jpg",
        "profile_banner_url": "https://pbs.twimg.com/profile_banners/541429304/1553850287",
        "profile_link_color": "4A1A2C",
        "profile_sidebar_border_color": "000000",
        "profile_sidebar_fill_color": "000000",
        "profile_text_color": "000000",
        "profile_use_background_image": true,
        "has_extended_profile": true,
        "default_profile": false,
        "default_profile_image": false,
        "following": null,
        "follow_request_sent": null,
        "notifications": null,
        "translator_type": "none"
    },
    "geo": null,
    "coordinates": null,
    "place": null,
    "contributors": null,
    "retweeted_status": {
        "created_at": "Mon Mar 09 13:00:06 +0000 2020",
        "id": 1237000208724176897,
        "id_str": "1237000208724176897",
        "text": "Nous avons interview\u00e9 Gary Pinagot, Directeur des R\u00e9seaux Sociaux et de l\u2019e-R\u00e9putation de Christian @Dior Couture,\u2026 https://t.co/se8XRoo4jd",
        "truncated": true,
        "entities": {
            "hashtags": [],
            "symbols": [],
            "user_mentions": [
                {
                    "screen_name": "Dior",
                    "name": "Dior",
                    "id": 348379865,
                    "id_str": "348379865",
                    "indices": [
                        100,
                        105
                    ]
                }
            ],
            "urls": [
                {
                    "url": "https://t.co/se8XRoo4jd",
                    "expanded_url": "https://twitter.com/i/web/status/1237000208724176897",
                    "display_url": "twitter.com/i/web/status/1\u2026",
                    "indices": [
                        116,
                        139
                    ]
                }
            ]
        },
        "metadata": {
            "iso_language_code": "fr",
            "result_type": "recent"
        },
        "source": "<a href=\"https://buffer.com\" rel=\"nofollow\">Buffer</a>",
        "in_reply_to_status_id": null,
        "in_reply_to_status_id_str": null,
        "in_reply_to_user_id": null,
        "in_reply_to_user_id_str": null,
        "in_reply_to_screen_name": null,
        "user": {
            "id": 493241646,
            "id_str": "493241646",
            "name": "BDM",
            "screen_name": "BlogModerateur",
            "location": "",
            "description": "Le m\u00e9dia des professionnels du digital. Toutes les offres d'emploi : https://t.co/JzHl2Ao5C2",
            "url": "http://t.co/7mzwWcfgfK",
            "entities": {
                "url": {
                    "urls": [
                        {
                            "url": "http://t.co/7mzwWcfgfK",
                            "expanded_url": "http://www.blogdumoderateur.com",
                            "display_url": "blogdumoderateur.com",
                            "indices": [
                                0,
                                22
                            ]
                        }
                    ]
                },
                "description": {
                    "urls": [
                        {
                            "url": "https://t.co/JzHl2Ao5C2",
                            "expanded_url": "https://www.bdmjob.com/",
                            "display_url": "bdmjob.com",
                            "indices": [
                                69,
                                92
                            ]
                        }
                    ]
                }
            },
            "protected": false,
            "followers_count": 84512,
            "friends_count": 195,
            "listed_count": 3763,
            "created_at": "Wed Feb 15 15:58:28 +0000 2012",
            "favourites_count": 713,
            "utc_offset": null,
            "time_zone": null,
            "geo_enabled": true,
            "verified": true,
            "statuses_count": 38871,
            "lang": null,
            "contributors_enabled": false,
            "is_translator": false,
            "is_translation_enabled": false,
            "profile_background_color": "333333",
            "profile_background_image_url": "http://abs.twimg.com/images/themes/theme1/bg.png",
            "profile_background_image_url_https": "https://abs.twimg.com/images/themes/theme1/bg.png",
            "profile_background_tile": false,
            "profile_image_url": "http://pbs.twimg.com/profile_images/1031580565110235136/_l10VUQ6_normal.jpg",
            "profile_image_url_https": "https://pbs.twimg.com/profile_images/1031580565110235136/_l10VUQ6_normal.jpg",
            "profile_banner_url": "https://pbs.twimg.com/profile_banners/493241646/1534863204",
            "profile_link_color": "33A9DC",
            "profile_sidebar_border_color": "C0DEED",
            "profile_sidebar_fill_color": "DDEEF6",
            "profile_text_color": "333333",
            "profile_use_background_image": true,
            "has_extended_profile": false,
            "default_profile": false,
            "default_profile_image": false,
            "following": null,
            "follow_request_sent": null,
            "notifications": null,
            "translator_type": "regular"
        },
        "geo": null,
        "coordinates": null,
        "place": null,
        "contributors": null,
        "is_quote_status": false,
        "retweet_count": 2,
        "favorite_count": 5,
        "favorited": false,
        "retweeted": false,
        "possibly_sensitive": false,
        "lang": "fr"
    },
    "is_quote_status": false,
    "retweet_count": 2,
    "favorite_count": 0,
    "favorited": false,
    "retweeted": false,
    "lang": "fr"
}