{
    "created_at": "Tue Mar 10 10:54:02 +0000 2020",
    "id": 1237330871176138752,
    "id_str": "1237330871176138752",
    "text": "@sehunivers @Dior",
    "truncated": false,
    "entities": {
        "hashtags": [],
        "symbols": [],
        "user_mentions": [
            {
                "screen_name": "sehunivers",
                "name": "jae",
                "id": 379597521,
                "id_str": "379597521",
                "indices": [
                    0,
                    11
                ]
            },
            {
                "screen_name": "Dior",
                "name": "Dior",
                "id": 348379865,
                "id_str": "348379865",
                "indices": [
                    12,
                    17
                ]
            }
        ],
        "urls": []
    },
    "metadata": {
        "iso_language_code": "und",
        "result_type": "recent"
    },
    "source": "<a href=\"http://twitter.com/download/iphone\" rel=\"nofollow\">Twitter for iPhone</a>",
    "in_reply_to_status_id": 1237320273910566912,
    "in_reply_to_status_id_str": "1237320273910566912",
    "in_reply_to_user_id": 379597521,
    "in_reply_to_user_id_str": "379597521",
    "in_reply_to_screen_name": "sehunivers",
    "user": {
        "id": 4811849880,
        "id_str": "4811849880",
        "name": "Yadanar",
        "screen_name": "yukinohono",
        "location": "Yangon, Myanmar",
        "description": "Be proud to be an Exol -Sehun- Being a kpopper in this world is hard \ud83d\ude43 Hit me up on instagram ( @/xxyadanarxx)",
        "url": null,
        "entities": {
            "description": {
                "urls": []
            }
        },
        "protected": false,
        "followers_count": 78,
        "friends_count": 526,
        "listed_count": 0,
        "created_at": "Mon Jan 25 11:01:43 +0000 2016",
        "favourites_count": 21841,
        "utc_offset": null,
        "time_zone": null,
        "geo_enabled": true,
        "verified": false,
        "statuses_count": 8756,
        "lang": null,
        "contributors_enabled": false,
        "is_translator": false,
        "is_translation_enabled": false,
        "profile_background_color": "F5F8FA",
        "profile_background_image_url": null,
        "profile_background_image_url_https": null,
        "profile_background_tile": false,
        "profile_image_url": "http://pbs.twimg.com/profile_images/1236961329790849025/WAVZG2RP_normal.jpg",
        "profile_image_url_https": "https://pbs.twimg.com/profile_images/1236961329790849025/WAVZG2RP_normal.jpg",
        "profile_banner_url": "https://pbs.twimg.com/profile_banners/4811849880/1516465296",
        "profile_link_color": "1DA1F2",
        "profile_sidebar_border_color": "C0DEED",
        "profile_sidebar_fill_color": "DDEEF6",
        "profile_text_color": "333333",
        "profile_use_background_image": true,
        "has_extended_profile": true,
        "default_profile": true,
        "default_profile_image": false,
        "following": null,
        "follow_request_sent": null,
        "notifications": null,
        "translator_type": "none"
    },
    "geo": null,
    "coordinates": null,
    "place": null,
    "contributors": null,
    "is_quote_status": false,
    "retweet_count": 0,
    "favorite_count": 2,
    "favorited": false,
    "retweeted": false,
    "lang": "und"
}