{
    "created_at": "Tue Mar 10 13:14:07 +0000 2020",
    "id": 1237366123101712384,
    "id_str": "1237366123101712384",
    "text": "RT @nostalgia520: \u0e44\u0e14\u0e49\u0e1b\u0e30? \u0e19\u0e35\u0e48\u0e27\u0e48\u0e32\u0e44\u0e14\u0e49\u0e19\u0e30 sehun x dior \u0e15\u0e49\u0e2d\u0e07\u0e21\u0e32\u0e41\u0e25\u0e49\u0e27\u0e21\u0e31\u0e49\u0e22 \u0e41\u0e19\u0e48\u0e19\u0e1a\u0e36\u0e01\u0e1a\u0e31\u0e01 \u0e2b\u0e38\u0e48\u0e19\u0e44\u0e14\u0e49 \u0e01\u0e25\u0e49\u0e32\u0e21\u0e2d\u0e01\u0e41\u0e19\u0e48\u0e19\u0e2a\u0e48\u0e07\u0e0a\u0e38\u0e14\u0e43\u0e2b\u0e49\u0e14\u0e39\u0e14\u0e35\u0e02\u0e36\u0e49\u0e19\u0e44\u0e14\u0e49 \u0e44\u0e2b\u0e25\u0e48\u0e01\u0e27\u0e49\u0e32\u0e07\u0e21\u0e35\u0e2a\u0e32\u0e22\u0e23\u0e31\u0e14\u0e1a\u0e48\u0e32\u0e44\u0e14\u0e49\u2026",
    "truncated": false,
    "entities": {
        "hashtags": [],
        "symbols": [],
        "user_mentions": [
            {
                "screen_name": "nostalgia520",
                "name": "nos.fiction \ud83c\udf45",
                "id": 4003483693,
                "id_str": "4003483693",
                "indices": [
                    3,
                    16
                ]
            }
        ],
        "urls": []
    },
    "metadata": {
        "iso_language_code": "th",
        "result_type": "recent"
    },
    "source": "<a href=\"http://twitter.com/download/iphone\" rel=\"nofollow\">Twitter for iPhone</a>",
    "in_reply_to_status_id": null,
    "in_reply_to_status_id_str": null,
    "in_reply_to_user_id": null,
    "in_reply_to_user_id_str": null,
    "in_reply_to_screen_name": null,
    "user": {
        "id": 376167771,
        "id_str": "376167771",
        "name": "\u043a\u0430dio \u0295\u00b7\u1d25\u00b7\u0294\ud83c\udf31\u2600\ufe0f",
        "screen_name": "alalerttt",
        "location": "",
        "description": "\ud56d\uc0c1 \uc885\uc778\uc774\ud3b8 \ud83d\udc9b \ud835\udc33\ud835\udc24\ud835\udc1d\ud835\udc25 l \ud835\udc6f\ud835\udc86\ud835\udc93\ud835\udc86 \ud835\udc70 \ud835\udc94\ud835\udc95\ud835\udc82\ud835\udc8f\ud835\udc85 \ud835\udc98\ud835\udc8a\ud835\udc95\ud835\udc89 \ud835\udc72\ud835\udc68\ud835\udc70 #\uc0ac\ub791\uc774\ubb34\uc5c7\uc774\ub0d0\ubb3b\ub294\ub2e4\uba74_\uc624\uc9c1_\uce74\uc774 \ud83d\udc3b \ub0b4\uac00 \uc788\uc796\uc544 -20200211 \uae40\uc885\uc778- 10023754",
        "url": "https://t.co/vX0dY2XMKF",
        "entities": {
            "url": {
                "urls": [
                    {
                        "url": "https://t.co/vX0dY2XMKF",
                        "expanded_url": "http://kim.jong.in",
                        "display_url": "kim.jong.in",
                        "indices": [
                            0,
                            23
                        ]
                    }
                ]
            },
            "description": {
                "urls": []
            }
        },
        "protected": false,
        "followers_count": 263,
        "friends_count": 569,
        "listed_count": 21,
        "created_at": "Mon Sep 19 12:33:01 +0000 2011",
        "favourites_count": 33108,
        "utc_offset": null,
        "time_zone": null,
        "geo_enabled": true,
        "verified": false,
        "statuses_count": 567466,
        "lang": null,
        "contributors_enabled": false,
        "is_translator": false,
        "is_translation_enabled": false,
        "profile_background_color": "91D2FA",
        "profile_background_image_url": "http://abs.twimg.com/images/themes/theme1/bg.png",
        "profile_background_image_url_https": "https://abs.twimg.com/images/themes/theme1/bg.png",
        "profile_background_tile": false,
        "profile_image_url": "http://pbs.twimg.com/profile_images/1236305209556471808/1ZMJ6nDo_normal.jpg",
        "profile_image_url_https": "https://pbs.twimg.com/profile_images/1236305209556471808/1ZMJ6nDo_normal.jpg",
        "profile_banner_url": "https://pbs.twimg.com/profile_banners/376167771/1542445320",
        "profile_link_color": "F54B3F",
        "profile_sidebar_border_color": "000000",
        "profile_sidebar_fill_color": "000000",
        "profile_text_color": "000000",
        "profile_use_background_image": true,
        "has_extended_profile": true,
        "default_profile": false,
        "default_profile_image": false,
        "following": null,
        "follow_request_sent": null,
        "notifications": null,
        "translator_type": "none"
    },
    "geo": null,
    "coordinates": null,
    "place": null,
    "contributors": null,
    "retweeted_status": {
        "created_at": "Mon Mar 09 14:56:50 +0000 2020",
        "id": 1237029586468098048,
        "id_str": "1237029586468098048",
        "text": "\u0e44\u0e14\u0e49\u0e1b\u0e30? \u0e19\u0e35\u0e48\u0e27\u0e48\u0e32\u0e44\u0e14\u0e49\u0e19\u0e30 sehun x dior \u0e15\u0e49\u0e2d\u0e07\u0e21\u0e32\u0e41\u0e25\u0e49\u0e27\u0e21\u0e31\u0e49\u0e22 \u0e41\u0e19\u0e48\u0e19\u0e1a\u0e36\u0e01\u0e1a\u0e31\u0e01 \u0e2b\u0e38\u0e48\u0e19\u0e44\u0e14\u0e49 \u0e01\u0e25\u0e49\u0e32\u0e21\u0e2d\u0e01\u0e41\u0e19\u0e48\u0e19\u0e2a\u0e48\u0e07\u0e0a\u0e38\u0e14\u0e43\u0e2b\u0e49\u0e14\u0e39\u0e14\u0e35\u0e02\u0e36\u0e49\u0e19\u0e44\u0e14\u0e49 \u0e44\u0e2b\u0e25\u0e48\u0e01\u0e27\u0e49\u0e32\u0e07\u0e21\u0e35\u0e2a\u0e32\u0e22\u0e23\u0e31\u0e14\u2026 https://t.co/5n4q29YZHZ",
        "truncated": true,
        "entities": {
            "hashtags": [],
            "symbols": [],
            "user_mentions": [],
            "urls": [
                {
                    "url": "https://t.co/5n4q29YZHZ",
                    "expanded_url": "https://twitter.com/i/web/status/1237029586468098048",
                    "display_url": "twitter.com/i/web/status/1\u2026",
                    "indices": [
                        117,
                        140
                    ]
                }
            ]
        },
        "metadata": {
            "iso_language_code": "th",
            "result_type": "recent"
        },
        "source": "<a href=\"http://twitter.com/download/iphone\" rel=\"nofollow\">Twitter for iPhone</a>",
        "in_reply_to_status_id": null,
        "in_reply_to_status_id_str": null,
        "in_reply_to_user_id": null,
        "in_reply_to_user_id_str": null,
        "in_reply_to_screen_name": null,
        "user": {
            "id": 4003483693,
            "id_str": "4003483693",
            "name": "nos.fiction \ud83c\udf45",
            "screen_name": "nostalgia520",
            "location": "\u0e15\u0e01\u0e40\u0e1b\u0e47\u0e19\u0e40\u0e21\u0e37\u0e2d\u0e07\u0e02\u0e36\u0e49\u0e19\u0e02\u0e2d\u0e07\u0e40\u0e01\u0e32\u0e2b\u0e25\u0e35\u0e41\u0e25\u0e30\u0e08\u0e35\u0e19",
            "description": "ohsehun \ud83c\uddf0\ud83c\uddf7 wangyibo \ud83c\udde8\ud83c\uddf3 | \u0e1f\u0e34\u0e04\u0e2e\u0e38\u0e19\u0e2e\u0e32\u0e19 #\u0e42\u0e08\u0e23\u0e2a\u0e25\u0e31\u0e14\u0e2e\u0e2e #\u0e08\u0e31\u0e1a\u0e2a\u0e19\u0e34\u0e0a\u0e2e\u0e2e #\u0e44\u0e25\u0e2d\u0e2d\u0e19\u0e2e\u0e2e #\u0e19\u0e2d\u0e21\u0e2e\u0e2e #\u0e44\u0e16\u0e48\u0e1a\u0e32\u0e1b\u0e2e\u0e2e #\u0e1e\u0e32\u0e22\u0e38\u0e24\u0e14\u0e39\u0e23\u0e49\u0e2d\u0e19\u0e2e\u0e2e | \u0e41\u0e2d\u0e04\u0e25\u0e07\u0e1f\u0e34\u0e04\u0e1b\u0e4b\u0e2d\u0e08\u0e49\u0e32\u0e19 \u2192 @greenpeafic",
            "url": "https://t.co/eERRU30vCI",
            "entities": {
                "url": {
                    "urls": [
                        {
                            "url": "https://t.co/eERRU30vCI",
                            "expanded_url": "https://ask.fm/nos_hunhan",
                            "display_url": "ask.fm/nos_hunhan",
                            "indices": [
                                0,
                                23
                            ]
                        }
                    ]
                },
                "description": {
                    "urls": []
                }
            },
            "protected": false,
            "followers_count": 12737,
            "friends_count": 262,
            "listed_count": 19,
            "created_at": "Sat Oct 24 15:08:23 +0000 2015",
            "favourites_count": 12141,
            "utc_offset": null,
            "time_zone": null,
            "geo_enabled": true,
            "verified": false,
            "statuses_count": 102223,
            "lang": null,
            "contributors_enabled": false,
            "is_translator": false,
            "is_translation_enabled": false,
            "profile_background_color": "000000",
            "profile_background_image_url": "http://abs.twimg.com/images/themes/theme1/bg.png",
            "profile_background_image_url_https": "https://abs.twimg.com/images/themes/theme1/bg.png",
            "profile_background_tile": false,
            "profile_image_url": "http://pbs.twimg.com/profile_images/1231509771594813440/CxPNHvrA_normal.jpg",
            "profile_image_url_https": "https://pbs.twimg.com/profile_images/1231509771594813440/CxPNHvrA_normal.jpg",
            "profile_banner_url": "https://pbs.twimg.com/profile_banners/4003483693/1570216880",
            "profile_link_color": "FAB81E",
            "profile_sidebar_border_color": "000000",
            "profile_sidebar_fill_color": "000000",
            "profile_text_color": "000000",
            "profile_use_background_image": false,
            "has_extended_profile": false,
            "default_profile": false,
            "default_profile_image": false,
            "following": null,
            "follow_request_sent": null,
            "notifications": null,
            "translator_type": "none"
        },
        "geo": null,
        "coordinates": null,
        "place": null,
        "contributors": null,
        "is_quote_status": false,
        "retweet_count": 640,
        "favorite_count": 136,
        "favorited": false,
        "retweeted": false,
        "possibly_sensitive": false,
        "lang": "th"
    },
    "is_quote_status": false,
    "retweet_count": 640,
    "favorite_count": 0,
    "favorited": false,
    "retweeted": false,
    "lang": "th"
}