{
    "created_at": "Tue Mar 10 12:54:16 +0000 2020",
    "id": 1237361125383176192,
    "id_str": "1237361125383176192",
    "text": "#APFgala2020 @ArtProductionNY honoring the #DynamicDuo @tom_sachs #SarahHoover \ud83d\ude4f\ud83c\udffb\ud83d\udc4a\ud83c\udffb\ud83d\udc4f\ud83c\udffb\ud83c\udf7e\ud83d\udc83\ud83d\udd25 @chanel @ New York, New Yo\u2026 https://t.co/SMI94WoqYU",
    "truncated": true,
    "entities": {
        "hashtags": [
            {
                "text": "APFgala2020",
                "indices": [
                    0,
                    12
                ]
            },
            {
                "text": "DynamicDuo",
                "indices": [
                    43,
                    54
                ]
            },
            {
                "text": "SarahHoover",
                "indices": [
                    66,
                    78
                ]
            }
        ],
        "symbols": [],
        "user_mentions": [
            {
                "screen_name": "ArtProductionNY",
                "name": "Art Production Fund",
                "id": 317229929,
                "id_str": "317229929",
                "indices": [
                    13,
                    29
                ]
            },
            {
                "screen_name": "tom_sachs",
                "name": "Tom Sachs",
                "id": 309387724,
                "id_str": "309387724",
                "indices": [
                    55,
                    65
                ]
            },
            {
                "screen_name": "CHANEL",
                "name": "CHANEL",
                "id": 326359913,
                "id_str": "326359913",
                "indices": [
                    89,
                    96
                ]
            }
        ],
        "urls": [
            {
                "url": "https://t.co/SMI94WoqYU",
                "expanded_url": "https://twitter.com/i/web/status/1237361125383176192",
                "display_url": "twitter.com/i/web/status/1\u2026",
                "indices": [
                    117,
                    140
                ]
            }
        ]
    },
    "metadata": {
        "iso_language_code": "en",
        "result_type": "recent"
    },
    "source": "<a href=\"http://instagram.com\" rel=\"nofollow\">Instagram</a>",
    "in_reply_to_status_id": null,
    "in_reply_to_status_id_str": null,
    "in_reply_to_user_id": null,
    "in_reply_to_user_id_str": null,
    "in_reply_to_screen_name": null,
    "user": {
        "id": 209866026,
        "id_str": "209866026",
        "name": "Amy Sacco",
        "screen_name": "amysacco",
        "location": "NYC\n",
        "description": "#Bungalow8 Instagram/ @AmySacco",
        "url": null,
        "entities": {
            "description": {
                "urls": []
            }
        },
        "protected": false,
        "followers_count": 5975,
        "friends_count": 2078,
        "listed_count": 78,
        "created_at": "Sat Oct 30 02:06:34 +0000 2010",
        "favourites_count": 13159,
        "utc_offset": null,
        "time_zone": null,
        "geo_enabled": true,
        "verified": false,
        "statuses_count": 12477,
        "lang": null,
        "contributors_enabled": false,
        "is_translator": false,
        "is_translation_enabled": false,
        "profile_background_color": "C0DEED",
        "profile_background_image_url": "http://abs.twimg.com/images/themes/theme1/bg.png",
        "profile_background_image_url_https": "https://abs.twimg.com/images/themes/theme1/bg.png",
        "profile_background_tile": true,
        "profile_image_url": "http://pbs.twimg.com/profile_images/378800000668259665/d0f986aa30a7a7a503126984adbafac3_normal.jpeg",
        "profile_image_url_https": "https://pbs.twimg.com/profile_images/378800000668259665/d0f986aa30a7a7a503126984adbafac3_normal.jpeg",
        "profile_banner_url": "https://pbs.twimg.com/profile_banners/209866026/1429730520",
        "profile_link_color": "0084B4",
        "profile_sidebar_border_color": "C0DEED",
        "profile_sidebar_fill_color": "DDEEF6",
        "profile_text_color": "333333",
        "profile_use_background_image": true,
        "has_extended_profile": false,
        "default_profile": false,
        "default_profile_image": false,
        "following": null,
        "follow_request_sent": null,
        "notifications": null,
        "translator_type": "none"
    },
    "geo": {
        "type": "Point",
        "coordinates": [
            40.7142,
            -74.0064
        ]
    },
    "coordinates": {
        "type": "Point",
        "coordinates": [
            -74.0064,
            40.7142
        ]
    },
    "place": {
        "id": "01a9a39529b27f36",
        "url": "https://api.twitter.com/1.1/geo/id/01a9a39529b27f36.json",
        "place_type": "city",
        "name": "Manhattan",
        "full_name": "Manhattan, NY",
        "country_code": "US",
        "country": "United States",
        "contained_within": [],
        "bounding_box": {
            "type": "Polygon",
            "coordinates": [
                [
                    [
                        -74.026675,
                        40.683935
                    ],
                    [
                        -73.910408,
                        40.683935
                    ],
                    [
                        -73.910408,
                        40.877483
                    ],
                    [
                        -74.026675,
                        40.877483
                    ]
                ]
            ]
        },
        "attributes": {}
    },
    "contributors": null,
    "is_quote_status": false,
    "retweet_count": 0,
    "favorite_count": 0,
    "favorited": false,
    "retweeted": false,
    "possibly_sensitive": false,
    "lang": "en"
}