{
    "created_at": "Tue Mar 10 02:58:01 +0000 2020",
    "id": 1237211074853830656,
    "id_str": "1237211074853830656",
    "text": "That @CHANEL commerical with Margo Robbie and Beyonce's Halo playing in the background has me in tears",
    "truncated": false,
    "entities": {
        "hashtags": [],
        "symbols": [],
        "user_mentions": [
            {
                "screen_name": "CHANEL",
                "name": "CHANEL",
                "id": 326359913,
                "id_str": "326359913",
                "indices": [
                    5,
                    12
                ]
            }
        ],
        "urls": []
    },
    "metadata": {
        "iso_language_code": "en",
        "result_type": "recent"
    },
    "source": "<a href=\"http://twitter.com/download/iphone\" rel=\"nofollow\">Twitter for iPhone</a>",
    "in_reply_to_status_id": null,
    "in_reply_to_status_id_str": null,
    "in_reply_to_user_id": null,
    "in_reply_to_user_id_str": null,
    "in_reply_to_screen_name": null,
    "user": {
        "id": 1175938478095458304,
        "id_str": "1175938478095458304",
        "name": "Jalisa",
        "screen_name": "jalisa_blue24",
        "location": "Oklahoma City, OK",
        "description": "",
        "url": null,
        "entities": {
            "description": {
                "urls": []
            }
        },
        "protected": false,
        "followers_count": 13,
        "friends_count": 45,
        "listed_count": 0,
        "created_at": "Mon Sep 23 01:02:42 +0000 2019",
        "favourites_count": 1235,
        "utc_offset": null,
        "time_zone": null,
        "geo_enabled": false,
        "verified": false,
        "statuses_count": 316,
        "lang": null,
        "contributors_enabled": false,
        "is_translator": false,
        "is_translation_enabled": false,
        "profile_background_color": "F5F8FA",
        "profile_background_image_url": null,
        "profile_background_image_url_https": null,
        "profile_background_tile": false,
        "profile_image_url": "http://pbs.twimg.com/profile_images/1234209874126495746/3FQnyJQd_normal.jpg",
        "profile_image_url_https": "https://pbs.twimg.com/profile_images/1234209874126495746/3FQnyJQd_normal.jpg",
        "profile_banner_url": "https://pbs.twimg.com/profile_banners/1175938478095458304/1583093540",
        "profile_link_color": "1DA1F2",
        "profile_sidebar_border_color": "C0DEED",
        "profile_sidebar_fill_color": "DDEEF6",
        "profile_text_color": "333333",
        "profile_use_background_image": true,
        "has_extended_profile": true,
        "default_profile": true,
        "default_profile_image": false,
        "following": null,
        "follow_request_sent": null,
        "notifications": null,
        "translator_type": "none"
    },
    "geo": null,
    "coordinates": null,
    "place": null,
    "contributors": null,
    "is_quote_status": false,
    "retweet_count": 0,
    "favorite_count": 0,
    "favorited": false,
    "retweeted": false,
    "lang": "en"
}