{
    "created_at": "Tue Mar 10 09:37:45 +0000 2020",
    "id": 1237311671313432578,
    "id_str": "1237311671313432578",
    "text": "RT @jennieisgold: JENNIE has a natural elegant &amp; sophisticated aura and looks that can pull off any kind of style. A self-expression she al\u2026",
    "truncated": false,
    "entities": {
        "hashtags": [],
        "symbols": [],
        "user_mentions": [
            {
                "screen_name": "jennieisgold",
                "name": "\u1d04\u1d07\u1d07",
                "id": 1051683347041153025,
                "id_str": "1051683347041153025",
                "indices": [
                    3,
                    16
                ]
            }
        ],
        "urls": []
    },
    "metadata": {
        "iso_language_code": "en",
        "result_type": "recent"
    },
    "source": "<a href=\"http://twitter.com/download/android\" rel=\"nofollow\">Twitter for Android</a>",
    "in_reply_to_status_id": null,
    "in_reply_to_status_id_str": null,
    "in_reply_to_user_id": null,
    "in_reply_to_user_id_str": null,
    "in_reply_to_screen_name": null,
    "user": {
        "id": 1174028559897088001,
        "id_str": "1174028559897088001",
        "name": "Sheng",
        "screen_name": "toptierjennie",
        "location": "",
        "description": "J",
        "url": null,
        "entities": {
            "description": {
                "urls": []
            }
        },
        "protected": false,
        "followers_count": 33,
        "friends_count": 277,
        "listed_count": 0,
        "created_at": "Tue Sep 17 18:33:22 +0000 2019",
        "favourites_count": 16151,
        "utc_offset": null,
        "time_zone": null,
        "geo_enabled": false,
        "verified": false,
        "statuses_count": 10396,
        "lang": null,
        "contributors_enabled": false,
        "is_translator": false,
        "is_translation_enabled": false,
        "profile_background_color": "F5F8FA",
        "profile_background_image_url": null,
        "profile_background_image_url_https": null,
        "profile_background_tile": false,
        "profile_image_url": "http://pbs.twimg.com/profile_images/1237007135856193536/ipu-tdxm_normal.jpg",
        "profile_image_url_https": "https://pbs.twimg.com/profile_images/1237007135856193536/ipu-tdxm_normal.jpg",
        "profile_banner_url": "https://pbs.twimg.com/profile_banners/1174028559897088001/1581515528",
        "profile_link_color": "1DA1F2",
        "profile_sidebar_border_color": "C0DEED",
        "profile_sidebar_fill_color": "DDEEF6",
        "profile_text_color": "333333",
        "profile_use_background_image": true,
        "has_extended_profile": false,
        "default_profile": true,
        "default_profile_image": false,
        "following": null,
        "follow_request_sent": null,
        "notifications": null,
        "translator_type": "none"
    },
    "geo": null,
    "coordinates": null,
    "place": null,
    "contributors": null,
    "retweeted_status": {
        "created_at": "Mon Mar 09 14:09:08 +0000 2020",
        "id": 1237017581057265664,
        "id_str": "1237017581057265664",
        "text": "JENNIE has a natural elegant &amp; sophisticated aura and looks that can pull off any kind of style. A self-expression\u2026 https://t.co/thVfkO3vDc",
        "truncated": true,
        "entities": {
            "hashtags": [],
            "symbols": [],
            "user_mentions": [],
            "urls": [
                {
                    "url": "https://t.co/thVfkO3vDc",
                    "expanded_url": "https://twitter.com/i/web/status/1237017581057265664",
                    "display_url": "twitter.com/i/web/status/1\u2026",
                    "indices": [
                        120,
                        143
                    ]
                }
            ]
        },
        "metadata": {
            "iso_language_code": "en",
            "result_type": "recent"
        },
        "source": "<a href=\"http://twitter.com/download/android\" rel=\"nofollow\">Twitter for Android</a>",
        "in_reply_to_status_id": null,
        "in_reply_to_status_id_str": null,
        "in_reply_to_user_id": null,
        "in_reply_to_user_id_str": null,
        "in_reply_to_screen_name": null,
        "user": {
            "id": 1051683347041153025,
            "id_str": "1051683347041153025",
            "name": "\u1d04\u1d07\u1d07",
            "screen_name": "jennieisgold",
            "location": "",
            "description": "\u1d0a\u1d07\u0274\u0274\u026a\u1d07 \uc81c\ub2c8 : \u1d1b\u029c\u1d07\u028f \u1d00\u029f\u029f \u1d21\u1d00\u0274\u1d1b \u1d21\u029c\u1d00\u1d1b's \u1d0d\u026a\u0274\u1d07",
            "url": null,
            "entities": {
                "description": {
                    "urls": []
                }
            },
            "protected": false,
            "followers_count": 430,
            "friends_count": 228,
            "listed_count": 4,
            "created_at": "Mon Oct 15 03:57:04 +0000 2018",
            "favourites_count": 34651,
            "utc_offset": null,
            "time_zone": null,
            "geo_enabled": true,
            "verified": false,
            "statuses_count": 11245,
            "lang": null,
            "contributors_enabled": false,
            "is_translator": false,
            "is_translation_enabled": false,
            "profile_background_color": "000000",
            "profile_background_image_url": "http://abs.twimg.com/images/themes/theme1/bg.png",
            "profile_background_image_url_https": "https://abs.twimg.com/images/themes/theme1/bg.png",
            "profile_background_tile": false,
            "profile_image_url": "http://pbs.twimg.com/profile_images/1217833187771944961/xcvZBsKm_normal.jpg",
            "profile_image_url_https": "https://pbs.twimg.com/profile_images/1217833187771944961/xcvZBsKm_normal.jpg",
            "profile_banner_url": "https://pbs.twimg.com/profile_banners/1051683347041153025/1573617827",
            "profile_link_color": "1B95E0",
            "profile_sidebar_border_color": "000000",
            "profile_sidebar_fill_color": "000000",
            "profile_text_color": "000000",
            "profile_use_background_image": false,
            "has_extended_profile": true,
            "default_profile": false,
            "default_profile_image": false,
            "following": null,
            "follow_request_sent": null,
            "notifications": null,
            "translator_type": "none"
        },
        "geo": null,
        "coordinates": null,
        "place": null,
        "contributors": null,
        "is_quote_status": false,
        "retweet_count": 85,
        "favorite_count": 224,
        "favorited": false,
        "retweeted": false,
        "possibly_sensitive": false,
        "lang": "en"
    },
    "is_quote_status": false,
    "retweet_count": 85,
    "favorite_count": 0,
    "favorited": false,
    "retweeted": false,
    "lang": "en"
}