{
    "created_at": "Tue Mar 10 16:31:00 +0000 2020",
    "id": 1237415670611992576,
    "id_str": "1237415670611992576",
    "text": "@CHANEL \u30d9\u30e9\u30fb\u30b9\u30ef\u30f3\u3084\u3093",
    "truncated": false,
    "entities": {
        "hashtags": [],
        "symbols": [],
        "user_mentions": [
            {
                "screen_name": "CHANEL",
                "name": "CHANEL",
                "id": 326359913,
                "id_str": "326359913",
                "indices": [
                    0,
                    7
                ]
            }
        ],
        "urls": []
    },
    "metadata": {
        "iso_language_code": "ja",
        "result_type": "recent"
    },
    "source": "<a href=\"http://twitter.com/download/iphone\" rel=\"nofollow\">Twitter for iPhone</a>",
    "in_reply_to_status_id": 1229653674495885313,
    "in_reply_to_status_id_str": "1229653674495885313",
    "in_reply_to_user_id": 326359913,
    "in_reply_to_user_id_str": "326359913",
    "in_reply_to_screen_name": "CHANEL",
    "user": {
        "id": 979392992158015488,
        "id_str": "979392992158015488",
        "name": "\u305f\u304b\u3057\u307e \u308a\u306e",
        "screen_name": "Rino_0629_",
        "location": "",
        "description": "1999(20) \ud83e\udd40LDH\ud83d\udc3a",
        "url": null,
        "entities": {
            "description": {
                "urls": []
            }
        },
        "protected": false,
        "followers_count": 199,
        "friends_count": 223,
        "listed_count": 0,
        "created_at": "Thu Mar 29 16:21:00 +0000 2018",
        "favourites_count": 3835,
        "utc_offset": null,
        "time_zone": null,
        "geo_enabled": false,
        "verified": false,
        "statuses_count": 945,
        "lang": null,
        "contributors_enabled": false,
        "is_translator": false,
        "is_translation_enabled": false,
        "profile_background_color": "F5F8FA",
        "profile_background_image_url": null,
        "profile_background_image_url_https": null,
        "profile_background_tile": false,
        "profile_image_url": "http://pbs.twimg.com/profile_images/1232204439940788224/vkPi3MSe_normal.jpg",
        "profile_image_url_https": "https://pbs.twimg.com/profile_images/1232204439940788224/vkPi3MSe_normal.jpg",
        "profile_banner_url": "https://pbs.twimg.com/profile_banners/979392992158015488/1580282799",
        "profile_link_color": "1DA1F2",
        "profile_sidebar_border_color": "C0DEED",
        "profile_sidebar_fill_color": "DDEEF6",
        "profile_text_color": "333333",
        "profile_use_background_image": true,
        "has_extended_profile": true,
        "default_profile": true,
        "default_profile_image": false,
        "following": null,
        "follow_request_sent": null,
        "notifications": null,
        "translator_type": "none"
    },
    "geo": null,
    "coordinates": null,
    "place": null,
    "contributors": null,
    "is_quote_status": false,
    "retweet_count": 0,
    "favorite_count": 0,
    "favorited": false,
    "retweeted": false,
    "lang": "ja"
}