{
    "created_at": "Tue Mar 10 11:48:46 +0000 2020",
    "id": 1237344643517304832,
    "id_str": "1237344643517304832",
    "text": "@fallen1230angel @CHANEL \u3042\u308a\u304c\u3068\u3046\u3054\u3056\u3044\u307e\u3059\ud83d\ude0d",
    "truncated": false,
    "entities": {
        "hashtags": [],
        "symbols": [],
        "user_mentions": [
            {
                "screen_name": "fallen1230angel",
                "name": "fallenangel.R.F",
                "id": 1126161580293406722,
                "id_str": "1126161580293406722",
                "indices": [
                    0,
                    16
                ]
            },
            {
                "screen_name": "CHANEL",
                "name": "CHANEL",
                "id": 326359913,
                "id_str": "326359913",
                "indices": [
                    17,
                    24
                ]
            }
        ],
        "urls": []
    },
    "metadata": {
        "iso_language_code": "ja",
        "result_type": "recent"
    },
    "source": "<a href=\"http://twitter.com/download/iphone\" rel=\"nofollow\">Twitter for iPhone</a>",
    "in_reply_to_status_id": 1237343774071652353,
    "in_reply_to_status_id_str": "1237343774071652353",
    "in_reply_to_user_id": 1126161580293406722,
    "in_reply_to_user_id_str": "1126161580293406722",
    "in_reply_to_screen_name": "fallen1230angel",
    "user": {
        "id": 2968713661,
        "id_str": "2968713661",
        "name": "aica",
        "screen_name": "aicaxxxcosme",
        "location": "\u30e1\u30a4\u30f3\u30b5\u30a4\u30c8\u306f\u3053\u3061\u3089\u2605",
        "description": "\u30c7\u30d1\u30b3\u30b9:\u30d7\u30c1\u30d7\u30e9=8:2\u306e\u96d1\u98df\u7cfb\u7f8e\u5bb9YouTuber(https://t.co/uhnrsqUDHc)/\u30b3\u30b9\u30e1\u30ec\u30d3\u30e5\u30fc\u30b5\u30a4\u30c8\u904b\u55b6/\u7f8e\u5bb9\u306b\u95a2\u3059\u308b\u60c5\u5831\u767a\u4fe1\u3092\u3057\u3066\u3044\u307e\u3059\u266a TOP\u306e\u30e2\u30fc\u30e1\u30f3\u30c8\u3092\u898b\u308c\u3070aica\u304c\u5206\u304b\u308a\u307e\u3059\u2605 \u304a\u4ed5\u4e8b\u306b\u95a2\u3059\u308b\u304a\u554f\u3044\u5408\u308f\u305b\ud83d\udc8c minatty.aica@gmail.com",
        "url": "https://t.co/i39Ic10Hy9",
        "entities": {
            "url": {
                "urls": [
                    {
                        "url": "https://t.co/i39Ic10Hy9",
                        "expanded_url": "http://cosmeblog.net/",
                        "display_url": "cosmeblog.net",
                        "indices": [
                            0,
                            23
                        ]
                    }
                ]
            },
            "description": {
                "urls": [
                    {
                        "url": "https://t.co/uhnrsqUDHc",
                        "expanded_url": "https://www.youtube.com/c/aicakatase",
                        "display_url": "youtube.com/c/aicakatase",
                        "indices": [
                            28,
                            51
                        ]
                    }
                ]
            }
        },
        "protected": false,
        "followers_count": 5392,
        "friends_count": 102,
        "listed_count": 56,
        "created_at": "Fri Jan 09 08:58:46 +0000 2015",
        "favourites_count": 16683,
        "utc_offset": null,
        "time_zone": null,
        "geo_enabled": true,
        "verified": false,
        "statuses_count": 20649,
        "lang": null,
        "contributors_enabled": false,
        "is_translator": false,
        "is_translation_enabled": false,
        "profile_background_color": "000000",
        "profile_background_image_url": "http://abs.twimg.com/images/themes/theme1/bg.png",
        "profile_background_image_url_https": "https://abs.twimg.com/images/themes/theme1/bg.png",
        "profile_background_tile": false,
        "profile_image_url": "http://pbs.twimg.com/profile_images/1121008371140714496/RkH9SWY7_normal.jpg",
        "profile_image_url_https": "https://pbs.twimg.com/profile_images/1121008371140714496/RkH9SWY7_normal.jpg",
        "profile_banner_url": "https://pbs.twimg.com/profile_banners/2968713661/1561542556",
        "profile_link_color": "F5ABB5",
        "profile_sidebar_border_color": "000000",
        "profile_sidebar_fill_color": "000000",
        "profile_text_color": "000000",
        "profile_use_background_image": false,
        "has_extended_profile": true,
        "default_profile": false,
        "default_profile_image": false,
        "following": null,
        "follow_request_sent": null,
        "notifications": null,
        "translator_type": "none"
    },
    "geo": null,
    "coordinates": null,
    "place": null,
    "contributors": null,
    "is_quote_status": false,
    "retweet_count": 0,
    "favorite_count": 1,
    "favorited": false,
    "retweeted": false,
    "lang": "ja"
}