{
    "created_at": "Tue Mar 10 16:26:45 +0000 2020",
    "id": 1237414599546286081,
    "id_str": "1237414599546286081",
    "text": "RT @Lisa_Eldridge: Keira last night \ud83d\udc93\ud83d\udc93\ud83d\udc93\ud83d\udc93 Red carpet for misbehaviouruk Styled by @leithclark I\u2019m @chanel Hair lukehersheson Nails @nailedby\u2026",
    "truncated": false,
    "entities": {
        "hashtags": [],
        "symbols": [],
        "user_mentions": [
            {
                "screen_name": "Lisa_Eldridge",
                "name": "Lisa Eldridge",
                "id": 64544431,
                "id_str": "64544431",
                "indices": [
                    3,
                    17
                ]
            },
            {
                "screen_name": "leithclark",
                "name": "Leith Clark",
                "id": 301118960,
                "id_str": "301118960",
                "indices": [
                    81,
                    92
                ]
            },
            {
                "screen_name": "CHANEL",
                "name": "CHANEL",
                "id": 326359913,
                "id_str": "326359913",
                "indices": [
                    97,
                    104
                ]
            }
        ],
        "urls": []
    },
    "metadata": {
        "iso_language_code": "en",
        "result_type": "recent"
    },
    "source": "<a href=\"https://mobile.twitter.com\" rel=\"nofollow\">Twitter Web App</a>",
    "in_reply_to_status_id": null,
    "in_reply_to_status_id_str": null,
    "in_reply_to_user_id": null,
    "in_reply_to_user_id_str": null,
    "in_reply_to_screen_name": null,
    "user": {
        "id": 2802651992,
        "id_str": "2802651992",
        "name": "Erin Rossi",
        "screen_name": "RossiErin",
        "location": "#NoFalseProphets ",
        "description": "LOVE..PASS IT ON                                                       I NEED  A CAMERA FOR WORK! ASAP!!!! used is ok! TEAM SPACE MONKEY $JERINCROSSI",
        "url": null,
        "entities": {
            "description": {
                "urls": []
            }
        },
        "protected": false,
        "followers_count": 605,
        "friends_count": 1922,
        "listed_count": 1,
        "created_at": "Wed Sep 10 23:44:10 +0000 2014",
        "favourites_count": 29042,
        "utc_offset": null,
        "time_zone": null,
        "geo_enabled": false,
        "verified": false,
        "statuses_count": 15468,
        "lang": null,
        "contributors_enabled": false,
        "is_translator": false,
        "is_translation_enabled": false,
        "profile_background_color": "000000",
        "profile_background_image_url": "http://abs.twimg.com/images/themes/theme1/bg.png",
        "profile_background_image_url_https": "https://abs.twimg.com/images/themes/theme1/bg.png",
        "profile_background_tile": false,
        "profile_image_url": "http://pbs.twimg.com/profile_images/513499079599353857/pulRHOgJ_normal.jpeg",
        "profile_image_url_https": "https://pbs.twimg.com/profile_images/513499079599353857/pulRHOgJ_normal.jpeg",
        "profile_banner_url": "https://pbs.twimg.com/profile_banners/2802651992/1411262714",
        "profile_link_color": "4A913C",
        "profile_sidebar_border_color": "000000",
        "profile_sidebar_fill_color": "000000",
        "profile_text_color": "000000",
        "profile_use_background_image": false,
        "has_extended_profile": true,
        "default_profile": false,
        "default_profile_image": false,
        "following": null,
        "follow_request_sent": null,
        "notifications": null,
        "translator_type": "none"
    },
    "geo": null,
    "coordinates": null,
    "place": null,
    "contributors": null,
    "retweeted_status": {
        "created_at": "Tue Mar 10 15:57:06 +0000 2020",
        "id": 1237407139427016705,
        "id_str": "1237407139427016705",
        "text": "Keira last night \ud83d\udc93\ud83d\udc93\ud83d\udc93\ud83d\udc93 Red carpet for misbehaviouruk Styled by @leithclark I\u2019m @chanel Hair lukehersheson Nails\u2026 https://t.co/b178Q4Absg",
        "truncated": true,
        "entities": {
            "hashtags": [],
            "symbols": [],
            "user_mentions": [
                {
                    "screen_name": "leithclark",
                    "name": "Leith Clark",
                    "id": 301118960,
                    "id_str": "301118960",
                    "indices": [
                        62,
                        73
                    ]
                },
                {
                    "screen_name": "CHANEL",
                    "name": "CHANEL",
                    "id": 326359913,
                    "id_str": "326359913",
                    "indices": [
                        78,
                        85
                    ]
                }
            ],
            "urls": [
                {
                    "url": "https://t.co/b178Q4Absg",
                    "expanded_url": "https://twitter.com/i/web/status/1237407139427016705",
                    "display_url": "twitter.com/i/web/status/1\u2026",
                    "indices": [
                        112,
                        135
                    ]
                }
            ]
        },
        "metadata": {
            "iso_language_code": "en",
            "result_type": "recent"
        },
        "source": "<a href=\"http://instagram.com\" rel=\"nofollow\">Instagram</a>",
        "in_reply_to_status_id": null,
        "in_reply_to_status_id_str": null,
        "in_reply_to_user_id": null,
        "in_reply_to_user_id_str": null,
        "in_reply_to_screen_name": null,
        "user": {
            "id": 64544431,
            "id_str": "64544431",
            "name": "Lisa Eldridge",
            "screen_name": "Lisa_Eldridge",
            "location": "London",
            "description": "Pro Makeup Artist, Creative Director and author of NY Times bestselling book 'Face Paint - The Story Of Makeup'",
            "url": "https://t.co/omySmcERfL",
            "entities": {
                "url": {
                    "urls": [
                        {
                            "url": "https://t.co/omySmcERfL",
                            "expanded_url": "http://www.lisaeldridge.com",
                            "display_url": "lisaeldridge.com",
                            "indices": [
                                0,
                                23
                            ]
                        }
                    ]
                },
                "description": {
                    "urls": []
                }
            },
            "protected": false,
            "followers_count": 171088,
            "friends_count": 561,
            "listed_count": 1245,
            "created_at": "Mon Aug 10 23:04:47 +0000 2009",
            "favourites_count": 791,
            "utc_offset": null,
            "time_zone": null,
            "geo_enabled": false,
            "verified": true,
            "statuses_count": 23574,
            "lang": null,
            "contributors_enabled": false,
            "is_translator": false,
            "is_translation_enabled": false,
            "profile_background_color": "709397",
            "profile_background_image_url": "http://abs.twimg.com/images/themes/theme6/bg.gif",
            "profile_background_image_url_https": "https://abs.twimg.com/images/themes/theme6/bg.gif",
            "profile_background_tile": false,
            "profile_image_url": "http://pbs.twimg.com/profile_images/1083717891084685313/WP6jWslb_normal.jpg",
            "profile_image_url_https": "https://pbs.twimg.com/profile_images/1083717891084685313/WP6jWslb_normal.jpg",
            "profile_link_color": "FA1460",
            "profile_sidebar_border_color": "FFFFFF",
            "profile_sidebar_fill_color": "DBDBDB",
            "profile_text_color": "333333",
            "profile_use_background_image": true,
            "has_extended_profile": false,
            "default_profile": false,
            "default_profile_image": false,
            "following": null,
            "follow_request_sent": null,
            "notifications": null,
            "translator_type": "none"
        },
        "geo": null,
        "coordinates": null,
        "place": null,
        "contributors": null,
        "is_quote_status": false,
        "retweet_count": 1,
        "favorite_count": 13,
        "favorited": false,
        "retweeted": false,
        "possibly_sensitive": false,
        "lang": "en"
    },
    "is_quote_status": false,
    "retweet_count": 1,
    "favorite_count": 0,
    "favorited": false,
    "retweeted": false,
    "lang": "en"
}