{
    "created_at": "Tue Mar 10 11:45:19 +0000 2020",
    "id": 1237343774071652353,
    "id_str": "1237343774071652353",
    "text": "@aicaxxxcosme @CHANEL \u898b\u3066\u304d\u307e\u30fc\u3059\uff01",
    "truncated": false,
    "entities": {
        "hashtags": [],
        "symbols": [],
        "user_mentions": [
            {
                "screen_name": "aicaxxxcosme",
                "name": "aica",
                "id": 2968713661,
                "id_str": "2968713661",
                "indices": [
                    0,
                    13
                ]
            },
            {
                "screen_name": "CHANEL",
                "name": "CHANEL",
                "id": 326359913,
                "id_str": "326359913",
                "indices": [
                    14,
                    21
                ]
            }
        ],
        "urls": []
    },
    "metadata": {
        "iso_language_code": "ja",
        "result_type": "recent"
    },
    "source": "<a href=\"http://twitter.com/download/iphone\" rel=\"nofollow\">Twitter for iPhone</a>",
    "in_reply_to_status_id": 1237317911947034624,
    "in_reply_to_status_id_str": "1237317911947034624",
    "in_reply_to_user_id": 2968713661,
    "in_reply_to_user_id_str": "2968713661",
    "in_reply_to_screen_name": "aicaxxxcosme",
    "user": {
        "id": 1126161580293406722,
        "id_str": "1126161580293406722",
        "name": "fallenangel.R.F",
        "screen_name": "fallen1230angel",
        "location": "",
        "description": "",
        "url": null,
        "entities": {
            "description": {
                "urls": []
            }
        },
        "protected": false,
        "followers_count": 19,
        "friends_count": 47,
        "listed_count": 0,
        "created_at": "Wed May 08 16:26:58 +0000 2019",
        "favourites_count": 5726,
        "utc_offset": null,
        "time_zone": null,
        "geo_enabled": false,
        "verified": false,
        "statuses_count": 2670,
        "lang": null,
        "contributors_enabled": false,
        "is_translator": false,
        "is_translation_enabled": false,
        "profile_background_color": "F5F8FA",
        "profile_background_image_url": null,
        "profile_background_image_url_https": null,
        "profile_background_tile": false,
        "profile_image_url": "http://pbs.twimg.com/profile_images/1200360613135806464/jhjf8nJH_normal.jpg",
        "profile_image_url_https": "https://pbs.twimg.com/profile_images/1200360613135806464/jhjf8nJH_normal.jpg",
        "profile_banner_url": "https://pbs.twimg.com/profile_banners/1126161580293406722/1557346569",
        "profile_link_color": "1DA1F2",
        "profile_sidebar_border_color": "C0DEED",
        "profile_sidebar_fill_color": "DDEEF6",
        "profile_text_color": "333333",
        "profile_use_background_image": true,
        "has_extended_profile": false,
        "default_profile": true,
        "default_profile_image": false,
        "following": null,
        "follow_request_sent": null,
        "notifications": null,
        "translator_type": "none"
    },
    "geo": null,
    "coordinates": null,
    "place": null,
    "contributors": null,
    "is_quote_status": false,
    "retweet_count": 0,
    "favorite_count": 0,
    "favorited": false,
    "retweeted": false,
    "lang": "ja"
}