{
    "created_at": "Tue Mar 10 16:44:26 +0000 2020",
    "id": 1237419049316827136,
    "id_str": "1237419049316827136",
    "text": "The Secret! @CHANEL https://t.co/gmEtHwBuVd",
    "truncated": false,
    "entities": {
        "hashtags": [],
        "symbols": [],
        "user_mentions": [
            {
                "screen_name": "CHANEL",
                "name": "CHANEL",
                "id": 326359913,
                "id_str": "326359913",
                "indices": [
                    12,
                    19
                ]
            }
        ],
        "urls": [],
        "media": [
            {
                "id": 1237419045802008577,
                "id_str": "1237419045802008577",
                "indices": [
                    20,
                    43
                ],
                "media_url": "http://pbs.twimg.com/media/ESwyEOdU4AE-ivX.jpg",
                "media_url_https": "https://pbs.twimg.com/media/ESwyEOdU4AE-ivX.jpg",
                "url": "https://t.co/gmEtHwBuVd",
                "display_url": "pic.twitter.com/gmEtHwBuVd",
                "expanded_url": "https://twitter.com/shaka_arichkid/status/1237419049316827136/photo/1",
                "type": "photo",
                "sizes": {
                    "thumb": {
                        "w": 150,
                        "h": 150,
                        "resize": "crop"
                    },
                    "medium": {
                        "w": 900,
                        "h": 1200,
                        "resize": "fit"
                    },
                    "large": {
                        "w": 1536,
                        "h": 2048,
                        "resize": "fit"
                    },
                    "small": {
                        "w": 510,
                        "h": 680,
                        "resize": "fit"
                    }
                }
            }
        ]
    },
    "extended_entities": {
        "media": [
            {
                "id": 1237419045802008577,
                "id_str": "1237419045802008577",
                "indices": [
                    20,
                    43
                ],
                "media_url": "http://pbs.twimg.com/media/ESwyEOdU4AE-ivX.jpg",
                "media_url_https": "https://pbs.twimg.com/media/ESwyEOdU4AE-ivX.jpg",
                "url": "https://t.co/gmEtHwBuVd",
                "display_url": "pic.twitter.com/gmEtHwBuVd",
                "expanded_url": "https://twitter.com/shaka_arichkid/status/1237419049316827136/photo/1",
                "type": "photo",
                "sizes": {
                    "thumb": {
                        "w": 150,
                        "h": 150,
                        "resize": "crop"
                    },
                    "medium": {
                        "w": 900,
                        "h": 1200,
                        "resize": "fit"
                    },
                    "large": {
                        "w": 1536,
                        "h": 2048,
                        "resize": "fit"
                    },
                    "small": {
                        "w": 510,
                        "h": 680,
                        "resize": "fit"
                    }
                }
            }
        ]
    },
    "metadata": {
        "iso_language_code": "en",
        "result_type": "recent"
    },
    "source": "<a href=\"http://www.echofon.com/\" rel=\"nofollow\">Echofon</a>",
    "in_reply_to_status_id": null,
    "in_reply_to_status_id_str": null,
    "in_reply_to_user_id": null,
    "in_reply_to_user_id_str": null,
    "in_reply_to_screen_name": null,
    "user": {
        "id": 42518505,
        "id_str": "42518505",
        "name": "DM.",
        "screen_name": "shaka_arichkid",
        "location": "on tour ",
        "description": "unknown",
        "url": null,
        "entities": {
            "description": {
                "urls": []
            }
        },
        "protected": false,
        "followers_count": 621,
        "friends_count": 68,
        "listed_count": 16,
        "created_at": "Tue May 26 00:01:50 +0000 2009",
        "favourites_count": 600,
        "utc_offset": null,
        "time_zone": null,
        "geo_enabled": true,
        "verified": false,
        "statuses_count": 44002,
        "lang": null,
        "contributors_enabled": false,
        "is_translator": false,
        "is_translation_enabled": false,
        "profile_background_color": "7A7575",
        "profile_background_image_url": "http://abs.twimg.com/images/themes/theme1/bg.png",
        "profile_background_image_url_https": "https://abs.twimg.com/images/themes/theme1/bg.png",
        "profile_background_tile": true,
        "profile_image_url": "http://pbs.twimg.com/profile_images/1088989140874612737/eusLbKIQ_normal.jpg",
        "profile_image_url_https": "https://pbs.twimg.com/profile_images/1088989140874612737/eusLbKIQ_normal.jpg",
        "profile_banner_url": "https://pbs.twimg.com/profile_banners/42518505/1498474507",
        "profile_link_color": "08091C",
        "profile_sidebar_border_color": "FFFFFF",
        "profile_sidebar_fill_color": "F0EEE7",
        "profile_text_color": "FF3714",
        "profile_use_background_image": true,
        "has_extended_profile": true,
        "default_profile": false,
        "default_profile_image": false,
        "following": null,
        "follow_request_sent": null,
        "notifications": null,
        "translator_type": "none"
    },
    "geo": null,
    "coordinates": null,
    "place": null,
    "contributors": null,
    "is_quote_status": false,
    "retweet_count": 0,
    "favorite_count": 0,
    "favorited": false,
    "retweeted": false,
    "possibly_sensitive": false,
    "lang": "en"
}