{
    "created_at": "Tue Mar 10 13:41:46 +0000 2020",
    "id": 1237373082911879168,
    "id_str": "1237373082911879168",
    "text": "Raise your hand if you watched the bachelor? Are you going to watch tonight? I don\u2019t know if I can handle his moms\u2026 https://t.co/tDqwttCHPZ",
    "truncated": true,
    "entities": {
        "hashtags": [],
        "symbols": [],
        "user_mentions": [],
        "urls": [
            {
                "url": "https://t.co/tDqwttCHPZ",
                "expanded_url": "https://twitter.com/i/web/status/1237373082911879168",
                "display_url": "twitter.com/i/web/status/1\u2026",
                "indices": [
                    116,
                    139
                ]
            }
        ]
    },
    "metadata": {
        "iso_language_code": "en",
        "result_type": "recent"
    },
    "source": "<a href=\"http://instagram.com\" rel=\"nofollow\">Instagram</a>",
    "in_reply_to_status_id": null,
    "in_reply_to_status_id_str": null,
    "in_reply_to_user_id": null,
    "in_reply_to_user_id_str": null,
    "in_reply_to_screen_name": null,
    "user": {
        "id": 1043207183616417793,
        "id_str": "1043207183616417793",
        "name": "ReneeNicole.net",
        "screen_name": "Renee25749150",
        "location": "",
        "description": "",
        "url": "https://t.co/rtKt8DxjQv",
        "entities": {
            "url": {
                "urls": [
                    {
                        "url": "https://t.co/rtKt8DxjQv",
                        "expanded_url": "http://www.reneenicole.net",
                        "display_url": "reneenicole.net",
                        "indices": [
                            0,
                            23
                        ]
                    }
                ]
            },
            "description": {
                "urls": []
            }
        },
        "protected": false,
        "followers_count": 264,
        "friends_count": 257,
        "listed_count": 1,
        "created_at": "Fri Sep 21 18:35:49 +0000 2018",
        "favourites_count": 35,
        "utc_offset": null,
        "time_zone": null,
        "geo_enabled": false,
        "verified": false,
        "statuses_count": 749,
        "lang": null,
        "contributors_enabled": false,
        "is_translator": false,
        "is_translation_enabled": false,
        "profile_background_color": "F5F8FA",
        "profile_background_image_url": null,
        "profile_background_image_url_https": null,
        "profile_background_tile": false,
        "profile_image_url": "http://pbs.twimg.com/profile_images/1043207478601633792/vvBESmub_normal.jpg",
        "profile_image_url_https": "https://pbs.twimg.com/profile_images/1043207478601633792/vvBESmub_normal.jpg",
        "profile_link_color": "1DA1F2",
        "profile_sidebar_border_color": "C0DEED",
        "profile_sidebar_fill_color": "DDEEF6",
        "profile_text_color": "333333",
        "profile_use_background_image": true,
        "has_extended_profile": false,
        "default_profile": true,
        "default_profile_image": false,
        "following": null,
        "follow_request_sent": null,
        "notifications": null,
        "translator_type": "none"
    },
    "geo": null,
    "coordinates": null,
    "place": null,
    "contributors": null,
    "is_quote_status": false,
    "retweet_count": 0,
    "favorite_count": 0,
    "favorited": false,
    "retweeted": false,
    "possibly_sensitive": false,
    "lang": "en"
}