{
    "created_at": "Tue Mar 10 13:09:21 +0000 2020",
    "id": 1237364922503303168,
    "id_str": "1237364922503303168",
    "text": "Hi brands @ChicnycRunway @LouisVuitton @gucci @Versace @Prada @Fendi @armani @CHANEL \nIf you want to be create Cust\u2026 https://t.co/b4cNigpIbk",
    "truncated": true,
    "entities": {
        "hashtags": [],
        "symbols": [],
        "user_mentions": [
            {
                "screen_name": "ChicnycRunway",
                "name": "Chic Nyc",
                "id": 1016723330701955072,
                "id_str": "1016723330701955072",
                "indices": [
                    10,
                    24
                ]
            },
            {
                "screen_name": "LouisVuitton",
                "name": "Louis Vuitton",
                "id": 44084633,
                "id_str": "44084633",
                "indices": [
                    25,
                    38
                ]
            },
            {
                "screen_name": "gucci",
                "name": "gucci",
                "id": 16913418,
                "id_str": "16913418",
                "indices": [
                    39,
                    45
                ]
            },
            {
                "screen_name": "Versace",
                "name": "VERSACE",
                "id": 72568426,
                "id_str": "72568426",
                "indices": [
                    46,
                    54
                ]
            },
            {
                "screen_name": "Prada",
                "name": "PRADA",
                "id": 1156866230,
                "id_str": "1156866230",
                "indices": [
                    55,
                    61
                ]
            },
            {
                "screen_name": "Fendi",
                "name": "Fendi",
                "id": 114796408,
                "id_str": "114796408",
                "indices": [
                    62,
                    68
                ]
            },
            {
                "screen_name": "armani",
                "name": "Armani",
                "id": 78021221,
                "id_str": "78021221",
                "indices": [
                    69,
                    76
                ]
            },
            {
                "screen_name": "CHANEL",
                "name": "CHANEL",
                "id": 326359913,
                "id_str": "326359913",
                "indices": [
                    77,
                    84
                ]
            }
        ],
        "urls": [
            {
                "url": "https://t.co/b4cNigpIbk",
                "expanded_url": "https://twitter.com/i/web/status/1237364922503303168",
                "display_url": "twitter.com/i/web/status/1\u2026",
                "indices": [
                    117,
                    140
                ]
            }
        ]
    },
    "metadata": {
        "iso_language_code": "en",
        "result_type": "recent"
    },
    "source": "<a href=\"http://twitter.com/download/iphone\" rel=\"nofollow\">Twitter for iPhone</a>",
    "in_reply_to_status_id": null,
    "in_reply_to_status_id_str": null,
    "in_reply_to_user_id": null,
    "in_reply_to_user_id_str": null,
    "in_reply_to_screen_name": null,
    "user": {
        "id": 2233094998,
        "id_str": "2233094998",
        "name": "Zer Rin",
        "screen_name": "zrr_rnn",
        "location": "",
        "description": "Bilgi en b\u00fcy\u00fck g\u00fc\u00e7t\u00fcr. Bildi\u011fimiz kadar g\u00fc\u00e7l\u00fcy\u00fczd\u00fcr.",
        "url": "https://t.co/FmPIgioYZZ",
        "entities": {
            "url": {
                "urls": [
                    {
                        "url": "https://t.co/FmPIgioYZZ",
                        "expanded_url": "https://www.youtube.com/channel/UCQQV6U2o2HvVDTxl79yNPzw",
                        "display_url": "youtube.com/channel/UCQQV6\u2026",
                        "indices": [
                            0,
                            23
                        ]
                    }
                ]
            },
            "description": {
                "urls": []
            }
        },
        "protected": false,
        "followers_count": 143,
        "friends_count": 242,
        "listed_count": 0,
        "created_at": "Thu Dec 19 11:10:30 +0000 2013",
        "favourites_count": 353,
        "utc_offset": null,
        "time_zone": null,
        "geo_enabled": true,
        "verified": false,
        "statuses_count": 2611,
        "lang": null,
        "contributors_enabled": false,
        "is_translator": false,
        "is_translation_enabled": false,
        "profile_background_color": "C0DEED",
        "profile_background_image_url": "http://abs.twimg.com/images/themes/theme1/bg.png",
        "profile_background_image_url_https": "https://abs.twimg.com/images/themes/theme1/bg.png",
        "profile_background_tile": false,
        "profile_image_url": "http://pbs.twimg.com/profile_images/660893332122521600/Oq64-LZ2_normal.jpg",
        "profile_image_url_https": "https://pbs.twimg.com/profile_images/660893332122521600/Oq64-LZ2_normal.jpg",
        "profile_banner_url": "https://pbs.twimg.com/profile_banners/2233094998/1406308138",
        "profile_link_color": "1DA1F2",
        "profile_sidebar_border_color": "C0DEED",
        "profile_sidebar_fill_color": "DDEEF6",
        "profile_text_color": "333333",
        "profile_use_background_image": true,
        "has_extended_profile": false,
        "default_profile": true,
        "default_profile_image": false,
        "following": null,
        "follow_request_sent": null,
        "notifications": null,
        "translator_type": "none"
    },
    "geo": null,
    "coordinates": null,
    "place": null,
    "contributors": null,
    "is_quote_status": false,
    "retweet_count": 0,
    "favorite_count": 0,
    "favorited": false,
    "retweeted": false,
    "lang": "en"
}