{
    "created_at": "Tue Mar 10 12:24:26 +0000 2020",
    "id": 1237353619634057216,
    "id_str": "1237353619634057216",
    "text": "@CHANEL https://t.co/eBRQ5dedLL",
    "truncated": false,
    "entities": {
        "hashtags": [],
        "symbols": [],
        "user_mentions": [
            {
                "screen_name": "CHANEL",
                "name": "CHANEL",
                "id": 326359913,
                "id_str": "326359913",
                "indices": [
                    0,
                    7
                ]
            }
        ],
        "urls": [
            {
                "url": "https://t.co/eBRQ5dedLL",
                "expanded_url": "https://twitter.com/gerlinnaaaaa/status/1237348474045128705",
                "display_url": "twitter.com/gerlinnaaaaa/s\u2026",
                "indices": [
                    8,
                    31
                ]
            }
        ]
    },
    "metadata": {
        "iso_language_code": "und",
        "result_type": "recent"
    },
    "source": "<a href=\"https://mobile.twitter.com\" rel=\"nofollow\">Twitter Web App</a>",
    "in_reply_to_status_id": null,
    "in_reply_to_status_id_str": null,
    "in_reply_to_user_id": 326359913,
    "in_reply_to_user_id_str": "326359913",
    "in_reply_to_screen_name": "CHANEL",
    "user": {
        "id": 1056549602592079872,
        "id_str": "1056549602592079872",
        "name": "\ud835\udea0\ud835\ude8a\ud835\ude97\ud835\ude90",
        "screen_name": "gwennchua",
        "location": "Bhl",
        "description": "\ud83c\udf1c\u2b50\ud83c\udf1a\u2b50\ud83c\udf1b",
        "url": null,
        "entities": {
            "description": {
                "urls": []
            }
        },
        "protected": false,
        "followers_count": 326,
        "friends_count": 248,
        "listed_count": 0,
        "created_at": "Sun Oct 28 14:13:49 +0000 2018",
        "favourites_count": 4299,
        "utc_offset": null,
        "time_zone": null,
        "geo_enabled": false,
        "verified": false,
        "statuses_count": 7098,
        "lang": null,
        "contributors_enabled": false,
        "is_translator": false,
        "is_translation_enabled": false,
        "profile_background_color": "F5F8FA",
        "profile_background_image_url": null,
        "profile_background_image_url_https": null,
        "profile_background_tile": false,
        "profile_image_url": "http://pbs.twimg.com/profile_images/1229018676403171328/DJ01V2YH_normal.jpg",
        "profile_image_url_https": "https://pbs.twimg.com/profile_images/1229018676403171328/DJ01V2YH_normal.jpg",
        "profile_banner_url": "https://pbs.twimg.com/profile_banners/1056549602592079872/1583427934",
        "profile_link_color": "1DA1F2",
        "profile_sidebar_border_color": "C0DEED",
        "profile_sidebar_fill_color": "DDEEF6",
        "profile_text_color": "333333",
        "profile_use_background_image": true,
        "has_extended_profile": true,
        "default_profile": true,
        "default_profile_image": false,
        "following": null,
        "follow_request_sent": null,
        "notifications": null,
        "translator_type": "none"
    },
    "geo": null,
    "coordinates": null,
    "place": null,
    "contributors": null,
    "is_quote_status": true,
    "quoted_status_id": 1237348474045128705,
    "quoted_status_id_str": "1237348474045128705",
    "quoted_status": {
        "created_at": "Tue Mar 10 12:03:59 +0000 2020",
        "id": 1237348474045128705,
        "id_str": "1237348474045128705",
        "text": "mingawon ko nimo...",
        "truncated": false,
        "entities": {
            "hashtags": [],
            "symbols": [],
            "user_mentions": [],
            "urls": []
        },
        "metadata": {
            "iso_language_code": "und",
            "result_type": "recent"
        },
        "source": "<a href=\"http://twitter.com/download/android\" rel=\"nofollow\">Twitter for Android</a>",
        "in_reply_to_status_id": null,
        "in_reply_to_status_id_str": null,
        "in_reply_to_user_id": null,
        "in_reply_to_user_id_str": null,
        "in_reply_to_screen_name": null,
        "user": {
            "id": 1049605887529086977,
            "id_str": "1049605887529086977",
            "name": "bon\ud83c\udf18",
            "screen_name": "gerlinnaaaaa",
            "location": "",
            "description": "Dream big\ud83d\udc89\ud83e\ude7a",
            "url": null,
            "entities": {
                "description": {
                    "urls": []
                }
            },
            "protected": false,
            "followers_count": 178,
            "friends_count": 123,
            "listed_count": 0,
            "created_at": "Tue Oct 09 10:21:59 +0000 2018",
            "favourites_count": 3261,
            "utc_offset": null,
            "time_zone": null,
            "geo_enabled": true,
            "verified": false,
            "statuses_count": 2703,
            "lang": null,
            "contributors_enabled": false,
            "is_translator": false,
            "is_translation_enabled": false,
            "profile_background_color": "F5F8FA",
            "profile_background_image_url": null,
            "profile_background_image_url_https": null,
            "profile_background_tile": false,
            "profile_image_url": "http://pbs.twimg.com/profile_images/1237350189502885888/0y-KJP31_normal.jpg",
            "profile_image_url_https": "https://pbs.twimg.com/profile_images/1237350189502885888/0y-KJP31_normal.jpg",
            "profile_banner_url": "https://pbs.twimg.com/profile_banners/1049605887529086977/1583583074",
            "profile_link_color": "1DA1F2",
            "profile_sidebar_border_color": "C0DEED",
            "profile_sidebar_fill_color": "DDEEF6",
            "profile_text_color": "333333",
            "profile_use_background_image": true,
            "has_extended_profile": true,
            "default_profile": true,
            "default_profile_image": false,
            "following": null,
            "follow_request_sent": null,
            "notifications": null,
            "translator_type": "none"
        },
        "geo": null,
        "coordinates": null,
        "place": null,
        "contributors": null,
        "is_quote_status": false,
        "retweet_count": 0,
        "favorite_count": 4,
        "favorited": false,
        "retweeted": false,
        "lang": "tl"
    },
    "retweet_count": 0,
    "favorite_count": 0,
    "favorited": false,
    "retweeted": false,
    "possibly_sensitive": false,
    "lang": "und"
}