{
    "created_at": "Mon Mar 09 23:59:45 +0000 2020",
    "id": 1237166211877781510,
    "id_str": "1237166211877781510",
    "text": "RT @jenniedebuts: Literal art in human form @CHANEL https://t.co/omQii5T1xk",
    "truncated": false,
    "entities": {
        "hashtags": [],
        "symbols": [],
        "user_mentions": [
            {
                "screen_name": "jenniedebuts",
                "name": "JENNIE\u2728",
                "id": 803690601115852802,
                "id_str": "803690601115852802",
                "indices": [
                    3,
                    16
                ]
            },
            {
                "screen_name": "CHANEL",
                "name": "CHANEL",
                "id": 326359913,
                "id_str": "326359913",
                "indices": [
                    44,
                    51
                ]
            }
        ],
        "urls": [],
        "media": [
            {
                "id": 1236986430141825025,
                "id_str": "1236986430141825025",
                "indices": [
                    52,
                    75
                ],
                "media_url": "http://pbs.twimg.com/media/ESqomriVAAENSiP.jpg",
                "media_url_https": "https://pbs.twimg.com/media/ESqomriVAAENSiP.jpg",
                "url": "https://t.co/omQii5T1xk",
                "display_url": "pic.twitter.com/omQii5T1xk",
                "expanded_url": "https://twitter.com/jenniedebuts/status/1236986451864064004/photo/1",
                "type": "photo",
                "sizes": {
                    "large": {
                        "w": 728,
                        "h": 1080,
                        "resize": "fit"
                    },
                    "thumb": {
                        "w": 150,
                        "h": 150,
                        "resize": "crop"
                    },
                    "small": {
                        "w": 458,
                        "h": 680,
                        "resize": "fit"
                    },
                    "medium": {
                        "w": 728,
                        "h": 1080,
                        "resize": "fit"
                    }
                },
                "source_status_id": 1236986451864064004,
                "source_status_id_str": "1236986451864064004",
                "source_user_id": 803690601115852802,
                "source_user_id_str": "803690601115852802"
            }
        ]
    },
    "extended_entities": {
        "media": [
            {
                "id": 1236986430141825025,
                "id_str": "1236986430141825025",
                "indices": [
                    52,
                    75
                ],
                "media_url": "http://pbs.twimg.com/media/ESqomriVAAENSiP.jpg",
                "media_url_https": "https://pbs.twimg.com/media/ESqomriVAAENSiP.jpg",
                "url": "https://t.co/omQii5T1xk",
                "display_url": "pic.twitter.com/omQii5T1xk",
                "expanded_url": "https://twitter.com/jenniedebuts/status/1236986451864064004/photo/1",
                "type": "photo",
                "sizes": {
                    "large": {
                        "w": 728,
                        "h": 1080,
                        "resize": "fit"
                    },
                    "thumb": {
                        "w": 150,
                        "h": 150,
                        "resize": "crop"
                    },
                    "small": {
                        "w": 458,
                        "h": 680,
                        "resize": "fit"
                    },
                    "medium": {
                        "w": 728,
                        "h": 1080,
                        "resize": "fit"
                    }
                },
                "source_status_id": 1236986451864064004,
                "source_status_id_str": "1236986451864064004",
                "source_user_id": 803690601115852802,
                "source_user_id_str": "803690601115852802"
            },
            {
                "id": 1236986441348988929,
                "id_str": "1236986441348988929",
                "indices": [
                    52,
                    75
                ],
                "media_url": "http://pbs.twimg.com/media/ESqonVSUwAEKaNW.jpg",
                "media_url_https": "https://pbs.twimg.com/media/ESqonVSUwAEKaNW.jpg",
                "url": "https://t.co/omQii5T1xk",
                "display_url": "pic.twitter.com/omQii5T1xk",
                "expanded_url": "https://twitter.com/jenniedebuts/status/1236986451864064004/photo/1",
                "type": "photo",
                "sizes": {
                    "thumb": {
                        "w": 150,
                        "h": 150,
                        "resize": "crop"
                    },
                    "small": {
                        "w": 461,
                        "h": 680,
                        "resize": "fit"
                    },
                    "large": {
                        "w": 732,
                        "h": 1080,
                        "resize": "fit"
                    },
                    "medium": {
                        "w": 732,
                        "h": 1080,
                        "resize": "fit"
                    }
                },
                "source_status_id": 1236986451864064004,
                "source_status_id_str": "1236986451864064004",
                "source_user_id": 803690601115852802,
                "source_user_id_str": "803690601115852802"
            }
        ]
    },
    "metadata": {
        "iso_language_code": "en",
        "result_type": "recent"
    },
    "source": "<a href=\"http://twitter.com/download/iphone\" rel=\"nofollow\">Twitter for iPhone</a>",
    "in_reply_to_status_id": null,
    "in_reply_to_status_id_str": null,
    "in_reply_to_user_id": null,
    "in_reply_to_user_id_str": null,
    "in_reply_to_screen_name": null,
    "user": {
        "id": 1079927391240273920,
        "id_str": "1079927391240273920",
        "name": "Patty Pati Tati Tim :(:",
        "screen_name": "unknownmugiwara",
        "location": "Getting wet bc of Adri \ud83d\udca6",
        "description": "#IRENE: @SEHUNPRNT \ud83e\udd0d is the hottest one. No matter what anyone else says",
        "url": "https://t.co/cjon1FIwx4",
        "entities": {
            "url": {
                "urls": [
                    {
                        "url": "https://t.co/cjon1FIwx4",
                        "expanded_url": "http://dumbbitch.me",
                        "display_url": "dumbbitch.me",
                        "indices": [
                            0,
                            23
                        ]
                    }
                ]
            },
            "description": {
                "urls": []
            }
        },
        "protected": false,
        "followers_count": 466,
        "friends_count": 647,
        "listed_count": 10,
        "created_at": "Tue Jan 01 02:28:48 +0000 2019",
        "favourites_count": 126669,
        "utc_offset": null,
        "time_zone": null,
        "geo_enabled": true,
        "verified": false,
        "statuses_count": 62786,
        "lang": null,
        "contributors_enabled": false,
        "is_translator": false,
        "is_translation_enabled": false,
        "profile_background_color": "F5F8FA",
        "profile_background_image_url": null,
        "profile_background_image_url_https": null,
        "profile_background_tile": false,
        "profile_image_url": "http://pbs.twimg.com/profile_images/1231115549717016576/0pxb4wkc_normal.jpg",
        "profile_image_url_https": "https://pbs.twimg.com/profile_images/1231115549717016576/0pxb4wkc_normal.jpg",
        "profile_banner_url": "https://pbs.twimg.com/profile_banners/1079927391240273920/1582355213",
        "profile_link_color": "1DA1F2",
        "profile_sidebar_border_color": "C0DEED",
        "profile_sidebar_fill_color": "DDEEF6",
        "profile_text_color": "333333",
        "profile_use_background_image": true,
        "has_extended_profile": true,
        "default_profile": true,
        "default_profile_image": false,
        "following": null,
        "follow_request_sent": null,
        "notifications": null,
        "translator_type": "none"
    },
    "geo": null,
    "coordinates": null,
    "place": null,
    "contributors": null,
    "retweeted_status": {
        "created_at": "Mon Mar 09 12:05:26 +0000 2020",
        "id": 1236986451864064004,
        "id_str": "1236986451864064004",
        "text": "Literal art in human form @CHANEL https://t.co/omQii5T1xk",
        "truncated": false,
        "entities": {
            "hashtags": [],
            "symbols": [],
            "user_mentions": [
                {
                    "screen_name": "CHANEL",
                    "name": "CHANEL",
                    "id": 326359913,
                    "id_str": "326359913",
                    "indices": [
                        26,
                        33
                    ]
                }
            ],
            "urls": [],
            "media": [
                {
                    "id": 1236986430141825025,
                    "id_str": "1236986430141825025",
                    "indices": [
                        34,
                        57
                    ],
                    "media_url": "http://pbs.twimg.com/media/ESqomriVAAENSiP.jpg",
                    "media_url_https": "https://pbs.twimg.com/media/ESqomriVAAENSiP.jpg",
                    "url": "https://t.co/omQii5T1xk",
                    "display_url": "pic.twitter.com/omQii5T1xk",
                    "expanded_url": "https://twitter.com/jenniedebuts/status/1236986451864064004/photo/1",
                    "type": "photo",
                    "sizes": {
                        "large": {
                            "w": 728,
                            "h": 1080,
                            "resize": "fit"
                        },
                        "thumb": {
                            "w": 150,
                            "h": 150,
                            "resize": "crop"
                        },
                        "small": {
                            "w": 458,
                            "h": 680,
                            "resize": "fit"
                        },
                        "medium": {
                            "w": 728,
                            "h": 1080,
                            "resize": "fit"
                        }
                    }
                }
            ]
        },
        "extended_entities": {
            "media": [
                {
                    "id": 1236986430141825025,
                    "id_str": "1236986430141825025",
                    "indices": [
                        34,
                        57
                    ],
                    "media_url": "http://pbs.twimg.com/media/ESqomriVAAENSiP.jpg",
                    "media_url_https": "https://pbs.twimg.com/media/ESqomriVAAENSiP.jpg",
                    "url": "https://t.co/omQii5T1xk",
                    "display_url": "pic.twitter.com/omQii5T1xk",
                    "expanded_url": "https://twitter.com/jenniedebuts/status/1236986451864064004/photo/1",
                    "type": "photo",
                    "sizes": {
                        "large": {
                            "w": 728,
                            "h": 1080,
                            "resize": "fit"
                        },
                        "thumb": {
                            "w": 150,
                            "h": 150,
                            "resize": "crop"
                        },
                        "small": {
                            "w": 458,
                            "h": 680,
                            "resize": "fit"
                        },
                        "medium": {
                            "w": 728,
                            "h": 1080,
                            "resize": "fit"
                        }
                    }
                },
                {
                    "id": 1236986441348988929,
                    "id_str": "1236986441348988929",
                    "indices": [
                        34,
                        57
                    ],
                    "media_url": "http://pbs.twimg.com/media/ESqonVSUwAEKaNW.jpg",
                    "media_url_https": "https://pbs.twimg.com/media/ESqonVSUwAEKaNW.jpg",
                    "url": "https://t.co/omQii5T1xk",
                    "display_url": "pic.twitter.com/omQii5T1xk",
                    "expanded_url": "https://twitter.com/jenniedebuts/status/1236986451864064004/photo/1",
                    "type": "photo",
                    "sizes": {
                        "thumb": {
                            "w": 150,
                            "h": 150,
                            "resize": "crop"
                        },
                        "small": {
                            "w": 461,
                            "h": 680,
                            "resize": "fit"
                        },
                        "large": {
                            "w": 732,
                            "h": 1080,
                            "resize": "fit"
                        },
                        "medium": {
                            "w": 732,
                            "h": 1080,
                            "resize": "fit"
                        }
                    }
                }
            ]
        },
        "metadata": {
            "iso_language_code": "en",
            "result_type": "recent"
        },
        "source": "<a href=\"http://twitter.com/download/android\" rel=\"nofollow\">Twitter for Android</a>",
        "in_reply_to_status_id": null,
        "in_reply_to_status_id_str": null,
        "in_reply_to_user_id": null,
        "in_reply_to_user_id_str": null,
        "in_reply_to_screen_name": null,
        "user": {
            "id": 803690601115852802,
            "id_str": "803690601115852802",
            "name": "JENNIE\u2728",
            "screen_name": "jenniedebuts",
            "location": "",
            "description": "Jennie Kim | Fan account | Stream Solo: https://t.co/nv7WeE3MJ5 | Follow https://t.co/Y5ef2VhQTH on instagram",
            "url": "https://t.co/QY2kxa1Jcf",
            "entities": {
                "url": {
                    "urls": [
                        {
                            "url": "https://t.co/QY2kxa1Jcf",
                            "expanded_url": "https://instagram.com/jennierubyjane",
                            "display_url": "instagram.com/jennierubyjane",
                            "indices": [
                                0,
                                23
                            ]
                        }
                    ]
                },
                "description": {
                    "urls": [
                        {
                            "url": "https://t.co/nv7WeE3MJ5",
                            "expanded_url": "http://youtu.be/b73BI9eUkjM",
                            "display_url": "youtu.be/b73BI9eUkjM",
                            "indices": [
                                40,
                                63
                            ]
                        },
                        {
                            "url": "https://t.co/Y5ef2VhQTH",
                            "expanded_url": "http://instagram.com/lesyeuxdenini",
                            "display_url": "instagram.com/lesyeuxdenini",
                            "indices": [
                                73,
                                96
                            ]
                        }
                    ]
                }
            },
            "protected": false,
            "followers_count": 17653,
            "friends_count": 87,
            "listed_count": 141,
            "created_at": "Tue Nov 29 20:02:25 +0000 2016",
            "favourites_count": 433,
            "utc_offset": null,
            "time_zone": null,
            "geo_enabled": true,
            "verified": false,
            "statuses_count": 13520,
            "lang": null,
            "contributors_enabled": false,
            "is_translator": false,
            "is_translation_enabled": false,
            "profile_background_color": "F5F8FA",
            "profile_background_image_url": null,
            "profile_background_image_url_https": null,
            "profile_background_tile": false,
            "profile_image_url": "http://pbs.twimg.com/profile_images/1226758427654815745/9B6mOr7U_normal.jpg",
            "profile_image_url_https": "https://pbs.twimg.com/profile_images/1226758427654815745/9B6mOr7U_normal.jpg",
            "profile_banner_url": "https://pbs.twimg.com/profile_banners/803690601115852802/1561682193",
            "profile_link_color": "1DA1F2",
            "profile_sidebar_border_color": "C0DEED",
            "profile_sidebar_fill_color": "DDEEF6",
            "profile_text_color": "333333",
            "profile_use_background_image": true,
            "has_extended_profile": false,
            "default_profile": true,
            "default_profile_image": false,
            "following": null,
            "follow_request_sent": null,
            "notifications": null,
            "translator_type": "none"
        },
        "geo": null,
        "coordinates": null,
        "place": null,
        "contributors": null,
        "is_quote_status": false,
        "retweet_count": 55,
        "favorite_count": 209,
        "favorited": false,
        "retweeted": false,
        "possibly_sensitive": false,
        "lang": "en"
    },
    "is_quote_status": false,
    "retweet_count": 55,
    "favorite_count": 0,
    "favorited": false,
    "retweeted": false,
    "possibly_sensitive": false,
    "lang": "en"
}