{
    "created_at": "Mon Mar 09 23:47:43 +0000 2020",
    "id": 1237163184668147712,
    "id_str": "1237163184668147712",
    "text": "En noir et blanc, diamants et platine, le tweed devient hyperluxe @CHANEL #tweedcollection #iletaitunefoislebijou\u2026 https://t.co/iH5ybar1t5",
    "truncated": true,
    "entities": {
        "hashtags": [
            {
                "text": "tweedcollection",
                "indices": [
                    74,
                    90
                ]
            },
            {
                "text": "iletaitunefoislebijou",
                "indices": [
                    91,
                    113
                ]
            }
        ],
        "symbols": [],
        "user_mentions": [
            {
                "screen_name": "CHANEL",
                "name": "CHANEL",
                "id": 326359913,
                "id_str": "326359913",
                "indices": [
                    66,
                    73
                ]
            }
        ],
        "urls": [
            {
                "url": "https://t.co/iH5ybar1t5",
                "expanded_url": "https://twitter.com/i/web/status/1237163184668147712",
                "display_url": "twitter.com/i/web/status/1\u2026",
                "indices": [
                    115,
                    138
                ]
            }
        ]
    },
    "metadata": {
        "iso_language_code": "fr",
        "result_type": "recent"
    },
    "source": "<a href=\"http://twitter.com/download/android\" rel=\"nofollow\">Twitter for Android</a>",
    "in_reply_to_status_id": 1237155925766606850,
    "in_reply_to_status_id_str": "1237155925766606850",
    "in_reply_to_user_id": 3378959615,
    "in_reply_to_user_id_str": "3378959615",
    "in_reply_to_screen_name": "anne2jotemps",
    "user": {
        "id": 3378959615,
        "id_str": "3378959615",
        "name": "il \u00e9tait une fois le bijou",
        "screen_name": "anne2jotemps",
        "location": "Paris, France",
        "description": "#iletaitunefoislebijou : c'est un #podcast et un #blogjoaillerie",
        "url": "https://t.co/uBwaXrTLXA",
        "entities": {
            "url": {
                "urls": [
                    {
                        "url": "https://t.co/uBwaXrTLXA",
                        "expanded_url": "https://www.iletaitunefoislebijou.fr",
                        "display_url": "iletaitunefoislebijou.fr",
                        "indices": [
                            0,
                            23
                        ]
                    }
                ]
            },
            "description": {
                "urls": []
            }
        },
        "protected": false,
        "followers_count": 309,
        "friends_count": 1006,
        "listed_count": 8,
        "created_at": "Thu Jul 16 16:01:57 +0000 2015",
        "favourites_count": 2520,
        "utc_offset": null,
        "time_zone": null,
        "geo_enabled": true,
        "verified": false,
        "statuses_count": 3162,
        "lang": null,
        "contributors_enabled": false,
        "is_translator": false,
        "is_translation_enabled": false,
        "profile_background_color": "000000",
        "profile_background_image_url": "http://abs.twimg.com/images/themes/theme1/bg.png",
        "profile_background_image_url_https": "https://abs.twimg.com/images/themes/theme1/bg.png",
        "profile_background_tile": false,
        "profile_image_url": "http://pbs.twimg.com/profile_images/1157241124345536517/7BPwCHle_normal.jpg",
        "profile_image_url_https": "https://pbs.twimg.com/profile_images/1157241124345536517/7BPwCHle_normal.jpg",
        "profile_banner_url": "https://pbs.twimg.com/profile_banners/3378959615/1582716277",
        "profile_link_color": "DD2E44",
        "profile_sidebar_border_color": "000000",
        "profile_sidebar_fill_color": "000000",
        "profile_text_color": "000000",
        "profile_use_background_image": false,
        "has_extended_profile": true,
        "default_profile": false,
        "default_profile_image": false,
        "following": null,
        "follow_request_sent": null,
        "notifications": null,
        "translator_type": "none"
    },
    "geo": null,
    "coordinates": null,
    "place": null,
    "contributors": null,
    "is_quote_status": false,
    "retweet_count": 0,
    "favorite_count": 0,
    "favorited": false,
    "retweeted": false,
    "possibly_sensitive": false,
    "lang": "fr"
}