{
    "created_at": "Tue Mar 10 03:51:17 +0000 2020",
    "id": 1237224479694209024,
    "id_str": "1237224479694209024",
    "text": "@CHANEL What happened to her hair",
    "truncated": false,
    "entities": {
        "hashtags": [],
        "symbols": [],
        "user_mentions": [
            {
                "screen_name": "CHANEL",
                "name": "CHANEL",
                "id": 326359913,
                "id_str": "326359913",
                "indices": [
                    0,
                    7
                ]
            }
        ],
        "urls": []
    },
    "metadata": {
        "iso_language_code": "en",
        "result_type": "recent"
    },
    "source": "<a href=\"https://mobile.twitter.com\" rel=\"nofollow\">Twitter Web App</a>",
    "in_reply_to_status_id": 1235505333189165058,
    "in_reply_to_status_id_str": "1235505333189165058",
    "in_reply_to_user_id": 326359913,
    "in_reply_to_user_id_str": "326359913",
    "in_reply_to_screen_name": "CHANEL",
    "user": {
        "id": 2563195458,
        "id_str": "2563195458",
        "name": "Julie Castin Cordeiro",
        "screen_name": "juliecastin2",
        "location": "Leiden",
        "description": "Jesus & Julie & Gabriel",
        "url": "https://t.co/BC7ZEnwrlI",
        "entities": {
            "url": {
                "urls": [
                    {
                        "url": "https://t.co/BC7ZEnwrlI",
                        "expanded_url": "http://ourdailyjesus.blogspot.nl/?m=1L",
                        "display_url": "ourdailyjesus.blogspot.nl/?m=1L",
                        "indices": [
                            0,
                            23
                        ]
                    }
                ]
            },
            "description": {
                "urls": []
            }
        },
        "protected": false,
        "followers_count": 36,
        "friends_count": 45,
        "listed_count": 0,
        "created_at": "Thu Jun 12 11:17:33 +0000 2014",
        "favourites_count": 293,
        "utc_offset": null,
        "time_zone": null,
        "geo_enabled": true,
        "verified": false,
        "statuses_count": 523,
        "lang": null,
        "contributors_enabled": false,
        "is_translator": false,
        "is_translation_enabled": false,
        "profile_background_color": "C0DEED",
        "profile_background_image_url": "http://abs.twimg.com/images/themes/theme1/bg.png",
        "profile_background_image_url_https": "https://abs.twimg.com/images/themes/theme1/bg.png",
        "profile_background_tile": true,
        "profile_image_url": "http://pbs.twimg.com/profile_images/1166573790584872961/6VGX4870_normal.jpg",
        "profile_image_url_https": "https://pbs.twimg.com/profile_images/1166573790584872961/6VGX4870_normal.jpg",
        "profile_banner_url": "https://pbs.twimg.com/profile_banners/2563195458/1566967842",
        "profile_link_color": "C012C9",
        "profile_sidebar_border_color": "000000",
        "profile_sidebar_fill_color": "DDEEF6",
        "profile_text_color": "333333",
        "profile_use_background_image": true,
        "has_extended_profile": true,
        "default_profile": false,
        "default_profile_image": false,
        "following": null,
        "follow_request_sent": null,
        "notifications": null,
        "translator_type": "none"
    },
    "geo": null,
    "coordinates": null,
    "place": null,
    "contributors": null,
    "is_quote_status": false,
    "retweet_count": 0,
    "favorite_count": 0,
    "favorited": false,
    "retweeted": false,
    "lang": "en"
}