{
    "created_at": "Tue Mar 10 01:12:55 +0000 2020",
    "id": 1237184625954488323,
    "id_str": "1237184625954488323",
    "text": "@petravonskant @chanel comenta",
    "truncated": false,
    "entities": {
        "hashtags": [],
        "symbols": [],
        "user_mentions": [
            {
                "screen_name": "petravonskant",
                "name": "briana",
                "id": 996780882156490752,
                "id_str": "996780882156490752",
                "indices": [
                    0,
                    14
                ]
            },
            {
                "screen_name": "CHANEL",
                "name": "CHANEL",
                "id": 326359913,
                "id_str": "326359913",
                "indices": [
                    15,
                    22
                ]
            }
        ],
        "urls": []
    },
    "metadata": {
        "iso_language_code": "pt",
        "result_type": "recent"
    },
    "source": "<a href=\"http://twitter.com/download/iphone\" rel=\"nofollow\">Twitter for iPhone</a>",
    "in_reply_to_status_id": 1237183980451094529,
    "in_reply_to_status_id_str": "1237183980451094529",
    "in_reply_to_user_id": 996780882156490752,
    "in_reply_to_user_id_str": "996780882156490752",
    "in_reply_to_screen_name": "petravonskant",
    "user": {
        "id": 2301722501,
        "id_str": "2301722501",
        "name": "dilsinher",
        "screen_name": "goldcersei",
        "location": "",
        "description": "",
        "url": null,
        "entities": {
            "description": {
                "urls": []
            }
        },
        "protected": false,
        "followers_count": 1978,
        "friends_count": 369,
        "listed_count": 84,
        "created_at": "Fri Jan 24 16:09:24 +0000 2014",
        "favourites_count": 18446,
        "utc_offset": null,
        "time_zone": null,
        "geo_enabled": false,
        "verified": false,
        "statuses_count": 64638,
        "lang": null,
        "contributors_enabled": false,
        "is_translator": false,
        "is_translation_enabled": false,
        "profile_background_color": "F5ABB5",
        "profile_background_image_url": "http://abs.twimg.com/images/themes/theme1/bg.png",
        "profile_background_image_url_https": "https://abs.twimg.com/images/themes/theme1/bg.png",
        "profile_background_tile": true,
        "profile_image_url": "http://pbs.twimg.com/profile_images/1237189870465974272/PJ9AGmOb_normal.jpg",
        "profile_image_url_https": "https://pbs.twimg.com/profile_images/1237189870465974272/PJ9AGmOb_normal.jpg",
        "profile_banner_url": "https://pbs.twimg.com/profile_banners/2301722501/1582951457",
        "profile_link_color": "A78767",
        "profile_sidebar_border_color": "000000",
        "profile_sidebar_fill_color": "DDEEF6",
        "profile_text_color": "333333",
        "profile_use_background_image": true,
        "has_extended_profile": false,
        "default_profile": false,
        "default_profile_image": false,
        "following": null,
        "follow_request_sent": null,
        "notifications": null,
        "translator_type": "none"
    },
    "geo": null,
    "coordinates": null,
    "place": null,
    "contributors": null,
    "is_quote_status": false,
    "retweet_count": 0,
    "favorite_count": 0,
    "favorited": false,
    "retweeted": false,
    "lang": "pt"
}