{
    "created_at": "Tue Mar 10 14:54:07 +0000 2020",
    "id": 1237391288632111110,
    "id_str": "1237391288632111110",
    "text": "More sexy, fun books to get you through this soul-crushing news cycle: \n\nThe Witches Are Coming by Lindy West\n\nThe\u2026 https://t.co/NHRkgfcfbm",
    "truncated": true,
    "entities": {
        "hashtags": [],
        "symbols": [],
        "user_mentions": [],
        "urls": [
            {
                "url": "https://t.co/NHRkgfcfbm",
                "expanded_url": "https://twitter.com/i/web/status/1237391288632111110",
                "display_url": "twitter.com/i/web/status/1\u2026",
                "indices": [
                    116,
                    139
                ]
            }
        ]
    },
    "metadata": {
        "iso_language_code": "en",
        "result_type": "recent"
    },
    "source": "<a href=\"https://mobile.twitter.com\" rel=\"nofollow\">Twitter Web App</a>",
    "in_reply_to_status_id": 1237389971218001921,
    "in_reply_to_status_id_str": "1237389971218001921",
    "in_reply_to_user_id": 31456947,
    "in_reply_to_user_id_str": "31456947",
    "in_reply_to_screen_name": "thatjillian",
    "user": {
        "id": 31456947,
        "id_str": "31456947",
        "name": "Jillian Richardson",
        "screen_name": "thatjillian",
        "location": "New York, NY",
        "description": "Let's make the world less lonely! Author of Unlonely Planet. The Joy List founder, working with @tonybgoode. Facilitator and speaker. https://t.co/xc33mgU2ND",
        "url": "https://t.co/69wTxmj5YZ",
        "entities": {
            "url": {
                "urls": [
                    {
                        "url": "https://t.co/69wTxmj5YZ",
                        "expanded_url": "http://linktr.ee/thatJillian",
                        "display_url": "linktr.ee/thatJillian",
                        "indices": [
                            0,
                            23
                        ]
                    }
                ]
            },
            "description": {
                "urls": [
                    {
                        "url": "https://t.co/xc33mgU2ND",
                        "expanded_url": "http://joylist.nyc",
                        "display_url": "joylist.nyc",
                        "indices": [
                            134,
                            157
                        ]
                    }
                ]
            }
        },
        "protected": false,
        "followers_count": 3594,
        "friends_count": 3021,
        "listed_count": 152,
        "created_at": "Wed Apr 15 17:08:32 +0000 2009",
        "favourites_count": 7992,
        "utc_offset": null,
        "time_zone": null,
        "geo_enabled": true,
        "verified": true,
        "statuses_count": 6147,
        "lang": null,
        "contributors_enabled": false,
        "is_translator": false,
        "is_translation_enabled": false,
        "profile_background_color": "BADFCD",
        "profile_background_image_url": "http://abs.twimg.com/images/themes/theme12/bg.gif",
        "profile_background_image_url_https": "https://abs.twimg.com/images/themes/theme12/bg.gif",
        "profile_background_tile": true,
        "profile_image_url": "http://pbs.twimg.com/profile_images/1086425528461070336/9iEASOp5_normal.jpg",
        "profile_image_url_https": "https://pbs.twimg.com/profile_images/1086425528461070336/9iEASOp5_normal.jpg",
        "profile_banner_url": "https://pbs.twimg.com/profile_banners/31456947/1566418424",
        "profile_link_color": "E01414",
        "profile_sidebar_border_color": "F2E195",
        "profile_sidebar_fill_color": "FFF7CC",
        "profile_text_color": "0C3E53",
        "profile_use_background_image": true,
        "has_extended_profile": true,
        "default_profile": false,
        "default_profile_image": false,
        "following": null,
        "follow_request_sent": null,
        "notifications": null,
        "translator_type": "none"
    },
    "geo": null,
    "coordinates": null,
    "place": null,
    "contributors": null,
    "is_quote_status": false,
    "retweet_count": 0,
    "favorite_count": 1,
    "favorited": false,
    "retweeted": false,
    "lang": "en"
}