{
    "created_at": "Tue Mar 10 05:15:10 +0000 2020",
    "id": 1237245590679019520,
    "id_str": "1237245590679019520",
    "text": "#SXSW Film Premier. Paint by @chanel.andrews\n#DragQueen #ComedyQueen #comedian\nhttps://t.co/twMUJ4k19m https://t.co/4AzuZAj2w6",
    "truncated": false,
    "entities": {
        "hashtags": [
            {
                "text": "SXSW",
                "indices": [
                    0,
                    5
                ]
            },
            {
                "text": "DragQueen",
                "indices": [
                    45,
                    55
                ]
            },
            {
                "text": "ComedyQueen",
                "indices": [
                    56,
                    68
                ]
            },
            {
                "text": "comedian",
                "indices": [
                    69,
                    78
                ]
            }
        ],
        "symbols": [],
        "user_mentions": [
            {
                "screen_name": "CHANEL",
                "name": "CHANEL",
                "id": 326359913,
                "id_str": "326359913",
                "indices": [
                    29,
                    36
                ]
            }
        ],
        "urls": [
            {
                "url": "https://t.co/twMUJ4k19m",
                "expanded_url": "https://www.instagram.com/p/Bu2ldEBBSVw/?igshid=15h2dl214wtej",
                "display_url": "instagram.com/p/Bu2ldEBBSVw/\u2026",
                "indices": [
                    79,
                    102
                ]
            }
        ],
        "media": [
            {
                "id": 1237245584555347968,
                "id_str": "1237245584555347968",
                "indices": [
                    103,
                    126
                ],
                "media_url": "http://pbs.twimg.com/media/ESuUTc9XkAAoT_J.jpg",
                "media_url_https": "https://pbs.twimg.com/media/ESuUTc9XkAAoT_J.jpg",
                "url": "https://t.co/4AzuZAj2w6",
                "display_url": "pic.twitter.com/4AzuZAj2w6",
                "expanded_url": "https://twitter.com/RubyDickulous/status/1237245590679019520/photo/1",
                "type": "photo",
                "sizes": {
                    "thumb": {
                        "w": 150,
                        "h": 150,
                        "resize": "crop"
                    },
                    "medium": {
                        "w": 1200,
                        "h": 1106,
                        "resize": "fit"
                    },
                    "small": {
                        "w": 680,
                        "h": 627,
                        "resize": "fit"
                    },
                    "large": {
                        "w": 1439,
                        "h": 1326,
                        "resize": "fit"
                    }
                }
            }
        ]
    },
    "extended_entities": {
        "media": [
            {
                "id": 1237245584555347968,
                "id_str": "1237245584555347968",
                "indices": [
                    103,
                    126
                ],
                "media_url": "http://pbs.twimg.com/media/ESuUTc9XkAAoT_J.jpg",
                "media_url_https": "https://pbs.twimg.com/media/ESuUTc9XkAAoT_J.jpg",
                "url": "https://t.co/4AzuZAj2w6",
                "display_url": "pic.twitter.com/4AzuZAj2w6",
                "expanded_url": "https://twitter.com/RubyDickulous/status/1237245590679019520/photo/1",
                "type": "photo",
                "sizes": {
                    "thumb": {
                        "w": 150,
                        "h": 150,
                        "resize": "crop"
                    },
                    "medium": {
                        "w": 1200,
                        "h": 1106,
                        "resize": "fit"
                    },
                    "small": {
                        "w": 680,
                        "h": 627,
                        "resize": "fit"
                    },
                    "large": {
                        "w": 1439,
                        "h": 1326,
                        "resize": "fit"
                    }
                }
            }
        ]
    },
    "metadata": {
        "iso_language_code": "en",
        "result_type": "recent"
    },
    "source": "<a href=\"http://twitter.com/download/android\" rel=\"nofollow\">Twitter for Android</a>",
    "in_reply_to_status_id": null,
    "in_reply_to_status_id_str": null,
    "in_reply_to_user_id": null,
    "in_reply_to_user_id_str": null,
    "in_reply_to_screen_name": null,
    "user": {
        "id": 2479293942,
        "id_str": "2479293942",
        "name": "Ruby Dickulous\u2122",
        "screen_name": "RubyDickulous",
        "location": "Austin,TX",
        "description": "Comedian & Queen of Real Estate.  My new stand-up special -Ruthlessly Single- is coming to NYC/FI, LA, and PV in 2020",
        "url": "https://t.co/3YPVP6JUkB",
        "entities": {
            "url": {
                "urls": [
                    {
                        "url": "https://t.co/3YPVP6JUkB",
                        "expanded_url": "http://www.RubyDickulous.com",
                        "display_url": "RubyDickulous.com",
                        "indices": [
                            0,
                            23
                        ]
                    }
                ]
            },
            "description": {
                "urls": []
            }
        },
        "protected": false,
        "followers_count": 864,
        "friends_count": 1925,
        "listed_count": 0,
        "created_at": "Tue May 06 05:23:23 +0000 2014",
        "favourites_count": 6872,
        "utc_offset": null,
        "time_zone": null,
        "geo_enabled": false,
        "verified": false,
        "statuses_count": 1497,
        "lang": null,
        "contributors_enabled": false,
        "is_translator": false,
        "is_translation_enabled": false,
        "profile_background_color": "C0DEED",
        "profile_background_image_url": "http://abs.twimg.com/images/themes/theme1/bg.png",
        "profile_background_image_url_https": "https://abs.twimg.com/images/themes/theme1/bg.png",
        "profile_background_tile": false,
        "profile_image_url": "http://pbs.twimg.com/profile_images/1095580648478248960/CP7Gb7tZ_normal.jpg",
        "profile_image_url_https": "https://pbs.twimg.com/profile_images/1095580648478248960/CP7Gb7tZ_normal.jpg",
        "profile_banner_url": "https://pbs.twimg.com/profile_banners/2479293942/1552631716",
        "profile_link_color": "B30039",
        "profile_sidebar_border_color": "C0DEED",
        "profile_sidebar_fill_color": "DDEEF6",
        "profile_text_color": "333333",
        "profile_use_background_image": true,
        "has_extended_profile": true,
        "default_profile": false,
        "default_profile_image": false,
        "following": null,
        "follow_request_sent": null,
        "notifications": null,
        "translator_type": "none"
    },
    "geo": null,
    "coordinates": null,
    "place": null,
    "contributors": null,
    "is_quote_status": false,
    "retweet_count": 0,
    "favorite_count": 0,
    "favorited": false,
    "retweeted": false,
    "possibly_sensitive": false,
    "lang": "en"
}