{
    "created_at": "Mon Mar 09 20:53:23 +0000 2020",
    "id": 1237119314383327233,
    "id_str": "1237119314383327233",
    "text": "@_chloehx_ @stilacosmetics @StilaUK @EsteeLauder @CHANEL @yslbeauty @Smashbox @smashboxuk @UrbanDecay @MACcosmetics\u2026 https://t.co/HsUQ08oFpy",
    "truncated": true,
    "entities": {
        "hashtags": [],
        "symbols": [],
        "user_mentions": [
            {
                "screen_name": "_chloehx_",
                "name": "Chloe",
                "id": 182908791,
                "id_str": "182908791",
                "indices": [
                    0,
                    10
                ]
            },
            {
                "screen_name": "stilacosmetics",
                "name": "stilacosmetics",
                "id": 16697350,
                "id_str": "16697350",
                "indices": [
                    11,
                    26
                ]
            },
            {
                "screen_name": "StilaUK",
                "name": "Stila UK",
                "id": 481447937,
                "id_str": "481447937",
                "indices": [
                    27,
                    35
                ]
            },
            {
                "screen_name": "EsteeLauder",
                "name": "Est\u00e9e Lauder",
                "id": 290081566,
                "id_str": "290081566",
                "indices": [
                    36,
                    48
                ]
            },
            {
                "screen_name": "CHANEL",
                "name": "CHANEL",
                "id": 326359913,
                "id_str": "326359913",
                "indices": [
                    49,
                    56
                ]
            },
            {
                "screen_name": "yslbeauty",
                "name": "YSL Beauty",
                "id": 54559669,
                "id_str": "54559669",
                "indices": [
                    57,
                    67
                ]
            },
            {
                "screen_name": "Smashbox",
                "name": "Smashbox Cosmetics",
                "id": 15613133,
                "id_str": "15613133",
                "indices": [
                    68,
                    77
                ]
            },
            {
                "screen_name": "smashboxuk",
                "name": "Smashbox UK",
                "id": 1117197805,
                "id_str": "1117197805",
                "indices": [
                    78,
                    89
                ]
            },
            {
                "screen_name": "UrbanDecay",
                "name": "Urban Decay",
                "id": 18912121,
                "id_str": "18912121",
                "indices": [
                    90,
                    101
                ]
            },
            {
                "screen_name": "MACcosmetics",
                "name": "MAC Cosmetics",
                "id": 15225275,
                "id_str": "15225275",
                "indices": [
                    102,
                    115
                ]
            }
        ],
        "urls": [
            {
                "url": "https://t.co/HsUQ08oFpy",
                "expanded_url": "https://twitter.com/i/web/status/1237119314383327233",
                "display_url": "twitter.com/i/web/status/1\u2026",
                "indices": [
                    117,
                    140
                ]
            }
        ]
    },
    "metadata": {
        "iso_language_code": "en",
        "result_type": "recent"
    },
    "source": "<a href=\"http://twitter.com/download/android\" rel=\"nofollow\">Twitter for Android</a>",
    "in_reply_to_status_id": 1237118591507587072,
    "in_reply_to_status_id_str": "1237118591507587072",
    "in_reply_to_user_id": 182908791,
    "in_reply_to_user_id_str": "182908791",
    "in_reply_to_screen_name": "_chloehx_",
    "user": {
        "id": 113375902,
        "id_str": "113375902",
        "name": "caroline bartholomew",
        "screen_name": "cazziieglamour",
        "location": "England(london)",
        "description": "Brain aneurysm survivor!!\n pheochromocytoma survivor \nmy hobbies sewing,blogging,vaping.\nhttps://t.co/LmevPl18cu my wish list whats yours?",
        "url": "https://t.co/D6PymfToji",
        "entities": {
            "url": {
                "urls": [
                    {
                        "url": "https://t.co/D6PymfToji",
                        "expanded_url": "http://nomorefrizzyhairdays.blogspot.co.uk/",
                        "display_url": "nomorefrizzyhairdays.blogspot.co.uk",
                        "indices": [
                            0,
                            23
                        ]
                    }
                ]
            },
            "description": {
                "urls": [
                    {
                        "url": "https://t.co/LmevPl18cu",
                        "expanded_url": "https://www.deliverycode.com/wishlist/15048",
                        "display_url": "deliverycode.com/wishlist/15048",
                        "indices": [
                            89,
                            112
                        ]
                    }
                ]
            }
        },
        "protected": false,
        "followers_count": 2103,
        "friends_count": 4402,
        "listed_count": 210,
        "created_at": "Thu Feb 11 15:18:30 +0000 2010",
        "favourites_count": 10923,
        "utc_offset": null,
        "time_zone": null,
        "geo_enabled": false,
        "verified": false,
        "statuses_count": 26084,
        "lang": null,
        "contributors_enabled": false,
        "is_translator": false,
        "is_translation_enabled": false,
        "profile_background_color": "642D8B",
        "profile_background_image_url": "http://abs.twimg.com/images/themes/theme11/bg.gif",
        "profile_background_image_url_https": "https://abs.twimg.com/images/themes/theme11/bg.gif",
        "profile_background_tile": true,
        "profile_image_url": "http://pbs.twimg.com/profile_images/1191086712602210310/d73UVzq-_normal.jpg",
        "profile_image_url_https": "https://pbs.twimg.com/profile_images/1191086712602210310/d73UVzq-_normal.jpg",
        "profile_banner_url": "https://pbs.twimg.com/profile_banners/113375902/1536748162",
        "profile_link_color": "555588",
        "profile_sidebar_border_color": "000000",
        "profile_sidebar_fill_color": "E5507E",
        "profile_text_color": "362720",
        "profile_use_background_image": true,
        "has_extended_profile": false,
        "default_profile": false,
        "default_profile_image": false,
        "following": null,
        "follow_request_sent": null,
        "notifications": null,
        "translator_type": "none"
    },
    "geo": null,
    "coordinates": null,
    "place": null,
    "contributors": null,
    "is_quote_status": false,
    "retweet_count": 0,
    "favorite_count": 0,
    "favorited": false,
    "retweeted": false,
    "lang": "en"
}