{
    "created_at": "Tue Mar 10 14:38:08 +0000 2020",
    "id": 1237387264805797888,
    "id_str": "1237387264805797888",
    "text": ".@Chanel is going greener and shouting louder about its planet-preserving efforts. \ud83d\udd10 https://t.co/RmdmzNtbox",
    "truncated": false,
    "entities": {
        "hashtags": [],
        "symbols": [],
        "user_mentions": [
            {
                "screen_name": "CHANEL",
                "name": "CHANEL",
                "id": 326359913,
                "id_str": "326359913",
                "indices": [
                    1,
                    8
                ]
            }
        ],
        "urls": [
            {
                "url": "https://t.co/RmdmzNtbox",
                "expanded_url": "http://bit.ly/2vU3K02",
                "display_url": "bit.ly/2vU3K02",
                "indices": [
                    85,
                    108
                ]
            }
        ]
    },
    "metadata": {
        "iso_language_code": "en",
        "result_type": "recent"
    },
    "source": "<a href=\"http://www.socialflow.com\" rel=\"nofollow\">SocialFlow</a>",
    "in_reply_to_status_id": null,
    "in_reply_to_status_id_str": null,
    "in_reply_to_user_id": null,
    "in_reply_to_user_id_str": null,
    "in_reply_to_screen_name": null,
    "user": {
        "id": 19784831,
        "id_str": "19784831",
        "name": "WWD",
        "screen_name": "wwd",
        "location": "",
        "description": "Fashion. Beauty. Business.",
        "url": "https://t.co/cPXqYW8i1R",
        "entities": {
            "url": {
                "urls": [
                    {
                        "url": "https://t.co/cPXqYW8i1R",
                        "expanded_url": "http://wwd.com",
                        "display_url": "wwd.com",
                        "indices": [
                            0,
                            23
                        ]
                    }
                ]
            },
            "description": {
                "urls": []
            }
        },
        "protected": false,
        "followers_count": 2863990,
        "friends_count": 477,
        "listed_count": 14354,
        "created_at": "Fri Jan 30 19:56:07 +0000 2009",
        "favourites_count": 1747,
        "utc_offset": null,
        "time_zone": null,
        "geo_enabled": true,
        "verified": true,
        "statuses_count": 84000,
        "lang": null,
        "contributors_enabled": false,
        "is_translator": false,
        "is_translation_enabled": false,
        "profile_background_color": "000000",
        "profile_background_image_url": "http://abs.twimg.com/images/themes/theme4/bg.gif",
        "profile_background_image_url_https": "https://abs.twimg.com/images/themes/theme4/bg.gif",
        "profile_background_tile": true,
        "profile_image_url": "http://pbs.twimg.com/profile_images/821473222700974080/-pKeUvf8_normal.jpg",
        "profile_image_url_https": "https://pbs.twimg.com/profile_images/821473222700974080/-pKeUvf8_normal.jpg",
        "profile_banner_url": "https://pbs.twimg.com/profile_banners/19784831/1525973495",
        "profile_link_color": "55C1D4",
        "profile_sidebar_border_color": "FFFFFF",
        "profile_sidebar_fill_color": "000000",
        "profile_text_color": "A3A3A3",
        "profile_use_background_image": false,
        "has_extended_profile": false,
        "default_profile": false,
        "default_profile_image": false,
        "following": null,
        "follow_request_sent": null,
        "notifications": null,
        "translator_type": "none"
    },
    "geo": null,
    "coordinates": null,
    "place": null,
    "contributors": null,
    "is_quote_status": false,
    "retweet_count": 2,
    "favorite_count": 14,
    "favorited": false,
    "retweeted": false,
    "possibly_sensitive": false,
    "lang": "en"
}