{
    "created_at": "Tue Mar 10 03:02:28 +0000 2020",
    "id": 1237212196095942656,
    "id_str": "1237212196095942656",
    "text": "@CHANEL why isn\u2019t Chanel Soleil Tan de Chanel available in a med/deep tone. It\u2019s a beloved product but a whole othe\u2026 https://t.co/ZUDN62fOCx",
    "truncated": true,
    "entities": {
        "hashtags": [],
        "symbols": [],
        "user_mentions": [
            {
                "screen_name": "CHANEL",
                "name": "CHANEL",
                "id": 326359913,
                "id_str": "326359913",
                "indices": [
                    0,
                    7
                ]
            }
        ],
        "urls": [
            {
                "url": "https://t.co/ZUDN62fOCx",
                "expanded_url": "https://twitter.com/i/web/status/1237212196095942656",
                "display_url": "twitter.com/i/web/status/1\u2026",
                "indices": [
                    117,
                    140
                ]
            }
        ]
    },
    "metadata": {
        "iso_language_code": "en",
        "result_type": "recent"
    },
    "source": "<a href=\"https://mobile.twitter.com\" rel=\"nofollow\">Twitter Web App</a>",
    "in_reply_to_status_id": null,
    "in_reply_to_status_id_str": null,
    "in_reply_to_user_id": 326359913,
    "in_reply_to_user_id_str": "326359913",
    "in_reply_to_screen_name": "CHANEL",
    "user": {
        "id": 28061451,
        "id_str": "28061451",
        "name": "Gardenia Thongsilp",
        "screen_name": "gardenia_t116",
        "location": "Los Angeles, Ca",
        "description": "",
        "url": null,
        "entities": {
            "description": {
                "urls": []
            }
        },
        "protected": false,
        "followers_count": 14,
        "friends_count": 80,
        "listed_count": 0,
        "created_at": "Wed Apr 01 06:06:11 +0000 2009",
        "favourites_count": 856,
        "utc_offset": null,
        "time_zone": null,
        "geo_enabled": false,
        "verified": false,
        "statuses_count": 274,
        "lang": null,
        "contributors_enabled": false,
        "is_translator": false,
        "is_translation_enabled": false,
        "profile_background_color": "000000",
        "profile_background_image_url": "http://abs.twimg.com/images/themes/theme1/bg.png",
        "profile_background_image_url_https": "https://abs.twimg.com/images/themes/theme1/bg.png",
        "profile_background_tile": false,
        "profile_image_url": "http://pbs.twimg.com/profile_images/559505673000472576/b_MTfU7R_normal.png",
        "profile_image_url_https": "https://pbs.twimg.com/profile_images/559505673000472576/b_MTfU7R_normal.png",
        "profile_link_color": "94D487",
        "profile_sidebar_border_color": "000000",
        "profile_sidebar_fill_color": "000000",
        "profile_text_color": "000000",
        "profile_use_background_image": false,
        "has_extended_profile": false,
        "default_profile": false,
        "default_profile_image": false,
        "following": null,
        "follow_request_sent": null,
        "notifications": null,
        "translator_type": "none"
    },
    "geo": null,
    "coordinates": null,
    "place": null,
    "contributors": null,
    "is_quote_status": false,
    "retweet_count": 0,
    "favorite_count": 0,
    "favorited": false,
    "retweeted": false,
    "lang": "en"
}