{
    "created_at": "Tue Mar 10 14:49:36 +0000 2020",
    "id": 1237390154043494401,
    "id_str": "1237390154043494401",
    "text": "@Chanel parfum concept design ....#OTAM https://t.co/wN8yRNQD7o",
    "truncated": false,
    "entities": {
        "hashtags": [
            {
                "text": "OTAM",
                "indices": [
                    34,
                    39
                ]
            }
        ],
        "symbols": [],
        "user_mentions": [
            {
                "screen_name": "CHANEL",
                "name": "CHANEL",
                "id": 326359913,
                "id_str": "326359913",
                "indices": [
                    0,
                    7
                ]
            }
        ],
        "urls": [],
        "media": [
            {
                "id": 1237390150864269313,
                "id_str": "1237390150864269313",
                "indices": [
                    40,
                    63
                ],
                "media_url": "http://pbs.twimg.com/media/ESwXyUbU8AEk4sR.jpg",
                "media_url_https": "https://pbs.twimg.com/media/ESwXyUbU8AEk4sR.jpg",
                "url": "https://t.co/wN8yRNQD7o",
                "display_url": "pic.twitter.com/wN8yRNQD7o",
                "expanded_url": "https://twitter.com/Tobbyturner2/status/1237390154043494401/photo/1",
                "type": "photo",
                "sizes": {
                    "thumb": {
                        "w": 150,
                        "h": 150,
                        "resize": "crop"
                    },
                    "medium": {
                        "w": 899,
                        "h": 615,
                        "resize": "fit"
                    },
                    "large": {
                        "w": 899,
                        "h": 615,
                        "resize": "fit"
                    },
                    "small": {
                        "w": 680,
                        "h": 465,
                        "resize": "fit"
                    }
                }
            }
        ]
    },
    "extended_entities": {
        "media": [
            {
                "id": 1237390150864269313,
                "id_str": "1237390150864269313",
                "indices": [
                    40,
                    63
                ],
                "media_url": "http://pbs.twimg.com/media/ESwXyUbU8AEk4sR.jpg",
                "media_url_https": "https://pbs.twimg.com/media/ESwXyUbU8AEk4sR.jpg",
                "url": "https://t.co/wN8yRNQD7o",
                "display_url": "pic.twitter.com/wN8yRNQD7o",
                "expanded_url": "https://twitter.com/Tobbyturner2/status/1237390154043494401/photo/1",
                "type": "photo",
                "sizes": {
                    "thumb": {
                        "w": 150,
                        "h": 150,
                        "resize": "crop"
                    },
                    "medium": {
                        "w": 899,
                        "h": 615,
                        "resize": "fit"
                    },
                    "large": {
                        "w": 899,
                        "h": 615,
                        "resize": "fit"
                    },
                    "small": {
                        "w": 680,
                        "h": 465,
                        "resize": "fit"
                    }
                }
            }
        ]
    },
    "metadata": {
        "iso_language_code": "fr",
        "result_type": "recent"
    },
    "source": "<a href=\"http://twitter.com/download/android\" rel=\"nofollow\">Twitter for Android</a>",
    "in_reply_to_status_id": null,
    "in_reply_to_status_id_str": null,
    "in_reply_to_user_id": 326359913,
    "in_reply_to_user_id_str": "326359913",
    "in_reply_to_screen_name": "CHANEL",
    "user": {
        "id": 1216089992491159552,
        "id_str": "1216089992491159552",
        "name": "tobbytunner\ud83c\uddf3\ud83c\uddec",
        "screen_name": "Tobbyturner2",
        "location": "Lagos, Nigeria",
        "description": "CAD engineer #dassaultsysteme #solidworks\ud83d\udc68\ud83c\udffb\u200d\ud83d\udcbb",
        "url": null,
        "entities": {
            "description": {
                "urls": []
            }
        },
        "protected": false,
        "followers_count": 112,
        "friends_count": 429,
        "listed_count": 0,
        "created_at": "Sat Jan 11 20:10:35 +0000 2020",
        "favourites_count": 116,
        "utc_offset": null,
        "time_zone": null,
        "geo_enabled": false,
        "verified": false,
        "statuses_count": 23,
        "lang": null,
        "contributors_enabled": false,
        "is_translator": false,
        "is_translation_enabled": false,
        "profile_background_color": "F5F8FA",
        "profile_background_image_url": null,
        "profile_background_image_url_https": null,
        "profile_background_tile": false,
        "profile_image_url": "http://pbs.twimg.com/profile_images/1237417534242074627/WjVP-EEo_normal.jpg",
        "profile_image_url_https": "https://pbs.twimg.com/profile_images/1237417534242074627/WjVP-EEo_normal.jpg",
        "profile_banner_url": "https://pbs.twimg.com/profile_banners/1216089992491159552/1583851687",
        "profile_link_color": "1DA1F2",
        "profile_sidebar_border_color": "C0DEED",
        "profile_sidebar_fill_color": "DDEEF6",
        "profile_text_color": "333333",
        "profile_use_background_image": true,
        "has_extended_profile": true,
        "default_profile": true,
        "default_profile_image": false,
        "following": null,
        "follow_request_sent": null,
        "notifications": null,
        "translator_type": "none"
    },
    "geo": null,
    "coordinates": null,
    "place": null,
    "contributors": null,
    "is_quote_status": false,
    "retweet_count": 0,
    "favorite_count": 1,
    "favorited": false,
    "retweeted": false,
    "possibly_sensitive": false,
    "lang": "fr"
}