{
    "created_at": "Tue Mar 10 10:34:49 +0000 2020",
    "id": 1237326034774765576,
    "id_str": "1237326034774765576",
    "text": "RT @BritishVogue: .@CHANEL ambassador Keira Knightley naturally dipped into the archive of the French house for another prim and pretty whi\u2026",
    "truncated": false,
    "entities": {
        "hashtags": [],
        "symbols": [],
        "user_mentions": [
            {
                "screen_name": "BritishVogue",
                "name": "British Vogue",
                "id": 27844479,
                "id_str": "27844479",
                "indices": [
                    3,
                    16
                ]
            },
            {
                "screen_name": "CHANEL",
                "name": "CHANEL",
                "id": 326359913,
                "id_str": "326359913",
                "indices": [
                    19,
                    26
                ]
            }
        ],
        "urls": []
    },
    "metadata": {
        "iso_language_code": "en",
        "result_type": "recent"
    },
    "source": "<a href=\"http://twitter.com/download/iphone\" rel=\"nofollow\">Twitter for iPhone</a>",
    "in_reply_to_status_id": null,
    "in_reply_to_status_id_str": null,
    "in_reply_to_user_id": null,
    "in_reply_to_user_id_str": null,
    "in_reply_to_screen_name": null,
    "user": {
        "id": 594850925,
        "id_str": "594850925",
        "name": "\u2728",
        "screen_name": "watsonshug",
        "location": "",
        "description": "\u2728\"here's to the ones who dream,foolish as they may seem.\"\u2728 cinephile, bookworm, tv series addicted and feminist.",
        "url": "https://t.co/a9pxWyeBPF",
        "entities": {
            "url": {
                "urls": [
                    {
                        "url": "https://t.co/a9pxWyeBPF",
                        "expanded_url": "https://www.attentionspoilers.it/",
                        "display_url": "attentionspoilers.it",
                        "indices": [
                            0,
                            23
                        ]
                    }
                ]
            },
            "description": {
                "urls": []
            }
        },
        "protected": false,
        "followers_count": 9517,
        "friends_count": 10255,
        "listed_count": 100,
        "created_at": "Wed May 30 19:43:33 +0000 2012",
        "favourites_count": 118232,
        "utc_offset": null,
        "time_zone": null,
        "geo_enabled": false,
        "verified": false,
        "statuses_count": 127677,
        "lang": null,
        "contributors_enabled": false,
        "is_translator": false,
        "is_translation_enabled": false,
        "profile_background_color": "F3F1ED",
        "profile_background_image_url": "http://abs.twimg.com/images/themes/theme1/bg.png",
        "profile_background_image_url_https": "https://abs.twimg.com/images/themes/theme1/bg.png",
        "profile_background_tile": false,
        "profile_image_url": "http://pbs.twimg.com/profile_images/1237126722358738944/gsKJGmN6_normal.jpg",
        "profile_image_url_https": "https://pbs.twimg.com/profile_images/1237126722358738944/gsKJGmN6_normal.jpg",
        "profile_banner_url": "https://pbs.twimg.com/profile_banners/594850925/1583788971",
        "profile_link_color": "000000",
        "profile_sidebar_border_color": "FFFFFF",
        "profile_sidebar_fill_color": "DDEEF6",
        "profile_text_color": "333333",
        "profile_use_background_image": true,
        "has_extended_profile": true,
        "default_profile": false,
        "default_profile_image": false,
        "following": null,
        "follow_request_sent": null,
        "notifications": null,
        "translator_type": "none"
    },
    "geo": null,
    "coordinates": null,
    "place": null,
    "contributors": null,
    "retweeted_status": {
        "created_at": "Tue Mar 10 10:33:40 +0000 2020",
        "id": 1237325744289742849,
        "id_str": "1237325744289742849",
        "text": ".@CHANEL ambassador Keira Knightley naturally dipped into the archive of the French house for another prim and pret\u2026 https://t.co/xD5oTKacLJ",
        "truncated": true,
        "entities": {
            "hashtags": [],
            "symbols": [],
            "user_mentions": [
                {
                    "screen_name": "CHANEL",
                    "name": "CHANEL",
                    "id": 326359913,
                    "id_str": "326359913",
                    "indices": [
                        1,
                        8
                    ]
                }
            ],
            "urls": [
                {
                    "url": "https://t.co/xD5oTKacLJ",
                    "expanded_url": "https://twitter.com/i/web/status/1237325744289742849",
                    "display_url": "twitter.com/i/web/status/1\u2026",
                    "indices": [
                        117,
                        140
                    ]
                }
            ]
        },
        "metadata": {
            "iso_language_code": "en",
            "result_type": "recent"
        },
        "source": "<a href=\"https://www.echobox.com\" rel=\"nofollow\">Echobox Social</a>",
        "in_reply_to_status_id": null,
        "in_reply_to_status_id_str": null,
        "in_reply_to_user_id": null,
        "in_reply_to_user_id_str": null,
        "in_reply_to_screen_name": null,
        "user": {
            "id": 27844479,
            "id_str": "27844479",
            "name": "British Vogue",
            "screen_name": "BritishVogue",
            "location": "London",
            "description": "The official https://t.co/00ft3TZEXg Twitter page. Download the latest issue, or subscribe, here: https://t.co/pbvS7S9IMP",
            "url": "https://t.co/OtiMFiwraN",
            "entities": {
                "url": {
                    "urls": [
                        {
                            "url": "https://t.co/OtiMFiwraN",
                            "expanded_url": "http://www.vogue.co.uk/",
                            "display_url": "vogue.co.uk",
                            "indices": [
                                0,
                                23
                            ]
                        }
                    ]
                },
                "description": {
                    "urls": [
                        {
                            "url": "https://t.co/00ft3TZEXg",
                            "expanded_url": "http://VOGUE.CO.UK",
                            "display_url": "VOGUE.CO.UK",
                            "indices": [
                                13,
                                36
                            ]
                        },
                        {
                            "url": "https://t.co/pbvS7S9IMP",
                            "expanded_url": "http://vogue.uk/download1",
                            "display_url": "vogue.uk/download1",
                            "indices": [
                                98,
                                121
                            ]
                        }
                    ]
                }
            },
            "protected": false,
            "followers_count": 3620382,
            "friends_count": 984,
            "listed_count": 13152,
            "created_at": "Tue Mar 31 09:59:43 +0000 2009",
            "favourites_count": 1012,
            "utc_offset": null,
            "time_zone": null,
            "geo_enabled": true,
            "verified": true,
            "statuses_count": 339828,
            "lang": null,
            "contributors_enabled": false,
            "is_translator": false,
            "is_translation_enabled": true,
            "profile_background_color": "948C8D",
            "profile_background_image_url": "http://abs.twimg.com/images/themes/theme1/bg.png",
            "profile_background_image_url_https": "https://abs.twimg.com/images/themes/theme1/bg.png",
            "profile_background_tile": true,
            "profile_image_url": "http://pbs.twimg.com/profile_images/892295415500025856/y9E8PvLe_normal.jpg",
            "profile_image_url_https": "https://pbs.twimg.com/profile_images/892295415500025856/y9E8PvLe_normal.jpg",
            "profile_banner_url": "https://pbs.twimg.com/profile_banners/27844479/1583476606",
            "profile_link_color": "0099CC",
            "profile_sidebar_border_color": "FFFFFF",
            "profile_sidebar_fill_color": "DDEEF6",
            "profile_text_color": "333333",
            "profile_use_background_image": true,
            "has_extended_profile": false,
            "default_profile": false,
            "default_profile_image": false,
            "following": null,
            "follow_request_sent": null,
            "notifications": null,
            "translator_type": "none"
        },
        "geo": null,
        "coordinates": null,
        "place": null,
        "contributors": null,
        "is_quote_status": false,
        "retweet_count": 5,
        "favorite_count": 30,
        "favorited": false,
        "retweeted": false,
        "possibly_sensitive": false,
        "lang": "en"
    },
    "is_quote_status": false,
    "retweet_count": 5,
    "favorite_count": 0,
    "favorited": false,
    "retweeted": false,
    "lang": "en"
}