{
    "created_at": "Tue Mar 10 13:56:36 +0000 2020",
    "id": 1237376815041298437,
    "id_str": "1237376815041298437",
    "text": "Keira Knightley's @CHANEL dress is perfection  https://t.co/LPiqvJhsbe",
    "truncated": false,
    "entities": {
        "hashtags": [],
        "symbols": [],
        "user_mentions": [
            {
                "screen_name": "CHANEL",
                "name": "CHANEL",
                "id": 326359913,
                "id_str": "326359913",
                "indices": [
                    18,
                    25
                ]
            }
        ],
        "urls": [
            {
                "url": "https://t.co/LPiqvJhsbe",
                "expanded_url": "https://ca.hellomagazine.com/fashion/celebrity-style/2020031086066/keira-knightley-chanel-lace-dress/",
                "display_url": "ca.hellomagazine.com/fashion/celebr\u2026",
                "indices": [
                    47,
                    70
                ]
            }
        ]
    },
    "metadata": {
        "iso_language_code": "en",
        "result_type": "recent"
    },
    "source": "<a href=\"https://mobile.twitter.com\" rel=\"nofollow\">Twitter Web App</a>",
    "in_reply_to_status_id": null,
    "in_reply_to_status_id_str": null,
    "in_reply_to_user_id": null,
    "in_reply_to_user_id_str": null,
    "in_reply_to_screen_name": null,
    "user": {
        "id": 24204481,
        "id_str": "24204481",
        "name": "HELLO! Canada",
        "screen_name": "HelloCanada",
        "location": "Canada",
        "description": "Canada's weekly lifestyle magazine & #1 source for celebrity & entertainment news! https://t.co/VegPQHxfvl",
        "url": null,
        "entities": {
            "description": {
                "urls": [
                    {
                        "url": "https://t.co/VegPQHxfvl",
                        "expanded_url": "http://ca.hellomagazine.com/",
                        "display_url": "ca.hellomagazine.com",
                        "indices": [
                            83,
                            106
                        ]
                    }
                ]
            }
        },
        "protected": false,
        "followers_count": 59987,
        "friends_count": 1006,
        "listed_count": 456,
        "created_at": "Fri Mar 13 16:55:17 +0000 2009",
        "favourites_count": 7741,
        "utc_offset": null,
        "time_zone": null,
        "geo_enabled": true,
        "verified": true,
        "statuses_count": 64498,
        "lang": null,
        "contributors_enabled": false,
        "is_translator": false,
        "is_translation_enabled": false,
        "profile_background_color": "9AE4E8",
        "profile_background_image_url": "http://abs.twimg.com/images/themes/theme1/bg.png",
        "profile_background_image_url_https": "https://abs.twimg.com/images/themes/theme1/bg.png",
        "profile_background_tile": true,
        "profile_image_url": "http://pbs.twimg.com/profile_images/877924481674752001/npm0FEvY_normal.jpg",
        "profile_image_url_https": "https://pbs.twimg.com/profile_images/877924481674752001/npm0FEvY_normal.jpg",
        "profile_banner_url": "https://pbs.twimg.com/profile_banners/24204481/1558010557",
        "profile_link_color": "0084B4",
        "profile_sidebar_border_color": "FFFFFF",
        "profile_sidebar_fill_color": "DDFFCC",
        "profile_text_color": "333333",
        "profile_use_background_image": true,
        "has_extended_profile": false,
        "default_profile": false,
        "default_profile_image": false,
        "following": null,
        "follow_request_sent": null,
        "notifications": null,
        "translator_type": "none"
    },
    "geo": null,
    "coordinates": null,
    "place": null,
    "contributors": null,
    "is_quote_status": false,
    "retweet_count": 0,
    "favorite_count": 0,
    "favorited": false,
    "retweeted": false,
    "possibly_sensitive": false,
    "lang": "en"
}