{
    "created_at": "Tue Mar 10 06:00:11 +0000 2020",
    "id": 1237256921519755264,
    "id_str": "1237256921519755264",
    "text": "As Coco @Chanel once said, \u201cA woman who cuts her hair is about to change her life\"\nhttps://t.co/dmuK2eEEbu",
    "truncated": false,
    "entities": {
        "hashtags": [],
        "symbols": [],
        "user_mentions": [
            {
                "screen_name": "CHANEL",
                "name": "CHANEL",
                "id": 326359913,
                "id_str": "326359913",
                "indices": [
                    8,
                    15
                ]
            }
        ],
        "urls": [
            {
                "url": "https://t.co/dmuK2eEEbu",
                "expanded_url": "https://trib.al/Q8kk08a",
                "display_url": "trib.al/Q8kk08a",
                "indices": [
                    83,
                    106
                ]
            }
        ]
    },
    "metadata": {
        "iso_language_code": "en",
        "result_type": "recent"
    },
    "source": "<a href=\"http://www.socialflow.com\" rel=\"nofollow\">SocialFlow</a>",
    "in_reply_to_status_id": null,
    "in_reply_to_status_id_str": null,
    "in_reply_to_user_id": null,
    "in_reply_to_user_id_str": null,
    "in_reply_to_screen_name": null,
    "user": {
        "id": 595997584,
        "id_str": "595997584",
        "name": "CR FASHION BOOK",
        "screen_name": "CRFASHIONBOOK",
        "location": "New York",
        "description": "A magazine of style & inspiration by Carine Roitfeld",
        "url": "https://t.co/iu1wbado2n",
        "entities": {
            "url": {
                "urls": [
                    {
                        "url": "https://t.co/iu1wbado2n",
                        "expanded_url": "http://www.crfashionbook.com",
                        "display_url": "crfashionbook.com",
                        "indices": [
                            0,
                            23
                        ]
                    }
                ]
            },
            "description": {
                "urls": []
            }
        },
        "protected": false,
        "followers_count": 97622,
        "friends_count": 251,
        "listed_count": 633,
        "created_at": "Fri Jun 01 01:20:37 +0000 2012",
        "favourites_count": 1960,
        "utc_offset": null,
        "time_zone": null,
        "geo_enabled": true,
        "verified": false,
        "statuses_count": 37538,
        "lang": null,
        "contributors_enabled": false,
        "is_translator": false,
        "is_translation_enabled": false,
        "profile_background_color": "F5ABB5",
        "profile_background_image_url": "http://abs.twimg.com/images/themes/theme18/bg.gif",
        "profile_background_image_url_https": "https://abs.twimg.com/images/themes/theme18/bg.gif",
        "profile_background_tile": true,
        "profile_image_url": "http://pbs.twimg.com/profile_images/1231943994730536960/i0JhVI8S_normal.jpg",
        "profile_image_url_https": "https://pbs.twimg.com/profile_images/1231943994730536960/i0JhVI8S_normal.jpg",
        "profile_banner_url": "https://pbs.twimg.com/profile_banners/595997584/1583426202",
        "profile_link_color": "038543",
        "profile_sidebar_border_color": "000000",
        "profile_sidebar_fill_color": "DDEEF6",
        "profile_text_color": "333333",
        "profile_use_background_image": true,
        "has_extended_profile": false,
        "default_profile": false,
        "default_profile_image": false,
        "following": null,
        "follow_request_sent": null,
        "notifications": null,
        "translator_type": "none"
    },
    "geo": null,
    "coordinates": null,
    "place": null,
    "contributors": null,
    "is_quote_status": false,
    "retweet_count": 1,
    "favorite_count": 7,
    "favorited": false,
    "retweeted": false,
    "possibly_sensitive": false,
    "lang": "en"
}