{
    "created_at": "Mon Mar 09 23:49:25 +0000 2020",
    "id": 1237163614777245696,
    "id_str": "1237163614777245696",
    "text": "En couleur et en rubis le tweed est bien loin des gentlemen farmer @CHANEL #highjewelry #tweedcollection #NewPost https://t.co/dGAkBLh7oF",
    "truncated": false,
    "entities": {
        "hashtags": [
            {
                "text": "highjewelry",
                "indices": [
                    75,
                    87
                ]
            },
            {
                "text": "tweedcollection",
                "indices": [
                    88,
                    104
                ]
            },
            {
                "text": "NewPost",
                "indices": [
                    105,
                    113
                ]
            }
        ],
        "symbols": [],
        "user_mentions": [
            {
                "screen_name": "CHANEL",
                "name": "CHANEL",
                "id": 326359913,
                "id_str": "326359913",
                "indices": [
                    67,
                    74
                ]
            }
        ],
        "urls": [],
        "media": [
            {
                "id": 1237163587552100358,
                "id_str": "1237163587552100358",
                "indices": [
                    114,
                    137
                ],
                "media_url": "http://pbs.twimg.com/ext_tw_video_thumb/1237163587552100358/pu/img/2wcI8I0hSGRUEIvA.jpg",
                "media_url_https": "https://pbs.twimg.com/ext_tw_video_thumb/1237163587552100358/pu/img/2wcI8I0hSGRUEIvA.jpg",
                "url": "https://t.co/dGAkBLh7oF",
                "display_url": "pic.twitter.com/dGAkBLh7oF",
                "expanded_url": "https://twitter.com/anne2jotemps/status/1237163614777245696/video/1",
                "type": "photo",
                "sizes": {
                    "thumb": {
                        "w": 150,
                        "h": 150,
                        "resize": "crop"
                    },
                    "small": {
                        "w": 680,
                        "h": 680,
                        "resize": "fit"
                    },
                    "medium": {
                        "w": 720,
                        "h": 720,
                        "resize": "fit"
                    },
                    "large": {
                        "w": 720,
                        "h": 720,
                        "resize": "fit"
                    }
                }
            }
        ]
    },
    "extended_entities": {
        "media": [
            {
                "id": 1237163587552100358,
                "id_str": "1237163587552100358",
                "indices": [
                    114,
                    137
                ],
                "media_url": "http://pbs.twimg.com/ext_tw_video_thumb/1237163587552100358/pu/img/2wcI8I0hSGRUEIvA.jpg",
                "media_url_https": "https://pbs.twimg.com/ext_tw_video_thumb/1237163587552100358/pu/img/2wcI8I0hSGRUEIvA.jpg",
                "url": "https://t.co/dGAkBLh7oF",
                "display_url": "pic.twitter.com/dGAkBLh7oF",
                "expanded_url": "https://twitter.com/anne2jotemps/status/1237163614777245696/video/1",
                "type": "video",
                "sizes": {
                    "thumb": {
                        "w": 150,
                        "h": 150,
                        "resize": "crop"
                    },
                    "small": {
                        "w": 680,
                        "h": 680,
                        "resize": "fit"
                    },
                    "medium": {
                        "w": 720,
                        "h": 720,
                        "resize": "fit"
                    },
                    "large": {
                        "w": 720,
                        "h": 720,
                        "resize": "fit"
                    }
                },
                "video_info": {
                    "aspect_ratio": [
                        1,
                        1
                    ],
                    "duration_millis": 4489,
                    "variants": [
                        {
                            "bitrate": 1280000,
                            "content_type": "video/mp4",
                            "url": "https://video.twimg.com/ext_tw_video/1237163587552100358/pu/vid/720x720/on88DJD9sEww6_Gw.mp4?tag=10"
                        },
                        {
                            "bitrate": 832000,
                            "content_type": "video/mp4",
                            "url": "https://video.twimg.com/ext_tw_video/1237163587552100358/pu/vid/480x480/TNehGzt-4XHEicek.mp4?tag=10"
                        },
                        {
                            "content_type": "application/x-mpegURL",
                            "url": "https://video.twimg.com/ext_tw_video/1237163587552100358/pu/pl/wLwfDawKfxpPHlyN.m3u8?tag=10"
                        },
                        {
                            "bitrate": 432000,
                            "content_type": "video/mp4",
                            "url": "https://video.twimg.com/ext_tw_video/1237163587552100358/pu/vid/320x320/owTxTxOiBSdp9T4y.mp4?tag=10"
                        }
                    ]
                },
                "additional_media_info": {
                    "monetizable": false
                }
            }
        ]
    },
    "metadata": {
        "iso_language_code": "fr",
        "result_type": "recent"
    },
    "source": "<a href=\"http://twitter.com/download/android\" rel=\"nofollow\">Twitter for Android</a>",
    "in_reply_to_status_id": 1237163184668147712,
    "in_reply_to_status_id_str": "1237163184668147712",
    "in_reply_to_user_id": 3378959615,
    "in_reply_to_user_id_str": "3378959615",
    "in_reply_to_screen_name": "anne2jotemps",
    "user": {
        "id": 3378959615,
        "id_str": "3378959615",
        "name": "il \u00e9tait une fois le bijou",
        "screen_name": "anne2jotemps",
        "location": "Paris, France",
        "description": "#iletaitunefoislebijou : c'est un #podcast et un #blogjoaillerie",
        "url": "https://t.co/uBwaXrTLXA",
        "entities": {
            "url": {
                "urls": [
                    {
                        "url": "https://t.co/uBwaXrTLXA",
                        "expanded_url": "https://www.iletaitunefoislebijou.fr",
                        "display_url": "iletaitunefoislebijou.fr",
                        "indices": [
                            0,
                            23
                        ]
                    }
                ]
            },
            "description": {
                "urls": []
            }
        },
        "protected": false,
        "followers_count": 309,
        "friends_count": 1006,
        "listed_count": 8,
        "created_at": "Thu Jul 16 16:01:57 +0000 2015",
        "favourites_count": 2520,
        "utc_offset": null,
        "time_zone": null,
        "geo_enabled": true,
        "verified": false,
        "statuses_count": 3162,
        "lang": null,
        "contributors_enabled": false,
        "is_translator": false,
        "is_translation_enabled": false,
        "profile_background_color": "000000",
        "profile_background_image_url": "http://abs.twimg.com/images/themes/theme1/bg.png",
        "profile_background_image_url_https": "https://abs.twimg.com/images/themes/theme1/bg.png",
        "profile_background_tile": false,
        "profile_image_url": "http://pbs.twimg.com/profile_images/1157241124345536517/7BPwCHle_normal.jpg",
        "profile_image_url_https": "https://pbs.twimg.com/profile_images/1157241124345536517/7BPwCHle_normal.jpg",
        "profile_banner_url": "https://pbs.twimg.com/profile_banners/3378959615/1582716277",
        "profile_link_color": "DD2E44",
        "profile_sidebar_border_color": "000000",
        "profile_sidebar_fill_color": "000000",
        "profile_text_color": "000000",
        "profile_use_background_image": false,
        "has_extended_profile": true,
        "default_profile": false,
        "default_profile_image": false,
        "following": null,
        "follow_request_sent": null,
        "notifications": null,
        "translator_type": "none"
    },
    "geo": null,
    "coordinates": null,
    "place": null,
    "contributors": null,
    "is_quote_status": false,
    "retweet_count": 0,
    "favorite_count": 0,
    "favorited": false,
    "retweeted": false,
    "possibly_sensitive": false,
    "lang": "fr"
}