{
    "created_at": "Tue Mar 10 00:08:09 +0000 2020",
    "id": 1237168326746333186,
    "id_str": "1237168326746333186",
    "text": "RT @CondeNast: Singer and rapper Jennie Kim from girl band @ygofficialblink, photographed for @VogueKorea, wearing @CHANEL. https://t.co/aB\u2026",
    "truncated": false,
    "entities": {
        "hashtags": [],
        "symbols": [],
        "user_mentions": [
            {
                "screen_name": "CondeNast",
                "name": "Cond\u00e9 Nast",
                "id": 266187076,
                "id_str": "266187076",
                "indices": [
                    3,
                    13
                ]
            },
            {
                "screen_name": "ygofficialblink",
                "name": "BLACKPINK GLOBAL BLINK",
                "id": 878204370403250176,
                "id_str": "878204370403250176",
                "indices": [
                    59,
                    75
                ]
            },
            {
                "screen_name": "VogueKorea",
                "name": "VOGUE KOREA",
                "id": 159102271,
                "id_str": "159102271",
                "indices": [
                    94,
                    105
                ]
            },
            {
                "screen_name": "CHANEL",
                "name": "CHANEL",
                "id": 326359913,
                "id_str": "326359913",
                "indices": [
                    115,
                    122
                ]
            }
        ],
        "urls": []
    },
    "metadata": {
        "iso_language_code": "en",
        "result_type": "recent"
    },
    "source": "<a href=\"http://twitter.com/download/android\" rel=\"nofollow\">Twitter for Android</a>",
    "in_reply_to_status_id": null,
    "in_reply_to_status_id_str": null,
    "in_reply_to_user_id": null,
    "in_reply_to_user_id_str": null,
    "in_reply_to_screen_name": null,
    "user": {
        "id": 846859761286967297,
        "id_str": "846859761286967297",
        "name": "cindeyy7\u20e3",
        "screen_name": "cindyalcayde",
        "location": "",
        "description": "Jungkookie \ud83d\ude0d \ud83d\ude0d \ud83d\ude0d",
        "url": null,
        "entities": {
            "description": {
                "urls": []
            }
        },
        "protected": false,
        "followers_count": 12,
        "friends_count": 271,
        "listed_count": 0,
        "created_at": "Tue Mar 28 23:01:15 +0000 2017",
        "favourites_count": 2384,
        "utc_offset": null,
        "time_zone": null,
        "geo_enabled": true,
        "verified": false,
        "statuses_count": 1001,
        "lang": null,
        "contributors_enabled": false,
        "is_translator": false,
        "is_translation_enabled": false,
        "profile_background_color": "F5F8FA",
        "profile_background_image_url": null,
        "profile_background_image_url_https": null,
        "profile_background_tile": false,
        "profile_image_url": "http://pbs.twimg.com/profile_images/1227434704682528768/PvCo0lmh_normal.jpg",
        "profile_image_url_https": "https://pbs.twimg.com/profile_images/1227434704682528768/PvCo0lmh_normal.jpg",
        "profile_banner_url": "https://pbs.twimg.com/profile_banners/846859761286967297/1574527591",
        "profile_link_color": "1DA1F2",
        "profile_sidebar_border_color": "C0DEED",
        "profile_sidebar_fill_color": "DDEEF6",
        "profile_text_color": "333333",
        "profile_use_background_image": true,
        "has_extended_profile": false,
        "default_profile": true,
        "default_profile_image": false,
        "following": null,
        "follow_request_sent": null,
        "notifications": null,
        "translator_type": "none"
    },
    "geo": null,
    "coordinates": null,
    "place": null,
    "contributors": null,
    "retweeted_status": {
        "created_at": "Thu Feb 27 12:32:05 +0000 2020",
        "id": 1233006888918429696,
        "id_str": "1233006888918429696",
        "text": "Singer and rapper Jennie Kim from girl band @ygofficialblink, photographed for @VogueKorea, wearing @CHANEL. https://t.co/aBbl0cWb8B",
        "truncated": false,
        "entities": {
            "hashtags": [],
            "symbols": [],
            "user_mentions": [
                {
                    "screen_name": "ygofficialblink",
                    "name": "BLACKPINK GLOBAL BLINK",
                    "id": 878204370403250176,
                    "id_str": "878204370403250176",
                    "indices": [
                        44,
                        60
                    ]
                },
                {
                    "screen_name": "VogueKorea",
                    "name": "VOGUE KOREA",
                    "id": 159102271,
                    "id_str": "159102271",
                    "indices": [
                        79,
                        90
                    ]
                },
                {
                    "screen_name": "CHANEL",
                    "name": "CHANEL",
                    "id": 326359913,
                    "id_str": "326359913",
                    "indices": [
                        100,
                        107
                    ]
                }
            ],
            "urls": [],
            "media": [
                {
                    "id": 1233006883650318339,
                    "id_str": "1233006883650318339",
                    "indices": [
                        109,
                        132
                    ],
                    "media_url": "http://pbs.twimg.com/media/ERyFOlmWsAMwdPH.jpg",
                    "media_url_https": "https://pbs.twimg.com/media/ERyFOlmWsAMwdPH.jpg",
                    "url": "https://t.co/aBbl0cWb8B",
                    "display_url": "pic.twitter.com/aBbl0cWb8B",
                    "expanded_url": "https://twitter.com/CondeNast/status/1233006888918429696/photo/1",
                    "type": "photo",
                    "sizes": {
                        "large": {
                            "w": 1000,
                            "h": 1250,
                            "resize": "fit"
                        },
                        "thumb": {
                            "w": 150,
                            "h": 150,
                            "resize": "crop"
                        },
                        "small": {
                            "w": 544,
                            "h": 680,
                            "resize": "fit"
                        },
                        "medium": {
                            "w": 960,
                            "h": 1200,
                            "resize": "fit"
                        }
                    }
                }
            ]
        },
        "extended_entities": {
            "media": [
                {
                    "id": 1233006883650318339,
                    "id_str": "1233006883650318339",
                    "indices": [
                        109,
                        132
                    ],
                    "media_url": "http://pbs.twimg.com/media/ERyFOlmWsAMwdPH.jpg",
                    "media_url_https": "https://pbs.twimg.com/media/ERyFOlmWsAMwdPH.jpg",
                    "url": "https://t.co/aBbl0cWb8B",
                    "display_url": "pic.twitter.com/aBbl0cWb8B",
                    "expanded_url": "https://twitter.com/CondeNast/status/1233006888918429696/photo/1",
                    "type": "photo",
                    "sizes": {
                        "large": {
                            "w": 1000,
                            "h": 1250,
                            "resize": "fit"
                        },
                        "thumb": {
                            "w": 150,
                            "h": 150,
                            "resize": "crop"
                        },
                        "small": {
                            "w": 544,
                            "h": 680,
                            "resize": "fit"
                        },
                        "medium": {
                            "w": 960,
                            "h": 1200,
                            "resize": "fit"
                        }
                    }
                }
            ]
        },
        "metadata": {
            "iso_language_code": "en",
            "result_type": "recent"
        },
        "source": "<a href=\"https://mobile.twitter.com\" rel=\"nofollow\">Twitter Web App</a>",
        "in_reply_to_status_id": null,
        "in_reply_to_status_id_str": null,
        "in_reply_to_user_id": null,
        "in_reply_to_user_id_str": null,
        "in_reply_to_screen_name": null,
        "user": {
            "id": 266187076,
            "id_str": "266187076",
            "name": "Cond\u00e9 Nast",
            "screen_name": "CondeNast",
            "location": "1 World Trade Center, NYC",
            "description": "Cond\u00e9 Nast is a 21st century global media company, home to iconic brands including Vogue, GQ, The New Yorker, Vanity Fair, Glamour and Wired.",
            "url": "http://t.co/X78k7dGxj7",
            "entities": {
                "url": {
                    "urls": [
                        {
                            "url": "http://t.co/X78k7dGxj7",
                            "expanded_url": "http://www.condenast.com",
                            "display_url": "condenast.com",
                            "indices": [
                                0,
                                22
                            ]
                        }
                    ]
                },
                "description": {
                    "urls": []
                }
            },
            "protected": false,
            "followers_count": 94943,
            "friends_count": 377,
            "listed_count": 1406,
            "created_at": "Mon Mar 14 20:31:48 +0000 2011",
            "favourites_count": 1203,
            "utc_offset": null,
            "time_zone": null,
            "geo_enabled": true,
            "verified": true,
            "statuses_count": 10547,
            "lang": null,
            "contributors_enabled": false,
            "is_translator": false,
            "is_translation_enabled": false,
            "profile_background_color": "000000",
            "profile_background_image_url": "http://abs.twimg.com/images/themes/theme1/bg.png",
            "profile_background_image_url_https": "https://abs.twimg.com/images/themes/theme1/bg.png",
            "profile_background_tile": true,
            "profile_image_url": "http://pbs.twimg.com/profile_images/1192117165845073921/s0m284Mg_normal.png",
            "profile_image_url_https": "https://pbs.twimg.com/profile_images/1192117165845073921/s0m284Mg_normal.png",
            "profile_banner_url": "https://pbs.twimg.com/profile_banners/266187076/1580323460",
            "profile_link_color": "EE3224",
            "profile_sidebar_border_color": "000000",
            "profile_sidebar_fill_color": "DDEEF6",
            "profile_text_color": "333333",
            "profile_use_background_image": true,
            "has_extended_profile": false,
            "default_profile": false,
            "default_profile_image": false,
            "following": null,
            "follow_request_sent": null,
            "notifications": null,
            "translator_type": "none"
        },
        "geo": null,
        "coordinates": null,
        "place": null,
        "contributors": null,
        "is_quote_status": false,
        "retweet_count": 2664,
        "favorite_count": 7992,
        "favorited": false,
        "retweeted": false,
        "possibly_sensitive": false,
        "lang": "en"
    },
    "is_quote_status": false,
    "retweet_count": 2664,
    "favorite_count": 0,
    "favorited": false,
    "retweeted": false,
    "lang": "en"
}