{
    "created_at": "Tue Mar 10 08:14:04 +0000 2020",
    "id": 1237290610803068928,
    "id_str": "1237290610803068928",
    "text": "Ecco a Voi il meraviglioso nude look firmato @CHANEL \u2764\ufe0f da riprodurre in poche (e semplici) mosse...\nArticolo:\u2026 https://t.co/dry3snrb9D",
    "truncated": true,
    "entities": {
        "hashtags": [],
        "symbols": [],
        "user_mentions": [
            {
                "screen_name": "CHANEL",
                "name": "CHANEL",
                "id": 326359913,
                "id_str": "326359913",
                "indices": [
                    45,
                    52
                ]
            }
        ],
        "urls": [
            {
                "url": "https://t.co/dry3snrb9D",
                "expanded_url": "https://twitter.com/i/web/status/1237290610803068928",
                "display_url": "twitter.com/i/web/status/1\u2026",
                "indices": [
                    112,
                    135
                ]
            }
        ]
    },
    "metadata": {
        "iso_language_code": "it",
        "result_type": "recent"
    },
    "source": "<a href=\"https://mobile.twitter.com\" rel=\"nofollow\">Twitter Web App</a>",
    "in_reply_to_status_id": null,
    "in_reply_to_status_id_str": null,
    "in_reply_to_user_id": null,
    "in_reply_to_user_id_str": null,
    "in_reply_to_screen_name": null,
    "user": {
        "id": 615446374,
        "id_str": "615446374",
        "name": "@beautymarinad",
        "screen_name": "BeautyMarinaD",
        "location": "Italy",
        "description": "luxury & beauty expert\nIG: https://t.co/Jkm05r1YBl\nFB: https://t.co/3bVosZ6d4h",
        "url": "https://t.co/ctv7QFglyG",
        "entities": {
            "url": {
                "urls": [
                    {
                        "url": "https://t.co/ctv7QFglyG",
                        "expanded_url": "https://www.beautymarinad.com",
                        "display_url": "beautymarinad.com",
                        "indices": [
                            0,
                            23
                        ]
                    }
                ]
            },
            "description": {
                "urls": [
                    {
                        "url": "https://t.co/Jkm05r1YBl",
                        "expanded_url": "http://instagram.com/beautymarinad/",
                        "display_url": "instagram.com/beautymarinad/",
                        "indices": [
                            27,
                            50
                        ]
                    },
                    {
                        "url": "https://t.co/3bVosZ6d4h",
                        "expanded_url": "http://facebook.com/beautymarinad/",
                        "display_url": "facebook.com/beautymarinad/",
                        "indices": [
                            55,
                            78
                        ]
                    }
                ]
            }
        },
        "protected": false,
        "followers_count": 821,
        "friends_count": 310,
        "listed_count": 32,
        "created_at": "Fri Jun 22 19:06:23 +0000 2012",
        "favourites_count": 1919,
        "utc_offset": null,
        "time_zone": null,
        "geo_enabled": false,
        "verified": false,
        "statuses_count": 2221,
        "lang": null,
        "contributors_enabled": false,
        "is_translator": false,
        "is_translation_enabled": false,
        "profile_background_color": "030303",
        "profile_background_image_url": "http://abs.twimg.com/images/themes/theme1/bg.png",
        "profile_background_image_url_https": "https://abs.twimg.com/images/themes/theme1/bg.png",
        "profile_background_tile": false,
        "profile_image_url": "http://pbs.twimg.com/profile_images/1079030475908435969/I9OWyaT3_normal.jpg",
        "profile_image_url_https": "https://pbs.twimg.com/profile_images/1079030475908435969/I9OWyaT3_normal.jpg",
        "profile_banner_url": "https://pbs.twimg.com/profile_banners/615446374/1504278099",
        "profile_link_color": "708090",
        "profile_sidebar_border_color": "FFFFFF",
        "profile_sidebar_fill_color": "A37A67",
        "profile_text_color": "E3C29D",
        "profile_use_background_image": true,
        "has_extended_profile": false,
        "default_profile": false,
        "default_profile_image": false,
        "following": null,
        "follow_request_sent": null,
        "notifications": null,
        "translator_type": "none"
    },
    "geo": null,
    "coordinates": null,
    "place": null,
    "contributors": null,
    "is_quote_status": false,
    "retweet_count": 0,
    "favorite_count": 3,
    "favorited": false,
    "retweeted": false,
    "possibly_sensitive": false,
    "lang": "it"
}