{
    "created_at": "Tue Mar 10 10:39:58 +0000 2020",
    "id": 1237327329128480768,
    "id_str": "1237327329128480768",
    "text": "Mademoiselle (casi) nunca fue pol\u00edticamente correcta. Y hoy todo el mundo anda muy susceptible... @CHANEL in \ud83c\udde8\ud83c\uddf3 \nhttps://t.co/h3HANshpDf",
    "truncated": false,
    "entities": {
        "hashtags": [],
        "symbols": [],
        "user_mentions": [
            {
                "screen_name": "CHANEL",
                "name": "CHANEL",
                "id": 326359913,
                "id_str": "326359913",
                "indices": [
                    98,
                    105
                ]
            }
        ],
        "urls": [
            {
                "url": "https://t.co/h3HANshpDf",
                "expanded_url": "https://jingdaily.com/chanels-international-womens-day-ad-flop/?utm_source=Jing+Daily+Subscriber+List&utm_campaign=cc7de9c950-EMAIL_CAMPAIGN_2017_09_13_COPY_01&utm_medium=email&utm_term=0_8dec01cd8d-cc7de9c950-408314361",
                "display_url": "jingdaily.com/chanels-intern\u2026",
                "indices": [
                    113,
                    136
                ]
            }
        ]
    },
    "metadata": {
        "iso_language_code": "es",
        "result_type": "recent"
    },
    "source": "<a href=\"http://twitter.com/download/iphone\" rel=\"nofollow\">Twitter for iPhone</a>",
    "in_reply_to_status_id": null,
    "in_reply_to_status_id_str": null,
    "in_reply_to_user_id": null,
    "in_reply_to_user_id_str": null,
    "in_reply_to_screen_name": null,
    "user": {
        "id": 128298155,
        "id_str": "128298155",
        "name": "iNMACULADA URREA",
        "screen_name": "InmaculadaUrrea",
        "location": "Between the North's cows & the world",
        "description": "{ Unusual Branding Consultant } Dog & tea lover. I believe in Culture. Fashion & Brands are Culture. Culture creates Identity.",
        "url": "https://t.co/Qfxse4SGko",
        "entities": {
            "url": {
                "urls": [
                    {
                        "url": "https://t.co/Qfxse4SGko",
                        "expanded_url": "http://www.inmaculadaurrea.com",
                        "display_url": "inmaculadaurrea.com",
                        "indices": [
                            0,
                            23
                        ]
                    }
                ]
            },
            "description": {
                "urls": []
            }
        },
        "protected": false,
        "followers_count": 4404,
        "friends_count": 401,
        "listed_count": 300,
        "created_at": "Wed Mar 31 18:22:39 +0000 2010",
        "favourites_count": 3574,
        "utc_offset": null,
        "time_zone": null,
        "geo_enabled": false,
        "verified": false,
        "statuses_count": 62842,
        "lang": null,
        "contributors_enabled": false,
        "is_translator": false,
        "is_translation_enabled": false,
        "profile_background_color": "5C097D",
        "profile_background_image_url": "http://abs.twimg.com/images/themes/theme1/bg.png",
        "profile_background_image_url_https": "https://abs.twimg.com/images/themes/theme1/bg.png",
        "profile_background_tile": false,
        "profile_image_url": "http://pbs.twimg.com/profile_images/2093317380/Twitter_normal.jpg",
        "profile_image_url_https": "https://pbs.twimg.com/profile_images/2093317380/Twitter_normal.jpg",
        "profile_banner_url": "https://pbs.twimg.com/profile_banners/128298155/1514657823",
        "profile_link_color": "E81C4F",
        "profile_sidebar_border_color": "FFFFFF",
        "profile_sidebar_fill_color": "FAF5FA",
        "profile_text_color": "050505",
        "profile_use_background_image": false,
        "has_extended_profile": false,
        "default_profile": false,
        "default_profile_image": false,
        "following": null,
        "follow_request_sent": null,
        "notifications": null,
        "translator_type": "none"
    },
    "geo": null,
    "coordinates": null,
    "place": null,
    "contributors": null,
    "is_quote_status": false,
    "retweet_count": 1,
    "favorite_count": 1,
    "favorited": false,
    "retweeted": false,
    "possibly_sensitive": false,
    "lang": "es"
}