{
    "created_at": "Tue Mar 10 09:45:03 +0000 2020",
    "id": 1237313510859735040,
    "id_str": "1237313510859735040",
    "text": "RT @LyleC123: Cosmopolitan 09/03/20 Update:\n\n\"BP may be setting records &amp; trends as a group, but there is one particular member that's maki\u2026",
    "truncated": false,
    "entities": {
        "hashtags": [],
        "symbols": [],
        "user_mentions": [
            {
                "screen_name": "LyleC123",
                "name": "Lyle",
                "id": 1179154801747091456,
                "id_str": "1179154801747091456",
                "indices": [
                    3,
                    12
                ]
            }
        ],
        "urls": []
    },
    "metadata": {
        "iso_language_code": "en",
        "result_type": "recent"
    },
    "source": "<a href=\"http://twitter.com/download/android\" rel=\"nofollow\">Twitter for Android</a>",
    "in_reply_to_status_id": null,
    "in_reply_to_status_id_str": null,
    "in_reply_to_user_id": null,
    "in_reply_to_user_id_str": null,
    "in_reply_to_screen_name": null,
    "user": {
        "id": 703011967158587392,
        "id_str": "703011967158587392",
        "name": "BLACKPINK\ud83d\udc96\ud83d\udda4\ud83d\udc51\ud83e\udd70",
        "screen_name": "Antonialetycia1",
        "location": "Fortaleza, Brasil",
        "description": "BLACKPINK blink de paix\u00e3o ce-fortaleza\ud83c\udde7\ud83c\uddf7\ud83d\ude18\ud83d\ude0d",
        "url": null,
        "entities": {
            "description": {
                "urls": []
            }
        },
        "protected": false,
        "followers_count": 238,
        "friends_count": 470,
        "listed_count": 1,
        "created_at": "Fri Feb 26 00:21:29 +0000 2016",
        "favourites_count": 118138,
        "utc_offset": null,
        "time_zone": null,
        "geo_enabled": false,
        "verified": false,
        "statuses_count": 80311,
        "lang": null,
        "contributors_enabled": false,
        "is_translator": false,
        "is_translation_enabled": false,
        "profile_background_color": "F5F8FA",
        "profile_background_image_url": null,
        "profile_background_image_url_https": null,
        "profile_background_tile": false,
        "profile_image_url": "http://pbs.twimg.com/profile_images/1195738056965398528/iPi-GfWQ_normal.jpg",
        "profile_image_url_https": "https://pbs.twimg.com/profile_images/1195738056965398528/iPi-GfWQ_normal.jpg",
        "profile_banner_url": "https://pbs.twimg.com/profile_banners/703011967158587392/1573921144",
        "profile_link_color": "1DA1F2",
        "profile_sidebar_border_color": "C0DEED",
        "profile_sidebar_fill_color": "DDEEF6",
        "profile_text_color": "333333",
        "profile_use_background_image": true,
        "has_extended_profile": false,
        "default_profile": true,
        "default_profile_image": false,
        "following": null,
        "follow_request_sent": null,
        "notifications": null,
        "translator_type": "none"
    },
    "geo": null,
    "coordinates": null,
    "place": null,
    "contributors": null,
    "retweeted_status": {
        "created_at": "Mon Mar 09 14:01:28 +0000 2020",
        "id": 1237015650083557377,
        "id_str": "1237015650083557377",
        "text": "Cosmopolitan 09/03/20 Update:\n\n\"BP may be setting records &amp; trends as a group, but there is one particular member t\u2026 https://t.co/zokeYURxkr",
        "truncated": true,
        "entities": {
            "hashtags": [],
            "symbols": [],
            "user_mentions": [],
            "urls": [
                {
                    "url": "https://t.co/zokeYURxkr",
                    "expanded_url": "https://twitter.com/i/web/status/1237015650083557377",
                    "display_url": "twitter.com/i/web/status/1\u2026",
                    "indices": [
                        121,
                        144
                    ]
                }
            ]
        },
        "metadata": {
            "iso_language_code": "en",
            "result_type": "recent"
        },
        "source": "<a href=\"https://mobile.twitter.com\" rel=\"nofollow\">Twitter Web App</a>",
        "in_reply_to_status_id": null,
        "in_reply_to_status_id_str": null,
        "in_reply_to_user_id": null,
        "in_reply_to_user_id_str": null,
        "in_reply_to_screen_name": null,
        "user": {
            "id": 1179154801747091456,
            "id_str": "1179154801747091456",
            "name": "Lyle",
            "screen_name": "LyleC123",
            "location": "",
            "description": "",
            "url": null,
            "entities": {
                "description": {
                    "urls": []
                }
            },
            "protected": false,
            "followers_count": 1335,
            "friends_count": 71,
            "listed_count": 9,
            "created_at": "Tue Oct 01 22:04:02 +0000 2019",
            "favourites_count": 6715,
            "utc_offset": null,
            "time_zone": null,
            "geo_enabled": false,
            "verified": false,
            "statuses_count": 945,
            "lang": null,
            "contributors_enabled": false,
            "is_translator": false,
            "is_translation_enabled": false,
            "profile_background_color": "F5F8FA",
            "profile_background_image_url": null,
            "profile_background_image_url_https": null,
            "profile_background_tile": false,
            "profile_image_url": "http://pbs.twimg.com/profile_images/1228284102882627585/Tf2HletL_normal.jpg",
            "profile_image_url_https": "https://pbs.twimg.com/profile_images/1228284102882627585/Tf2HletL_normal.jpg",
            "profile_banner_url": "https://pbs.twimg.com/profile_banners/1179154801747091456/1576938173",
            "profile_link_color": "1DA1F2",
            "profile_sidebar_border_color": "C0DEED",
            "profile_sidebar_fill_color": "DDEEF6",
            "profile_text_color": "333333",
            "profile_use_background_image": true,
            "has_extended_profile": false,
            "default_profile": true,
            "default_profile_image": false,
            "following": null,
            "follow_request_sent": null,
            "notifications": null,
            "translator_type": "none"
        },
        "geo": null,
        "coordinates": null,
        "place": null,
        "contributors": null,
        "is_quote_status": false,
        "retweet_count": 89,
        "favorite_count": 196,
        "favorited": false,
        "retweeted": false,
        "possibly_sensitive": false,
        "lang": "en"
    },
    "is_quote_status": false,
    "retweet_count": 89,
    "favorite_count": 0,
    "favorited": false,
    "retweeted": false,
    "lang": "en"
}