{
    "created_at": "Tue Mar 10 08:11:12 +0000 2020",
    "id": 1237289889412132865,
    "id_str": "1237289889412132865",
    "text": "@CHANEL pr\u00e9sente la J12 Paradoxe\n\nhttps://t.co/j7T22P4kUd https://t.co/8GoA0WBbG6",
    "truncated": false,
    "entities": {
        "hashtags": [],
        "symbols": [],
        "user_mentions": [
            {
                "screen_name": "CHANEL",
                "name": "CHANEL",
                "id": 326359913,
                "id_str": "326359913",
                "indices": [
                    0,
                    7
                ]
            }
        ],
        "urls": [
            {
                "url": "https://t.co/j7T22P4kUd",
                "expanded_url": "https://passion-horlogere.com/chanel-presente-la-j12-paradoxe/",
                "display_url": "passion-horlogere.com/chanel-present\u2026",
                "indices": [
                    34,
                    57
                ]
            }
        ],
        "media": [
            {
                "id": 1237289846722494464,
                "id_str": "1237289846722494464",
                "indices": [
                    58,
                    81
                ],
                "media_url": "http://pbs.twimg.com/media/ESu8j2YXgAA4VCQ.jpg",
                "media_url_https": "https://pbs.twimg.com/media/ESu8j2YXgAA4VCQ.jpg",
                "url": "https://t.co/8GoA0WBbG6",
                "display_url": "pic.twitter.com/8GoA0WBbG6",
                "expanded_url": "https://twitter.com/Passionhorloger/status/1237289889412132865/photo/1",
                "type": "photo",
                "sizes": {
                    "small": {
                        "w": 447,
                        "h": 680,
                        "resize": "fit"
                    },
                    "thumb": {
                        "w": 150,
                        "h": 150,
                        "resize": "crop"
                    },
                    "medium": {
                        "w": 768,
                        "h": 1169,
                        "resize": "fit"
                    },
                    "large": {
                        "w": 768,
                        "h": 1169,
                        "resize": "fit"
                    }
                }
            }
        ]
    },
    "extended_entities": {
        "media": [
            {
                "id": 1237289846722494464,
                "id_str": "1237289846722494464",
                "indices": [
                    58,
                    81
                ],
                "media_url": "http://pbs.twimg.com/media/ESu8j2YXgAA4VCQ.jpg",
                "media_url_https": "https://pbs.twimg.com/media/ESu8j2YXgAA4VCQ.jpg",
                "url": "https://t.co/8GoA0WBbG6",
                "display_url": "pic.twitter.com/8GoA0WBbG6",
                "expanded_url": "https://twitter.com/Passionhorloger/status/1237289889412132865/photo/1",
                "type": "photo",
                "sizes": {
                    "small": {
                        "w": 447,
                        "h": 680,
                        "resize": "fit"
                    },
                    "thumb": {
                        "w": 150,
                        "h": 150,
                        "resize": "crop"
                    },
                    "medium": {
                        "w": 768,
                        "h": 1169,
                        "resize": "fit"
                    },
                    "large": {
                        "w": 768,
                        "h": 1169,
                        "resize": "fit"
                    }
                }
            },
            {
                "id": 1237289846944784384,
                "id_str": "1237289846944784384",
                "indices": [
                    58,
                    81
                ],
                "media_url": "http://pbs.twimg.com/media/ESu8j3NXYAAoKZ0.jpg",
                "media_url_https": "https://pbs.twimg.com/media/ESu8j3NXYAAoKZ0.jpg",
                "url": "https://t.co/8GoA0WBbG6",
                "display_url": "pic.twitter.com/8GoA0WBbG6",
                "expanded_url": "https://twitter.com/Passionhorloger/status/1237289889412132865/photo/1",
                "type": "photo",
                "sizes": {
                    "thumb": {
                        "w": 150,
                        "h": 150,
                        "resize": "crop"
                    },
                    "large": {
                        "w": 1125,
                        "h": 1711,
                        "resize": "fit"
                    },
                    "small": {
                        "w": 447,
                        "h": 680,
                        "resize": "fit"
                    },
                    "medium": {
                        "w": 789,
                        "h": 1200,
                        "resize": "fit"
                    }
                }
            }
        ]
    },
    "metadata": {
        "iso_language_code": "fr",
        "result_type": "recent"
    },
    "source": "<a href=\"https://mobile.twitter.com\" rel=\"nofollow\">Twitter Web App</a>",
    "in_reply_to_status_id": null,
    "in_reply_to_status_id_str": null,
    "in_reply_to_user_id": 326359913,
    "in_reply_to_user_id_str": "326359913",
    "in_reply_to_screen_name": "CHANEL",
    "user": {
        "id": 137828468,
        "id_str": "137828468",
        "name": "Passion Horlog\u00e8re",
        "screen_name": "Passionhorloger",
        "location": "FRANCE",
        "description": "M\u00e9dia Web horloger ayant pour but de participer \u00e0 la promotion du patrimoine horloger.",
        "url": "http://t.co/eXgU6HjeAN",
        "entities": {
            "url": {
                "urls": [
                    {
                        "url": "http://t.co/eXgU6HjeAN",
                        "expanded_url": "http://www.passion-horlogere.com",
                        "display_url": "passion-horlogere.com",
                        "indices": [
                            0,
                            22
                        ]
                    }
                ]
            },
            "description": {
                "urls": []
            }
        },
        "protected": false,
        "followers_count": 2090,
        "friends_count": 382,
        "listed_count": 41,
        "created_at": "Tue Apr 27 22:05:30 +0000 2010",
        "favourites_count": 172,
        "utc_offset": null,
        "time_zone": null,
        "geo_enabled": true,
        "verified": false,
        "statuses_count": 10626,
        "lang": null,
        "contributors_enabled": false,
        "is_translator": false,
        "is_translation_enabled": false,
        "profile_background_color": "131516",
        "profile_background_image_url": "http://abs.twimg.com/images/themes/theme14/bg.gif",
        "profile_background_image_url_https": "https://abs.twimg.com/images/themes/theme14/bg.gif",
        "profile_background_tile": true,
        "profile_image_url": "http://pbs.twimg.com/profile_images/438794090147102720/TmY59cx4_normal.jpeg",
        "profile_image_url_https": "https://pbs.twimg.com/profile_images/438794090147102720/TmY59cx4_normal.jpeg",
        "profile_banner_url": "https://pbs.twimg.com/profile_banners/137828468/1540205172",
        "profile_link_color": "009999",
        "profile_sidebar_border_color": "EEEEEE",
        "profile_sidebar_fill_color": "EFEFEF",
        "profile_text_color": "333333",
        "profile_use_background_image": true,
        "has_extended_profile": false,
        "default_profile": false,
        "default_profile_image": false,
        "following": null,
        "follow_request_sent": null,
        "notifications": null,
        "translator_type": "none"
    },
    "geo": null,
    "coordinates": null,
    "place": null,
    "contributors": null,
    "is_quote_status": false,
    "retweet_count": 0,
    "favorite_count": 0,
    "favorited": false,
    "retweeted": false,
    "possibly_sensitive": false,
    "lang": "fr"
}