{
    "created_at": "Mon Mar 09 23:02:02 +0000 2020",
    "id": 1237151689418801153,
    "id_str": "1237151689418801153",
    "text": "RT @wmag: .@camilacoelho takes us behind the scenes of the latest @Chanel show in Paris, exclusively here. https://t.co/OBMYUIxGHD",
    "truncated": false,
    "entities": {
        "hashtags": [],
        "symbols": [],
        "user_mentions": [
            {
                "screen_name": "wmag",
                "name": "W Magazine",
                "id": 14791162,
                "id_str": "14791162",
                "indices": [
                    3,
                    8
                ]
            },
            {
                "screen_name": "camilacoelho",
                "name": "Camila Coelho",
                "id": 40288585,
                "id_str": "40288585",
                "indices": [
                    11,
                    24
                ]
            },
            {
                "screen_name": "CHANEL",
                "name": "CHANEL",
                "id": 326359913,
                "id_str": "326359913",
                "indices": [
                    66,
                    73
                ]
            }
        ],
        "urls": [
            {
                "url": "https://t.co/OBMYUIxGHD",
                "expanded_url": "http://wmag.cm/Jeki3nc",
                "display_url": "wmag.cm/Jeki3nc",
                "indices": [
                    107,
                    130
                ]
            }
        ]
    },
    "metadata": {
        "iso_language_code": "en",
        "result_type": "recent"
    },
    "source": "<a href=\"http://twitter.com/download/android\" rel=\"nofollow\">Twitter for Android</a>",
    "in_reply_to_status_id": null,
    "in_reply_to_status_id_str": null,
    "in_reply_to_user_id": null,
    "in_reply_to_user_id_str": null,
    "in_reply_to_screen_name": null,
    "user": {
        "id": 335964991,
        "id_str": "335964991",
        "name": "Flaunted",
        "screen_name": "TraceyBenmore",
        "location": "",
        "description": "Tweets Fashion, art, current affairs etc etc View my other twitter account Desired Destinations @wandertrix for travel inspired posts promotes \u2018JoshuaBenmore\u2019",
        "url": "https://t.co/OF9QIITcT4",
        "entities": {
            "url": {
                "urls": [
                    {
                        "url": "https://t.co/OF9QIITcT4",
                        "expanded_url": "http://www.joshuabenmore.com",
                        "display_url": "joshuabenmore.com",
                        "indices": [
                            0,
                            23
                        ]
                    }
                ]
            },
            "description": {
                "urls": []
            }
        },
        "protected": false,
        "followers_count": 1096,
        "friends_count": 4714,
        "listed_count": 119,
        "created_at": "Fri Jul 15 14:48:16 +0000 2011",
        "favourites_count": 14991,
        "utc_offset": null,
        "time_zone": null,
        "geo_enabled": true,
        "verified": false,
        "statuses_count": 103293,
        "lang": null,
        "contributors_enabled": false,
        "is_translator": false,
        "is_translation_enabled": false,
        "profile_background_color": "C0DEED",
        "profile_background_image_url": "http://abs.twimg.com/images/themes/theme1/bg.png",
        "profile_background_image_url_https": "https://abs.twimg.com/images/themes/theme1/bg.png",
        "profile_background_tile": false,
        "profile_image_url": "http://pbs.twimg.com/profile_images/1171267687202381824/qsgqP96u_normal.jpg",
        "profile_image_url_https": "https://pbs.twimg.com/profile_images/1171267687202381824/qsgqP96u_normal.jpg",
        "profile_banner_url": "https://pbs.twimg.com/profile_banners/335964991/1551789713",
        "profile_link_color": "1DA1F2",
        "profile_sidebar_border_color": "C0DEED",
        "profile_sidebar_fill_color": "DDEEF6",
        "profile_text_color": "333333",
        "profile_use_background_image": true,
        "has_extended_profile": true,
        "default_profile": true,
        "default_profile_image": false,
        "following": null,
        "follow_request_sent": null,
        "notifications": null,
        "translator_type": "none"
    },
    "geo": null,
    "coordinates": null,
    "place": null,
    "contributors": null,
    "retweeted_status": {
        "created_at": "Mon Mar 09 15:30:08 +0000 2020",
        "id": 1237037964280070146,
        "id_str": "1237037964280070146",
        "text": ".@camilacoelho takes us behind the scenes of the latest @Chanel show in Paris, exclusively here. https://t.co/OBMYUIxGHD",
        "truncated": false,
        "entities": {
            "hashtags": [],
            "symbols": [],
            "user_mentions": [
                {
                    "screen_name": "camilacoelho",
                    "name": "Camila Coelho",
                    "id": 40288585,
                    "id_str": "40288585",
                    "indices": [
                        1,
                        14
                    ]
                },
                {
                    "screen_name": "CHANEL",
                    "name": "CHANEL",
                    "id": 326359913,
                    "id_str": "326359913",
                    "indices": [
                        56,
                        63
                    ]
                }
            ],
            "urls": [
                {
                    "url": "https://t.co/OBMYUIxGHD",
                    "expanded_url": "http://wmag.cm/Jeki3nc",
                    "display_url": "wmag.cm/Jeki3nc",
                    "indices": [
                        97,
                        120
                    ]
                }
            ]
        },
        "metadata": {
            "iso_language_code": "en",
            "result_type": "recent"
        },
        "source": "<a href=\"http://www.socialflow.com\" rel=\"nofollow\">SocialFlow</a>",
        "in_reply_to_status_id": null,
        "in_reply_to_status_id_str": null,
        "in_reply_to_user_id": null,
        "in_reply_to_user_id_str": null,
        "in_reply_to_screen_name": null,
        "user": {
            "id": 14791162,
            "id_str": "14791162",
            "name": "W Magazine",
            "screen_name": "wmag",
            "location": "New York City",
            "description": "W Magazine\nVolume Two: The Directors Issue",
            "url": "https://t.co/btZ9oFexe5",
            "entities": {
                "url": {
                    "urls": [
                        {
                            "url": "https://t.co/btZ9oFexe5",
                            "expanded_url": "http://wmagazine.com",
                            "display_url": "wmagazine.com",
                            "indices": [
                                0,
                                23
                            ]
                        }
                    ]
                },
                "description": {
                    "urls": []
                }
            },
            "protected": false,
            "followers_count": 1492261,
            "friends_count": 302,
            "listed_count": 11676,
            "created_at": "Thu May 15 20:16:39 +0000 2008",
            "favourites_count": 4900,
            "utc_offset": null,
            "time_zone": null,
            "geo_enabled": true,
            "verified": true,
            "statuses_count": 129831,
            "lang": null,
            "contributors_enabled": false,
            "is_translator": false,
            "is_translation_enabled": false,
            "profile_background_color": "FFFFFF",
            "profile_background_image_url": "http://abs.twimg.com/images/themes/theme12/bg.gif",
            "profile_background_image_url_https": "https://abs.twimg.com/images/themes/theme12/bg.gif",
            "profile_background_tile": true,
            "profile_image_url": "http://pbs.twimg.com/profile_images/1178618362798252033/pCjHkV_d_normal.jpg",
            "profile_image_url_https": "https://pbs.twimg.com/profile_images/1178618362798252033/pCjHkV_d_normal.jpg",
            "profile_banner_url": "https://pbs.twimg.com/profile_banners/14791162/1580749598",
            "profile_link_color": "575454",
            "profile_sidebar_border_color": "FFFFFF",
            "profile_sidebar_fill_color": "FCFCFC",
            "profile_text_color": "000405",
            "profile_use_background_image": false,
            "has_extended_profile": false,
            "default_profile": false,
            "default_profile_image": false,
            "following": null,
            "follow_request_sent": null,
            "notifications": null,
            "translator_type": "none"
        },
        "geo": null,
        "coordinates": null,
        "place": null,
        "contributors": null,
        "is_quote_status": false,
        "retweet_count": 2,
        "favorite_count": 4,
        "favorited": false,
        "retweeted": false,
        "possibly_sensitive": false,
        "lang": "en"
    },
    "is_quote_status": false,
    "retweet_count": 2,
    "favorite_count": 0,
    "favorited": false,
    "retweeted": false,
    "possibly_sensitive": false,
    "lang": "en"
}