{
    "created_at": "Tue Mar 10 13:24:15 +0000 2020",
    "id": 1237368674073235458,
    "id_str": "1237368674073235458",
    "text": "RT @BOXi1209: Please.\ud83d\ude4f\ud83c\udffb\n\nhttps://t.co/mXnLW2ohKx\nhttps://t.co/sB36bclD0G\n\n@CHANEL  @VICTON1109 @NewWorld_VICTON \n\n#CHANEL #\ud55c\uc2b9\uc6b0 #\ube45\ud1a4 #VICTON\u2026",
    "truncated": false,
    "entities": {
        "hashtags": [
            {
                "text": "CHANEL",
                "indices": [
                    114,
                    121
                ]
            },
            {
                "text": "\ud55c\uc2b9\uc6b0",
                "indices": [
                    122,
                    126
                ]
            },
            {
                "text": "\ube45\ud1a4",
                "indices": [
                    127,
                    130
                ]
            },
            {
                "text": "VICTON",
                "indices": [
                    131,
                    138
                ]
            }
        ],
        "symbols": [],
        "user_mentions": [
            {
                "screen_name": "BOXi1209",
                "name": "\ud835\udc01\ud835\udc0e\ud835\udc17\ud835\udc22",
                "id": 4905011198,
                "id_str": "4905011198",
                "indices": [
                    3,
                    12
                ]
            },
            {
                "screen_name": "CHANEL",
                "name": "CHANEL",
                "id": 326359913,
                "id_str": "326359913",
                "indices": [
                    74,
                    81
                ]
            },
            {
                "screen_name": "VICTON1109",
                "name": "VICTON(\ube45\ud1a4)",
                "id": 793353793681301504,
                "id_str": "793353793681301504",
                "indices": [
                    83,
                    94
                ]
            },
            {
                "screen_name": "NewWorld_VICTON",
                "name": "VICTON \ube45\ud1a4",
                "id": 1019129631113220096,
                "id_str": "1019129631113220096",
                "indices": [
                    95,
                    111
                ]
            }
        ],
        "urls": [
            {
                "url": "https://t.co/mXnLW2ohKx",
                "expanded_url": "https://i.ibb.co/3c6WQsy/6-E5539-BC-430-F-42-E4-9-AF9-17-C0-B2849422.jpg",
                "display_url": "i.ibb.co/3c6WQsy/6-E553\u2026",
                "indices": [
                    25,
                    48
                ]
            },
            {
                "url": "https://t.co/sB36bclD0G",
                "expanded_url": "https://i.ibb.co/1bB1YCf/6-E088-C32-A005-4-F1-E-BCCC-38-EE0-A9-D3-DF0.jpg",
                "display_url": "i.ibb.co/1bB1YCf/6-E088\u2026",
                "indices": [
                    49,
                    72
                ]
            }
        ]
    },
    "metadata": {
        "iso_language_code": "en",
        "result_type": "recent"
    },
    "source": "<a href=\"http://twitter.com/#!/download/ipad\" rel=\"nofollow\">Twitter for iPad</a>",
    "in_reply_to_status_id": null,
    "in_reply_to_status_id_str": null,
    "in_reply_to_user_id": null,
    "in_reply_to_user_id_str": null,
    "in_reply_to_screen_name": null,
    "user": {
        "id": 1141299973327183873,
        "id_str": "1141299973327183873",
        "name": "\ud835\ude00\ud835\ude02\ud835\uddfb\ud835\ude00\ud835\uddf5\ud835\uddf6\ud835\uddfb\ud835\uddf2\u2022\ud835\uddf5\ud835\ude00\ud835\ude04 \ud835\uddbf\ud835\uddcd.\ud835\uddc1\ud835\uddc8\ud835\uddd0\ud835\uddc5\ud835\uddc2\ud835\uddc7\ud835\uddc0\ud83d\udc3a",
        "screen_name": "sunshine__hsw8",
        "location": "\ud835\udde2\ud835\udde7\ud835\udff3 ",
        "description": "\ud55c\uc2b9\uc6b0 HANSEUNGWOO \u2655 \u2022\u2022\u2022\u2022\u2022\u2022\u2022 \ube45\ud1a4 VICTON \u2661 || \u0e04\u0e39\u0e21\u0e41\u0e21\u0e48\u0e0b\u0e39\u0e1a\u0e34\u0e19\u0e19\u0e35\u0e48 || \u0e23\u0e2d\u0e22\u0e22\u0e34\u0e49\u0e21\u0e1e\u0e35\u0e48\u0e0a\u0e34\u0e01\u0e2d\u0e1a\u0e2d\u0e38\u0e48\u0e19\u0e22\u0e34\u0e48\u0e07\u0e01\u0e27\u0e48\u0e32\u0e04\u0e38\u0e13 sun || \u0e42\u0e25\u0e01\u0e01\u0e47\u0e15\u0e31\u0e49\u0e07\u0e43\u0e2b\u0e0d\u0e48\u0e41\u0e15\u0e48\u0e0b\u0e39\u0e1a\u0e34\u0e19\u0e19\u0e35\u0e48\u0e19\u0e48\u0e32\u0e23\u0e31\u0e01\u0e01\u0e27\u0e48\u0e32\u0e42\u0e25\u0e01\u0e44\u0e14\u0e49\u0e44\u0e07 \u25d1\u03c9\u25d0",
        "url": "https://t.co/Et6btItJqu",
        "entities": {
            "url": {
                "urls": [
                    {
                        "url": "https://t.co/Et6btItJqu",
                        "expanded_url": "https://mobile.twitter.com/990405subin_gif",
                        "display_url": "mobile.twitter.com/990405subin_gif",
                        "indices": [
                            0,
                            23
                        ]
                    }
                ]
            },
            "description": {
                "urls": []
            }
        },
        "protected": false,
        "followers_count": 332,
        "friends_count": 269,
        "listed_count": 4,
        "created_at": "Wed Jun 19 11:01:32 +0000 2019",
        "favourites_count": 10496,
        "utc_offset": null,
        "time_zone": null,
        "geo_enabled": true,
        "verified": false,
        "statuses_count": 48871,
        "lang": null,
        "contributors_enabled": false,
        "is_translator": false,
        "is_translation_enabled": false,
        "profile_background_color": "F5F8FA",
        "profile_background_image_url": null,
        "profile_background_image_url_https": null,
        "profile_background_tile": false,
        "profile_image_url": "http://pbs.twimg.com/profile_images/1233013916092923904/hTs1_z77_normal.jpg",
        "profile_image_url_https": "https://pbs.twimg.com/profile_images/1233013916092923904/hTs1_z77_normal.jpg",
        "profile_banner_url": "https://pbs.twimg.com/profile_banners/1141299973327183873/1582910122",
        "profile_link_color": "1DA1F2",
        "profile_sidebar_border_color": "C0DEED",
        "profile_sidebar_fill_color": "DDEEF6",
        "profile_text_color": "333333",
        "profile_use_background_image": true,
        "has_extended_profile": false,
        "default_profile": true,
        "default_profile_image": false,
        "following": null,
        "follow_request_sent": null,
        "notifications": null,
        "translator_type": "none"
    },
    "geo": null,
    "coordinates": null,
    "place": null,
    "contributors": null,
    "retweeted_status": {
        "created_at": "Tue Mar 10 13:17:17 +0000 2020",
        "id": 1237366921390993410,
        "id_str": "1237366921390993410",
        "text": "Please.\ud83d\ude4f\ud83c\udffb\n\nhttps://t.co/mXnLW2ohKx\nhttps://t.co/sB36bclD0G\n\n@CHANEL  @VICTON1109 @NewWorld_VICTON \n\n#CHANEL #\ud55c\uc2b9\uc6b0\u2026 https://t.co/cljs2KbYyg",
        "truncated": true,
        "entities": {
            "hashtags": [
                {
                    "text": "CHANEL",
                    "indices": [
                        100,
                        107
                    ]
                },
                {
                    "text": "\ud55c\uc2b9\uc6b0",
                    "indices": [
                        108,
                        112
                    ]
                }
            ],
            "symbols": [],
            "user_mentions": [
                {
                    "screen_name": "CHANEL",
                    "name": "CHANEL",
                    "id": 326359913,
                    "id_str": "326359913",
                    "indices": [
                        60,
                        67
                    ]
                },
                {
                    "screen_name": "VICTON1109",
                    "name": "VICTON(\ube45\ud1a4)",
                    "id": 793353793681301504,
                    "id_str": "793353793681301504",
                    "indices": [
                        69,
                        80
                    ]
                },
                {
                    "screen_name": "NewWorld_VICTON",
                    "name": "VICTON \ube45\ud1a4",
                    "id": 1019129631113220096,
                    "id_str": "1019129631113220096",
                    "indices": [
                        81,
                        97
                    ]
                }
            ],
            "urls": [
                {
                    "url": "https://t.co/mXnLW2ohKx",
                    "expanded_url": "https://i.ibb.co/3c6WQsy/6-E5539-BC-430-F-42-E4-9-AF9-17-C0-B2849422.jpg",
                    "display_url": "i.ibb.co/3c6WQsy/6-E553\u2026",
                    "indices": [
                        11,
                        34
                    ]
                },
                {
                    "url": "https://t.co/sB36bclD0G",
                    "expanded_url": "https://i.ibb.co/1bB1YCf/6-E088-C32-A005-4-F1-E-BCCC-38-EE0-A9-D3-DF0.jpg",
                    "display_url": "i.ibb.co/1bB1YCf/6-E088\u2026",
                    "indices": [
                        35,
                        58
                    ]
                },
                {
                    "url": "https://t.co/cljs2KbYyg",
                    "expanded_url": "https://twitter.com/i/web/status/1237366921390993410",
                    "display_url": "twitter.com/i/web/status/1\u2026",
                    "indices": [
                        114,
                        137
                    ]
                }
            ]
        },
        "metadata": {
            "iso_language_code": "en",
            "result_type": "recent"
        },
        "source": "<a href=\"http://twitter.com/download/iphone\" rel=\"nofollow\">Twitter for iPhone</a>",
        "in_reply_to_status_id": null,
        "in_reply_to_status_id_str": null,
        "in_reply_to_user_id": null,
        "in_reply_to_user_id_str": null,
        "in_reply_to_screen_name": null,
        "user": {
            "id": 4905011198,
            "id_str": "4905011198",
            "name": "\ud835\udc01\ud835\udc0e\ud835\udc17\ud835\udc22",
            "screen_name": "BOXi1209",
            "location": "\ud83c\udde8\ud83c\uddf3",
            "description": "\ud83c\udf53\ud83c\udf7c  \u3010all pictures\ud83d\udeab\u3011",
            "url": null,
            "entities": {
                "description": {
                    "urls": []
                }
            },
            "protected": false,
            "followers_count": 119,
            "friends_count": 225,
            "listed_count": 5,
            "created_at": "Sun Feb 14 04:44:29 +0000 2016",
            "favourites_count": 1171,
            "utc_offset": null,
            "time_zone": null,
            "geo_enabled": false,
            "verified": false,
            "statuses_count": 375,
            "lang": null,
            "contributors_enabled": false,
            "is_translator": false,
            "is_translation_enabled": false,
            "profile_background_color": "F5F8FA",
            "profile_background_image_url": null,
            "profile_background_image_url_https": null,
            "profile_background_tile": false,
            "profile_image_url": "http://pbs.twimg.com/profile_images/1234360555164422144/nquzNcGg_normal.jpg",
            "profile_image_url_https": "https://pbs.twimg.com/profile_images/1234360555164422144/nquzNcGg_normal.jpg",
            "profile_banner_url": "https://pbs.twimg.com/profile_banners/4905011198/1581344561",
            "profile_link_color": "1DA1F2",
            "profile_sidebar_border_color": "C0DEED",
            "profile_sidebar_fill_color": "DDEEF6",
            "profile_text_color": "333333",
            "profile_use_background_image": true,
            "has_extended_profile": true,
            "default_profile": true,
            "default_profile_image": false,
            "following": null,
            "follow_request_sent": null,
            "notifications": null,
            "translator_type": "none"
        },
        "geo": null,
        "coordinates": null,
        "place": null,
        "contributors": null,
        "is_quote_status": false,
        "retweet_count": 5,
        "favorite_count": 2,
        "favorited": false,
        "retweeted": false,
        "possibly_sensitive": false,
        "lang": "en"
    },
    "is_quote_status": false,
    "retweet_count": 5,
    "favorite_count": 0,
    "favorited": false,
    "retweeted": false,
    "possibly_sensitive": false,
    "lang": "en"
}