{
    "created_at": "Tue Mar 10 08:50:38 +0000 2020",
    "id": 1237299813277814784,
    "id_str": "1237299813277814784",
    "text": "RT @CHANEL: \u6620\u753b\u306e\u30d2\u30ed\u30a4\u30f3\u3092\u60f3\u8d77\u3055\u305b\u308b2020\u5e74\u6625\u590f \u30b3\u30ec\u30af\u30b7\u30e7\u30f3\u306e\u30ad\u30e3\u30f3\u30da\u30fc\u30f3\u3002\u518d\u89e3\u91c8\u3055\u308c\u305f\u30e2\u30c0\u30f3\u306a\u30b3\u30fc\u30c9\u304c\u53d6\u308a\u5165\u308c\u3089\u308c\u3066\u3044\u307e\u3059\u3002\n\n\u30b3\u30ec\u30af\u30b7\u30e7\u30f3\u306f3\u6708\u4e0b\u65ec\u3088\u308a\u5168\u56fd\u306e\u30b7\u30e3\u30cd\u30eb \u30d6\u30c6\u30a3\u30c3\u30af\u3067\u3054\u7d39\u4ecb\u3044\u305f\u3057\u307e\u3059\u3002\n#CHANELSpringSummer",
    "truncated": false,
    "entities": {
        "hashtags": [
            {
                "text": "CHANELSpringSummer",
                "indices": [
                    111,
                    130
                ]
            }
        ],
        "symbols": [],
        "user_mentions": [
            {
                "screen_name": "CHANEL",
                "name": "CHANEL",
                "id": 326359913,
                "id_str": "326359913",
                "indices": [
                    3,
                    10
                ]
            }
        ],
        "urls": []
    },
    "metadata": {
        "iso_language_code": "ja",
        "result_type": "recent"
    },
    "source": "<a href=\"http://twitter.com/download/android\" rel=\"nofollow\">Twitter for Android</a>",
    "in_reply_to_status_id": null,
    "in_reply_to_status_id_str": null,
    "in_reply_to_user_id": null,
    "in_reply_to_user_id_str": null,
    "in_reply_to_screen_name": null,
    "user": {
        "id": 63064423,
        "id_str": "63064423",
        "name": "\u3044\u306e\u3046\u3048\ud83d\udc0d\ud83d\udc253/15 M20",
        "screen_name": "monyoco",
        "location": "",
        "description": "\u6210\u4eba\u6e08\u8150\u3002FRB\u306f\u3054\u81ea\u7531\u306b\u3010\u5275\u4f5c\u3011BL\u30fb\u9752\u5e74\u3010pdl\u3011\u91d1\u798f\u3001\u53f3\u798f\u3001\u53f3\u9285\u3001\u5144\u53e4\u8cc0\u3001\u4ed6\u3010HQ\u3011\u53f3\u5927\u3001\u53f3\u9752\u3001\u53f3\u725b\u3010\u5200\u3011\u53f3\u4f0f\u3010\u91d1\u30ab\u30e0\u3011\u53f3\u6708\u3001\u3046\u3055\u304b\u3069\u3001\u4ed6\u3010DBH\u3011PC\u7248\u5f85\u3061\u3002\u545f\u304d\u306fpdl\u3068\u91d1\u798f\u304c\u30e1\u30a4\u30f3\u3002\u7a81\u7136\u306b\u57a2\u6d88\u3048\u305f\u3089\u30a4\u30d9\u30f3\u30c8\u6e96\u5099\u3067\u3059\u3002\u30b5\u30fc\u30af\u30eb\u300e\u3044\u306e\u3046\u3048\u300f\u9032\u6357\u2192https://t.co/bMMyGVKQEZ",
        "url": null,
        "entities": {
            "description": {
                "urls": [
                    {
                        "url": "https://t.co/bMMyGVKQEZ",
                        "expanded_url": "http://shinchoku.net/notes/38100",
                        "display_url": "shinchoku.net/notes/38100",
                        "indices": [
                            127,
                            150
                        ]
                    }
                ]
            }
        },
        "protected": false,
        "followers_count": 310,
        "friends_count": 283,
        "listed_count": 7,
        "created_at": "Wed Aug 05 07:31:36 +0000 2009",
        "favourites_count": 100292,
        "utc_offset": null,
        "time_zone": null,
        "geo_enabled": true,
        "verified": false,
        "statuses_count": 41343,
        "lang": null,
        "contributors_enabled": false,
        "is_translator": false,
        "is_translation_enabled": false,
        "profile_background_color": "C0DEED",
        "profile_background_image_url": "http://abs.twimg.com/images/themes/theme1/bg.png",
        "profile_background_image_url_https": "https://abs.twimg.com/images/themes/theme1/bg.png",
        "profile_background_tile": false,
        "profile_image_url": "http://pbs.twimg.com/profile_images/1034039349233385472/NPVd61yP_normal.jpg",
        "profile_image_url_https": "https://pbs.twimg.com/profile_images/1034039349233385472/NPVd61yP_normal.jpg",
        "profile_link_color": "1DA1F2",
        "profile_sidebar_border_color": "C0DEED",
        "profile_sidebar_fill_color": "DDEEF6",
        "profile_text_color": "333333",
        "profile_use_background_image": true,
        "has_extended_profile": true,
        "default_profile": true,
        "default_profile_image": false,
        "following": null,
        "follow_request_sent": null,
        "notifications": null,
        "translator_type": "none"
    },
    "geo": null,
    "coordinates": null,
    "place": null,
    "contributors": null,
    "retweeted_status": {
        "created_at": "Tue Feb 18 06:27:48 +0000 2020",
        "id": 1229653723539857409,
        "id_str": "1229653723539857409",
        "text": "\u6620\u753b\u306e\u30d2\u30ed\u30a4\u30f3\u3092\u60f3\u8d77\u3055\u305b\u308b2020\u5e74\u6625\u590f \u30b3\u30ec\u30af\u30b7\u30e7\u30f3\u306e\u30ad\u30e3\u30f3\u30da\u30fc\u30f3\u3002\u518d\u89e3\u91c8\u3055\u308c\u305f\u30e2\u30c0\u30f3\u306a\u30b3\u30fc\u30c9\u304c\u53d6\u308a\u5165\u308c\u3089\u308c\u3066\u3044\u307e\u3059\u3002\n\n\u30b3\u30ec\u30af\u30b7\u30e7\u30f3\u306f3\u6708\u4e0b\u65ec\u3088\u308a\u5168\u56fd\u306e\u30b7\u30e3\u30cd\u30eb \u30d6\u30c6\u30a3\u30c3\u30af\u3067\u3054\u7d39\u4ecb\u3044\u305f\u3057\u307e\u3059\u3002\n#CHANELSpringSummer",
        "truncated": false,
        "entities": {
            "hashtags": [
                {
                    "text": "CHANELSpringSummer",
                    "indices": [
                        99,
                        118
                    ]
                }
            ],
            "symbols": [],
            "user_mentions": [],
            "urls": []
        },
        "metadata": {
            "iso_language_code": "ja",
            "result_type": "recent"
        },
        "source": "<a href=\"https://ads-api.twitter.com\" rel=\"nofollow\">Twitter for Advertisers</a>",
        "in_reply_to_status_id": null,
        "in_reply_to_status_id_str": null,
        "in_reply_to_user_id": null,
        "in_reply_to_user_id_str": null,
        "in_reply_to_screen_name": null,
        "user": {
            "id": 326359913,
            "id_str": "326359913",
            "name": "CHANEL",
            "screen_name": "CHANEL",
            "location": "",
            "description": "'CHANEL is above all a style. Fashion passes, style remains.' Gabrielle Chanel",
            "url": "http://t.co/GBdCztEiwL",
            "entities": {
                "url": {
                    "urls": [
                        {
                            "url": "http://t.co/GBdCztEiwL",
                            "expanded_url": "http://www.chanel.com",
                            "display_url": "chanel.com",
                            "indices": [
                                0,
                                22
                            ]
                        }
                    ]
                },
                "description": {
                    "urls": []
                }
            },
            "protected": false,
            "followers_count": 13229486,
            "friends_count": 1,
            "listed_count": 11499,
            "created_at": "Wed Jun 29 19:57:54 +0000 2011",
            "favourites_count": 0,
            "utc_offset": null,
            "time_zone": null,
            "geo_enabled": true,
            "verified": true,
            "statuses_count": 2933,
            "lang": null,
            "contributors_enabled": false,
            "is_translator": false,
            "is_translation_enabled": false,
            "profile_background_color": "000000",
            "profile_background_image_url": "http://abs.twimg.com/images/themes/theme1/bg.png",
            "profile_background_image_url_https": "https://abs.twimg.com/images/themes/theme1/bg.png",
            "profile_background_tile": false,
            "profile_image_url": "http://pbs.twimg.com/profile_images/1154314010252206080/eAG6xnof_normal.jpg",
            "profile_image_url_https": "https://pbs.twimg.com/profile_images/1154314010252206080/eAG6xnof_normal.jpg",
            "profile_banner_url": "https://pbs.twimg.com/profile_banners/326359913/1583760667",
            "profile_link_color": "000000",
            "profile_sidebar_border_color": "000000",
            "profile_sidebar_fill_color": "000000",
            "profile_text_color": "666666",
            "profile_use_background_image": false,
            "has_extended_profile": false,
            "default_profile": false,
            "default_profile_image": false,
            "following": null,
            "follow_request_sent": null,
            "notifications": null,
            "translator_type": "none"
        },
        "geo": null,
        "coordinates": null,
        "place": null,
        "contributors": null,
        "is_quote_status": false,
        "retweet_count": 54,
        "favorite_count": 401,
        "favorited": false,
        "retweeted": false,
        "scopes": {
            "followers": false
        },
        "lang": "ja"
    },
    "is_quote_status": false,
    "retweet_count": 54,
    "favorite_count": 0,
    "favorited": false,
    "retweeted": false,
    "lang": "ja"
}