{
    "created_at": "Tue Mar 10 08:07:27 +0000 2020",
    "id": 1237288945894948864,
    "id_str": "1237288945894948864",
    "text": "@albertommoral @CHANEL @Tere_Crespo_ @planocreativo @clubdecreativos @lima_limon @CirculoMexico @clubcreativove\u2026 https://t.co/gXpKUzHb9q",
    "truncated": true,
    "entities": {
        "hashtags": [],
        "symbols": [],
        "user_mentions": [
            {
                "screen_name": "albertommoral",
                "name": "Alberto Mu\u00f1oz",
                "id": 374514753,
                "id_str": "374514753",
                "indices": [
                    0,
                    14
                ]
            },
            {
                "screen_name": "CHANEL",
                "name": "CHANEL",
                "id": 326359913,
                "id_str": "326359913",
                "indices": [
                    15,
                    22
                ]
            },
            {
                "screen_name": "Tere_Crespo_",
                "name": "Tere Crespo",
                "id": 3010572742,
                "id_str": "3010572742",
                "indices": [
                    23,
                    36
                ]
            },
            {
                "screen_name": "planocreativo",
                "name": "Plano Creativo",
                "id": 39764412,
                "id_str": "39764412",
                "indices": [
                    37,
                    51
                ]
            },
            {
                "screen_name": "clubdecreativos",
                "name": "Club de Creativos/as",
                "id": 90859504,
                "id_str": "90859504",
                "indices": [
                    52,
                    68
                ]
            },
            {
                "screen_name": "lima_limon",
                "name": "Lima-Lim\u00f3n Creativos",
                "id": 16326554,
                "id_str": "16326554",
                "indices": [
                    69,
                    80
                ]
            },
            {
                "screen_name": "CirculoMexico",
                "name": "C\u00edrculo Creativo de M\u00e9xico",
                "id": 2875477562,
                "id_str": "2875477562",
                "indices": [
                    81,
                    95
                ]
            },
            {
                "screen_name": "clubcreativove",
                "name": "Club Creativo de Venezuela",
                "id": 110775204,
                "id_str": "110775204",
                "indices": [
                    96,
                    111
                ]
            }
        ],
        "urls": [
            {
                "url": "https://t.co/gXpKUzHb9q",
                "expanded_url": "https://twitter.com/i/web/status/1237288945894948864",
                "display_url": "twitter.com/i/web/status/1\u2026",
                "indices": [
                    113,
                    136
                ]
            }
        ]
    },
    "metadata": {
        "iso_language_code": "en",
        "result_type": "recent"
    },
    "source": "<a href=\"http://twitter.com/download/iphone\" rel=\"nofollow\">Twitter for iPhone</a>",
    "in_reply_to_status_id": 1237287990638059520,
    "in_reply_to_status_id_str": "1237287990638059520",
    "in_reply_to_user_id": 374514753,
    "in_reply_to_user_id_str": "374514753",
    "in_reply_to_screen_name": "albertommoral",
    "user": {
        "id": 912414324,
        "id_str": "912414324",
        "name": "Mar\u00eda Luisa Izqdo.",
        "screen_name": "mlizqdo",
        "location": "Villanueva del Pardillo, Comunidad de Madrid",
        "description": "un poco de todo lo que me importa... \ud83d\ude0d mi opini\u00f3n y mi visi\u00f3n! \u2764\ufe0f",
        "url": null,
        "entities": {
            "description": {
                "urls": []
            }
        },
        "protected": false,
        "followers_count": 2016,
        "friends_count": 5001,
        "listed_count": 25,
        "created_at": "Mon Oct 29 13:15:59 +0000 2012",
        "favourites_count": 27919,
        "utc_offset": null,
        "time_zone": null,
        "geo_enabled": true,
        "verified": false,
        "statuses_count": 9237,
        "lang": null,
        "contributors_enabled": false,
        "is_translator": false,
        "is_translation_enabled": false,
        "profile_background_color": "C0DEED",
        "profile_background_image_url": "http://abs.twimg.com/images/themes/theme1/bg.png",
        "profile_background_image_url_https": "https://abs.twimg.com/images/themes/theme1/bg.png",
        "profile_background_tile": false,
        "profile_image_url": "http://pbs.twimg.com/profile_images/873427313630826496/sURLGOXU_normal.jpg",
        "profile_image_url_https": "https://pbs.twimg.com/profile_images/873427313630826496/sURLGOXU_normal.jpg",
        "profile_banner_url": "https://pbs.twimg.com/profile_banners/912414324/1547030577",
        "profile_link_color": "1DA1F2",
        "profile_sidebar_border_color": "C0DEED",
        "profile_sidebar_fill_color": "DDEEF6",
        "profile_text_color": "333333",
        "profile_use_background_image": true,
        "has_extended_profile": false,
        "default_profile": true,
        "default_profile_image": false,
        "following": null,
        "follow_request_sent": null,
        "notifications": null,
        "translator_type": "none"
    },
    "geo": null,
    "coordinates": null,
    "place": null,
    "contributors": null,
    "is_quote_status": false,
    "retweet_count": 0,
    "favorite_count": 0,
    "favorited": false,
    "retweeted": false,
    "lang": "en"
}