{
    "created_at": "Tue Mar 10 16:14:41 +0000 2020",
    "id": 1237411562626875395,
    "id_str": "1237411562626875395",
    "text": "@carolinelins quem gostou da nenel e quer acompanha-la diariamente, ela esta tentando ser influencer digital, sigam\u2026 https://t.co/KE4llUeCiE",
    "truncated": true,
    "entities": {
        "hashtags": [],
        "symbols": [],
        "user_mentions": [
            {
                "screen_name": "carolinelins",
                "name": "carol",
                "id": 913177132934811650,
                "id_str": "913177132934811650",
                "indices": [
                    0,
                    13
                ]
            }
        ],
        "urls": [
            {
                "url": "https://t.co/KE4llUeCiE",
                "expanded_url": "https://twitter.com/i/web/status/1237411562626875395",
                "display_url": "twitter.com/i/web/status/1\u2026",
                "indices": [
                    117,
                    140
                ]
            }
        ]
    },
    "metadata": {
        "iso_language_code": "pt",
        "result_type": "recent"
    },
    "source": "<a href=\"http://twitter.com/download/iphone\" rel=\"nofollow\">Twitter for iPhone</a>",
    "in_reply_to_status_id": 1237358266365206529,
    "in_reply_to_status_id_str": "1237358266365206529",
    "in_reply_to_user_id": 1300732104,
    "in_reply_to_user_id_str": "1300732104",
    "in_reply_to_screen_name": "stylesbullets",
    "user": {
        "id": 1300732104,
        "id_str": "1300732104",
        "name": "l\u00f8lita,,!",
        "screen_name": "stylesbullets",
        "location": "1d,aa,bmth,mcr,p!atd,5sos,hs",
        "description": "somebody bring me the horizon cause this view is boring me",
        "url": "https://t.co/BuUULc8Gh0",
        "entities": {
            "url": {
                "urls": [
                    {
                        "url": "https://t.co/BuUULc8Gh0",
                        "expanded_url": "https://curiouscat.me/stylesbullets",
                        "display_url": "curiouscat.me/stylesbullets",
                        "indices": [
                            0,
                            23
                        ]
                    }
                ]
            },
            "description": {
                "urls": []
            }
        },
        "protected": false,
        "followers_count": 9559,
        "friends_count": 6859,
        "listed_count": 16,
        "created_at": "Mon Mar 25 19:15:02 +0000 2013",
        "favourites_count": 12924,
        "utc_offset": null,
        "time_zone": null,
        "geo_enabled": true,
        "verified": false,
        "statuses_count": 106222,
        "lang": null,
        "contributors_enabled": false,
        "is_translator": false,
        "is_translation_enabled": false,
        "profile_background_color": "C0DEED",
        "profile_background_image_url": "http://abs.twimg.com/images/themes/theme1/bg.png",
        "profile_background_image_url_https": "https://abs.twimg.com/images/themes/theme1/bg.png",
        "profile_background_tile": true,
        "profile_image_url": "http://pbs.twimg.com/profile_images/1233860549248782339/hqNdbdwk_normal.jpg",
        "profile_image_url_https": "https://pbs.twimg.com/profile_images/1233860549248782339/hqNdbdwk_normal.jpg",
        "profile_banner_url": "https://pbs.twimg.com/profile_banners/1300732104/1575569252",
        "profile_link_color": "0106A4",
        "profile_sidebar_border_color": "FFFFFF",
        "profile_sidebar_fill_color": "DDEEF6",
        "profile_text_color": "333333",
        "profile_use_background_image": true,
        "has_extended_profile": true,
        "default_profile": false,
        "default_profile_image": false,
        "following": null,
        "follow_request_sent": null,
        "notifications": null,
        "translator_type": "regular"
    },
    "geo": null,
    "coordinates": null,
    "place": null,
    "contributors": null,
    "is_quote_status": false,
    "retweet_count": 0,
    "favorite_count": 0,
    "favorited": false,
    "retweeted": false,
    "lang": "pt"
}