{
    "created_at": "Tue Mar 10 00:52:51 +0000 2020",
    "id": 1237179576809222144,
    "id_str": "1237179576809222144",
    "text": "That @Dior and @CHANEL \ud83e\udd24 https://t.co/gHB5avB9ID",
    "truncated": false,
    "entities": {
        "hashtags": [],
        "symbols": [],
        "user_mentions": [
            {
                "screen_name": "Dior",
                "name": "Dior",
                "id": 348379865,
                "id_str": "348379865",
                "indices": [
                    5,
                    10
                ]
            },
            {
                "screen_name": "CHANEL",
                "name": "CHANEL",
                "id": 326359913,
                "id_str": "326359913",
                "indices": [
                    15,
                    22
                ]
            }
        ],
        "urls": [
            {
                "url": "https://t.co/gHB5avB9ID",
                "expanded_url": "https://twitter.com/volqx/status/1236573825472610304",
                "display_url": "twitter.com/volqx/status/1\u2026",
                "indices": [
                    25,
                    48
                ]
            }
        ]
    },
    "metadata": {
        "iso_language_code": "en",
        "result_type": "recent"
    },
    "source": "<a href=\"http://twitter.com/download/iphone\" rel=\"nofollow\">Twitter for iPhone</a>",
    "in_reply_to_status_id": null,
    "in_reply_to_status_id_str": null,
    "in_reply_to_user_id": null,
    "in_reply_to_user_id_str": null,
    "in_reply_to_screen_name": null,
    "user": {
        "id": 138187747,
        "id_str": "138187747",
        "name": "Jenna - February 19th \ud83d\udc9f",
        "screen_name": "JennaTHEboo",
        "location": "California \u2600\ufe0f Valley 2 the bay",
        "description": "Intelligence without ambition is a bird without wings. Life is better when you've got your person, mine is @freshjo7 \u2764\ufe0f \u2014 \u2728\ud83c\udf31",
        "url": "https://t.co/3x2B0qOsQI",
        "entities": {
            "url": {
                "urls": [
                    {
                        "url": "https://t.co/3x2B0qOsQI",
                        "expanded_url": "http://instagram.com/jennaaaaaboo",
                        "display_url": "instagram.com/jennaaaaaboo",
                        "indices": [
                            0,
                            23
                        ]
                    }
                ]
            },
            "description": {
                "urls": []
            }
        },
        "protected": false,
        "followers_count": 968,
        "friends_count": 579,
        "listed_count": 19,
        "created_at": "Wed Apr 28 21:41:28 +0000 2010",
        "favourites_count": 15559,
        "utc_offset": null,
        "time_zone": null,
        "geo_enabled": true,
        "verified": false,
        "statuses_count": 43184,
        "lang": null,
        "contributors_enabled": false,
        "is_translator": false,
        "is_translation_enabled": false,
        "profile_background_color": "C0DEED",
        "profile_background_image_url": "http://abs.twimg.com/images/themes/theme1/bg.png",
        "profile_background_image_url_https": "https://abs.twimg.com/images/themes/theme1/bg.png",
        "profile_background_tile": false,
        "profile_image_url": "http://pbs.twimg.com/profile_images/1231289343488118784/myPoyxGu_normal.jpg",
        "profile_image_url_https": "https://pbs.twimg.com/profile_images/1231289343488118784/myPoyxGu_normal.jpg",
        "profile_banner_url": "https://pbs.twimg.com/profile_banners/138187747/1565037972",
        "profile_link_color": "1DA1F2",
        "profile_sidebar_border_color": "C0DEED",
        "profile_sidebar_fill_color": "DDEEF6",
        "profile_text_color": "333333",
        "profile_use_background_image": true,
        "has_extended_profile": true,
        "default_profile": true,
        "default_profile_image": false,
        "following": null,
        "follow_request_sent": null,
        "notifications": null,
        "translator_type": "none"
    },
    "geo": null,
    "coordinates": null,
    "place": {
        "id": "ea049ae1073a8f35",
        "url": "https://api.twitter.com/1.1/geo/id/ea049ae1073a8f35.json",
        "place_type": "city",
        "name": "Orinda",
        "full_name": "Orinda, CA",
        "country_code": "US",
        "country": "United States",
        "contained_within": [],
        "bounding_box": {
            "type": "Polygon",
            "coordinates": [
                [
                    [
                        -122.219209,
                        37.8386908
                    ],
                    [
                        -122.139444,
                        37.8386908
                    ],
                    [
                        -122.139444,
                        37.920138
                    ],
                    [
                        -122.219209,
                        37.920138
                    ]
                ]
            ]
        },
        "attributes": {}
    },
    "contributors": null,
    "is_quote_status": true,
    "quoted_status_id": 1236573825472610304,
    "quoted_status_id_str": "1236573825472610304",
    "quoted_status": {
        "created_at": "Sun Mar 08 08:45:49 +0000 2020",
        "id": 1236573825472610304,
        "id_str": "1236573825472610304",
        "text": "You should own one of these as a man  https://t.co/MQg703bmWR",
        "truncated": false,
        "entities": {
            "hashtags": [],
            "symbols": [],
            "user_mentions": [],
            "urls": [],
            "media": [
                {
                    "id": 1235450232676237312,
                    "id_str": "1235450232676237312",
                    "indices": [
                        38,
                        61
                    ],
                    "media_url": "http://pbs.twimg.com/ext_tw_video_thumb/1235450232676237312/pu/img/52Ii-GlnQhMs57l1.jpg",
                    "media_url_https": "https://pbs.twimg.com/ext_tw_video_thumb/1235450232676237312/pu/img/52Ii-GlnQhMs57l1.jpg",
                    "url": "https://t.co/MQg703bmWR",
                    "display_url": "pic.twitter.com/MQg703bmWR",
                    "expanded_url": "https://twitter.com/deejay_MO/status/1235450478407962624/video/1",
                    "type": "photo",
                    "sizes": {
                        "thumb": {
                            "w": 150,
                            "h": 150,
                            "resize": "crop"
                        },
                        "small": {
                            "w": 383,
                            "h": 680,
                            "resize": "fit"
                        },
                        "large": {
                            "w": 720,
                            "h": 1280,
                            "resize": "fit"
                        },
                        "medium": {
                            "w": 675,
                            "h": 1200,
                            "resize": "fit"
                        }
                    },
                    "source_status_id": 1235450478407962624,
                    "source_status_id_str": "1235450478407962624",
                    "source_user_id": 36625281,
                    "source_user_id_str": "36625281"
                }
            ]
        },
        "extended_entities": {
            "media": [
                {
                    "id": 1235450232676237312,
                    "id_str": "1235450232676237312",
                    "indices": [
                        38,
                        61
                    ],
                    "media_url": "http://pbs.twimg.com/ext_tw_video_thumb/1235450232676237312/pu/img/52Ii-GlnQhMs57l1.jpg",
                    "media_url_https": "https://pbs.twimg.com/ext_tw_video_thumb/1235450232676237312/pu/img/52Ii-GlnQhMs57l1.jpg",
                    "url": "https://t.co/MQg703bmWR",
                    "display_url": "pic.twitter.com/MQg703bmWR",
                    "expanded_url": "https://twitter.com/deejay_MO/status/1235450478407962624/video/1",
                    "type": "video",
                    "sizes": {
                        "thumb": {
                            "w": 150,
                            "h": 150,
                            "resize": "crop"
                        },
                        "small": {
                            "w": 383,
                            "h": 680,
                            "resize": "fit"
                        },
                        "large": {
                            "w": 720,
                            "h": 1280,
                            "resize": "fit"
                        },
                        "medium": {
                            "w": 675,
                            "h": 1200,
                            "resize": "fit"
                        }
                    },
                    "source_status_id": 1235450478407962624,
                    "source_status_id_str": "1235450478407962624",
                    "source_user_id": 36625281,
                    "source_user_id_str": "36625281",
                    "video_info": {
                        "aspect_ratio": [
                            9,
                            16
                        ],
                        "duration_millis": 59033,
                        "variants": [
                            {
                                "bitrate": 2176000,
                                "content_type": "video/mp4",
                                "url": "https://video.twimg.com/ext_tw_video/1235450232676237312/pu/vid/720x1280/sg_AWlNXP5Up8Kp2.mp4?tag=10"
                            },
                            {
                                "bitrate": 832000,
                                "content_type": "video/mp4",
                                "url": "https://video.twimg.com/ext_tw_video/1235450232676237312/pu/vid/360x640/RRxhbnzvq4ayHSrK.mp4?tag=10"
                            },
                            {
                                "bitrate": 632000,
                                "content_type": "video/mp4",
                                "url": "https://video.twimg.com/ext_tw_video/1235450232676237312/pu/vid/320x568/zA5CEV_-kcyZWaW0.mp4?tag=10"
                            },
                            {
                                "content_type": "application/x-mpegURL",
                                "url": "https://video.twimg.com/ext_tw_video/1235450232676237312/pu/pl/fQwTfvCXP3ZW83Gm.m3u8?tag=10"
                            }
                        ]
                    },
                    "additional_media_info": {
                        "monetizable": false
                    }
                }
            ]
        },
        "metadata": {
            "iso_language_code": "en",
            "result_type": "recent"
        },
        "source": "<a href=\"http://twitter.com/download/iphone\" rel=\"nofollow\">Twitter for iPhone</a>",
        "in_reply_to_status_id": null,
        "in_reply_to_status_id_str": null,
        "in_reply_to_user_id": null,
        "in_reply_to_user_id_str": null,
        "in_reply_to_screen_name": null,
        "user": {
            "id": 471918222,
            "id_str": "471918222",
            "name": "Volqx",
            "screen_name": "volqx",
            "location": "",
            "description": "I love Tech , Music , Travelling and Telling stories about products & brands @cmicontent volqxmedia@gmail.com",
            "url": "https://t.co/FeiQpMR0ix",
            "entities": {
                "url": {
                    "urls": [
                        {
                            "url": "https://t.co/FeiQpMR0ix",
                            "expanded_url": "https://www.youtube.com/channel/UCVb_iI03ctfktb-dVzk5d7g",
                            "display_url": "youtube.com/channel/UCVb_i\u2026",
                            "indices": [
                                0,
                                23
                            ]
                        }
                    ]
                },
                "description": {
                    "urls": []
                }
            },
            "protected": false,
            "followers_count": 216158,
            "friends_count": 27712,
            "listed_count": 148,
            "created_at": "Mon Jan 23 11:52:23 +0000 2012",
            "favourites_count": 74491,
            "utc_offset": null,
            "time_zone": null,
            "geo_enabled": true,
            "verified": false,
            "statuses_count": 161178,
            "lang": null,
            "contributors_enabled": false,
            "is_translator": false,
            "is_translation_enabled": false,
            "profile_background_color": "000000",
            "profile_background_image_url": "http://abs.twimg.com/images/themes/theme1/bg.png",
            "profile_background_image_url_https": "https://abs.twimg.com/images/themes/theme1/bg.png",
            "profile_background_tile": false,
            "profile_image_url": "http://pbs.twimg.com/profile_images/1236496885369786375/g_qJm60V_normal.jpg",
            "profile_image_url_https": "https://pbs.twimg.com/profile_images/1236496885369786375/g_qJm60V_normal.jpg",
            "profile_banner_url": "https://pbs.twimg.com/profile_banners/471918222/1583638877",
            "profile_link_color": "981CEB",
            "profile_sidebar_border_color": "000000",
            "profile_sidebar_fill_color": "000000",
            "profile_text_color": "000000",
            "profile_use_background_image": false,
            "has_extended_profile": false,
            "default_profile": false,
            "default_profile_image": false,
            "following": null,
            "follow_request_sent": null,
            "notifications": null,
            "translator_type": "none"
        },
        "geo": null,
        "coordinates": null,
        "place": null,
        "contributors": null,
        "is_quote_status": false,
        "retweet_count": 14501,
        "favorite_count": 53806,
        "favorited": false,
        "retweeted": false,
        "possibly_sensitive": false,
        "lang": "en"
    },
    "retweet_count": 0,
    "favorite_count": 0,
    "favorited": false,
    "retweeted": false,
    "possibly_sensitive": false,
    "lang": "en"
}