{
    "created_at": "Tue Mar 10 05:27:57 +0000 2020",
    "id": 1237248809702264833,
    "id_str": "1237248809702264833",
    "text": "RT @LyleC123: Message from Editor in Chief itself for JENNIE of @ygofficialblink. \n\nTo be specific, this is a French Magazine for Fashion.\u2026",
    "truncated": false,
    "entities": {
        "hashtags": [],
        "symbols": [],
        "user_mentions": [
            {
                "screen_name": "LyleC123",
                "name": "Lyle",
                "id": 1179154801747091456,
                "id_str": "1179154801747091456",
                "indices": [
                    3,
                    12
                ]
            },
            {
                "screen_name": "ygofficialblink",
                "name": "BLACKPINK GLOBAL BLINK",
                "id": 878204370403250176,
                "id_str": "878204370403250176",
                "indices": [
                    64,
                    80
                ]
            }
        ],
        "urls": []
    },
    "metadata": {
        "iso_language_code": "en",
        "result_type": "recent"
    },
    "source": "<a href=\"http://twitter.com/download/android\" rel=\"nofollow\">Twitter for Android</a>",
    "in_reply_to_status_id": null,
    "in_reply_to_status_id_str": null,
    "in_reply_to_user_id": null,
    "in_reply_to_user_id_str": null,
    "in_reply_to_screen_name": null,
    "user": {
        "id": 1060042236321136640,
        "id_str": "1060042236321136640",
        "name": "kenn\ud83d\udc78nini",
        "screen_name": "lustrousXRuby",
        "location": "",
        "description": "JENNIE, JENNIE, JENNIE, JENNIE, JENNIE,the STANDARD \nHere for JENNIE only \ud83c\udf38\nmostly RTs\n https://t.co/Envu8ssJlM\n* fan account *",
        "url": null,
        "entities": {
            "description": {
                "urls": [
                    {
                        "url": "https://t.co/Envu8ssJlM",
                        "expanded_url": "http://curiouscat.me",
                        "display_url": "curiouscat.me",
                        "indices": [
                            88,
                            111
                        ]
                    }
                ]
            }
        },
        "protected": false,
        "followers_count": 142,
        "friends_count": 169,
        "listed_count": 0,
        "created_at": "Wed Nov 07 05:32:18 +0000 2018",
        "favourites_count": 121245,
        "utc_offset": null,
        "time_zone": null,
        "geo_enabled": false,
        "verified": false,
        "statuses_count": 49303,
        "lang": null,
        "contributors_enabled": false,
        "is_translator": false,
        "is_translation_enabled": false,
        "profile_background_color": "F5F8FA",
        "profile_background_image_url": null,
        "profile_background_image_url_https": null,
        "profile_background_tile": false,
        "profile_image_url": "http://pbs.twimg.com/profile_images/1220268307074310144/xIOc7Ioc_normal.jpg",
        "profile_image_url_https": "https://pbs.twimg.com/profile_images/1220268307074310144/xIOc7Ioc_normal.jpg",
        "profile_banner_url": "https://pbs.twimg.com/profile_banners/1060042236321136640/1579251173",
        "profile_link_color": "1DA1F2",
        "profile_sidebar_border_color": "C0DEED",
        "profile_sidebar_fill_color": "DDEEF6",
        "profile_text_color": "333333",
        "profile_use_background_image": true,
        "has_extended_profile": false,
        "default_profile": true,
        "default_profile_image": false,
        "following": null,
        "follow_request_sent": null,
        "notifications": null,
        "translator_type": "none"
    },
    "geo": null,
    "coordinates": null,
    "place": null,
    "contributors": null,
    "retweeted_status": {
        "created_at": "Mon Mar 09 12:14:18 +0000 2020",
        "id": 1236988681224744960,
        "id_str": "1236988681224744960",
        "text": "Message from Editor in Chief itself for JENNIE of @ygofficialblink. \n\nTo be specific, this is a French Magazine for\u2026 https://t.co/p5FEYBASue",
        "truncated": true,
        "entities": {
            "hashtags": [],
            "symbols": [],
            "user_mentions": [
                {
                    "screen_name": "ygofficialblink",
                    "name": "BLACKPINK GLOBAL BLINK",
                    "id": 878204370403250176,
                    "id_str": "878204370403250176",
                    "indices": [
                        50,
                        66
                    ]
                }
            ],
            "urls": [
                {
                    "url": "https://t.co/p5FEYBASue",
                    "expanded_url": "https://twitter.com/i/web/status/1236988681224744960",
                    "display_url": "twitter.com/i/web/status/1\u2026",
                    "indices": [
                        117,
                        140
                    ]
                }
            ]
        },
        "metadata": {
            "iso_language_code": "en",
            "result_type": "recent"
        },
        "source": "<a href=\"https://mobile.twitter.com\" rel=\"nofollow\">Twitter Web App</a>",
        "in_reply_to_status_id": null,
        "in_reply_to_status_id_str": null,
        "in_reply_to_user_id": null,
        "in_reply_to_user_id_str": null,
        "in_reply_to_screen_name": null,
        "user": {
            "id": 1179154801747091456,
            "id_str": "1179154801747091456",
            "name": "Lyle",
            "screen_name": "LyleC123",
            "location": "",
            "description": "",
            "url": null,
            "entities": {
                "description": {
                    "urls": []
                }
            },
            "protected": false,
            "followers_count": 1335,
            "friends_count": 71,
            "listed_count": 9,
            "created_at": "Tue Oct 01 22:04:02 +0000 2019",
            "favourites_count": 6715,
            "utc_offset": null,
            "time_zone": null,
            "geo_enabled": false,
            "verified": false,
            "statuses_count": 945,
            "lang": null,
            "contributors_enabled": false,
            "is_translator": false,
            "is_translation_enabled": false,
            "profile_background_color": "F5F8FA",
            "profile_background_image_url": null,
            "profile_background_image_url_https": null,
            "profile_background_tile": false,
            "profile_image_url": "http://pbs.twimg.com/profile_images/1228284102882627585/Tf2HletL_normal.jpg",
            "profile_image_url_https": "https://pbs.twimg.com/profile_images/1228284102882627585/Tf2HletL_normal.jpg",
            "profile_banner_url": "https://pbs.twimg.com/profile_banners/1179154801747091456/1576938173",
            "profile_link_color": "1DA1F2",
            "profile_sidebar_border_color": "C0DEED",
            "profile_sidebar_fill_color": "DDEEF6",
            "profile_text_color": "333333",
            "profile_use_background_image": true,
            "has_extended_profile": false,
            "default_profile": true,
            "default_profile_image": false,
            "following": null,
            "follow_request_sent": null,
            "notifications": null,
            "translator_type": "none"
        },
        "geo": null,
        "coordinates": null,
        "place": null,
        "contributors": null,
        "is_quote_status": false,
        "retweet_count": 146,
        "favorite_count": 366,
        "favorited": false,
        "retweeted": false,
        "possibly_sensitive": false,
        "lang": "en"
    },
    "is_quote_status": false,
    "retweet_count": 146,
    "favorite_count": 0,
    "favorited": false,
    "retweeted": false,
    "lang": "en"
}