{
    "created_at": "Tue Mar 10 01:32:13 +0000 2020",
    "id": 1237189483876909062,
    "id_str": "1237189483876909062",
    "text": "RT @GraceVanderWaal: \ud83e\udd0d @CHANEL \ud83e\udd0d https://t.co/11NFwYh1f7",
    "truncated": false,
    "entities": {
        "hashtags": [],
        "symbols": [],
        "user_mentions": [
            {
                "screen_name": "GraceVanderWaal",
                "name": "Grace VanderWaal",
                "id": 706933895502163968,
                "id_str": "706933895502163968",
                "indices": [
                    3,
                    19
                ]
            },
            {
                "screen_name": "CHANEL",
                "name": "CHANEL",
                "id": 326359913,
                "id_str": "326359913",
                "indices": [
                    23,
                    30
                ]
            }
        ],
        "urls": [],
        "media": [
            {
                "id": 1236424343091130374,
                "id_str": "1236424343091130374",
                "indices": [
                    33,
                    56
                ],
                "media_url": "http://pbs.twimg.com/media/ESipY6GXsAY2kWy.jpg",
                "media_url_https": "https://pbs.twimg.com/media/ESipY6GXsAY2kWy.jpg",
                "url": "https://t.co/11NFwYh1f7",
                "display_url": "pic.twitter.com/11NFwYh1f7",
                "expanded_url": "https://twitter.com/GraceVanderWaal/status/1236424347641921536/photo/1",
                "type": "photo",
                "sizes": {
                    "thumb": {
                        "w": 150,
                        "h": 150,
                        "resize": "crop"
                    },
                    "medium": {
                        "w": 900,
                        "h": 1200,
                        "resize": "fit"
                    },
                    "small": {
                        "w": 510,
                        "h": 680,
                        "resize": "fit"
                    },
                    "large": {
                        "w": 1536,
                        "h": 2048,
                        "resize": "fit"
                    }
                },
                "source_status_id": 1236424347641921536,
                "source_status_id_str": "1236424347641921536",
                "source_user_id": 706933895502163968,
                "source_user_id_str": "706933895502163968"
            }
        ]
    },
    "extended_entities": {
        "media": [
            {
                "id": 1236424343091130374,
                "id_str": "1236424343091130374",
                "indices": [
                    33,
                    56
                ],
                "media_url": "http://pbs.twimg.com/media/ESipY6GXsAY2kWy.jpg",
                "media_url_https": "https://pbs.twimg.com/media/ESipY6GXsAY2kWy.jpg",
                "url": "https://t.co/11NFwYh1f7",
                "display_url": "pic.twitter.com/11NFwYh1f7",
                "expanded_url": "https://twitter.com/GraceVanderWaal/status/1236424347641921536/photo/1",
                "type": "photo",
                "sizes": {
                    "thumb": {
                        "w": 150,
                        "h": 150,
                        "resize": "crop"
                    },
                    "medium": {
                        "w": 900,
                        "h": 1200,
                        "resize": "fit"
                    },
                    "small": {
                        "w": 510,
                        "h": 680,
                        "resize": "fit"
                    },
                    "large": {
                        "w": 1536,
                        "h": 2048,
                        "resize": "fit"
                    }
                },
                "source_status_id": 1236424347641921536,
                "source_status_id_str": "1236424347641921536",
                "source_user_id": 706933895502163968,
                "source_user_id_str": "706933895502163968"
            }
        ]
    },
    "metadata": {
        "iso_language_code": "und",
        "result_type": "recent"
    },
    "source": "<a href=\"https://mobile.twitter.com\" rel=\"nofollow\">Twitter Web App</a>",
    "in_reply_to_status_id": null,
    "in_reply_to_status_id_str": null,
    "in_reply_to_user_id": null,
    "in_reply_to_user_id_str": null,
    "in_reply_to_screen_name": null,
    "user": {
        "id": 785453361826967553,
        "id_str": "785453361826967553",
        "name": "\ub9ac\ub07c\ub07c\uaf2c\uaf2c",
        "screen_name": "mang0357",
        "location": "",
        "description": "\ud5e4\ub354 \uc560\ub178\ub2d8 @konjelly \ud83d\udc96 \uadf8\ub9bc\uacc4 @mang0357_art",
        "url": "https://t.co/oOBLHybWqh",
        "entities": {
            "url": {
                "urls": [
                    {
                        "url": "https://t.co/oOBLHybWqh",
                        "expanded_url": "http://naver.me/GoVSgeZO",
                        "display_url": "naver.me/GoVSgeZO",
                        "indices": [
                            0,
                            23
                        ]
                    }
                ]
            },
            "description": {
                "urls": []
            }
        },
        "protected": false,
        "followers_count": 239,
        "friends_count": 376,
        "listed_count": 1,
        "created_at": "Mon Oct 10 12:14:09 +0000 2016",
        "favourites_count": 11747,
        "utc_offset": null,
        "time_zone": null,
        "geo_enabled": false,
        "verified": false,
        "statuses_count": 42857,
        "lang": null,
        "contributors_enabled": false,
        "is_translator": false,
        "is_translation_enabled": false,
        "profile_background_color": "000000",
        "profile_background_image_url": "http://abs.twimg.com/images/themes/theme1/bg.png",
        "profile_background_image_url_https": "https://abs.twimg.com/images/themes/theme1/bg.png",
        "profile_background_tile": false,
        "profile_image_url": "http://pbs.twimg.com/profile_images/1145219062240145408/KtdMt0A-_normal.jpg",
        "profile_image_url_https": "https://pbs.twimg.com/profile_images/1145219062240145408/KtdMt0A-_normal.jpg",
        "profile_banner_url": "https://pbs.twimg.com/profile_banners/785453361826967553/1582559208",
        "profile_link_color": "FAB81E",
        "profile_sidebar_border_color": "000000",
        "profile_sidebar_fill_color": "000000",
        "profile_text_color": "000000",
        "profile_use_background_image": false,
        "has_extended_profile": true,
        "default_profile": false,
        "default_profile_image": false,
        "following": null,
        "follow_request_sent": null,
        "notifications": null,
        "translator_type": "none"
    },
    "geo": null,
    "coordinates": null,
    "place": null,
    "contributors": null,
    "retweeted_status": {
        "created_at": "Sat Mar 07 22:51:50 +0000 2020",
        "id": 1236424347641921536,
        "id_str": "1236424347641921536",
        "text": "\ud83e\udd0d @CHANEL \ud83e\udd0d https://t.co/11NFwYh1f7",
        "truncated": false,
        "entities": {
            "hashtags": [],
            "symbols": [],
            "user_mentions": [
                {
                    "screen_name": "CHANEL",
                    "name": "CHANEL",
                    "id": 326359913,
                    "id_str": "326359913",
                    "indices": [
                        2,
                        9
                    ]
                }
            ],
            "urls": [],
            "media": [
                {
                    "id": 1236424343091130374,
                    "id_str": "1236424343091130374",
                    "indices": [
                        12,
                        35
                    ],
                    "media_url": "http://pbs.twimg.com/media/ESipY6GXsAY2kWy.jpg",
                    "media_url_https": "https://pbs.twimg.com/media/ESipY6GXsAY2kWy.jpg",
                    "url": "https://t.co/11NFwYh1f7",
                    "display_url": "pic.twitter.com/11NFwYh1f7",
                    "expanded_url": "https://twitter.com/GraceVanderWaal/status/1236424347641921536/photo/1",
                    "type": "photo",
                    "sizes": {
                        "thumb": {
                            "w": 150,
                            "h": 150,
                            "resize": "crop"
                        },
                        "medium": {
                            "w": 900,
                            "h": 1200,
                            "resize": "fit"
                        },
                        "small": {
                            "w": 510,
                            "h": 680,
                            "resize": "fit"
                        },
                        "large": {
                            "w": 1536,
                            "h": 2048,
                            "resize": "fit"
                        }
                    }
                }
            ]
        },
        "extended_entities": {
            "media": [
                {
                    "id": 1236424343091130374,
                    "id_str": "1236424343091130374",
                    "indices": [
                        12,
                        35
                    ],
                    "media_url": "http://pbs.twimg.com/media/ESipY6GXsAY2kWy.jpg",
                    "media_url_https": "https://pbs.twimg.com/media/ESipY6GXsAY2kWy.jpg",
                    "url": "https://t.co/11NFwYh1f7",
                    "display_url": "pic.twitter.com/11NFwYh1f7",
                    "expanded_url": "https://twitter.com/GraceVanderWaal/status/1236424347641921536/photo/1",
                    "type": "photo",
                    "sizes": {
                        "thumb": {
                            "w": 150,
                            "h": 150,
                            "resize": "crop"
                        },
                        "medium": {
                            "w": 900,
                            "h": 1200,
                            "resize": "fit"
                        },
                        "small": {
                            "w": 510,
                            "h": 680,
                            "resize": "fit"
                        },
                        "large": {
                            "w": 1536,
                            "h": 2048,
                            "resize": "fit"
                        }
                    }
                }
            ]
        },
        "metadata": {
            "iso_language_code": "und",
            "result_type": "recent"
        },
        "source": "<a href=\"http://twitter.com/download/iphone\" rel=\"nofollow\">Twitter for iPhone</a>",
        "in_reply_to_status_id": null,
        "in_reply_to_status_id_str": null,
        "in_reply_to_user_id": null,
        "in_reply_to_user_id_str": null,
        "in_reply_to_screen_name": null,
        "user": {
            "id": 706933895502163968,
            "id_str": "706933895502163968",
            "name": "Grace VanderWaal",
            "screen_name": "GraceVanderWaal",
            "location": "New York, USA",
            "description": "IDLY video 11/12 LETTERS VOL 1 11/22",
            "url": "https://t.co/xs2ySza3m0",
            "entities": {
                "url": {
                    "urls": [
                        {
                            "url": "https://t.co/xs2ySza3m0",
                            "expanded_url": "https://gracevanderwaal.lnk.to/TodayandTomorrow",
                            "display_url": "gracevanderwaal.lnk.to/TodayandTomorr\u2026",
                            "indices": [
                                0,
                                23
                            ]
                        }
                    ]
                },
                "description": {
                    "urls": []
                }
            },
            "protected": false,
            "followers_count": 297990,
            "friends_count": 94,
            "listed_count": 762,
            "created_at": "Mon Mar 07 20:05:49 +0000 2016",
            "favourites_count": 13850,
            "utc_offset": null,
            "time_zone": null,
            "geo_enabled": true,
            "verified": true,
            "statuses_count": 4262,
            "lang": null,
            "contributors_enabled": false,
            "is_translator": false,
            "is_translation_enabled": false,
            "profile_background_color": "000000",
            "profile_background_image_url": "http://abs.twimg.com/images/themes/theme1/bg.png",
            "profile_background_image_url_https": "https://abs.twimg.com/images/themes/theme1/bg.png",
            "profile_background_tile": false,
            "profile_image_url": "http://pbs.twimg.com/profile_images/1197879733423419392/kcUMxw0-_normal.jpg",
            "profile_image_url_https": "https://pbs.twimg.com/profile_images/1197879733423419392/kcUMxw0-_normal.jpg",
            "profile_banner_url": "https://pbs.twimg.com/profile_banners/706933895502163968/1573836932",
            "profile_link_color": "F29F8F",
            "profile_sidebar_border_color": "000000",
            "profile_sidebar_fill_color": "000000",
            "profile_text_color": "000000",
            "profile_use_background_image": false,
            "has_extended_profile": false,
            "default_profile": false,
            "default_profile_image": false,
            "following": null,
            "follow_request_sent": null,
            "notifications": null,
            "translator_type": "none"
        },
        "geo": null,
        "coordinates": null,
        "place": null,
        "contributors": null,
        "is_quote_status": false,
        "retweet_count": 207,
        "favorite_count": 2592,
        "favorited": false,
        "retweeted": false,
        "possibly_sensitive": false,
        "lang": "und"
    },
    "is_quote_status": false,
    "retweet_count": 207,
    "favorite_count": 0,
    "favorited": false,
    "retweeted": false,
    "possibly_sensitive": false,
    "lang": "und"
}