{
    "created_at": "Tue Mar 10 08:24:18 +0000 2020",
    "id": 1237293188727148544,
    "id_str": "1237293188727148544",
    "text": "RT @vogue_italia: L'accessorio di oggi \u00e8 @CHANEL\nOgni giorno le nostre scelte qui: https://t.co/FBB4skI6z5 https://t.co/GDsQ7Wm2gM",
    "truncated": false,
    "entities": {
        "hashtags": [],
        "symbols": [],
        "user_mentions": [
            {
                "screen_name": "vogue_italia",
                "name": "Vogue Italia",
                "id": 126614785,
                "id_str": "126614785",
                "indices": [
                    3,
                    16
                ]
            },
            {
                "screen_name": "CHANEL",
                "name": "CHANEL",
                "id": 326359913,
                "id_str": "326359913",
                "indices": [
                    41,
                    48
                ]
            }
        ],
        "urls": [
            {
                "url": "https://t.co/FBB4skI6z5",
                "expanded_url": "https://bit.ly/2Iodh28",
                "display_url": "bit.ly/2Iodh28",
                "indices": [
                    83,
                    106
                ]
            }
        ],
        "media": [
            {
                "id": 1237287297818791937,
                "id_str": "1237287297818791937",
                "indices": [
                    107,
                    130
                ],
                "media_url": "http://pbs.twimg.com/media/ESu6Pe-XkAETzW5.jpg",
                "media_url_https": "https://pbs.twimg.com/media/ESu6Pe-XkAETzW5.jpg",
                "url": "https://t.co/GDsQ7Wm2gM",
                "display_url": "pic.twitter.com/GDsQ7Wm2gM",
                "expanded_url": "https://twitter.com/vogue_italia/status/1237287300679315456/photo/1",
                "type": "photo",
                "sizes": {
                    "thumb": {
                        "w": 150,
                        "h": 150,
                        "resize": "crop"
                    },
                    "large": {
                        "w": 1001,
                        "h": 1500,
                        "resize": "fit"
                    },
                    "small": {
                        "w": 454,
                        "h": 680,
                        "resize": "fit"
                    },
                    "medium": {
                        "w": 801,
                        "h": 1200,
                        "resize": "fit"
                    }
                },
                "source_status_id": 1237287300679315456,
                "source_status_id_str": "1237287300679315456",
                "source_user_id": 126614785,
                "source_user_id_str": "126614785"
            }
        ]
    },
    "extended_entities": {
        "media": [
            {
                "id": 1237287297818791937,
                "id_str": "1237287297818791937",
                "indices": [
                    107,
                    130
                ],
                "media_url": "http://pbs.twimg.com/media/ESu6Pe-XkAETzW5.jpg",
                "media_url_https": "https://pbs.twimg.com/media/ESu6Pe-XkAETzW5.jpg",
                "url": "https://t.co/GDsQ7Wm2gM",
                "display_url": "pic.twitter.com/GDsQ7Wm2gM",
                "expanded_url": "https://twitter.com/vogue_italia/status/1237287300679315456/photo/1",
                "type": "photo",
                "sizes": {
                    "thumb": {
                        "w": 150,
                        "h": 150,
                        "resize": "crop"
                    },
                    "large": {
                        "w": 1001,
                        "h": 1500,
                        "resize": "fit"
                    },
                    "small": {
                        "w": 454,
                        "h": 680,
                        "resize": "fit"
                    },
                    "medium": {
                        "w": 801,
                        "h": 1200,
                        "resize": "fit"
                    }
                },
                "source_status_id": 1237287300679315456,
                "source_status_id_str": "1237287300679315456",
                "source_user_id": 126614785,
                "source_user_id_str": "126614785"
            }
        ]
    },
    "metadata": {
        "iso_language_code": "it",
        "result_type": "recent"
    },
    "source": "<a href=\"http://twitter.com/download/android\" rel=\"nofollow\">Twitter for Android</a>",
    "in_reply_to_status_id": null,
    "in_reply_to_status_id_str": null,
    "in_reply_to_user_id": null,
    "in_reply_to_user_id_str": null,
    "in_reply_to_screen_name": null,
    "user": {
        "id": 826569227712790528,
        "id_str": "826569227712790528",
        "name": "Carlos Vega \ud83d\udcae",
        "screen_name": "fatkidkyle",
        "location": "Addison, IL",
        "description": "ev\u0454r\u0447\u03c3n\u0454 g\u0454t\u0455 \u03b1 f\u03c3ll\u03c3w \ud83c\udf40",
        "url": "https://t.co/4LJAGXfdtN",
        "entities": {
            "url": {
                "urls": [
                    {
                        "url": "https://t.co/4LJAGXfdtN",
                        "expanded_url": "https://www.youtube.com/channel/UC0AyHo_nMwC72g8QbIXWozA",
                        "display_url": "youtube.com/channel/UC0AyH\u2026",
                        "indices": [
                            0,
                            23
                        ]
                    }
                ]
            },
            "description": {
                "urls": []
            }
        },
        "protected": false,
        "followers_count": 74,
        "friends_count": 150,
        "listed_count": 0,
        "created_at": "Tue Jan 31 23:13:55 +0000 2017",
        "favourites_count": 468,
        "utc_offset": null,
        "time_zone": null,
        "geo_enabled": false,
        "verified": false,
        "statuses_count": 4115,
        "lang": null,
        "contributors_enabled": false,
        "is_translator": false,
        "is_translation_enabled": false,
        "profile_background_color": "F5F8FA",
        "profile_background_image_url": null,
        "profile_background_image_url_https": null,
        "profile_background_tile": false,
        "profile_image_url": "http://pbs.twimg.com/profile_images/1236841853535821824/fBeCbvI-_normal.jpg",
        "profile_image_url_https": "https://pbs.twimg.com/profile_images/1236841853535821824/fBeCbvI-_normal.jpg",
        "profile_banner_url": "https://pbs.twimg.com/profile_banners/826569227712790528/1583728134",
        "profile_link_color": "1DA1F2",
        "profile_sidebar_border_color": "C0DEED",
        "profile_sidebar_fill_color": "DDEEF6",
        "profile_text_color": "333333",
        "profile_use_background_image": true,
        "has_extended_profile": true,
        "default_profile": true,
        "default_profile_image": false,
        "following": null,
        "follow_request_sent": null,
        "notifications": null,
        "translator_type": "none"
    },
    "geo": null,
    "coordinates": null,
    "place": null,
    "contributors": null,
    "retweeted_status": {
        "created_at": "Tue Mar 10 08:00:54 +0000 2020",
        "id": 1237287300679315456,
        "id_str": "1237287300679315456",
        "text": "L'accessorio di oggi \u00e8 @CHANEL\nOgni giorno le nostre scelte qui: https://t.co/FBB4skI6z5 https://t.co/GDsQ7Wm2gM",
        "truncated": false,
        "entities": {
            "hashtags": [],
            "symbols": [],
            "user_mentions": [
                {
                    "screen_name": "CHANEL",
                    "name": "CHANEL",
                    "id": 326359913,
                    "id_str": "326359913",
                    "indices": [
                        23,
                        30
                    ]
                }
            ],
            "urls": [
                {
                    "url": "https://t.co/FBB4skI6z5",
                    "expanded_url": "https://bit.ly/2Iodh28",
                    "display_url": "bit.ly/2Iodh28",
                    "indices": [
                        65,
                        88
                    ]
                }
            ],
            "media": [
                {
                    "id": 1237287297818791937,
                    "id_str": "1237287297818791937",
                    "indices": [
                        89,
                        112
                    ],
                    "media_url": "http://pbs.twimg.com/media/ESu6Pe-XkAETzW5.jpg",
                    "media_url_https": "https://pbs.twimg.com/media/ESu6Pe-XkAETzW5.jpg",
                    "url": "https://t.co/GDsQ7Wm2gM",
                    "display_url": "pic.twitter.com/GDsQ7Wm2gM",
                    "expanded_url": "https://twitter.com/vogue_italia/status/1237287300679315456/photo/1",
                    "type": "photo",
                    "sizes": {
                        "thumb": {
                            "w": 150,
                            "h": 150,
                            "resize": "crop"
                        },
                        "large": {
                            "w": 1001,
                            "h": 1500,
                            "resize": "fit"
                        },
                        "small": {
                            "w": 454,
                            "h": 680,
                            "resize": "fit"
                        },
                        "medium": {
                            "w": 801,
                            "h": 1200,
                            "resize": "fit"
                        }
                    }
                }
            ]
        },
        "extended_entities": {
            "media": [
                {
                    "id": 1237287297818791937,
                    "id_str": "1237287297818791937",
                    "indices": [
                        89,
                        112
                    ],
                    "media_url": "http://pbs.twimg.com/media/ESu6Pe-XkAETzW5.jpg",
                    "media_url_https": "https://pbs.twimg.com/media/ESu6Pe-XkAETzW5.jpg",
                    "url": "https://t.co/GDsQ7Wm2gM",
                    "display_url": "pic.twitter.com/GDsQ7Wm2gM",
                    "expanded_url": "https://twitter.com/vogue_italia/status/1237287300679315456/photo/1",
                    "type": "photo",
                    "sizes": {
                        "thumb": {
                            "w": 150,
                            "h": 150,
                            "resize": "crop"
                        },
                        "large": {
                            "w": 1001,
                            "h": 1500,
                            "resize": "fit"
                        },
                        "small": {
                            "w": 454,
                            "h": 680,
                            "resize": "fit"
                        },
                        "medium": {
                            "w": 801,
                            "h": 1200,
                            "resize": "fit"
                        }
                    }
                }
            ]
        },
        "metadata": {
            "iso_language_code": "it",
            "result_type": "recent"
        },
        "source": "<a href=\"https://www.echobox.com\" rel=\"nofollow\">Echobox Social</a>",
        "in_reply_to_status_id": null,
        "in_reply_to_status_id_str": null,
        "in_reply_to_user_id": null,
        "in_reply_to_user_id_str": null,
        "in_reply_to_screen_name": null,
        "user": {
            "id": 126614785,
            "id_str": "126614785",
            "name": "Vogue Italia",
            "screen_name": "vogue_italia",
            "location": "",
            "description": "This is the official Twitter of Vogue Italia / Quality is our Business Plan #CONDENASTQUALITY",
            "url": "https://t.co/Hz11KfGkSA",
            "entities": {
                "url": {
                    "urls": [
                        {
                            "url": "https://t.co/Hz11KfGkSA",
                            "expanded_url": "http://www.vogue.it",
                            "display_url": "vogue.it",
                            "indices": [
                                0,
                                23
                            ]
                        }
                    ]
                },
                "description": {
                    "urls": []
                }
            },
            "protected": false,
            "followers_count": 1100712,
            "friends_count": 27,
            "listed_count": 3646,
            "created_at": "Fri Mar 26 12:44:16 +0000 2010",
            "favourites_count": 356,
            "utc_offset": null,
            "time_zone": null,
            "geo_enabled": true,
            "verified": true,
            "statuses_count": 55567,
            "lang": null,
            "contributors_enabled": false,
            "is_translator": false,
            "is_translation_enabled": false,
            "profile_background_color": "000000",
            "profile_background_image_url": "http://abs.twimg.com/images/themes/theme1/bg.png",
            "profile_background_image_url_https": "https://abs.twimg.com/images/themes/theme1/bg.png",
            "profile_background_tile": false,
            "profile_image_url": "http://pbs.twimg.com/profile_images/953932976315863040/6GVSt9UJ_normal.jpg",
            "profile_image_url_https": "https://pbs.twimg.com/profile_images/953932976315863040/6GVSt9UJ_normal.jpg",
            "profile_banner_url": "https://pbs.twimg.com/profile_banners/126614785/1542974535",
            "profile_link_color": "000000",
            "profile_sidebar_border_color": "FFFFFF",
            "profile_sidebar_fill_color": "FF052F",
            "profile_text_color": "0F0E0E",
            "profile_use_background_image": true,
            "has_extended_profile": false,
            "default_profile": false,
            "default_profile_image": false,
            "following": null,
            "follow_request_sent": null,
            "notifications": null,
            "translator_type": "none"
        },
        "geo": null,
        "coordinates": null,
        "place": null,
        "contributors": null,
        "is_quote_status": false,
        "retweet_count": 4,
        "favorite_count": 14,
        "favorited": false,
        "retweeted": false,
        "possibly_sensitive": false,
        "lang": "it"
    },
    "is_quote_status": false,
    "retweet_count": 4,
    "favorite_count": 0,
    "favorited": false,
    "retweeted": false,
    "possibly_sensitive": false,
    "lang": "it"
}