{
    "created_at": "Tue Mar 10 09:59:04 +0000 2020",
    "id": 1237317035924824064,
    "id_str": "1237317035924824064",
    "text": "RT @CHANEL: HISTORY OF A CRUSH\nCOCO CRUSH, a fine jewelry collection inspired by the quilted motif\u2014an emblem of CHANEL since 1955.\n#COCOCRU\u2026",
    "truncated": false,
    "entities": {
        "hashtags": [],
        "symbols": [],
        "user_mentions": [
            {
                "screen_name": "CHANEL",
                "name": "CHANEL",
                "id": 326359913,
                "id_str": "326359913",
                "indices": [
                    3,
                    10
                ]
            }
        ],
        "urls": []
    },
    "metadata": {
        "iso_language_code": "en",
        "result_type": "recent"
    },
    "source": "<a href=\"http://twitter.com/download/android\" rel=\"nofollow\">Twitter for Android</a>",
    "in_reply_to_status_id": null,
    "in_reply_to_status_id_str": null,
    "in_reply_to_user_id": null,
    "in_reply_to_user_id_str": null,
    "in_reply_to_screen_name": null,
    "user": {
        "id": 803292155930361856,
        "id_str": "803292155930361856",
        "name": "Thamer Ghaleb",
        "screen_name": "thamer_1_ghaleb",
        "location": "",
        "description": "\"\u0627\u0644\u0633\u0627\u062f\u0629 \u0627\u0644\u0643\u0631\u0627\u0645 \u0627\u0644\u062d\u0643\u0648\u0645\u0629 \u0627\u0644\u064a\u0645\u0646\u064a\u0629\" \u064a\u062c\u0628 \u0623\u0646 \u062a\u0643\u0648\u0646 \u0627\u0644\u0646\u0642\u0648\u062f \u0627\u0644\u064a\u0645\u0646\u064a\u0629 \u0628\u062d\u0627\u0644\u0629 \u062c\u064a\u0651\u062f\u0629 \u0644\u0643\u064a\u0651 \u064a\u0643\u0648\u0646 \u0627\u0644\u0645\u0648\u0627\u0637\u0646 \u0627\u0644\u064a\u0645\u0646\u064a \u0628\u062d\u0627\u0644\u0629 \u062c\u064a\u0651\u062f\u0629",
        "url": null,
        "entities": {
            "description": {
                "urls": []
            }
        },
        "protected": false,
        "followers_count": 29,
        "friends_count": 63,
        "listed_count": 0,
        "created_at": "Mon Nov 28 17:39:09 +0000 2016",
        "favourites_count": 1146,
        "utc_offset": null,
        "time_zone": null,
        "geo_enabled": false,
        "verified": false,
        "statuses_count": 1409,
        "lang": null,
        "contributors_enabled": false,
        "is_translator": false,
        "is_translation_enabled": false,
        "profile_background_color": "F5F8FA",
        "profile_background_image_url": null,
        "profile_background_image_url_https": null,
        "profile_background_tile": false,
        "profile_image_url": "http://pbs.twimg.com/profile_images/1040544004822233089/3bY94yxP_normal.jpg",
        "profile_image_url_https": "https://pbs.twimg.com/profile_images/1040544004822233089/3bY94yxP_normal.jpg",
        "profile_banner_url": "https://pbs.twimg.com/profile_banners/803292155930361856/1529538188",
        "profile_link_color": "1DA1F2",
        "profile_sidebar_border_color": "C0DEED",
        "profile_sidebar_fill_color": "DDEEF6",
        "profile_text_color": "333333",
        "profile_use_background_image": true,
        "has_extended_profile": false,
        "default_profile": true,
        "default_profile_image": false,
        "following": null,
        "follow_request_sent": null,
        "notifications": null,
        "translator_type": "none"
    },
    "geo": null,
    "coordinates": null,
    "place": null,
    "contributors": null,
    "retweeted_status": {
        "created_at": "Mon Mar 09 10:00:01 +0000 2020",
        "id": 1236954887037972480,
        "id_str": "1236954887037972480",
        "text": "HISTORY OF A CRUSH\nCOCO CRUSH, a fine jewelry collection inspired by the quilted motif\u2014an emblem of CHANEL since 19\u2026 https://t.co/3MFjP3yNry",
        "truncated": true,
        "entities": {
            "hashtags": [],
            "symbols": [],
            "user_mentions": [],
            "urls": [
                {
                    "url": "https://t.co/3MFjP3yNry",
                    "expanded_url": "https://twitter.com/i/web/status/1236954887037972480",
                    "display_url": "twitter.com/i/web/status/1\u2026",
                    "indices": [
                        117,
                        140
                    ]
                }
            ]
        },
        "metadata": {
            "iso_language_code": "en",
            "result_type": "recent"
        },
        "source": "<a href=\"https://ads-api.twitter.com\" rel=\"nofollow\">Twitter for Advertisers</a>",
        "in_reply_to_status_id": null,
        "in_reply_to_status_id_str": null,
        "in_reply_to_user_id": null,
        "in_reply_to_user_id_str": null,
        "in_reply_to_screen_name": null,
        "user": {
            "id": 326359913,
            "id_str": "326359913",
            "name": "CHANEL",
            "screen_name": "CHANEL",
            "location": "",
            "description": "'CHANEL is above all a style. Fashion passes, style remains.' Gabrielle Chanel",
            "url": "http://t.co/GBdCztEiwL",
            "entities": {
                "url": {
                    "urls": [
                        {
                            "url": "http://t.co/GBdCztEiwL",
                            "expanded_url": "http://www.chanel.com",
                            "display_url": "chanel.com",
                            "indices": [
                                0,
                                22
                            ]
                        }
                    ]
                },
                "description": {
                    "urls": []
                }
            },
            "protected": false,
            "followers_count": 13229486,
            "friends_count": 1,
            "listed_count": 11499,
            "created_at": "Wed Jun 29 19:57:54 +0000 2011",
            "favourites_count": 0,
            "utc_offset": null,
            "time_zone": null,
            "geo_enabled": true,
            "verified": true,
            "statuses_count": 2933,
            "lang": null,
            "contributors_enabled": false,
            "is_translator": false,
            "is_translation_enabled": false,
            "profile_background_color": "000000",
            "profile_background_image_url": "http://abs.twimg.com/images/themes/theme1/bg.png",
            "profile_background_image_url_https": "https://abs.twimg.com/images/themes/theme1/bg.png",
            "profile_background_tile": false,
            "profile_image_url": "http://pbs.twimg.com/profile_images/1154314010252206080/eAG6xnof_normal.jpg",
            "profile_image_url_https": "https://pbs.twimg.com/profile_images/1154314010252206080/eAG6xnof_normal.jpg",
            "profile_banner_url": "https://pbs.twimg.com/profile_banners/326359913/1583760667",
            "profile_link_color": "000000",
            "profile_sidebar_border_color": "000000",
            "profile_sidebar_fill_color": "000000",
            "profile_text_color": "666666",
            "profile_use_background_image": false,
            "has_extended_profile": false,
            "default_profile": false,
            "default_profile_image": false,
            "following": null,
            "follow_request_sent": null,
            "notifications": null,
            "translator_type": "none"
        },
        "geo": null,
        "coordinates": null,
        "place": null,
        "contributors": null,
        "is_quote_status": false,
        "retweet_count": 91,
        "favorite_count": 702,
        "favorited": false,
        "retweeted": false,
        "possibly_sensitive": false,
        "lang": "en"
    },
    "is_quote_status": false,
    "retweet_count": 91,
    "favorite_count": 0,
    "favorited": false,
    "retweeted": false,
    "lang": "en"
}