{
    "created_at": "Mon Mar 09 22:23:03 +0000 2020",
    "id": 1237141877805199362,
    "id_str": "1237141877805199362",
    "text": "@CHANEL https://t.co/QTq3GCTDJP",
    "truncated": false,
    "entities": {
        "hashtags": [],
        "symbols": [],
        "user_mentions": [
            {
                "screen_name": "CHANEL",
                "name": "CHANEL",
                "id": 326359913,
                "id_str": "326359913",
                "indices": [
                    0,
                    7
                ]
            }
        ],
        "urls": [],
        "media": [
            {
                "id": 1237141868036620294,
                "id_str": "1237141868036620294",
                "indices": [
                    8,
                    31
                ],
                "media_url": "http://pbs.twimg.com/media/ESs1-W0WAAY04Ct.jpg",
                "media_url_https": "https://pbs.twimg.com/media/ESs1-W0WAAY04Ct.jpg",
                "url": "https://t.co/QTq3GCTDJP",
                "display_url": "pic.twitter.com/QTq3GCTDJP",
                "expanded_url": "https://twitter.com/selashiloni/status/1237141877805199362/photo/1",
                "type": "photo",
                "sizes": {
                    "thumb": {
                        "w": 150,
                        "h": 150,
                        "resize": "crop"
                    },
                    "medium": {
                        "w": 1028,
                        "h": 1200,
                        "resize": "fit"
                    },
                    "small": {
                        "w": 582,
                        "h": 680,
                        "resize": "fit"
                    },
                    "large": {
                        "w": 1754,
                        "h": 2048,
                        "resize": "fit"
                    }
                }
            }
        ]
    },
    "extended_entities": {
        "media": [
            {
                "id": 1237141868036620294,
                "id_str": "1237141868036620294",
                "indices": [
                    8,
                    31
                ],
                "media_url": "http://pbs.twimg.com/media/ESs1-W0WAAY04Ct.jpg",
                "media_url_https": "https://pbs.twimg.com/media/ESs1-W0WAAY04Ct.jpg",
                "url": "https://t.co/QTq3GCTDJP",
                "display_url": "pic.twitter.com/QTq3GCTDJP",
                "expanded_url": "https://twitter.com/selashiloni/status/1237141877805199362/photo/1",
                "type": "photo",
                "sizes": {
                    "thumb": {
                        "w": 150,
                        "h": 150,
                        "resize": "crop"
                    },
                    "medium": {
                        "w": 1028,
                        "h": 1200,
                        "resize": "fit"
                    },
                    "small": {
                        "w": 582,
                        "h": 680,
                        "resize": "fit"
                    },
                    "large": {
                        "w": 1754,
                        "h": 2048,
                        "resize": "fit"
                    }
                }
            }
        ]
    },
    "metadata": {
        "iso_language_code": "und",
        "result_type": "recent"
    },
    "source": "<a href=\"http://twitter.com/download/iphone\" rel=\"nofollow\">Twitter for iPhone</a>",
    "in_reply_to_status_id": null,
    "in_reply_to_status_id_str": null,
    "in_reply_to_user_id": 326359913,
    "in_reply_to_user_id_str": "326359913",
    "in_reply_to_screen_name": "CHANEL",
    "user": {
        "id": 230381118,
        "id_str": "230381118",
        "name": "Sela Shiloni",
        "screen_name": "selashiloni",
        "location": "Los Angeles, CA",
        "description": "photographer. https://t.co/Nzbmmm5DYU",
        "url": "https://t.co/wCSViAbJ9h",
        "entities": {
            "url": {
                "urls": [
                    {
                        "url": "https://t.co/wCSViAbJ9h",
                        "expanded_url": "http://selashiloniphoto.com",
                        "display_url": "selashiloniphoto.com",
                        "indices": [
                            0,
                            23
                        ]
                    }
                ]
            },
            "description": {
                "urls": [
                    {
                        "url": "https://t.co/Nzbmmm5DYU",
                        "expanded_url": "http://www.instagram.com/selashiloni",
                        "display_url": "instagram.com/selashiloni",
                        "indices": [
                            14,
                            37
                        ]
                    }
                ]
            }
        },
        "protected": false,
        "followers_count": 1671,
        "friends_count": 554,
        "listed_count": 0,
        "created_at": "Sat Dec 25 07:49:57 +0000 2010",
        "favourites_count": 4504,
        "utc_offset": null,
        "time_zone": null,
        "geo_enabled": true,
        "verified": false,
        "statuses_count": 5018,
        "lang": null,
        "contributors_enabled": false,
        "is_translator": false,
        "is_translation_enabled": false,
        "profile_background_color": "C0DEED",
        "profile_background_image_url": "http://abs.twimg.com/images/themes/theme1/bg.png",
        "profile_background_image_url_https": "https://abs.twimg.com/images/themes/theme1/bg.png",
        "profile_background_tile": false,
        "profile_image_url": "http://pbs.twimg.com/profile_images/1227029228182478851/61fjEdB1_normal.jpg",
        "profile_image_url_https": "https://pbs.twimg.com/profile_images/1227029228182478851/61fjEdB1_normal.jpg",
        "profile_banner_url": "https://pbs.twimg.com/profile_banners/230381118/1571510215",
        "profile_link_color": "1DA1F2",
        "profile_sidebar_border_color": "C0DEED",
        "profile_sidebar_fill_color": "DDEEF6",
        "profile_text_color": "333333",
        "profile_use_background_image": true,
        "has_extended_profile": false,
        "default_profile": true,
        "default_profile_image": false,
        "following": null,
        "follow_request_sent": null,
        "notifications": null,
        "translator_type": "none"
    },
    "geo": null,
    "coordinates": null,
    "place": null,
    "contributors": null,
    "is_quote_status": false,
    "retweet_count": 0,
    "favorite_count": 0,
    "favorited": false,
    "retweeted": false,
    "possibly_sensitive": false,
    "lang": "und"
}