{
    "created_at": "Tue Mar 10 03:23:12 +0000 2020",
    "id": 1237217415911673858,
    "id_str": "1237217415911673858",
    "text": "@nypost @taylorbrennan omg more money to buy @CHANEL \ud83d\ude0d",
    "truncated": false,
    "entities": {
        "hashtags": [],
        "symbols": [],
        "user_mentions": [
            {
                "screen_name": "nypost",
                "name": "New York Post",
                "id": 17469289,
                "id_str": "17469289",
                "indices": [
                    0,
                    7
                ]
            },
            {
                "screen_name": "taylorbrennan",
                "name": "Taylor Brennan",
                "id": 18674945,
                "id_str": "18674945",
                "indices": [
                    8,
                    22
                ]
            },
            {
                "screen_name": "CHANEL",
                "name": "CHANEL",
                "id": 326359913,
                "id_str": "326359913",
                "indices": [
                    45,
                    52
                ]
            }
        ],
        "urls": []
    },
    "metadata": {
        "iso_language_code": "en",
        "result_type": "recent"
    },
    "source": "<a href=\"http://twitter.com/download/iphone\" rel=\"nofollow\">Twitter for iPhone</a>",
    "in_reply_to_status_id": 1237140892827475969,
    "in_reply_to_status_id_str": "1237140892827475969",
    "in_reply_to_user_id": 17469289,
    "in_reply_to_user_id_str": "17469289",
    "in_reply_to_screen_name": "nypost",
    "user": {
        "id": 487652709,
        "id_str": "487652709",
        "name": "becca \ud83d\udcab",
        "screen_name": "beccaleesi",
        "location": "xoxo gossip girl",
        "description": "i'm a leo and it shows",
        "url": "https://t.co/RUR9Ek3T1a",
        "entities": {
            "url": {
                "urls": [
                    {
                        "url": "https://t.co/RUR9Ek3T1a",
                        "expanded_url": "https://poshmark.com/closet/youmakemeblush",
                        "display_url": "poshmark.com/closet/youmake\u2026",
                        "indices": [
                            0,
                            23
                        ]
                    }
                ]
            },
            "description": {
                "urls": []
            }
        },
        "protected": false,
        "followers_count": 195,
        "friends_count": 180,
        "listed_count": 4,
        "created_at": "Thu Feb 09 16:04:13 +0000 2012",
        "favourites_count": 11620,
        "utc_offset": null,
        "time_zone": null,
        "geo_enabled": true,
        "verified": false,
        "statuses_count": 8834,
        "lang": null,
        "contributors_enabled": false,
        "is_translator": false,
        "is_translation_enabled": false,
        "profile_background_color": "FFFFFF",
        "profile_background_image_url": "http://abs.twimg.com/images/themes/theme1/bg.png",
        "profile_background_image_url_https": "https://abs.twimg.com/images/themes/theme1/bg.png",
        "profile_background_tile": true,
        "profile_image_url": "http://pbs.twimg.com/profile_images/1126654681932029952/wHbgGfss_normal.jpg",
        "profile_image_url_https": "https://pbs.twimg.com/profile_images/1126654681932029952/wHbgGfss_normal.jpg",
        "profile_banner_url": "https://pbs.twimg.com/profile_banners/487652709/1559795507",
        "profile_link_color": "55CEFA",
        "profile_sidebar_border_color": "FFFFFF",
        "profile_sidebar_fill_color": "FFFFFF",
        "profile_text_color": "000000",
        "profile_use_background_image": false,
        "has_extended_profile": true,
        "default_profile": false,
        "default_profile_image": false,
        "following": null,
        "follow_request_sent": null,
        "notifications": null,
        "translator_type": "none"
    },
    "geo": null,
    "coordinates": null,
    "place": null,
    "contributors": null,
    "is_quote_status": false,
    "retweet_count": 0,
    "favorite_count": 1,
    "favorited": false,
    "retweeted": false,
    "lang": "en"
}