{
    "created_at": "Tue Mar 10 16:20:21 +0000 2020",
    "id": 1237412991651340289,
    "id_str": "1237412991651340289",
    "text": "RT @LyleC123: Chanel's Artistic Director (HUBERT BARRERE) liked #JENNIE's IG post and Chanel's IG update with Chanel Ambassador Jennie! \n\n@\u2026",
    "truncated": false,
    "entities": {
        "hashtags": [
            {
                "text": "JENNIE",
                "indices": [
                    64,
                    71
                ]
            }
        ],
        "symbols": [],
        "user_mentions": [
            {
                "screen_name": "LyleC123",
                "name": "Lyle",
                "id": 1179154801747091456,
                "id_str": "1179154801747091456",
                "indices": [
                    3,
                    12
                ]
            }
        ],
        "urls": []
    },
    "metadata": {
        "iso_language_code": "en",
        "result_type": "recent"
    },
    "source": "<a href=\"http://twitter.com/download/iphone\" rel=\"nofollow\">Twitter for iPhone</a>",
    "in_reply_to_status_id": null,
    "in_reply_to_status_id_str": null,
    "in_reply_to_user_id": null,
    "in_reply_to_user_id_str": null,
    "in_reply_to_screen_name": null,
    "user": {
        "id": 2907470930,
        "id_str": "2907470930",
        "name": "XXiPOTJANAPRON",
        "screen_name": "PotjanapronN",
        "location": "Thailand",
        "description": "\u2764\ufe0fJENNIE KIM \ud83d\udc96BlackPink \u3030\ufe0fBLINKTHAILAND \ud83d\udc9bBIGBANG \u3030\ufe0fVIPTHAILAND",
        "url": null,
        "entities": {
            "description": {
                "urls": []
            }
        },
        "protected": false,
        "followers_count": 63,
        "friends_count": 1036,
        "listed_count": 0,
        "created_at": "Sat Nov 22 19:52:45 +0000 2014",
        "favourites_count": 191539,
        "utc_offset": null,
        "time_zone": null,
        "geo_enabled": false,
        "verified": false,
        "statuses_count": 44430,
        "lang": null,
        "contributors_enabled": false,
        "is_translator": false,
        "is_translation_enabled": false,
        "profile_background_color": "C0DEED",
        "profile_background_image_url": "http://abs.twimg.com/images/themes/theme1/bg.png",
        "profile_background_image_url_https": "https://abs.twimg.com/images/themes/theme1/bg.png",
        "profile_background_tile": false,
        "profile_image_url": "http://pbs.twimg.com/profile_images/1184157404386095104/P05H4Eqx_normal.jpg",
        "profile_image_url_https": "https://pbs.twimg.com/profile_images/1184157404386095104/P05H4Eqx_normal.jpg",
        "profile_banner_url": "https://pbs.twimg.com/profile_banners/2907470930/1552472918",
        "profile_link_color": "1DA1F2",
        "profile_sidebar_border_color": "C0DEED",
        "profile_sidebar_fill_color": "DDEEF6",
        "profile_text_color": "333333",
        "profile_use_background_image": true,
        "has_extended_profile": false,
        "default_profile": true,
        "default_profile_image": false,
        "following": null,
        "follow_request_sent": null,
        "notifications": null,
        "translator_type": "none"
    },
    "geo": null,
    "coordinates": null,
    "place": null,
    "contributors": null,
    "retweeted_status": {
        "created_at": "Thu Mar 05 11:46:17 +0000 2020",
        "id": 1235532081532260352,
        "id_str": "1235532081532260352",
        "text": "Chanel's Artistic Director (HUBERT BARRERE) liked #JENNIE's IG post and Chanel's IG update with Chanel Ambassador J\u2026 https://t.co/IXcf5HAVBY",
        "truncated": true,
        "entities": {
            "hashtags": [
                {
                    "text": "JENNIE",
                    "indices": [
                        50,
                        57
                    ]
                }
            ],
            "symbols": [],
            "user_mentions": [],
            "urls": [
                {
                    "url": "https://t.co/IXcf5HAVBY",
                    "expanded_url": "https://twitter.com/i/web/status/1235532081532260352",
                    "display_url": "twitter.com/i/web/status/1\u2026",
                    "indices": [
                        117,
                        140
                    ]
                }
            ]
        },
        "metadata": {
            "iso_language_code": "en",
            "result_type": "recent"
        },
        "source": "<a href=\"https://mobile.twitter.com\" rel=\"nofollow\">Twitter Web App</a>",
        "in_reply_to_status_id": null,
        "in_reply_to_status_id_str": null,
        "in_reply_to_user_id": null,
        "in_reply_to_user_id_str": null,
        "in_reply_to_screen_name": null,
        "user": {
            "id": 1179154801747091456,
            "id_str": "1179154801747091456",
            "name": "Lyle",
            "screen_name": "LyleC123",
            "location": "",
            "description": "",
            "url": null,
            "entities": {
                "description": {
                    "urls": []
                }
            },
            "protected": false,
            "followers_count": 1335,
            "friends_count": 71,
            "listed_count": 9,
            "created_at": "Tue Oct 01 22:04:02 +0000 2019",
            "favourites_count": 6715,
            "utc_offset": null,
            "time_zone": null,
            "geo_enabled": false,
            "verified": false,
            "statuses_count": 945,
            "lang": null,
            "contributors_enabled": false,
            "is_translator": false,
            "is_translation_enabled": false,
            "profile_background_color": "F5F8FA",
            "profile_background_image_url": null,
            "profile_background_image_url_https": null,
            "profile_background_tile": false,
            "profile_image_url": "http://pbs.twimg.com/profile_images/1228284102882627585/Tf2HletL_normal.jpg",
            "profile_image_url_https": "https://pbs.twimg.com/profile_images/1228284102882627585/Tf2HletL_normal.jpg",
            "profile_banner_url": "https://pbs.twimg.com/profile_banners/1179154801747091456/1576938173",
            "profile_link_color": "1DA1F2",
            "profile_sidebar_border_color": "C0DEED",
            "profile_sidebar_fill_color": "DDEEF6",
            "profile_text_color": "333333",
            "profile_use_background_image": true,
            "has_extended_profile": false,
            "default_profile": true,
            "default_profile_image": false,
            "following": null,
            "follow_request_sent": null,
            "notifications": null,
            "translator_type": "none"
        },
        "geo": null,
        "coordinates": null,
        "place": null,
        "contributors": null,
        "is_quote_status": false,
        "retweet_count": 49,
        "favorite_count": 155,
        "favorited": false,
        "retweeted": false,
        "possibly_sensitive": false,
        "lang": "en"
    },
    "is_quote_status": false,
    "retweet_count": 49,
    "favorite_count": 0,
    "favorited": false,
    "retweeted": false,
    "lang": "en"
}