{
    "created_at": "Tue Mar 10 10:55:26 +0000 2020",
    "id": 1237331223925702656,
    "id_str": "1237331223925702656",
    "text": "Genre @angele_vl a pos\u00e9 pour @CHANEL je suis choqu\u00e9e, la photo est trop belle en plus https://t.co/BJg8ZkHSaC",
    "truncated": false,
    "entities": {
        "hashtags": [],
        "symbols": [],
        "user_mentions": [
            {
                "screen_name": "angele_vl",
                "name": "Ang\u00e8le Ang\u00e8le",
                "id": 789944286427156480,
                "id_str": "789944286427156480",
                "indices": [
                    6,
                    16
                ]
            },
            {
                "screen_name": "CHANEL",
                "name": "CHANEL",
                "id": 326359913,
                "id_str": "326359913",
                "indices": [
                    29,
                    36
                ]
            }
        ],
        "urls": [],
        "media": [
            {
                "id": 1237331188873904128,
                "id_str": "1237331188873904128",
                "indices": [
                    86,
                    109
                ],
                "media_url": "http://pbs.twimg.com/media/ESviKR5XQAAUL5s.jpg",
                "media_url_https": "https://pbs.twimg.com/media/ESviKR5XQAAUL5s.jpg",
                "url": "https://t.co/BJg8ZkHSaC",
                "display_url": "pic.twitter.com/BJg8ZkHSaC",
                "expanded_url": "https://twitter.com/lolila_99/status/1237331223925702656/photo/1",
                "type": "photo",
                "sizes": {
                    "medium": {
                        "w": 900,
                        "h": 1200,
                        "resize": "fit"
                    },
                    "thumb": {
                        "w": 150,
                        "h": 150,
                        "resize": "crop"
                    },
                    "small": {
                        "w": 510,
                        "h": 680,
                        "resize": "fit"
                    },
                    "large": {
                        "w": 1536,
                        "h": 2048,
                        "resize": "fit"
                    }
                }
            }
        ]
    },
    "extended_entities": {
        "media": [
            {
                "id": 1237331188873904128,
                "id_str": "1237331188873904128",
                "indices": [
                    86,
                    109
                ],
                "media_url": "http://pbs.twimg.com/media/ESviKR5XQAAUL5s.jpg",
                "media_url_https": "https://pbs.twimg.com/media/ESviKR5XQAAUL5s.jpg",
                "url": "https://t.co/BJg8ZkHSaC",
                "display_url": "pic.twitter.com/BJg8ZkHSaC",
                "expanded_url": "https://twitter.com/lolila_99/status/1237331223925702656/photo/1",
                "type": "photo",
                "sizes": {
                    "medium": {
                        "w": 900,
                        "h": 1200,
                        "resize": "fit"
                    },
                    "thumb": {
                        "w": 150,
                        "h": 150,
                        "resize": "crop"
                    },
                    "small": {
                        "w": 510,
                        "h": 680,
                        "resize": "fit"
                    },
                    "large": {
                        "w": 1536,
                        "h": 2048,
                        "resize": "fit"
                    }
                }
            }
        ]
    },
    "metadata": {
        "iso_language_code": "fr",
        "result_type": "recent"
    },
    "source": "<a href=\"http://twitter.com/download/iphone\" rel=\"nofollow\">Twitter for iPhone</a>",
    "in_reply_to_status_id": null,
    "in_reply_to_status_id_str": null,
    "in_reply_to_user_id": null,
    "in_reply_to_user_id_str": null,
    "in_reply_to_screen_name": null,
    "user": {
        "id": 1715781608,
        "id_str": "1715781608",
        "name": "Olivia's thinking \ud83c\udf38",
        "screen_name": "lolila_99",
        "location": "Bali, Indon\u00e9sie",
        "description": "\u00c0 la conqu\u00eate du monde \u26fa\u2708\ufe0f\ufe0f Espace d'exhalation \ud83d\ude47\ud83c\udffc\u200d\u2640\ufe0f",
        "url": null,
        "entities": {
            "description": {
                "urls": []
            }
        },
        "protected": false,
        "followers_count": 200,
        "friends_count": 487,
        "listed_count": 2,
        "created_at": "Sat Aug 31 14:03:16 +0000 2013",
        "favourites_count": 1326,
        "utc_offset": null,
        "time_zone": null,
        "geo_enabled": false,
        "verified": false,
        "statuses_count": 2788,
        "lang": null,
        "contributors_enabled": false,
        "is_translator": false,
        "is_translation_enabled": false,
        "profile_background_color": "89C9FA",
        "profile_background_image_url": "http://abs.twimg.com/images/themes/theme19/bg.gif",
        "profile_background_image_url_https": "https://abs.twimg.com/images/themes/theme19/bg.gif",
        "profile_background_tile": true,
        "profile_image_url": "http://pbs.twimg.com/profile_images/1213852044840382466/jcTdj2H3_normal.jpg",
        "profile_image_url_https": "https://pbs.twimg.com/profile_images/1213852044840382466/jcTdj2H3_normal.jpg",
        "profile_banner_url": "https://pbs.twimg.com/profile_banners/1715781608/1502190817",
        "profile_link_color": "981CEB",
        "profile_sidebar_border_color": "FFFFFF",
        "profile_sidebar_fill_color": "95E8EC",
        "profile_text_color": "3C3940",
        "profile_use_background_image": true,
        "has_extended_profile": true,
        "default_profile": false,
        "default_profile_image": false,
        "following": null,
        "follow_request_sent": null,
        "notifications": null,
        "translator_type": "none"
    },
    "geo": null,
    "coordinates": null,
    "place": null,
    "contributors": null,
    "is_quote_status": false,
    "retweet_count": 0,
    "favorite_count": 0,
    "favorited": false,
    "retweeted": false,
    "possibly_sensitive": false,
    "lang": "fr"
}