{
    "created_at": "Tue Mar 10 11:53:26 +0000 2020",
    "id": 1237345817586884608,
    "id_str": "1237345817586884608",
    "text": "RT @CHANEL: \u6620\u753b\u306e\u30d2\u30ed\u30a4\u30f3\u3092\u60f3\u8d77\u3055\u305b\u308b2020\u5e74\u6625\u590f \u30b3\u30ec\u30af\u30b7\u30e7\u30f3\u306e\u30ad\u30e3\u30f3\u30da\u30fc\u30f3\u3002\u518d\u89e3\u91c8\u3055\u308c\u305f\u30e2\u30c0\u30f3\u306a\u30b3\u30fc\u30c9\u304c\u53d6\u308a\u5165\u308c\u3089\u308c\u3066\u3044\u307e\u3059\u3002\n\n\u30b3\u30ec\u30af\u30b7\u30e7\u30f3\u306f3\u6708\u4e0b\u65ec\u3088\u308a\u5168\u56fd\u306e\u30b7\u30e3\u30cd\u30eb \u30d6\u30c6\u30a3\u30c3\u30af\u3067\u3054\u7d39\u4ecb\u3044\u305f\u3057\u307e\u3059\u3002\n#CHANELSpringSummer",
    "truncated": false,
    "entities": {
        "hashtags": [
            {
                "text": "CHANELSpringSummer",
                "indices": [
                    111,
                    130
                ]
            }
        ],
        "symbols": [],
        "user_mentions": [
            {
                "screen_name": "CHANEL",
                "name": "CHANEL",
                "id": 326359913,
                "id_str": "326359913",
                "indices": [
                    3,
                    10
                ]
            }
        ],
        "urls": []
    },
    "metadata": {
        "iso_language_code": "ja",
        "result_type": "recent"
    },
    "source": "<a href=\"https://mobile.twitter.com\" rel=\"nofollow\">Twitter Web App</a>",
    "in_reply_to_status_id": null,
    "in_reply_to_status_id_str": null,
    "in_reply_to_user_id": null,
    "in_reply_to_user_id_str": null,
    "in_reply_to_screen_name": null,
    "user": {
        "id": 3194208768,
        "id_str": "3194208768",
        "name": ".*\uff65\uff9f\u5931\u604b\u3059\u3066\u3063\u3069\u3089\u30fc\ud83d\udc94.\uff9f\uff65*.",
        "screen_name": "stdl_verX",
        "location": "\u6771\u4eac \u5343\u4ee3\u7530\u533a",
        "description": "\u2661\u30a4\u30e9\u30b9\u30c8\u30ec\u30fc\u30bf\u30fc\u304a\u59c9\u3055\u3093\u2661IS(Intersex)\u2721\u30ad\u30e1\u30e9\u30dc\u30c7\u30a3\u306b\u82e6\u60a9\u306e\u65e5\u3005\u2026\u2721LGBTQ\u2721\u5b88\u79d8\u7fa9\u52d9\u3067PN\u3068\u4f5c\u54c1\u975e\u516c\u958b\u2721\u304a\u6d12\u843d\u3068\u30ab\u30ef\u30a4\u30a4\u3068\u9280\u9b42\u30ec\u30d9\u30eb\u306e\u4e0b\u30cd\u30bf\u3092\u545f\u304d\u307e\u3059\u2721#RiseofKyoani",
        "url": null,
        "entities": {
            "description": {
                "urls": []
            }
        },
        "protected": false,
        "followers_count": 517,
        "friends_count": 542,
        "listed_count": 19,
        "created_at": "Wed May 13 11:52:33 +0000 2015",
        "favourites_count": 75206,
        "utc_offset": null,
        "time_zone": null,
        "geo_enabled": false,
        "verified": false,
        "statuses_count": 104231,
        "lang": null,
        "contributors_enabled": false,
        "is_translator": false,
        "is_translation_enabled": false,
        "profile_background_color": "000000",
        "profile_background_image_url": "http://abs.twimg.com/images/themes/theme1/bg.png",
        "profile_background_image_url_https": "https://abs.twimg.com/images/themes/theme1/bg.png",
        "profile_background_tile": false,
        "profile_image_url": "http://pbs.twimg.com/profile_images/1233862900718063618/sEoM5hDb_normal.jpg",
        "profile_image_url_https": "https://pbs.twimg.com/profile_images/1233862900718063618/sEoM5hDb_normal.jpg",
        "profile_banner_url": "https://pbs.twimg.com/profile_banners/3194208768/1580497156",
        "profile_link_color": "F58EA8",
        "profile_sidebar_border_color": "000000",
        "profile_sidebar_fill_color": "000000",
        "profile_text_color": "000000",
        "profile_use_background_image": false,
        "has_extended_profile": false,
        "default_profile": false,
        "default_profile_image": false,
        "following": null,
        "follow_request_sent": null,
        "notifications": null,
        "translator_type": "none"
    },
    "geo": null,
    "coordinates": null,
    "place": null,
    "contributors": null,
    "retweeted_status": {
        "created_at": "Tue Feb 18 06:27:36 +0000 2020",
        "id": 1229653674495885313,
        "id_str": "1229653674495885313",
        "text": "\u6620\u753b\u306e\u30d2\u30ed\u30a4\u30f3\u3092\u60f3\u8d77\u3055\u305b\u308b2020\u5e74\u6625\u590f \u30b3\u30ec\u30af\u30b7\u30e7\u30f3\u306e\u30ad\u30e3\u30f3\u30da\u30fc\u30f3\u3002\u518d\u89e3\u91c8\u3055\u308c\u305f\u30e2\u30c0\u30f3\u306a\u30b3\u30fc\u30c9\u304c\u53d6\u308a\u5165\u308c\u3089\u308c\u3066\u3044\u307e\u3059\u3002\n\n\u30b3\u30ec\u30af\u30b7\u30e7\u30f3\u306f3\u6708\u4e0b\u65ec\u3088\u308a\u5168\u56fd\u306e\u30b7\u30e3\u30cd\u30eb \u30d6\u30c6\u30a3\u30c3\u30af\u3067\u3054\u7d39\u4ecb\u3044\u305f\u3057\u307e\u3059\u3002\n#CHANELSpringSummer",
        "truncated": false,
        "entities": {
            "hashtags": [
                {
                    "text": "CHANELSpringSummer",
                    "indices": [
                        99,
                        118
                    ]
                }
            ],
            "symbols": [],
            "user_mentions": [],
            "urls": []
        },
        "metadata": {
            "iso_language_code": "ja",
            "result_type": "recent"
        },
        "source": "<a href=\"https://ads-api.twitter.com\" rel=\"nofollow\">Twitter for Advertisers</a>",
        "in_reply_to_status_id": null,
        "in_reply_to_status_id_str": null,
        "in_reply_to_user_id": null,
        "in_reply_to_user_id_str": null,
        "in_reply_to_screen_name": null,
        "user": {
            "id": 326359913,
            "id_str": "326359913",
            "name": "CHANEL",
            "screen_name": "CHANEL",
            "location": "",
            "description": "'CHANEL is above all a style. Fashion passes, style remains.' Gabrielle Chanel",
            "url": "http://t.co/GBdCztEiwL",
            "entities": {
                "url": {
                    "urls": [
                        {
                            "url": "http://t.co/GBdCztEiwL",
                            "expanded_url": "http://www.chanel.com",
                            "display_url": "chanel.com",
                            "indices": [
                                0,
                                22
                            ]
                        }
                    ]
                },
                "description": {
                    "urls": []
                }
            },
            "protected": false,
            "followers_count": 13229486,
            "friends_count": 1,
            "listed_count": 11499,
            "created_at": "Wed Jun 29 19:57:54 +0000 2011",
            "favourites_count": 0,
            "utc_offset": null,
            "time_zone": null,
            "geo_enabled": true,
            "verified": true,
            "statuses_count": 2933,
            "lang": null,
            "contributors_enabled": false,
            "is_translator": false,
            "is_translation_enabled": false,
            "profile_background_color": "000000",
            "profile_background_image_url": "http://abs.twimg.com/images/themes/theme1/bg.png",
            "profile_background_image_url_https": "https://abs.twimg.com/images/themes/theme1/bg.png",
            "profile_background_tile": false,
            "profile_image_url": "http://pbs.twimg.com/profile_images/1154314010252206080/eAG6xnof_normal.jpg",
            "profile_image_url_https": "https://pbs.twimg.com/profile_images/1154314010252206080/eAG6xnof_normal.jpg",
            "profile_banner_url": "https://pbs.twimg.com/profile_banners/326359913/1583760667",
            "profile_link_color": "000000",
            "profile_sidebar_border_color": "000000",
            "profile_sidebar_fill_color": "000000",
            "profile_text_color": "666666",
            "profile_use_background_image": false,
            "has_extended_profile": false,
            "default_profile": false,
            "default_profile_image": false,
            "following": null,
            "follow_request_sent": null,
            "notifications": null,
            "translator_type": "none"
        },
        "geo": null,
        "coordinates": null,
        "place": null,
        "contributors": null,
        "is_quote_status": false,
        "retweet_count": 120,
        "favorite_count": 1022,
        "favorited": false,
        "retweeted": false,
        "scopes": {
            "followers": false
        },
        "lang": "ja"
    },
    "is_quote_status": false,
    "retweet_count": 120,
    "favorite_count": 0,
    "favorited": false,
    "retweeted": false,
    "lang": "ja"
}