{
    "created_at": "Tue Mar 10 14:11:07 +0000 2020",
    "id": 1237380465310363649,
    "id_str": "1237380465310363649",
    "text": "RT @CHANEL: \u30ed\u30fc\u30b8\u30fc\u306b\u8f1d\u304f\u808c\u3078\u3002\u65b0\u3057\u3044\u30eb \u30d6\u30e9\u30f3\u306e\u30ea\u30c1\u30e5\u30a2\u30eb\u304c\u53f6\u3048\u308b\u3001\u3044\u304d\u3044\u304d\u3068\u8f1d\u304f\u808c\u3002\n#\u30b7\u30e3\u30cd\u30eb\u30d3\u30e5\u30fc\u30c6\u30a3 #\u30b7\u30e3\u30cd\u30eb\u30b9\u30ad\u30f3\u30b1\u30a2 #ChanelLeBlanc #ChanelBeauty #ChanelSkincare #OwnYourRosyGlow",
    "truncated": false,
    "entities": {
        "hashtags": [
            {
                "text": "\u30b7\u30e3\u30cd\u30eb\u30d3\u30e5\u30fc\u30c6\u30a3",
                "indices": [
                    51,
                    61
                ]
            },
            {
                "text": "\u30b7\u30e3\u30cd\u30eb\u30b9\u30ad\u30f3\u30b1\u30a2",
                "indices": [
                    62,
                    72
                ]
            },
            {
                "text": "ChanelLeBlanc",
                "indices": [
                    73,
                    87
                ]
            },
            {
                "text": "ChanelBeauty",
                "indices": [
                    88,
                    101
                ]
            },
            {
                "text": "ChanelSkincare",
                "indices": [
                    102,
                    117
                ]
            },
            {
                "text": "OwnYourRosyGlow",
                "indices": [
                    118,
                    134
                ]
            }
        ],
        "symbols": [],
        "user_mentions": [
            {
                "screen_name": "CHANEL",
                "name": "CHANEL",
                "id": 326359913,
                "id_str": "326359913",
                "indices": [
                    3,
                    10
                ]
            }
        ],
        "urls": []
    },
    "metadata": {
        "iso_language_code": "ja",
        "result_type": "recent"
    },
    "source": "<a href=\"http://twitter.com/download/iphone\" rel=\"nofollow\">Twitter for iPhone</a>",
    "in_reply_to_status_id": null,
    "in_reply_to_status_id_str": null,
    "in_reply_to_user_id": null,
    "in_reply_to_user_id_str": null,
    "in_reply_to_screen_name": null,
    "user": {
        "id": 996367833608077312,
        "id_str": "996367833608077312",
        "name": "m",
        "screen_name": "momotaross3",
        "location": "",
        "description": "diet",
        "url": null,
        "entities": {
            "description": {
                "urls": []
            }
        },
        "protected": false,
        "followers_count": 49,
        "friends_count": 690,
        "listed_count": 4,
        "created_at": "Tue May 15 12:32:57 +0000 2018",
        "favourites_count": 2862,
        "utc_offset": null,
        "time_zone": null,
        "geo_enabled": false,
        "verified": false,
        "statuses_count": 14837,
        "lang": null,
        "contributors_enabled": false,
        "is_translator": false,
        "is_translation_enabled": false,
        "profile_background_color": "F5F8FA",
        "profile_background_image_url": null,
        "profile_background_image_url_https": null,
        "profile_background_tile": false,
        "profile_image_url": "http://pbs.twimg.com/profile_images/1043932094173499392/Bgxiuols_normal.jpg",
        "profile_image_url_https": "https://pbs.twimg.com/profile_images/1043932094173499392/Bgxiuols_normal.jpg",
        "profile_banner_url": "https://pbs.twimg.com/profile_banners/996367833608077312/1526388059",
        "profile_link_color": "1DA1F2",
        "profile_sidebar_border_color": "C0DEED",
        "profile_sidebar_fill_color": "DDEEF6",
        "profile_text_color": "333333",
        "profile_use_background_image": true,
        "has_extended_profile": false,
        "default_profile": true,
        "default_profile_image": false,
        "following": null,
        "follow_request_sent": null,
        "notifications": null,
        "translator_type": "none"
    },
    "geo": null,
    "coordinates": null,
    "place": null,
    "contributors": null,
    "retweeted_status": {
        "created_at": "Fri Feb 28 04:50:53 +0000 2020",
        "id": 1233253214994063360,
        "id_str": "1233253214994063360",
        "text": "\u30ed\u30fc\u30b8\u30fc\u306b\u8f1d\u304f\u808c\u3078\u3002\u65b0\u3057\u3044\u30eb \u30d6\u30e9\u30f3\u306e\u30ea\u30c1\u30e5\u30a2\u30eb\u304c\u53f6\u3048\u308b\u3001\u3044\u304d\u3044\u304d\u3068\u8f1d\u304f\u808c\u3002\n#\u30b7\u30e3\u30cd\u30eb\u30d3\u30e5\u30fc\u30c6\u30a3 #\u30b7\u30e3\u30cd\u30eb\u30b9\u30ad\u30f3\u30b1\u30a2 #ChanelLeBlanc #ChanelBeauty #ChanelSkincare #OwnYourRosyGlow",
        "truncated": false,
        "entities": {
            "hashtags": [
                {
                    "text": "\u30b7\u30e3\u30cd\u30eb\u30d3\u30e5\u30fc\u30c6\u30a3",
                    "indices": [
                        39,
                        49
                    ]
                },
                {
                    "text": "\u30b7\u30e3\u30cd\u30eb\u30b9\u30ad\u30f3\u30b1\u30a2",
                    "indices": [
                        50,
                        60
                    ]
                },
                {
                    "text": "ChanelLeBlanc",
                    "indices": [
                        61,
                        75
                    ]
                },
                {
                    "text": "ChanelBeauty",
                    "indices": [
                        76,
                        89
                    ]
                },
                {
                    "text": "ChanelSkincare",
                    "indices": [
                        90,
                        105
                    ]
                },
                {
                    "text": "OwnYourRosyGlow",
                    "indices": [
                        106,
                        122
                    ]
                }
            ],
            "symbols": [],
            "user_mentions": [],
            "urls": []
        },
        "metadata": {
            "iso_language_code": "ja",
            "result_type": "recent"
        },
        "source": "<a href=\"https://ads-api.twitter.com\" rel=\"nofollow\">Twitter for Advertisers</a>",
        "in_reply_to_status_id": null,
        "in_reply_to_status_id_str": null,
        "in_reply_to_user_id": null,
        "in_reply_to_user_id_str": null,
        "in_reply_to_screen_name": null,
        "user": {
            "id": 326359913,
            "id_str": "326359913",
            "name": "CHANEL",
            "screen_name": "CHANEL",
            "location": "",
            "description": "'CHANEL is above all a style. Fashion passes, style remains.' Gabrielle Chanel",
            "url": "http://t.co/GBdCztEiwL",
            "entities": {
                "url": {
                    "urls": [
                        {
                            "url": "http://t.co/GBdCztEiwL",
                            "expanded_url": "http://www.chanel.com",
                            "display_url": "chanel.com",
                            "indices": [
                                0,
                                22
                            ]
                        }
                    ]
                },
                "description": {
                    "urls": []
                }
            },
            "protected": false,
            "followers_count": 13229486,
            "friends_count": 1,
            "listed_count": 11499,
            "created_at": "Wed Jun 29 19:57:54 +0000 2011",
            "favourites_count": 0,
            "utc_offset": null,
            "time_zone": null,
            "geo_enabled": true,
            "verified": true,
            "statuses_count": 2933,
            "lang": null,
            "contributors_enabled": false,
            "is_translator": false,
            "is_translation_enabled": false,
            "profile_background_color": "000000",
            "profile_background_image_url": "http://abs.twimg.com/images/themes/theme1/bg.png",
            "profile_background_image_url_https": "https://abs.twimg.com/images/themes/theme1/bg.png",
            "profile_background_tile": false,
            "profile_image_url": "http://pbs.twimg.com/profile_images/1154314010252206080/eAG6xnof_normal.jpg",
            "profile_image_url_https": "https://pbs.twimg.com/profile_images/1154314010252206080/eAG6xnof_normal.jpg",
            "profile_banner_url": "https://pbs.twimg.com/profile_banners/326359913/1583760667",
            "profile_link_color": "000000",
            "profile_sidebar_border_color": "000000",
            "profile_sidebar_fill_color": "000000",
            "profile_text_color": "666666",
            "profile_use_background_image": false,
            "has_extended_profile": false,
            "default_profile": false,
            "default_profile_image": false,
            "following": null,
            "follow_request_sent": null,
            "notifications": null,
            "translator_type": "none"
        },
        "geo": null,
        "coordinates": null,
        "place": null,
        "contributors": null,
        "is_quote_status": false,
        "retweet_count": 16,
        "favorite_count": 226,
        "favorited": false,
        "retweeted": false,
        "scopes": {
            "followers": false
        },
        "lang": "ja"
    },
    "is_quote_status": false,
    "retweet_count": 16,
    "favorite_count": 0,
    "favorited": false,
    "retweeted": false,
    "lang": "ja"
}