{
    "created_at": "Tue Mar 10 02:56:04 +0000 2020",
    "id": 1237210585978277889,
    "id_str": "1237210585978277889",
    "text": "@AnaMariaOteroO3 @CHANEL que propaganda ruim essa a\u00ed hein? T\u00e3o pagando pra ela fazer propaganda? Tem q ver isso a\u00ed,\u2026 https://t.co/iIyPQakDNY",
    "truncated": true,
    "entities": {
        "hashtags": [],
        "symbols": [],
        "user_mentions": [
            {
                "screen_name": "AnaMariaOteroO3",
                "name": "Ana Otero",
                "id": 715961524477685762,
                "id_str": "715961524477685762",
                "indices": [
                    0,
                    16
                ]
            },
            {
                "screen_name": "CHANEL",
                "name": "CHANEL",
                "id": 326359913,
                "id_str": "326359913",
                "indices": [
                    17,
                    24
                ]
            }
        ],
        "urls": [
            {
                "url": "https://t.co/iIyPQakDNY",
                "expanded_url": "https://twitter.com/i/web/status/1237210585978277889",
                "display_url": "twitter.com/i/web/status/1\u2026",
                "indices": [
                    117,
                    140
                ]
            }
        ]
    },
    "metadata": {
        "iso_language_code": "pt",
        "result_type": "recent"
    },
    "source": "<a href=\"http://twitter.com/download/android\" rel=\"nofollow\">Twitter for Android</a>",
    "in_reply_to_status_id": 1236643247407202304,
    "in_reply_to_status_id_str": "1236643247407202304",
    "in_reply_to_user_id": 715961524477685762,
    "in_reply_to_user_id_str": "715961524477685762",
    "in_reply_to_screen_name": "AnaMariaOteroO3",
    "user": {
        "id": 1076076653363818497,
        "id_str": "1076076653363818497",
        "name": "Tony Ricardo Corr\u00eaa Cavalheiro",
        "screen_name": "TonyRicardoCor1",
        "location": "Joinville-SC",
        "description": "T\u00e1 cada vez mais dif\u00edcil.",
        "url": null,
        "entities": {
            "description": {
                "urls": []
            }
        },
        "protected": false,
        "followers_count": 10,
        "friends_count": 79,
        "listed_count": 0,
        "created_at": "Fri Dec 21 11:27:21 +0000 2018",
        "favourites_count": 942,
        "utc_offset": null,
        "time_zone": null,
        "geo_enabled": true,
        "verified": false,
        "statuses_count": 1574,
        "lang": null,
        "contributors_enabled": false,
        "is_translator": false,
        "is_translation_enabled": false,
        "profile_background_color": "F5F8FA",
        "profile_background_image_url": null,
        "profile_background_image_url_https": null,
        "profile_background_tile": false,
        "profile_image_url": "http://pbs.twimg.com/profile_images/1088604143009304576/neUWxu-z_normal.jpg",
        "profile_image_url_https": "https://pbs.twimg.com/profile_images/1088604143009304576/neUWxu-z_normal.jpg",
        "profile_banner_url": "https://pbs.twimg.com/profile_banners/1076076653363818497/1552621448",
        "profile_link_color": "1DA1F2",
        "profile_sidebar_border_color": "C0DEED",
        "profile_sidebar_fill_color": "DDEEF6",
        "profile_text_color": "333333",
        "profile_use_background_image": true,
        "has_extended_profile": false,
        "default_profile": true,
        "default_profile_image": false,
        "following": null,
        "follow_request_sent": null,
        "notifications": null,
        "translator_type": "none"
    },
    "geo": null,
    "coordinates": null,
    "place": null,
    "contributors": null,
    "is_quote_status": false,
    "retweet_count": 0,
    "favorite_count": 0,
    "favorited": false,
    "retweeted": false,
    "lang": "pt"
}