{
    "created_at": "Tue Mar 10 13:17:17 +0000 2020",
    "id": 1237366921390993410,
    "id_str": "1237366921390993410",
    "text": "Please.\ud83d\ude4f\ud83c\udffb\n\nhttps://t.co/mXnLW2ohKx\nhttps://t.co/sB36bclD0G\n\n@CHANEL  @VICTON1109 @NewWorld_VICTON \n\n#CHANEL #\ud55c\uc2b9\uc6b0\u2026 https://t.co/cljs2KbYyg",
    "truncated": true,
    "entities": {
        "hashtags": [
            {
                "text": "CHANEL",
                "indices": [
                    100,
                    107
                ]
            },
            {
                "text": "\ud55c\uc2b9\uc6b0",
                "indices": [
                    108,
                    112
                ]
            }
        ],
        "symbols": [],
        "user_mentions": [
            {
                "screen_name": "CHANEL",
                "name": "CHANEL",
                "id": 326359913,
                "id_str": "326359913",
                "indices": [
                    60,
                    67
                ]
            },
            {
                "screen_name": "VICTON1109",
                "name": "VICTON(\ube45\ud1a4)",
                "id": 793353793681301504,
                "id_str": "793353793681301504",
                "indices": [
                    69,
                    80
                ]
            },
            {
                "screen_name": "NewWorld_VICTON",
                "name": "VICTON \ube45\ud1a4",
                "id": 1019129631113220096,
                "id_str": "1019129631113220096",
                "indices": [
                    81,
                    97
                ]
            }
        ],
        "urls": [
            {
                "url": "https://t.co/mXnLW2ohKx",
                "expanded_url": "https://i.ibb.co/3c6WQsy/6-E5539-BC-430-F-42-E4-9-AF9-17-C0-B2849422.jpg",
                "display_url": "i.ibb.co/3c6WQsy/6-E553\u2026",
                "indices": [
                    11,
                    34
                ]
            },
            {
                "url": "https://t.co/sB36bclD0G",
                "expanded_url": "https://i.ibb.co/1bB1YCf/6-E088-C32-A005-4-F1-E-BCCC-38-EE0-A9-D3-DF0.jpg",
                "display_url": "i.ibb.co/1bB1YCf/6-E088\u2026",
                "indices": [
                    35,
                    58
                ]
            },
            {
                "url": "https://t.co/cljs2KbYyg",
                "expanded_url": "https://twitter.com/i/web/status/1237366921390993410",
                "display_url": "twitter.com/i/web/status/1\u2026",
                "indices": [
                    114,
                    137
                ]
            }
        ]
    },
    "metadata": {
        "iso_language_code": "en",
        "result_type": "recent"
    },
    "source": "<a href=\"http://twitter.com/download/iphone\" rel=\"nofollow\">Twitter for iPhone</a>",
    "in_reply_to_status_id": null,
    "in_reply_to_status_id_str": null,
    "in_reply_to_user_id": null,
    "in_reply_to_user_id_str": null,
    "in_reply_to_screen_name": null,
    "user": {
        "id": 4905011198,
        "id_str": "4905011198",
        "name": "\ud835\udc01\ud835\udc0e\ud835\udc17\ud835\udc22",
        "screen_name": "BOXi1209",
        "location": "\ud83c\udde8\ud83c\uddf3",
        "description": "\ud83c\udf53\ud83c\udf7c  \u3010all pictures\ud83d\udeab\u3011",
        "url": null,
        "entities": {
            "description": {
                "urls": []
            }
        },
        "protected": false,
        "followers_count": 119,
        "friends_count": 225,
        "listed_count": 5,
        "created_at": "Sun Feb 14 04:44:29 +0000 2016",
        "favourites_count": 1171,
        "utc_offset": null,
        "time_zone": null,
        "geo_enabled": false,
        "verified": false,
        "statuses_count": 375,
        "lang": null,
        "contributors_enabled": false,
        "is_translator": false,
        "is_translation_enabled": false,
        "profile_background_color": "F5F8FA",
        "profile_background_image_url": null,
        "profile_background_image_url_https": null,
        "profile_background_tile": false,
        "profile_image_url": "http://pbs.twimg.com/profile_images/1234360555164422144/nquzNcGg_normal.jpg",
        "profile_image_url_https": "https://pbs.twimg.com/profile_images/1234360555164422144/nquzNcGg_normal.jpg",
        "profile_banner_url": "https://pbs.twimg.com/profile_banners/4905011198/1581344561",
        "profile_link_color": "1DA1F2",
        "profile_sidebar_border_color": "C0DEED",
        "profile_sidebar_fill_color": "DDEEF6",
        "profile_text_color": "333333",
        "profile_use_background_image": true,
        "has_extended_profile": true,
        "default_profile": true,
        "default_profile_image": false,
        "following": null,
        "follow_request_sent": null,
        "notifications": null,
        "translator_type": "none"
    },
    "geo": null,
    "coordinates": null,
    "place": null,
    "contributors": null,
    "is_quote_status": false,
    "retweet_count": 5,
    "favorite_count": 2,
    "favorited": false,
    "retweeted": false,
    "possibly_sensitive": false,
    "lang": "en"
}