{
    "created_at": "Tue Mar 10 10:54:06 +0000 2020",
    "id": 1237330886321942528,
    "id_str": "1237330886321942528",
    "text": "@CHANEL #Beaut\u00e9 d\u00e9voile ses engagements #\u00e9coresponsables avec une #exposition https://t.co/ZBLhR4JtVb @FNW_FR",
    "truncated": false,
    "entities": {
        "hashtags": [
            {
                "text": "Beaut\u00e9",
                "indices": [
                    8,
                    15
                ]
            },
            {
                "text": "\u00e9coresponsables",
                "indices": [
                    40,
                    56
                ]
            },
            {
                "text": "exposition",
                "indices": [
                    66,
                    77
                ]
            }
        ],
        "symbols": [],
        "user_mentions": [
            {
                "screen_name": "CHANEL",
                "name": "CHANEL",
                "id": 326359913,
                "id_str": "326359913",
                "indices": [
                    0,
                    7
                ]
            },
            {
                "screen_name": "FNW_FR",
                "name": "FashionNetwork FR",
                "id": 83806427,
                "id_str": "83806427",
                "indices": [
                    102,
                    109
                ]
            }
        ],
        "urls": [
            {
                "url": "https://t.co/ZBLhR4JtVb",
                "expanded_url": "https://fr.fashionnetwork.com/news/Chanel-beaute-devoile-ses-engagements-ecoresponsables-avec-une-exposition,1190037.html#.XmdxsBc7CD8.twitter",
                "display_url": "fr.fashionnetwork.com/news/Chanel-be\u2026",
                "indices": [
                    78,
                    101
                ]
            }
        ]
    },
    "metadata": {
        "iso_language_code": "fr",
        "result_type": "recent"
    },
    "source": "<a href=\"https://mobile.twitter.com\" rel=\"nofollow\">Twitter Web App</a>",
    "in_reply_to_status_id": null,
    "in_reply_to_status_id_str": null,
    "in_reply_to_user_id": 326359913,
    "in_reply_to_user_id_str": "326359913",
    "in_reply_to_screen_name": "CHANEL",
    "user": {
        "id": 386424525,
        "id_str": "386424525",
        "name": "Christel Bourdichon",
        "screen_name": "Christel__B",
        "location": "Paris",
        "description": "Tweet #communication #publicit\u00e9 #digital #mode #luxe #cosmeto \nDirectrice de client\u00e8le chez @dixseptparis -  Ex @AgenceZakka / #TBWAGroup - Ex @Mazarine_Group",
        "url": "https://t.co/8Twd1ewJS5",
        "entities": {
            "url": {
                "urls": [
                    {
                        "url": "https://t.co/8Twd1ewJS5",
                        "expanded_url": "http://comdeluxelemag.wordpress.com/",
                        "display_url": "comdeluxelemag.wordpress.com",
                        "indices": [
                            0,
                            23
                        ]
                    }
                ]
            },
            "description": {
                "urls": []
            }
        },
        "protected": false,
        "followers_count": 761,
        "friends_count": 1938,
        "listed_count": 93,
        "created_at": "Fri Oct 07 08:14:47 +0000 2011",
        "favourites_count": 688,
        "utc_offset": null,
        "time_zone": null,
        "geo_enabled": true,
        "verified": false,
        "statuses_count": 5850,
        "lang": null,
        "contributors_enabled": false,
        "is_translator": false,
        "is_translation_enabled": false,
        "profile_background_color": "F4FBFA",
        "profile_background_image_url": "http://abs.twimg.com/images/themes/theme1/bg.png",
        "profile_background_image_url_https": "https://abs.twimg.com/images/themes/theme1/bg.png",
        "profile_background_tile": true,
        "profile_image_url": "http://pbs.twimg.com/profile_images/806133528098439168/gVD_k2YH_normal.jpg",
        "profile_image_url_https": "https://pbs.twimg.com/profile_images/806133528098439168/gVD_k2YH_normal.jpg",
        "profile_banner_url": "https://pbs.twimg.com/profile_banners/386424525/1398439464",
        "profile_link_color": "D5031F",
        "profile_sidebar_border_color": "C0DEED",
        "profile_sidebar_fill_color": "DDEEF6",
        "profile_text_color": "333333",
        "profile_use_background_image": true,
        "has_extended_profile": true,
        "default_profile": false,
        "default_profile_image": false,
        "following": null,
        "follow_request_sent": null,
        "notifications": null,
        "translator_type": "none"
    },
    "geo": null,
    "coordinates": null,
    "place": null,
    "contributors": null,
    "is_quote_status": false,
    "retweet_count": 0,
    "favorite_count": 0,
    "favorited": false,
    "retweeted": false,
    "possibly_sensitive": false,
    "lang": "fr"
}