{
    "created_at": "Tue Mar 10 12:34:02 +0000 2020",
    "id": 1237356034378862592,
    "id_str": "1237356034378862592",
    "text": "Love this @CHANEL https://t.co/nZhkMfTJHf",
    "truncated": false,
    "entities": {
        "hashtags": [],
        "symbols": [],
        "user_mentions": [
            {
                "screen_name": "CHANEL",
                "name": "CHANEL",
                "id": 326359913,
                "id_str": "326359913",
                "indices": [
                    10,
                    17
                ]
            }
        ],
        "urls": [],
        "media": [
            {
                "id": 1237356030750797826,
                "id_str": "1237356030750797826",
                "indices": [
                    18,
                    41
                ],
                "media_url": "http://pbs.twimg.com/media/ESv4wRGWsAIUC5R.jpg",
                "media_url_https": "https://pbs.twimg.com/media/ESv4wRGWsAIUC5R.jpg",
                "url": "https://t.co/nZhkMfTJHf",
                "display_url": "pic.twitter.com/nZhkMfTJHf",
                "expanded_url": "https://twitter.com/BenjaminSidor18/status/1237356034378862592/photo/1",
                "type": "photo",
                "sizes": {
                    "small": {
                        "w": 383,
                        "h": 680,
                        "resize": "fit"
                    },
                    "medium": {
                        "w": 675,
                        "h": 1200,
                        "resize": "fit"
                    },
                    "thumb": {
                        "w": 150,
                        "h": 150,
                        "resize": "crop"
                    },
                    "large": {
                        "w": 828,
                        "h": 1472,
                        "resize": "fit"
                    }
                }
            }
        ]
    },
    "extended_entities": {
        "media": [
            {
                "id": 1237356030750797826,
                "id_str": "1237356030750797826",
                "indices": [
                    18,
                    41
                ],
                "media_url": "http://pbs.twimg.com/media/ESv4wRGWsAIUC5R.jpg",
                "media_url_https": "https://pbs.twimg.com/media/ESv4wRGWsAIUC5R.jpg",
                "url": "https://t.co/nZhkMfTJHf",
                "display_url": "pic.twitter.com/nZhkMfTJHf",
                "expanded_url": "https://twitter.com/BenjaminSidor18/status/1237356034378862592/photo/1",
                "type": "photo",
                "sizes": {
                    "small": {
                        "w": 383,
                        "h": 680,
                        "resize": "fit"
                    },
                    "medium": {
                        "w": 675,
                        "h": 1200,
                        "resize": "fit"
                    },
                    "thumb": {
                        "w": 150,
                        "h": 150,
                        "resize": "crop"
                    },
                    "large": {
                        "w": 828,
                        "h": 1472,
                        "resize": "fit"
                    }
                }
            }
        ]
    },
    "metadata": {
        "iso_language_code": "en",
        "result_type": "recent"
    },
    "source": "<a href=\"http://twitter.com/download/iphone\" rel=\"nofollow\">Twitter for iPhone</a>",
    "in_reply_to_status_id": null,
    "in_reply_to_status_id_str": null,
    "in_reply_to_user_id": null,
    "in_reply_to_user_id_str": null,
    "in_reply_to_screen_name": null,
    "user": {
        "id": 827925589441073153,
        "id_str": "827925589441073153",
        "name": "Benjamin Sidor",
        "screen_name": "BenjaminSidor18",
        "location": "Moira & Rzeszow ",
        "description": "How you doing? Belfast boy! HBS & \ud83c\uddeb\ud83c\uddf7 student at UoR! All things business, languages, education & journalism! \u2615\ufe0f\ud83c\udf7e \u2708\ufe0f \u23f0 Say it like you mean it!",
        "url": null,
        "entities": {
            "description": {
                "urls": []
            }
        },
        "protected": false,
        "followers_count": 553,
        "friends_count": 1844,
        "listed_count": 3,
        "created_at": "Sat Feb 04 17:03:37 +0000 2017",
        "favourites_count": 50789,
        "utc_offset": null,
        "time_zone": null,
        "geo_enabled": true,
        "verified": false,
        "statuses_count": 12207,
        "lang": null,
        "contributors_enabled": false,
        "is_translator": false,
        "is_translation_enabled": false,
        "profile_background_color": "000000",
        "profile_background_image_url": "http://abs.twimg.com/images/themes/theme1/bg.png",
        "profile_background_image_url_https": "https://abs.twimg.com/images/themes/theme1/bg.png",
        "profile_background_tile": false,
        "profile_image_url": "http://pbs.twimg.com/profile_images/1234879996793171968/d9JZACwb_normal.jpg",
        "profile_image_url_https": "https://pbs.twimg.com/profile_images/1234879996793171968/d9JZACwb_normal.jpg",
        "profile_banner_url": "https://pbs.twimg.com/profile_banners/827925589441073153/1582662151",
        "profile_link_color": "1B95E0",
        "profile_sidebar_border_color": "000000",
        "profile_sidebar_fill_color": "000000",
        "profile_text_color": "000000",
        "profile_use_background_image": false,
        "has_extended_profile": true,
        "default_profile": false,
        "default_profile_image": false,
        "following": null,
        "follow_request_sent": null,
        "notifications": null,
        "translator_type": "none"
    },
    "geo": null,
    "coordinates": null,
    "place": {
        "id": "5028e25dc94f3898",
        "url": "https://api.twitter.com/1.1/geo/id/5028e25dc94f3898.json",
        "place_type": "city",
        "name": "Reading",
        "full_name": "Reading, England",
        "country_code": "GB",
        "country": "United Kingdom",
        "contained_within": [],
        "bounding_box": {
            "type": "Polygon",
            "coordinates": [
                [
                    [
                        -1.065041,
                        51.4123385
                    ],
                    [
                        -0.8990196,
                        51.4123385
                    ],
                    [
                        -0.8990196,
                        51.4927093
                    ],
                    [
                        -1.065041,
                        51.4927093
                    ]
                ]
            ]
        },
        "attributes": {}
    },
    "contributors": null,
    "is_quote_status": false,
    "retweet_count": 0,
    "favorite_count": 0,
    "favorited": false,
    "retweeted": false,
    "possibly_sensitive": false,
    "lang": "en"
}