{
    "created_at": "Tue Mar 10 12:42:48 +0000 2020",
    "id": 1237358242344259593,
    "id_str": "1237358242344259593",
    "text": "RT @CHANEL: HISTORY OF A CRUSH\nDesigned at 18 Place Vend\u00f4me by Patrice Leguereau, Director of the CHANEL Fine Jewelry Creation Studio, the\u2026",
    "truncated": false,
    "entities": {
        "hashtags": [],
        "symbols": [],
        "user_mentions": [
            {
                "screen_name": "CHANEL",
                "name": "CHANEL",
                "id": 326359913,
                "id_str": "326359913",
                "indices": [
                    3,
                    10
                ]
            }
        ],
        "urls": []
    },
    "metadata": {
        "iso_language_code": "en",
        "result_type": "recent"
    },
    "source": "<a href=\"http://twitter.com/download/iphone\" rel=\"nofollow\">Twitter for iPhone</a>",
    "in_reply_to_status_id": null,
    "in_reply_to_status_id_str": null,
    "in_reply_to_user_id": null,
    "in_reply_to_user_id_str": null,
    "in_reply_to_screen_name": null,
    "user": {
        "id": 959372339417772033,
        "id_str": "959372339417772033",
        "name": "\ud83d\udcab\ud83c\udf38\u2020\u79cb\u2020\ud83d\udc51",
        "screen_name": "xxxzakizxxx",
        "location": "",
        "description": "@_o_o_shion_\u30b5\u30e0\u30cd&\u30d8\u30c3\u30c0\u30fc\u3092\u63cf\u3044\u3066\u304f\u308c\u305f\u30d5\u30a9\u30ed\u30ef\u30fc\u3055\u3093\ud83d\udc95\u5927\u597d\u304d\u306a\u7d75\u5e2b\u3055\u3093\u3060\u304b\u3089\u5909\u306a\u4e8b\u8a00\u3063\u305f\u3089\u6012\u308a\u307e\u3059\u3088\uff1f",
        "url": "https://t.co/LrbfbEb4j7",
        "entities": {
            "url": {
                "urls": [
                    {
                        "url": "https://t.co/LrbfbEb4j7",
                        "expanded_url": "https://love-letter.club/to/zxxruixxz/",
                        "display_url": "love-letter.club/to/zxxruixxz/",
                        "indices": [
                            0,
                            23
                        ]
                    }
                ]
            },
            "description": {
                "urls": []
            }
        },
        "protected": false,
        "followers_count": 114,
        "friends_count": 112,
        "listed_count": 15,
        "created_at": "Fri Feb 02 10:26:04 +0000 2018",
        "favourites_count": 48099,
        "utc_offset": null,
        "time_zone": null,
        "geo_enabled": false,
        "verified": false,
        "statuses_count": 18660,
        "lang": null,
        "contributors_enabled": false,
        "is_translator": false,
        "is_translation_enabled": false,
        "profile_background_color": "F5F8FA",
        "profile_background_image_url": null,
        "profile_background_image_url_https": null,
        "profile_background_tile": false,
        "profile_image_url": "http://pbs.twimg.com/profile_images/1205258483009912832/qLlHr1Eg_normal.jpg",
        "profile_image_url_https": "https://pbs.twimg.com/profile_images/1205258483009912832/qLlHr1Eg_normal.jpg",
        "profile_banner_url": "https://pbs.twimg.com/profile_banners/959372339417772033/1575886357",
        "profile_link_color": "1DA1F2",
        "profile_sidebar_border_color": "C0DEED",
        "profile_sidebar_fill_color": "DDEEF6",
        "profile_text_color": "333333",
        "profile_use_background_image": true,
        "has_extended_profile": false,
        "default_profile": true,
        "default_profile_image": false,
        "following": null,
        "follow_request_sent": null,
        "notifications": null,
        "translator_type": "none"
    },
    "geo": null,
    "coordinates": null,
    "place": null,
    "contributors": null,
    "retweeted_status": {
        "created_at": "Tue Mar 10 12:24:00 +0000 2020",
        "id": 1237353509747658753,
        "id_str": "1237353509747658753",
        "text": "HISTORY OF A CRUSH\nDesigned at 18 Place Vend\u00f4me by Patrice Leguereau, Director of the CHANEL Fine Jewelry Creation\u2026 https://t.co/zz3He12ha2",
        "truncated": true,
        "entities": {
            "hashtags": [],
            "symbols": [],
            "user_mentions": [],
            "urls": [
                {
                    "url": "https://t.co/zz3He12ha2",
                    "expanded_url": "https://twitter.com/i/web/status/1237353509747658753",
                    "display_url": "twitter.com/i/web/status/1\u2026",
                    "indices": [
                        116,
                        139
                    ]
                }
            ]
        },
        "metadata": {
            "iso_language_code": "en",
            "result_type": "recent"
        },
        "source": "<a href=\"https://ads-api.twitter.com\" rel=\"nofollow\">Twitter for Advertisers</a>",
        "in_reply_to_status_id": null,
        "in_reply_to_status_id_str": null,
        "in_reply_to_user_id": null,
        "in_reply_to_user_id_str": null,
        "in_reply_to_screen_name": null,
        "user": {
            "id": 326359913,
            "id_str": "326359913",
            "name": "CHANEL",
            "screen_name": "CHANEL",
            "location": "",
            "description": "'CHANEL is above all a style. Fashion passes, style remains.' Gabrielle Chanel",
            "url": "http://t.co/GBdCztEiwL",
            "entities": {
                "url": {
                    "urls": [
                        {
                            "url": "http://t.co/GBdCztEiwL",
                            "expanded_url": "http://www.chanel.com",
                            "display_url": "chanel.com",
                            "indices": [
                                0,
                                22
                            ]
                        }
                    ]
                },
                "description": {
                    "urls": []
                }
            },
            "protected": false,
            "followers_count": 13229486,
            "friends_count": 1,
            "listed_count": 11499,
            "created_at": "Wed Jun 29 19:57:54 +0000 2011",
            "favourites_count": 0,
            "utc_offset": null,
            "time_zone": null,
            "geo_enabled": true,
            "verified": true,
            "statuses_count": 2933,
            "lang": null,
            "contributors_enabled": false,
            "is_translator": false,
            "is_translation_enabled": false,
            "profile_background_color": "000000",
            "profile_background_image_url": "http://abs.twimg.com/images/themes/theme1/bg.png",
            "profile_background_image_url_https": "https://abs.twimg.com/images/themes/theme1/bg.png",
            "profile_background_tile": false,
            "profile_image_url": "http://pbs.twimg.com/profile_images/1154314010252206080/eAG6xnof_normal.jpg",
            "profile_image_url_https": "https://pbs.twimg.com/profile_images/1154314010252206080/eAG6xnof_normal.jpg",
            "profile_banner_url": "https://pbs.twimg.com/profile_banners/326359913/1583760667",
            "profile_link_color": "000000",
            "profile_sidebar_border_color": "000000",
            "profile_sidebar_fill_color": "000000",
            "profile_text_color": "666666",
            "profile_use_background_image": false,
            "has_extended_profile": false,
            "default_profile": false,
            "default_profile_image": false,
            "following": null,
            "follow_request_sent": null,
            "notifications": null,
            "translator_type": "none"
        },
        "geo": null,
        "coordinates": null,
        "place": null,
        "contributors": null,
        "is_quote_status": false,
        "retweet_count": 25,
        "favorite_count": 203,
        "favorited": false,
        "retweeted": false,
        "possibly_sensitive": false,
        "lang": "en"
    },
    "is_quote_status": false,
    "retweet_count": 25,
    "favorite_count": 0,
    "favorited": false,
    "retweeted": false,
    "lang": "en"
}