{
    "created_at": "Mon Mar 09 22:45:27 +0000 2020",
    "id": 1237147514727534598,
    "id_str": "1237147514727534598",
    "text": "@Lisa_Eldridge @leithclark @CHANEL @NailedBySG This is perfection Lisa \ud83d\ude0d",
    "truncated": false,
    "entities": {
        "hashtags": [],
        "symbols": [],
        "user_mentions": [
            {
                "screen_name": "Lisa_Eldridge",
                "name": "Lisa Eldridge",
                "id": 64544431,
                "id_str": "64544431",
                "indices": [
                    0,
                    14
                ]
            },
            {
                "screen_name": "leithclark",
                "name": "Leith Clark",
                "id": 301118960,
                "id_str": "301118960",
                "indices": [
                    15,
                    26
                ]
            },
            {
                "screen_name": "CHANEL",
                "name": "CHANEL",
                "id": 326359913,
                "id_str": "326359913",
                "indices": [
                    27,
                    34
                ]
            },
            {
                "screen_name": "NailedBySG",
                "name": "SABRINA GAYLE",
                "id": 552631664,
                "id_str": "552631664",
                "indices": [
                    35,
                    46
                ]
            }
        ],
        "urls": []
    },
    "metadata": {
        "iso_language_code": "en",
        "result_type": "recent"
    },
    "source": "<a href=\"https://mobile.twitter.com\" rel=\"nofollow\">Twitter Web App</a>",
    "in_reply_to_status_id": 1237147085666992128,
    "in_reply_to_status_id_str": "1237147085666992128",
    "in_reply_to_user_id": 64544431,
    "in_reply_to_user_id_str": "64544431",
    "in_reply_to_screen_name": "Lisa_Eldridge",
    "user": {
        "id": 717520753470611456,
        "id_str": "717520753470611456",
        "name": "Marie Thearose",
        "screen_name": "MarieThearose",
        "location": "Stranded in The Bible Belt ",
        "description": "Spiritual Journeywoman, Wiccan, Poet, Author of |To Earth We Have Returned| a forty poem chapbook on loss of faith and healing from religious trauma.",
        "url": "https://t.co/tQ2PTNXIPf",
        "entities": {
            "url": {
                "urls": [
                    {
                        "url": "https://t.co/tQ2PTNXIPf",
                        "expanded_url": "http://www.mariethearose.com",
                        "display_url": "mariethearose.com",
                        "indices": [
                            0,
                            23
                        ]
                    }
                ]
            },
            "description": {
                "urls": []
            }
        },
        "protected": false,
        "followers_count": 400,
        "friends_count": 487,
        "listed_count": 2,
        "created_at": "Wed Apr 06 01:14:13 +0000 2016",
        "favourites_count": 34856,
        "utc_offset": null,
        "time_zone": null,
        "geo_enabled": false,
        "verified": false,
        "statuses_count": 5366,
        "lang": null,
        "contributors_enabled": false,
        "is_translator": false,
        "is_translation_enabled": false,
        "profile_background_color": "000000",
        "profile_background_image_url": "http://abs.twimg.com/images/themes/theme1/bg.png",
        "profile_background_image_url_https": "https://abs.twimg.com/images/themes/theme1/bg.png",
        "profile_background_tile": false,
        "profile_image_url": "http://pbs.twimg.com/profile_images/1186835270924156928/hz8u7Zjn_normal.jpg",
        "profile_image_url_https": "https://pbs.twimg.com/profile_images/1186835270924156928/hz8u7Zjn_normal.jpg",
        "profile_banner_url": "https://pbs.twimg.com/profile_banners/717520753470611456/1550803152",
        "profile_link_color": "000000",
        "profile_sidebar_border_color": "000000",
        "profile_sidebar_fill_color": "000000",
        "profile_text_color": "000000",
        "profile_use_background_image": false,
        "has_extended_profile": false,
        "default_profile": false,
        "default_profile_image": false,
        "following": null,
        "follow_request_sent": null,
        "notifications": null,
        "translator_type": "none"
    },
    "geo": null,
    "coordinates": null,
    "place": null,
    "contributors": null,
    "is_quote_status": false,
    "retweet_count": 0,
    "favorite_count": 0,
    "favorited": false,
    "retweeted": false,
    "lang": "en"
}