{
    "created_at": "Tue Mar 10 15:46:30 +0000 2020",
    "id": 1237404471505743872,
    "id_str": "1237404471505743872",
    "text": "@BLACKPINKMXCO @bpbillboardmx @ygofficialblink @CHANEL #KillThisLove #BestMusicVideo #iHeartAwards @ygofficialblink",
    "truncated": false,
    "entities": {
        "hashtags": [
            {
                "text": "KillThisLove",
                "indices": [
                    55,
                    68
                ]
            },
            {
                "text": "BestMusicVideo",
                "indices": [
                    69,
                    84
                ]
            },
            {
                "text": "iHeartAwards",
                "indices": [
                    85,
                    98
                ]
            }
        ],
        "symbols": [],
        "user_mentions": [
            {
                "screen_name": "BLACKPINKMXCO",
                "name": "BLACKPINK M\u00c9XICO",
                "id": 1102275581541076998,
                "id_str": "1102275581541076998",
                "indices": [
                    0,
                    14
                ]
            },
            {
                "screen_name": "bpbillboardmx",
                "name": "BLACKPINK BILLBOARD MX",
                "id": 1153172271365840897,
                "id_str": "1153172271365840897",
                "indices": [
                    15,
                    29
                ]
            },
            {
                "screen_name": "ygofficialblink",
                "name": "BLACKPINK GLOBAL BLINK",
                "id": 878204370403250176,
                "id_str": "878204370403250176",
                "indices": [
                    30,
                    46
                ]
            },
            {
                "screen_name": "CHANEL",
                "name": "CHANEL",
                "id": 326359913,
                "id_str": "326359913",
                "indices": [
                    47,
                    54
                ]
            },
            {
                "screen_name": "ygofficialblink",
                "name": "BLACKPINK GLOBAL BLINK",
                "id": 878204370403250176,
                "id_str": "878204370403250176",
                "indices": [
                    99,
                    115
                ]
            }
        ],
        "urls": []
    },
    "metadata": {
        "iso_language_code": "und",
        "result_type": "recent"
    },
    "source": "<a href=\"http://twitter.com/download/android\" rel=\"nofollow\">Twitter for Android</a>",
    "in_reply_to_status_id": 1237258770864115712,
    "in_reply_to_status_id_str": "1237258770864115712",
    "in_reply_to_user_id": 1102275581541076998,
    "in_reply_to_user_id_str": "1102275581541076998",
    "in_reply_to_screen_name": "BLACKPINKMXCO",
    "user": {
        "id": 1208903556389982208,
        "id_str": "1208903556389982208",
        "name": "KDP",
        "screen_name": "Youngat37398854",
        "location": "\u0e1b\u0e23\u0e30\u0e40\u0e17\u0e28\u0e44\u0e17\u0e22",
        "description": "make friend enjoy&fun",
        "url": null,
        "entities": {
            "description": {
                "urls": []
            }
        },
        "protected": false,
        "followers_count": 26,
        "friends_count": 73,
        "listed_count": 0,
        "created_at": "Mon Dec 23 00:14:14 +0000 2019",
        "favourites_count": 3529,
        "utc_offset": null,
        "time_zone": null,
        "geo_enabled": false,
        "verified": false,
        "statuses_count": 4011,
        "lang": null,
        "contributors_enabled": false,
        "is_translator": false,
        "is_translation_enabled": false,
        "profile_background_color": "F5F8FA",
        "profile_background_image_url": null,
        "profile_background_image_url_https": null,
        "profile_background_tile": false,
        "profile_image_url": "http://pbs.twimg.com/profile_images/1214758809802952705/c32Xl44I_normal.jpg",
        "profile_image_url_https": "https://pbs.twimg.com/profile_images/1214758809802952705/c32Xl44I_normal.jpg",
        "profile_link_color": "1DA1F2",
        "profile_sidebar_border_color": "C0DEED",
        "profile_sidebar_fill_color": "DDEEF6",
        "profile_text_color": "333333",
        "profile_use_background_image": true,
        "has_extended_profile": false,
        "default_profile": true,
        "default_profile_image": false,
        "following": null,
        "follow_request_sent": null,
        "notifications": null,
        "translator_type": "none"
    },
    "geo": null,
    "coordinates": null,
    "place": null,
    "contributors": null,
    "is_quote_status": false,
    "retweet_count": 0,
    "favorite_count": 0,
    "favorited": false,
    "retweeted": false,
    "lang": "und"
}