{
    "created_at": "Mon Mar 09 23:06:37 +0000 2020",
    "id": 1237152843972345856,
    "id_str": "1237152843972345856",
    "text": "@CHANEL https://t.co/HiexSuzs6f",
    "truncated": false,
    "entities": {
        "hashtags": [],
        "symbols": [],
        "user_mentions": [
            {
                "screen_name": "CHANEL",
                "name": "CHANEL",
                "id": 326359913,
                "id_str": "326359913",
                "indices": [
                    0,
                    7
                ]
            }
        ],
        "urls": [],
        "media": [
            {
                "id": 1237152839811596288,
                "id_str": "1237152839811596288",
                "indices": [
                    8,
                    31
                ],
                "media_url": "http://pbs.twimg.com/media/ESs_8_3WAAAF9-U.jpg",
                "media_url_https": "https://pbs.twimg.com/media/ESs_8_3WAAAF9-U.jpg",
                "url": "https://t.co/HiexSuzs6f",
                "display_url": "pic.twitter.com/HiexSuzs6f",
                "expanded_url": "https://twitter.com/markkeane262/status/1237152843972345856/photo/1",
                "type": "photo",
                "sizes": {
                    "medium": {
                        "w": 1080,
                        "h": 720,
                        "resize": "fit"
                    },
                    "thumb": {
                        "w": 150,
                        "h": 150,
                        "resize": "crop"
                    },
                    "small": {
                        "w": 680,
                        "h": 453,
                        "resize": "fit"
                    },
                    "large": {
                        "w": 1080,
                        "h": 720,
                        "resize": "fit"
                    }
                }
            }
        ]
    },
    "extended_entities": {
        "media": [
            {
                "id": 1237152839811596288,
                "id_str": "1237152839811596288",
                "indices": [
                    8,
                    31
                ],
                "media_url": "http://pbs.twimg.com/media/ESs_8_3WAAAF9-U.jpg",
                "media_url_https": "https://pbs.twimg.com/media/ESs_8_3WAAAF9-U.jpg",
                "url": "https://t.co/HiexSuzs6f",
                "display_url": "pic.twitter.com/HiexSuzs6f",
                "expanded_url": "https://twitter.com/markkeane262/status/1237152843972345856/photo/1",
                "type": "photo",
                "sizes": {
                    "medium": {
                        "w": 1080,
                        "h": 720,
                        "resize": "fit"
                    },
                    "thumb": {
                        "w": 150,
                        "h": 150,
                        "resize": "crop"
                    },
                    "small": {
                        "w": 680,
                        "h": 453,
                        "resize": "fit"
                    },
                    "large": {
                        "w": 1080,
                        "h": 720,
                        "resize": "fit"
                    }
                }
            }
        ]
    },
    "metadata": {
        "iso_language_code": "und",
        "result_type": "recent"
    },
    "source": "<a href=\"http://twitter.com/download/android\" rel=\"nofollow\">Twitter for Android</a>",
    "in_reply_to_status_id": 1237084663883206657,
    "in_reply_to_status_id_str": "1237084663883206657",
    "in_reply_to_user_id": 1223332531568889858,
    "in_reply_to_user_id_str": "1223332531568889858",
    "in_reply_to_screen_name": "markkeane262",
    "user": {
        "id": 1223332531568889858,
        "id_str": "1223332531568889858",
        "name": "markkeane262@gmail.com",
        "screen_name": "markkeane262",
        "location": "",
        "description": "media for a think tank generation",
        "url": null,
        "entities": {
            "description": {
                "urls": []
            }
        },
        "protected": false,
        "followers_count": 10,
        "friends_count": 34,
        "listed_count": 0,
        "created_at": "Fri Jan 31 19:50:03 +0000 2020",
        "favourites_count": 4,
        "utc_offset": null,
        "time_zone": null,
        "geo_enabled": true,
        "verified": false,
        "statuses_count": 1268,
        "lang": null,
        "contributors_enabled": false,
        "is_translator": false,
        "is_translation_enabled": false,
        "profile_background_color": "F5F8FA",
        "profile_background_image_url": null,
        "profile_background_image_url_https": null,
        "profile_background_tile": false,
        "profile_image_url": "http://pbs.twimg.com/profile_images/1232190286551494656/VyEVYZj8_normal.jpg",
        "profile_image_url_https": "https://pbs.twimg.com/profile_images/1232190286551494656/VyEVYZj8_normal.jpg",
        "profile_banner_url": "https://pbs.twimg.com/profile_banners/1223332531568889858/1583767440",
        "profile_link_color": "1DA1F2",
        "profile_sidebar_border_color": "C0DEED",
        "profile_sidebar_fill_color": "DDEEF6",
        "profile_text_color": "333333",
        "profile_use_background_image": true,
        "has_extended_profile": false,
        "default_profile": true,
        "default_profile_image": false,
        "following": null,
        "follow_request_sent": null,
        "notifications": null,
        "translator_type": "none"
    },
    "geo": null,
    "coordinates": null,
    "place": {
        "id": "3797791ff9c0e4c6",
        "url": "https://api.twitter.com/1.1/geo/id/3797791ff9c0e4c6.json",
        "place_type": "city",
        "name": "Toronto",
        "full_name": "Toronto, Ontario",
        "country_code": "CA",
        "country": "Canada",
        "contained_within": [],
        "bounding_box": {
            "type": "Polygon",
            "coordinates": [
                [
                    [
                        -79.639319,
                        43.403221
                    ],
                    [
                        -78.90582,
                        43.403221
                    ],
                    [
                        -78.90582,
                        43.855401
                    ],
                    [
                        -79.639319,
                        43.855401
                    ]
                ]
            ]
        },
        "attributes": {}
    },
    "contributors": null,
    "is_quote_status": false,
    "retweet_count": 0,
    "favorite_count": 0,
    "favorited": false,
    "retweeted": false,
    "possibly_sensitive": false,
    "lang": "und"
}