{
    "created_at": "Tue Mar 10 04:05:29 +0000 2020",
    "id": 1237228054008627200,
    "id_str": "1237228054008627200",
    "text": "Mengintip @CHANEL https://t.co/O08vzHZiUA",
    "truncated": false,
    "entities": {
        "hashtags": [],
        "symbols": [],
        "user_mentions": [
            {
                "screen_name": "CHANEL",
                "name": "CHANEL",
                "id": 326359913,
                "id_str": "326359913",
                "indices": [
                    10,
                    17
                ]
            }
        ],
        "urls": [],
        "media": [
            {
                "id": 1237228047029301251,
                "id_str": "1237228047029301251",
                "indices": [
                    18,
                    41
                ],
                "media_url": "http://pbs.twimg.com/media/ESuEWolU8AM0uhf.jpg",
                "media_url_https": "https://pbs.twimg.com/media/ESuEWolU8AM0uhf.jpg",
                "url": "https://t.co/O08vzHZiUA",
                "display_url": "pic.twitter.com/O08vzHZiUA",
                "expanded_url": "https://twitter.com/AdiSurantha/status/1237228054008627200/photo/1",
                "type": "photo",
                "sizes": {
                    "large": {
                        "w": 810,
                        "h": 1215,
                        "resize": "fit"
                    },
                    "medium": {
                        "w": 800,
                        "h": 1200,
                        "resize": "fit"
                    },
                    "small": {
                        "w": 453,
                        "h": 680,
                        "resize": "fit"
                    },
                    "thumb": {
                        "w": 150,
                        "h": 150,
                        "resize": "crop"
                    }
                }
            }
        ]
    },
    "extended_entities": {
        "media": [
            {
                "id": 1237228047029301251,
                "id_str": "1237228047029301251",
                "indices": [
                    18,
                    41
                ],
                "media_url": "http://pbs.twimg.com/media/ESuEWolU8AM0uhf.jpg",
                "media_url_https": "https://pbs.twimg.com/media/ESuEWolU8AM0uhf.jpg",
                "url": "https://t.co/O08vzHZiUA",
                "display_url": "pic.twitter.com/O08vzHZiUA",
                "expanded_url": "https://twitter.com/AdiSurantha/status/1237228054008627200/photo/1",
                "type": "photo",
                "sizes": {
                    "large": {
                        "w": 810,
                        "h": 1215,
                        "resize": "fit"
                    },
                    "medium": {
                        "w": 800,
                        "h": 1200,
                        "resize": "fit"
                    },
                    "small": {
                        "w": 453,
                        "h": 680,
                        "resize": "fit"
                    },
                    "thumb": {
                        "w": 150,
                        "h": 150,
                        "resize": "crop"
                    }
                }
            }
        ]
    },
    "metadata": {
        "iso_language_code": "in",
        "result_type": "recent"
    },
    "source": "<a href=\"http://twitter.com/download/iphone\" rel=\"nofollow\">Twitter for iPhone</a>",
    "in_reply_to_status_id": null,
    "in_reply_to_status_id_str": null,
    "in_reply_to_user_id": null,
    "in_reply_to_user_id_str": null,
    "in_reply_to_screen_name": null,
    "user": {
        "id": 38380691,
        "id_str": "38380691",
        "name": "Adi Surantha",
        "screen_name": "AdiSurantha",
        "location": "Jakarta Capital Region",
        "description": "Indonesian Fashion Stylist / Consultant, Speaker, Blogger. \u2795Fashion, Beauty& Travel Diary, Creative Director \u2795Business Contact: adi.surantha@yahoo.com",
        "url": null,
        "entities": {
            "description": {
                "urls": []
            }
        },
        "protected": false,
        "followers_count": 2809,
        "friends_count": 560,
        "listed_count": 37,
        "created_at": "Thu May 07 05:55:28 +0000 2009",
        "favourites_count": 108,
        "utc_offset": null,
        "time_zone": null,
        "geo_enabled": true,
        "verified": false,
        "statuses_count": 29222,
        "lang": null,
        "contributors_enabled": false,
        "is_translator": false,
        "is_translation_enabled": false,
        "profile_background_color": "C0DEED",
        "profile_background_image_url": "http://abs.twimg.com/images/themes/theme1/bg.png",
        "profile_background_image_url_https": "https://abs.twimg.com/images/themes/theme1/bg.png",
        "profile_background_tile": true,
        "profile_image_url": "http://pbs.twimg.com/profile_images/1871532006/Me__Karl_Lagerfeld_ORES_TWITERIMG_0016_normal.jpg",
        "profile_image_url_https": "https://pbs.twimg.com/profile_images/1871532006/Me__Karl_Lagerfeld_ORES_TWITERIMG_0016_normal.jpg",
        "profile_banner_url": "https://pbs.twimg.com/profile_banners/38380691/1397842627",
        "profile_link_color": "0084B4",
        "profile_sidebar_border_color": "C0DEED",
        "profile_sidebar_fill_color": "DDEEF6",
        "profile_text_color": "333333",
        "profile_use_background_image": true,
        "has_extended_profile": true,
        "default_profile": false,
        "default_profile_image": false,
        "following": null,
        "follow_request_sent": null,
        "notifications": null,
        "translator_type": "none"
    },
    "geo": null,
    "coordinates": null,
    "place": null,
    "contributors": null,
    "is_quote_status": false,
    "retweet_count": 0,
    "favorite_count": 0,
    "favorited": false,
    "retweeted": false,
    "possibly_sensitive": false,
    "lang": "in"
}