{
    "created_at": "Tue Mar 10 00:26:15 +0000 2020",
    "id": 1237172884436480001,
    "id_str": "1237172884436480001",
    "text": "RT @LyleC123: @TIME @jennieseyes @ygofficialblink @iamcardib @TIME yah that's her that's 'THE Jennie Kim'  -   \"Jennie Kim represents the 4\u2026",
    "truncated": false,
    "entities": {
        "hashtags": [],
        "symbols": [],
        "user_mentions": [
            {
                "screen_name": "LyleC123",
                "name": "Lyle",
                "id": 1179154801747091456,
                "id_str": "1179154801747091456",
                "indices": [
                    3,
                    12
                ]
            },
            {
                "screen_name": "TIME",
                "name": "TIME",
                "id": 14293310,
                "id_str": "14293310",
                "indices": [
                    14,
                    19
                ]
            },
            {
                "screen_name": "jennieseyes",
                "name": "hope\u2074",
                "id": 1086068032684859392,
                "id_str": "1086068032684859392",
                "indices": [
                    20,
                    32
                ]
            },
            {
                "screen_name": "ygofficialblink",
                "name": "BLACKPINK GLOBAL BLINK",
                "id": 878204370403250176,
                "id_str": "878204370403250176",
                "indices": [
                    33,
                    49
                ]
            },
            {
                "screen_name": "iamcardib",
                "name": "iamcardib",
                "id": 866953267,
                "id_str": "866953267",
                "indices": [
                    50,
                    60
                ]
            },
            {
                "screen_name": "TIME",
                "name": "TIME",
                "id": 14293310,
                "id_str": "14293310",
                "indices": [
                    61,
                    66
                ]
            }
        ],
        "urls": []
    },
    "metadata": {
        "iso_language_code": "en",
        "result_type": "recent"
    },
    "source": "<a href=\"http://twitter.com/download/android\" rel=\"nofollow\">Twitter for Android</a>",
    "in_reply_to_status_id": null,
    "in_reply_to_status_id_str": null,
    "in_reply_to_user_id": null,
    "in_reply_to_user_id_str": null,
    "in_reply_to_screen_name": null,
    "user": {
        "id": 1176305571684708353,
        "id_str": "1176305571684708353",
        "name": "eunjungjenniestyle",
        "screen_name": "eunjungtarasty1",
        "location": "",
        "description": "\u026a\u0274s\u1d1b\u1d00\u0262\u0280\u1d00\u1d0d \u1d00\u1d04\u1d04\u1d0f\u1d1c\u0274\u1d1b : @eunjungjenniestyle",
        "url": null,
        "entities": {
            "description": {
                "urls": []
            }
        },
        "protected": false,
        "followers_count": 4,
        "friends_count": 19,
        "listed_count": 0,
        "created_at": "Tue Sep 24 01:21:45 +0000 2019",
        "favourites_count": 2467,
        "utc_offset": null,
        "time_zone": null,
        "geo_enabled": false,
        "verified": false,
        "statuses_count": 2008,
        "lang": null,
        "contributors_enabled": false,
        "is_translator": false,
        "is_translation_enabled": false,
        "profile_background_color": "F5F8FA",
        "profile_background_image_url": null,
        "profile_background_image_url_https": null,
        "profile_background_tile": false,
        "profile_image_url": "http://pbs.twimg.com/profile_images/1179756745612070912/2YGkjutc_normal.jpg",
        "profile_image_url_https": "https://pbs.twimg.com/profile_images/1179756745612070912/2YGkjutc_normal.jpg",
        "profile_link_color": "1DA1F2",
        "profile_sidebar_border_color": "C0DEED",
        "profile_sidebar_fill_color": "DDEEF6",
        "profile_text_color": "333333",
        "profile_use_background_image": true,
        "has_extended_profile": false,
        "default_profile": true,
        "default_profile_image": false,
        "following": null,
        "follow_request_sent": null,
        "notifications": null,
        "translator_type": "none"
    },
    "geo": null,
    "coordinates": null,
    "place": null,
    "contributors": null,
    "retweeted_status": {
        "created_at": "Wed Oct 02 03:52:37 +0000 2019",
        "id": 1179242756348289024,
        "id_str": "1179242756348289024",
        "text": "@TIME @jennieseyes @ygofficialblink @iamcardib @TIME yah that's her that's 'THE Jennie Kim'  -   \"Jennie Kim repres\u2026 https://t.co/kO3eS1ZlFN",
        "truncated": true,
        "entities": {
            "hashtags": [],
            "symbols": [],
            "user_mentions": [
                {
                    "screen_name": "TIME",
                    "name": "TIME",
                    "id": 14293310,
                    "id_str": "14293310",
                    "indices": [
                        0,
                        5
                    ]
                },
                {
                    "screen_name": "jennieseyes",
                    "name": "hope\u2074",
                    "id": 1086068032684859392,
                    "id_str": "1086068032684859392",
                    "indices": [
                        6,
                        18
                    ]
                },
                {
                    "screen_name": "ygofficialblink",
                    "name": "BLACKPINK GLOBAL BLINK",
                    "id": 878204370403250176,
                    "id_str": "878204370403250176",
                    "indices": [
                        19,
                        35
                    ]
                },
                {
                    "screen_name": "iamcardib",
                    "name": "iamcardib",
                    "id": 866953267,
                    "id_str": "866953267",
                    "indices": [
                        36,
                        46
                    ]
                },
                {
                    "screen_name": "TIME",
                    "name": "TIME",
                    "id": 14293310,
                    "id_str": "14293310",
                    "indices": [
                        47,
                        52
                    ]
                }
            ],
            "urls": [
                {
                    "url": "https://t.co/kO3eS1ZlFN",
                    "expanded_url": "https://twitter.com/i/web/status/1179242756348289024",
                    "display_url": "twitter.com/i/web/status/1\u2026",
                    "indices": [
                        117,
                        140
                    ]
                }
            ]
        },
        "metadata": {
            "iso_language_code": "en",
            "result_type": "recent"
        },
        "source": "<a href=\"http://twitter.com/download/android\" rel=\"nofollow\">Twitter for Android</a>",
        "in_reply_to_status_id": 1179206791663685632,
        "in_reply_to_status_id_str": "1179206791663685632",
        "in_reply_to_user_id": 14293310,
        "in_reply_to_user_id_str": "14293310",
        "in_reply_to_screen_name": "TIME",
        "user": {
            "id": 1179154801747091456,
            "id_str": "1179154801747091456",
            "name": "Lyle",
            "screen_name": "LyleC123",
            "location": "",
            "description": "",
            "url": null,
            "entities": {
                "description": {
                    "urls": []
                }
            },
            "protected": false,
            "followers_count": 1335,
            "friends_count": 71,
            "listed_count": 9,
            "created_at": "Tue Oct 01 22:04:02 +0000 2019",
            "favourites_count": 6715,
            "utc_offset": null,
            "time_zone": null,
            "geo_enabled": false,
            "verified": false,
            "statuses_count": 945,
            "lang": null,
            "contributors_enabled": false,
            "is_translator": false,
            "is_translation_enabled": false,
            "profile_background_color": "F5F8FA",
            "profile_background_image_url": null,
            "profile_background_image_url_https": null,
            "profile_background_tile": false,
            "profile_image_url": "http://pbs.twimg.com/profile_images/1228284102882627585/Tf2HletL_normal.jpg",
            "profile_image_url_https": "https://pbs.twimg.com/profile_images/1228284102882627585/Tf2HletL_normal.jpg",
            "profile_banner_url": "https://pbs.twimg.com/profile_banners/1179154801747091456/1576938173",
            "profile_link_color": "1DA1F2",
            "profile_sidebar_border_color": "C0DEED",
            "profile_sidebar_fill_color": "DDEEF6",
            "profile_text_color": "333333",
            "profile_use_background_image": true,
            "has_extended_profile": false,
            "default_profile": true,
            "default_profile_image": false,
            "following": null,
            "follow_request_sent": null,
            "notifications": null,
            "translator_type": "none"
        },
        "geo": null,
        "coordinates": null,
        "place": null,
        "contributors": null,
        "is_quote_status": false,
        "retweet_count": 11,
        "favorite_count": 24,
        "favorited": false,
        "retweeted": false,
        "possibly_sensitive": false,
        "lang": "en"
    },
    "is_quote_status": false,
    "retweet_count": 11,
    "favorite_count": 0,
    "favorited": false,
    "retweeted": false,
    "lang": "en"
}