{
    "created_at": "Tue Mar 10 03:28:12 +0000 2020",
    "id": 1237218672898453504,
    "id_str": "1237218672898453504",
    "text": "RT @CHANEL: Backstage moments at the Fall-Winter 2020/21 Ready-to-Wear show.\n#CHANELFallWinter \nSee more on https://t.co/qVZ4VOQdrD https:/\u2026",
    "truncated": false,
    "entities": {
        "hashtags": [
            {
                "text": "CHANELFallWinter",
                "indices": [
                    77,
                    94
                ]
            }
        ],
        "symbols": [],
        "user_mentions": [
            {
                "screen_name": "CHANEL",
                "name": "CHANEL",
                "id": 326359913,
                "id_str": "326359913",
                "indices": [
                    3,
                    10
                ]
            }
        ],
        "urls": [
            {
                "url": "https://t.co/qVZ4VOQdrD",
                "expanded_url": "http://chanel.com/-T-RTW_FW20-21_Portraits",
                "display_url": "chanel.com/-T-RTW_FW20-21\u2026",
                "indices": [
                    108,
                    131
                ]
            }
        ]
    },
    "metadata": {
        "iso_language_code": "en",
        "result_type": "recent"
    },
    "source": "<a href=\"http://twitter.com/download/iphone\" rel=\"nofollow\">Twitter for iPhone</a>",
    "in_reply_to_status_id": null,
    "in_reply_to_status_id_str": null,
    "in_reply_to_user_id": null,
    "in_reply_to_user_id_str": null,
    "in_reply_to_screen_name": null,
    "user": {
        "id": 712280143,
        "id_str": "712280143",
        "name": "\ud83d\udd4a \u0645\u064f\u0647\u0631\u0647 \u0627\u0644\u062a\u0645\u064a\u0645\u064a",
        "screen_name": "m000n_999",
        "location": "\u0631\u0648\u062d\u064a \u0648\u0645\u0627 \u0645\u0644\u0643\u062a \u064a\u062f\u0627\u064a\u0627 \u0641\u062f\u0627\u0647 \ud83c\uddf8\ud83c\udde6",
        "description": "\u0627\u0645\u0631\u0623\u0647 \u0645\u0646 \u0627\u0644\u062b\u0645\u0627\u0646\u064a\u0646\u0627\u062a \u060c \u0627\u062d\u0628 \u0639\u0627\u0626\u0644\u062a\u064a \u0627\u0644\u062a\u064a \u0627\u0644\u064a\u0647\u0627 \u0627\u0646\u062a\u0645\u064a .. \u0637\u0644\u0627\u0644\u064a\u0629 \u0627\u0644\u0647\u0648\u0649 \u2665\ufe0f \u0648\u0639\u0634\u0642\u064a #abdu \u062c\u0631\u064a\u0626\u0629 \u0643\u062a\u0627\u0628\u0647 \u062e\u062c\u0648\u0644\u0629 \u0646\u0638\u0631 \u2650\ufe0f.. DM \ud83d\udeab @m000n_9999",
        "url": "https://t.co/cHZdP4MpC4",
        "entities": {
            "url": {
                "urls": [
                    {
                        "url": "https://t.co/cHZdP4MpC4",
                        "expanded_url": "http://google.com",
                        "display_url": "google.com",
                        "indices": [
                            0,
                            23
                        ]
                    }
                ]
            },
            "description": {
                "urls": []
            }
        },
        "protected": false,
        "followers_count": 19981,
        "friends_count": 491,
        "listed_count": 37,
        "created_at": "Mon Jul 23 11:36:03 +0000 2012",
        "favourites_count": 3674,
        "utc_offset": null,
        "time_zone": null,
        "geo_enabled": true,
        "verified": false,
        "statuses_count": 42864,
        "lang": null,
        "contributors_enabled": false,
        "is_translator": false,
        "is_translation_enabled": false,
        "profile_background_color": "C0DEED",
        "profile_background_image_url": "http://abs.twimg.com/images/themes/theme1/bg.png",
        "profile_background_image_url_https": "https://abs.twimg.com/images/themes/theme1/bg.png",
        "profile_background_tile": false,
        "profile_image_url": "http://pbs.twimg.com/profile_images/1233599713875767297/WI0Hfqvr_normal.jpg",
        "profile_image_url_https": "https://pbs.twimg.com/profile_images/1233599713875767297/WI0Hfqvr_normal.jpg",
        "profile_banner_url": "https://pbs.twimg.com/profile_banners/712280143/1582677845",
        "profile_link_color": "1DA1F2",
        "profile_sidebar_border_color": "C0DEED",
        "profile_sidebar_fill_color": "DDEEF6",
        "profile_text_color": "333333",
        "profile_use_background_image": true,
        "has_extended_profile": true,
        "default_profile": true,
        "default_profile_image": false,
        "following": null,
        "follow_request_sent": null,
        "notifications": null,
        "translator_type": "none"
    },
    "geo": null,
    "coordinates": null,
    "place": null,
    "contributors": null,
    "retweeted_status": {
        "created_at": "Thu Mar 05 19:00:01 +0000 2020",
        "id": 1235641231461330944,
        "id_str": "1235641231461330944",
        "text": "Backstage moments at the Fall-Winter 2020/21 Ready-to-Wear show.\n#CHANELFallWinter \nSee more on\u2026 https://t.co/C9ahTDYNgH",
        "truncated": true,
        "entities": {
            "hashtags": [
                {
                    "text": "CHANELFallWinter",
                    "indices": [
                        65,
                        82
                    ]
                }
            ],
            "symbols": [],
            "user_mentions": [],
            "urls": [
                {
                    "url": "https://t.co/C9ahTDYNgH",
                    "expanded_url": "https://twitter.com/i/web/status/1235641231461330944",
                    "display_url": "twitter.com/i/web/status/1\u2026",
                    "indices": [
                        97,
                        120
                    ]
                }
            ]
        },
        "metadata": {
            "iso_language_code": "en",
            "result_type": "recent"
        },
        "source": "<a href=\"https://studio.twitter.com\" rel=\"nofollow\">Twitter Media Studio</a>",
        "in_reply_to_status_id": null,
        "in_reply_to_status_id_str": null,
        "in_reply_to_user_id": null,
        "in_reply_to_user_id_str": null,
        "in_reply_to_screen_name": null,
        "user": {
            "id": 326359913,
            "id_str": "326359913",
            "name": "CHANEL",
            "screen_name": "CHANEL",
            "location": "",
            "description": "'CHANEL is above all a style. Fashion passes, style remains.' Gabrielle Chanel",
            "url": "http://t.co/GBdCztEiwL",
            "entities": {
                "url": {
                    "urls": [
                        {
                            "url": "http://t.co/GBdCztEiwL",
                            "expanded_url": "http://www.chanel.com",
                            "display_url": "chanel.com",
                            "indices": [
                                0,
                                22
                            ]
                        }
                    ]
                },
                "description": {
                    "urls": []
                }
            },
            "protected": false,
            "followers_count": 13229486,
            "friends_count": 1,
            "listed_count": 11499,
            "created_at": "Wed Jun 29 19:57:54 +0000 2011",
            "favourites_count": 0,
            "utc_offset": null,
            "time_zone": null,
            "geo_enabled": true,
            "verified": true,
            "statuses_count": 2933,
            "lang": null,
            "contributors_enabled": false,
            "is_translator": false,
            "is_translation_enabled": false,
            "profile_background_color": "000000",
            "profile_background_image_url": "http://abs.twimg.com/images/themes/theme1/bg.png",
            "profile_background_image_url_https": "https://abs.twimg.com/images/themes/theme1/bg.png",
            "profile_background_tile": false,
            "profile_image_url": "http://pbs.twimg.com/profile_images/1154314010252206080/eAG6xnof_normal.jpg",
            "profile_image_url_https": "https://pbs.twimg.com/profile_images/1154314010252206080/eAG6xnof_normal.jpg",
            "profile_banner_url": "https://pbs.twimg.com/profile_banners/326359913/1583760667",
            "profile_link_color": "000000",
            "profile_sidebar_border_color": "000000",
            "profile_sidebar_fill_color": "000000",
            "profile_text_color": "666666",
            "profile_use_background_image": false,
            "has_extended_profile": false,
            "default_profile": false,
            "default_profile_image": false,
            "following": null,
            "follow_request_sent": null,
            "notifications": null,
            "translator_type": "none"
        },
        "geo": null,
        "coordinates": null,
        "place": null,
        "contributors": null,
        "is_quote_status": false,
        "retweet_count": 1963,
        "favorite_count": 11799,
        "favorited": false,
        "retweeted": false,
        "possibly_sensitive": false,
        "lang": "en"
    },
    "is_quote_status": false,
    "retweet_count": 1963,
    "favorite_count": 0,
    "favorited": false,
    "retweeted": false,
    "possibly_sensitive": false,
    "lang": "en"
}