{
    "created_at": "Tue Mar 10 12:25:21 +0000 2020",
    "id": 1237353852212412416,
    "id_str": "1237353852212412416",
    "text": "RT @CHANEL: HISTORY OF A CRUSH\nDesigned at 18 Place Vend\u00f4me by Patrice Leguereau, Director of the CHANEL Fine Jewelry Creation Studio, the\u2026",
    "truncated": false,
    "entities": {
        "hashtags": [],
        "symbols": [],
        "user_mentions": [
            {
                "screen_name": "CHANEL",
                "name": "CHANEL",
                "id": 326359913,
                "id_str": "326359913",
                "indices": [
                    3,
                    10
                ]
            }
        ],
        "urls": []
    },
    "metadata": {
        "iso_language_code": "en",
        "result_type": "recent"
    },
    "source": "<a href=\"http://twitter.com/download/iphone\" rel=\"nofollow\">Twitter for iPhone</a>",
    "in_reply_to_status_id": null,
    "in_reply_to_status_id_str": null,
    "in_reply_to_user_id": null,
    "in_reply_to_user_id_str": null,
    "in_reply_to_screen_name": null,
    "user": {
        "id": 1213624361367695361,
        "id_str": "1213624361367695361",
        "name": "naoshiochi_ official",
        "screen_name": "naoshiochi",
        "location": "\u795e\u5948 \u6a2a\u6d5c\u5e02 \u897f\u533a",
        "description": "\u30e8\u30b3\u30cf\u30de\u897f\u533a\u5728\u4f4f\u3002\u30c9\u30e9\u30a4\u30d6(MINI)\u3001Running\u3001\u30d5\u30a1\u30c3\u30b7\u30e7\u30f3\u3001Jazz\u3001UKRock\u3001\u30a2\u30fc\u30c8\u3001\u6f14\u5287\u3001\u6620\u753b\u3002\u5199\u771f(\u30e2\u30c7\u30eb\u52df\u96c6\u4e2d)\u3001\u8179\u7b4b\u5973\u5b50\ud83d\ude46\u200d\u2640\ufe0f",
        "url": null,
        "entities": {
            "description": {
                "urls": []
            }
        },
        "protected": false,
        "followers_count": 29,
        "friends_count": 42,
        "listed_count": 0,
        "created_at": "Sun Jan 05 00:53:16 +0000 2020",
        "favourites_count": 11198,
        "utc_offset": null,
        "time_zone": null,
        "geo_enabled": false,
        "verified": false,
        "statuses_count": 7069,
        "lang": null,
        "contributors_enabled": false,
        "is_translator": false,
        "is_translation_enabled": false,
        "profile_background_color": "F5F8FA",
        "profile_background_image_url": null,
        "profile_background_image_url_https": null,
        "profile_background_tile": false,
        "profile_image_url": "http://pbs.twimg.com/profile_images/1213630255300087809/BqgjVplT_normal.jpg",
        "profile_image_url_https": "https://pbs.twimg.com/profile_images/1213630255300087809/BqgjVplT_normal.jpg",
        "profile_banner_url": "https://pbs.twimg.com/profile_banners/1213624361367695361/1578187016",
        "profile_link_color": "1DA1F2",
        "profile_sidebar_border_color": "C0DEED",
        "profile_sidebar_fill_color": "DDEEF6",
        "profile_text_color": "333333",
        "profile_use_background_image": true,
        "has_extended_profile": false,
        "default_profile": true,
        "default_profile_image": false,
        "following": null,
        "follow_request_sent": null,
        "notifications": null,
        "translator_type": "none"
    },
    "geo": null,
    "coordinates": null,
    "place": null,
    "contributors": null,
    "retweeted_status": {
        "created_at": "Tue Mar 10 12:24:00 +0000 2020",
        "id": 1237353509747658753,
        "id_str": "1237353509747658753",
        "text": "HISTORY OF A CRUSH\nDesigned at 18 Place Vend\u00f4me by Patrice Leguereau, Director of the CHANEL Fine Jewelry Creation\u2026 https://t.co/zz3He12ha2",
        "truncated": true,
        "entities": {
            "hashtags": [],
            "symbols": [],
            "user_mentions": [],
            "urls": [
                {
                    "url": "https://t.co/zz3He12ha2",
                    "expanded_url": "https://twitter.com/i/web/status/1237353509747658753",
                    "display_url": "twitter.com/i/web/status/1\u2026",
                    "indices": [
                        116,
                        139
                    ]
                }
            ]
        },
        "metadata": {
            "iso_language_code": "en",
            "result_type": "recent"
        },
        "source": "<a href=\"https://ads-api.twitter.com\" rel=\"nofollow\">Twitter for Advertisers</a>",
        "in_reply_to_status_id": null,
        "in_reply_to_status_id_str": null,
        "in_reply_to_user_id": null,
        "in_reply_to_user_id_str": null,
        "in_reply_to_screen_name": null,
        "user": {
            "id": 326359913,
            "id_str": "326359913",
            "name": "CHANEL",
            "screen_name": "CHANEL",
            "location": "",
            "description": "'CHANEL is above all a style. Fashion passes, style remains.' Gabrielle Chanel",
            "url": "http://t.co/GBdCztEiwL",
            "entities": {
                "url": {
                    "urls": [
                        {
                            "url": "http://t.co/GBdCztEiwL",
                            "expanded_url": "http://www.chanel.com",
                            "display_url": "chanel.com",
                            "indices": [
                                0,
                                22
                            ]
                        }
                    ]
                },
                "description": {
                    "urls": []
                }
            },
            "protected": false,
            "followers_count": 13229486,
            "friends_count": 1,
            "listed_count": 11499,
            "created_at": "Wed Jun 29 19:57:54 +0000 2011",
            "favourites_count": 0,
            "utc_offset": null,
            "time_zone": null,
            "geo_enabled": true,
            "verified": true,
            "statuses_count": 2933,
            "lang": null,
            "contributors_enabled": false,
            "is_translator": false,
            "is_translation_enabled": false,
            "profile_background_color": "000000",
            "profile_background_image_url": "http://abs.twimg.com/images/themes/theme1/bg.png",
            "profile_background_image_url_https": "https://abs.twimg.com/images/themes/theme1/bg.png",
            "profile_background_tile": false,
            "profile_image_url": "http://pbs.twimg.com/profile_images/1154314010252206080/eAG6xnof_normal.jpg",
            "profile_image_url_https": "https://pbs.twimg.com/profile_images/1154314010252206080/eAG6xnof_normal.jpg",
            "profile_banner_url": "https://pbs.twimg.com/profile_banners/326359913/1583760667",
            "profile_link_color": "000000",
            "profile_sidebar_border_color": "000000",
            "profile_sidebar_fill_color": "000000",
            "profile_text_color": "666666",
            "profile_use_background_image": false,
            "has_extended_profile": false,
            "default_profile": false,
            "default_profile_image": false,
            "following": null,
            "follow_request_sent": null,
            "notifications": null,
            "translator_type": "none"
        },
        "geo": null,
        "coordinates": null,
        "place": null,
        "contributors": null,
        "is_quote_status": false,
        "retweet_count": 25,
        "favorite_count": 203,
        "favorited": false,
        "retweeted": false,
        "possibly_sensitive": false,
        "lang": "en"
    },
    "is_quote_status": false,
    "retweet_count": 25,
    "favorite_count": 0,
    "favorited": false,
    "retweeted": false,
    "lang": "en"
}