{
    "created_at": "Tue Mar 10 08:32:24 +0000 2020",
    "id": 1237295224780660742,
    "id_str": "1237295224780660742",
    "text": "RT @BoF: Directed by Sofia Coppola, @CHANEL has released a new video collage, which pays tribute to Gabrielle \"Coco\" Chanel and marks the M\u2026",
    "truncated": false,
    "entities": {
        "hashtags": [],
        "symbols": [],
        "user_mentions": [
            {
                "screen_name": "BoF",
                "name": "The Business of Fashion",
                "id": 18392906,
                "id_str": "18392906",
                "indices": [
                    3,
                    7
                ]
            },
            {
                "screen_name": "CHANEL",
                "name": "CHANEL",
                "id": 326359913,
                "id_str": "326359913",
                "indices": [
                    36,
                    43
                ]
            }
        ],
        "urls": []
    },
    "metadata": {
        "iso_language_code": "en",
        "result_type": "recent"
    },
    "source": "<a href=\"http://twitter.com/download/iphone\" rel=\"nofollow\">Twitter for iPhone</a>",
    "in_reply_to_status_id": null,
    "in_reply_to_status_id_str": null,
    "in_reply_to_user_id": null,
    "in_reply_to_user_id_str": null,
    "in_reply_to_screen_name": null,
    "user": {
        "id": 41377576,
        "id_str": "41377576",
        "name": "JEAN PHAMBANA",
        "screen_name": "Greatkingmouze",
        "location": "Mouzetrap Head Office",
        "description": "CREATIVEPRENEUR | founder and CEO @mouzetrapent | TV & Film producer",
        "url": "https://t.co/5JDaGYCOt7",
        "entities": {
            "url": {
                "urls": [
                    {
                        "url": "https://t.co/5JDaGYCOt7",
                        "expanded_url": "https://m.imdb.com/name/nm7118800/",
                        "display_url": "m.imdb.com/name/nm7118800/",
                        "indices": [
                            0,
                            23
                        ]
                    }
                ]
            },
            "description": {
                "urls": []
            }
        },
        "protected": false,
        "followers_count": 472,
        "friends_count": 203,
        "listed_count": 15,
        "created_at": "Wed May 20 15:14:38 +0000 2009",
        "favourites_count": 5671,
        "utc_offset": null,
        "time_zone": null,
        "geo_enabled": true,
        "verified": false,
        "statuses_count": 6541,
        "lang": null,
        "contributors_enabled": false,
        "is_translator": false,
        "is_translation_enabled": false,
        "profile_background_color": "188BC4",
        "profile_background_image_url": "http://abs.twimg.com/images/themes/theme1/bg.png",
        "profile_background_image_url_https": "https://abs.twimg.com/images/themes/theme1/bg.png",
        "profile_background_tile": true,
        "profile_image_url": "http://pbs.twimg.com/profile_images/1189902241609736192/46QU2ZC8_normal.jpg",
        "profile_image_url_https": "https://pbs.twimg.com/profile_images/1189902241609736192/46QU2ZC8_normal.jpg",
        "profile_banner_url": "https://pbs.twimg.com/profile_banners/41377576/1583402178",
        "profile_link_color": "91D2FA",
        "profile_sidebar_border_color": "000000",
        "profile_sidebar_fill_color": "DDEEF6",
        "profile_text_color": "333333",
        "profile_use_background_image": true,
        "has_extended_profile": true,
        "default_profile": false,
        "default_profile_image": false,
        "following": null,
        "follow_request_sent": null,
        "notifications": null,
        "translator_type": "none"
    },
    "geo": null,
    "coordinates": null,
    "place": null,
    "contributors": null,
    "retweeted_status": {
        "created_at": "Tue Oct 15 14:59:33 +0000 2019",
        "id": 1184121641573457920,
        "id_str": "1184121641573457920",
        "text": "Directed by Sofia Coppola, @CHANEL has released a new video collage, which pays tribute to Gabrielle \"Coco\" Chanel\u2026 https://t.co/yTWD5ILn7r",
        "truncated": true,
        "entities": {
            "hashtags": [],
            "symbols": [],
            "user_mentions": [
                {
                    "screen_name": "CHANEL",
                    "name": "CHANEL",
                    "id": 326359913,
                    "id_str": "326359913",
                    "indices": [
                        27,
                        34
                    ]
                }
            ],
            "urls": [
                {
                    "url": "https://t.co/yTWD5ILn7r",
                    "expanded_url": "https://twitter.com/i/web/status/1184121641573457920",
                    "display_url": "twitter.com/i/web/status/1\u2026",
                    "indices": [
                        116,
                        139
                    ]
                }
            ]
        },
        "metadata": {
            "iso_language_code": "en",
            "result_type": "recent"
        },
        "source": "<a href=\"https://sproutsocial.com\" rel=\"nofollow\">Sprout Social</a>",
        "in_reply_to_status_id": null,
        "in_reply_to_status_id_str": null,
        "in_reply_to_user_id": null,
        "in_reply_to_user_id_str": null,
        "in_reply_to_screen_name": null,
        "user": {
            "id": 18392906,
            "id_str": "18392906",
            "name": "The Business of Fashion",
            "screen_name": "BoF",
            "location": "London",
            "description": "Follow for breaking news and fashion business intelligence. Home of the #BoF500. Subscribe to our daily newsletter: https://t.co/67Jc1TC6lY",
            "url": "https://t.co/uEmlzkRJVq",
            "entities": {
                "url": {
                    "urls": [
                        {
                            "url": "https://t.co/uEmlzkRJVq",
                            "expanded_url": "http://www.businessoffashion.com",
                            "display_url": "businessoffashion.com",
                            "indices": [
                                0,
                                23
                            ]
                        }
                    ]
                },
                "description": {
                    "urls": [
                        {
                            "url": "https://t.co/67Jc1TC6lY",
                            "expanded_url": "http://www.businessoffashion.com/register/",
                            "display_url": "businessoffashion.com/register/",
                            "indices": [
                                116,
                                139
                            ]
                        }
                    ]
                }
            },
            "protected": false,
            "followers_count": 1843387,
            "friends_count": 975,
            "listed_count": 9521,
            "created_at": "Fri Dec 26 18:31:56 +0000 2008",
            "favourites_count": 4818,
            "utc_offset": null,
            "time_zone": null,
            "geo_enabled": true,
            "verified": true,
            "statuses_count": 48788,
            "lang": null,
            "contributors_enabled": false,
            "is_translator": false,
            "is_translation_enabled": false,
            "profile_background_color": "FFFFFF",
            "profile_background_image_url": "http://abs.twimg.com/images/themes/theme1/bg.png",
            "profile_background_image_url_https": "https://abs.twimg.com/images/themes/theme1/bg.png",
            "profile_background_tile": true,
            "profile_image_url": "http://pbs.twimg.com/profile_images/999565749415919616/bV7tCg5y_normal.jpg",
            "profile_image_url_https": "https://pbs.twimg.com/profile_images/999565749415919616/bV7tCg5y_normal.jpg",
            "profile_banner_url": "https://pbs.twimg.com/profile_banners/18392906/1569852453",
            "profile_link_color": "AB9386",
            "profile_sidebar_border_color": "FFFFFF",
            "profile_sidebar_fill_color": "FFFFFF",
            "profile_text_color": "030000",
            "profile_use_background_image": true,
            "has_extended_profile": false,
            "default_profile": false,
            "default_profile_image": false,
            "following": null,
            "follow_request_sent": null,
            "notifications": null,
            "translator_type": "none"
        },
        "geo": null,
        "coordinates": null,
        "place": null,
        "contributors": null,
        "is_quote_status": false,
        "retweet_count": 29,
        "favorite_count": 42,
        "favorited": false,
        "retweeted": false,
        "possibly_sensitive": false,
        "lang": "en"
    },
    "is_quote_status": false,
    "retweet_count": 29,
    "favorite_count": 0,
    "favorited": false,
    "retweeted": false,
    "lang": "en"
}