{
    "created_at": "Tue Mar 10 13:14:02 +0000 2020",
    "id": 1237366103032152069,
    "id_str": "1237366103032152069",
    "text": ".@KylieJenner just made denim happen, and her quilted @Chanel purse ties the whole look together. \ud83d\udc56 https://t.co/Itpby3KQ7O",
    "truncated": false,
    "entities": {
        "hashtags": [],
        "symbols": [],
        "user_mentions": [
            {
                "screen_name": "KylieJenner",
                "name": "Kylie Jenner",
                "id": 236699098,
                "id_str": "236699098",
                "indices": [
                    1,
                    13
                ]
            },
            {
                "screen_name": "CHANEL",
                "name": "CHANEL",
                "id": 326359913,
                "id_str": "326359913",
                "indices": [
                    54,
                    61
                ]
            }
        ],
        "urls": [
            {
                "url": "https://t.co/Itpby3KQ7O",
                "expanded_url": "https://www.popsugar.com/fashion/kylie-jenner-denim-minidress-chanel-quilted-purse-photos-47293722?utm_medium=twitter&utm_source=post&utm_campaign=fashion",
                "display_url": "popsugar.com/fashion/kylie-\u2026",
                "indices": [
                    100,
                    123
                ]
            }
        ]
    },
    "metadata": {
        "iso_language_code": "en",
        "result_type": "recent"
    },
    "source": "<a href=\"https://www.popsugar.com\" rel=\"nofollow\">popsugar.com</a>",
    "in_reply_to_status_id": null,
    "in_reply_to_status_id_str": null,
    "in_reply_to_user_id": null,
    "in_reply_to_user_id_str": null,
    "in_reply_to_screen_name": null,
    "user": {
        "id": 17548474,
        "id_str": "17548474",
        "name": "POPSUGAR Fashion",
        "screen_name": "POPSUGARFashion",
        "location": "",
        "description": "POPSUGAR Fashion is the ultimate source for what's new in fashion: from the hottest red carpet photos of celebrities to the latest runways around the world.",
        "url": "http://t.co/sY9uQZuzw1",
        "entities": {
            "url": {
                "urls": [
                    {
                        "url": "http://t.co/sY9uQZuzw1",
                        "expanded_url": "http://www.popsugar.com/fashion",
                        "display_url": "popsugar.com/fashion",
                        "indices": [
                            0,
                            22
                        ]
                    }
                ]
            },
            "description": {
                "urls": []
            }
        },
        "protected": false,
        "followers_count": 351134,
        "friends_count": 1108,
        "listed_count": 3017,
        "created_at": "Fri Nov 21 23:25:06 +0000 2008",
        "favourites_count": 713,
        "utc_offset": null,
        "time_zone": null,
        "geo_enabled": true,
        "verified": true,
        "statuses_count": 109161,
        "lang": null,
        "contributors_enabled": false,
        "is_translator": false,
        "is_translation_enabled": false,
        "profile_background_color": "201F1E",
        "profile_background_image_url": "http://abs.twimg.com/images/themes/theme1/bg.png",
        "profile_background_image_url_https": "https://abs.twimg.com/images/themes/theme1/bg.png",
        "profile_background_tile": false,
        "profile_image_url": "http://pbs.twimg.com/profile_images/674732932745920512/esBu3m8J_normal.png",
        "profile_image_url_https": "https://pbs.twimg.com/profile_images/674732932745920512/esBu3m8J_normal.png",
        "profile_banner_url": "https://pbs.twimg.com/profile_banners/17548474/1568049597",
        "profile_link_color": "ABB8C2",
        "profile_sidebar_border_color": "FFFFFF",
        "profile_sidebar_fill_color": "212121",
        "profile_text_color": "6B6B6B",
        "profile_use_background_image": true,
        "has_extended_profile": false,
        "default_profile": false,
        "default_profile_image": false,
        "following": null,
        "follow_request_sent": null,
        "notifications": null,
        "translator_type": "none"
    },
    "geo": null,
    "coordinates": null,
    "place": null,
    "contributors": null,
    "is_quote_status": false,
    "retweet_count": 2,
    "favorite_count": 1,
    "favorited": false,
    "retweeted": false,
    "possibly_sensitive": false,
    "lang": "en"
}