{
    "created_at": "Tue Mar 10 15:13:18 +0000 2020",
    "id": 1237396117375070208,
    "id_str": "1237396117375070208",
    "text": "RT @wwd: .@Chanel is going greener and shouting louder about its planet-preserving efforts. \ud83d\udd10 https://t.co/RmdmzNtbox",
    "truncated": false,
    "entities": {
        "hashtags": [],
        "symbols": [],
        "user_mentions": [
            {
                "screen_name": "wwd",
                "name": "WWD",
                "id": 19784831,
                "id_str": "19784831",
                "indices": [
                    3,
                    7
                ]
            },
            {
                "screen_name": "CHANEL",
                "name": "CHANEL",
                "id": 326359913,
                "id_str": "326359913",
                "indices": [
                    10,
                    17
                ]
            }
        ],
        "urls": [
            {
                "url": "https://t.co/RmdmzNtbox",
                "expanded_url": "http://bit.ly/2vU3K02",
                "display_url": "bit.ly/2vU3K02",
                "indices": [
                    94,
                    117
                ]
            }
        ]
    },
    "metadata": {
        "iso_language_code": "en",
        "result_type": "recent"
    },
    "source": "<a href=\"http://twitter.com/download/android\" rel=\"nofollow\">Twitter for Android</a>",
    "in_reply_to_status_id": null,
    "in_reply_to_status_id_str": null,
    "in_reply_to_user_id": null,
    "in_reply_to_user_id_str": null,
    "in_reply_to_screen_name": null,
    "user": {
        "id": 1177083525994090498,
        "id_str": "1177083525994090498",
        "name": "Niqui Max",
        "screen_name": "NicoLeCool6",
        "location": "",
        "description": "LITTLE MONSTER  \u26a1 \ud83d\udd47 \ud83d\udd3b  \u2648 \ud83c\udfb7 \ud83d\udc52\n\n      #stupidlove   \u2604\u2607\ud83e\udd84",
        "url": null,
        "entities": {
            "description": {
                "urls": []
            }
        },
        "protected": false,
        "followers_count": 64,
        "friends_count": 594,
        "listed_count": 0,
        "created_at": "Thu Sep 26 04:53:36 +0000 2019",
        "favourites_count": 3338,
        "utc_offset": null,
        "time_zone": null,
        "geo_enabled": false,
        "verified": false,
        "statuses_count": 1119,
        "lang": null,
        "contributors_enabled": false,
        "is_translator": false,
        "is_translation_enabled": false,
        "profile_background_color": "F5F8FA",
        "profile_background_image_url": null,
        "profile_background_image_url_https": null,
        "profile_background_tile": false,
        "profile_image_url": "http://pbs.twimg.com/profile_images/1222681056136044544/4BrpGIcr_normal.jpg",
        "profile_image_url_https": "https://pbs.twimg.com/profile_images/1222681056136044544/4BrpGIcr_normal.jpg",
        "profile_banner_url": "https://pbs.twimg.com/profile_banners/1177083525994090498/1582702207",
        "profile_link_color": "1DA1F2",
        "profile_sidebar_border_color": "C0DEED",
        "profile_sidebar_fill_color": "DDEEF6",
        "profile_text_color": "333333",
        "profile_use_background_image": true,
        "has_extended_profile": true,
        "default_profile": true,
        "default_profile_image": false,
        "following": null,
        "follow_request_sent": null,
        "notifications": null,
        "translator_type": "none"
    },
    "geo": null,
    "coordinates": null,
    "place": null,
    "contributors": null,
    "retweeted_status": {
        "created_at": "Tue Mar 10 14:38:08 +0000 2020",
        "id": 1237387264805797888,
        "id_str": "1237387264805797888",
        "text": ".@Chanel is going greener and shouting louder about its planet-preserving efforts. \ud83d\udd10 https://t.co/RmdmzNtbox",
        "truncated": false,
        "entities": {
            "hashtags": [],
            "symbols": [],
            "user_mentions": [
                {
                    "screen_name": "CHANEL",
                    "name": "CHANEL",
                    "id": 326359913,
                    "id_str": "326359913",
                    "indices": [
                        1,
                        8
                    ]
                }
            ],
            "urls": [
                {
                    "url": "https://t.co/RmdmzNtbox",
                    "expanded_url": "http://bit.ly/2vU3K02",
                    "display_url": "bit.ly/2vU3K02",
                    "indices": [
                        85,
                        108
                    ]
                }
            ]
        },
        "metadata": {
            "iso_language_code": "en",
            "result_type": "recent"
        },
        "source": "<a href=\"http://www.socialflow.com\" rel=\"nofollow\">SocialFlow</a>",
        "in_reply_to_status_id": null,
        "in_reply_to_status_id_str": null,
        "in_reply_to_user_id": null,
        "in_reply_to_user_id_str": null,
        "in_reply_to_screen_name": null,
        "user": {
            "id": 19784831,
            "id_str": "19784831",
            "name": "WWD",
            "screen_name": "wwd",
            "location": "",
            "description": "Fashion. Beauty. Business.",
            "url": "https://t.co/cPXqYW8i1R",
            "entities": {
                "url": {
                    "urls": [
                        {
                            "url": "https://t.co/cPXqYW8i1R",
                            "expanded_url": "http://wwd.com",
                            "display_url": "wwd.com",
                            "indices": [
                                0,
                                23
                            ]
                        }
                    ]
                },
                "description": {
                    "urls": []
                }
            },
            "protected": false,
            "followers_count": 2863990,
            "friends_count": 477,
            "listed_count": 14354,
            "created_at": "Fri Jan 30 19:56:07 +0000 2009",
            "favourites_count": 1747,
            "utc_offset": null,
            "time_zone": null,
            "geo_enabled": true,
            "verified": true,
            "statuses_count": 84000,
            "lang": null,
            "contributors_enabled": false,
            "is_translator": false,
            "is_translation_enabled": false,
            "profile_background_color": "000000",
            "profile_background_image_url": "http://abs.twimg.com/images/themes/theme4/bg.gif",
            "profile_background_image_url_https": "https://abs.twimg.com/images/themes/theme4/bg.gif",
            "profile_background_tile": true,
            "profile_image_url": "http://pbs.twimg.com/profile_images/821473222700974080/-pKeUvf8_normal.jpg",
            "profile_image_url_https": "https://pbs.twimg.com/profile_images/821473222700974080/-pKeUvf8_normal.jpg",
            "profile_banner_url": "https://pbs.twimg.com/profile_banners/19784831/1525973495",
            "profile_link_color": "55C1D4",
            "profile_sidebar_border_color": "FFFFFF",
            "profile_sidebar_fill_color": "000000",
            "profile_text_color": "A3A3A3",
            "profile_use_background_image": false,
            "has_extended_profile": false,
            "default_profile": false,
            "default_profile_image": false,
            "following": null,
            "follow_request_sent": null,
            "notifications": null,
            "translator_type": "none"
        },
        "geo": null,
        "coordinates": null,
        "place": null,
        "contributors": null,
        "is_quote_status": false,
        "retweet_count": 2,
        "favorite_count": 14,
        "favorited": false,
        "retweeted": false,
        "possibly_sensitive": false,
        "lang": "en"
    },
    "is_quote_status": false,
    "retweet_count": 2,
    "favorite_count": 0,
    "favorited": false,
    "retweeted": false,
    "possibly_sensitive": false,
    "lang": "en"
}