{
    "created_at": "Tue Mar 10 14:09:05 +0000 2020",
    "id": 1237379956822302720,
    "id_str": "1237379956822302720",
    "text": "RT @CHANEL: The #CHANELSpringSummer 2020 campaign by Jean-Baptiste Mondino highlights the collection\u2019s lightness. Kristen Stewart encapsula\u2026",
    "truncated": false,
    "entities": {
        "hashtags": [
            {
                "text": "CHANELSpringSummer",
                "indices": [
                    16,
                    35
                ]
            }
        ],
        "symbols": [],
        "user_mentions": [
            {
                "screen_name": "CHANEL",
                "name": "CHANEL",
                "id": 326359913,
                "id_str": "326359913",
                "indices": [
                    3,
                    10
                ]
            }
        ],
        "urls": []
    },
    "metadata": {
        "iso_language_code": "en",
        "result_type": "recent"
    },
    "source": "<a href=\"http://twitter.com/download/iphone\" rel=\"nofollow\">Twitter for iPhone</a>",
    "in_reply_to_status_id": null,
    "in_reply_to_status_id_str": null,
    "in_reply_to_user_id": null,
    "in_reply_to_user_id_str": null,
    "in_reply_to_screen_name": null,
    "user": {
        "id": 191495381,
        "id_str": "191495381",
        "name": "\u3057\u306a",
        "screen_name": "sn048",
        "location": "",
        "description": "\u6210\u4eba\u6e08/\u6d0b\u753b\u3068\u6d77\u5916\u4ff3\u512a/\u30de\u30c3\u30c4\u30df\u30b1\u30eb\u30bb\u30f3\u3068\u30cf\u30f3\u30cb\u30d0\u30eb/\u30bb\u30d0\u30b9\u30c1\u30e3\u30f3\u30b9\u30bf\u30f3\u3068\u30ad\u30e3\u30d7\u30c6\u30f3\u30a2\u30e1\u30ea\u30ab/\u30a2\u30c0\u30e0\u30c9\u30e9\u30a4\u30d0\u30fc\u3068reylo\u306b\u5fd9\u3057\u3044/",
        "url": null,
        "entities": {
            "description": {
                "urls": []
            }
        },
        "protected": false,
        "followers_count": 163,
        "friends_count": 355,
        "listed_count": 1,
        "created_at": "Thu Sep 16 16:04:24 +0000 2010",
        "favourites_count": 32718,
        "utc_offset": null,
        "time_zone": null,
        "geo_enabled": false,
        "verified": false,
        "statuses_count": 53253,
        "lang": null,
        "contributors_enabled": false,
        "is_translator": false,
        "is_translation_enabled": false,
        "profile_background_color": "FF6699",
        "profile_background_image_url": "http://abs.twimg.com/images/themes/theme11/bg.gif",
        "profile_background_image_url_https": "https://abs.twimg.com/images/themes/theme11/bg.gif",
        "profile_background_tile": true,
        "profile_image_url": "http://pbs.twimg.com/profile_images/875491103511691264/Z5o7YjJO_normal.jpg",
        "profile_image_url_https": "https://pbs.twimg.com/profile_images/875491103511691264/Z5o7YjJO_normal.jpg",
        "profile_banner_url": "https://pbs.twimg.com/profile_banners/191495381/1512203784",
        "profile_link_color": "B40B43",
        "profile_sidebar_border_color": "CC3366",
        "profile_sidebar_fill_color": "E5507E",
        "profile_text_color": "362720",
        "profile_use_background_image": true,
        "has_extended_profile": true,
        "default_profile": false,
        "default_profile_image": false,
        "following": null,
        "follow_request_sent": null,
        "notifications": null,
        "translator_type": "none"
    },
    "geo": null,
    "coordinates": null,
    "place": null,
    "contributors": null,
    "retweeted_status": {
        "created_at": "Mon Feb 17 15:31:52 +0000 2020",
        "id": 1229428255930900480,
        "id_str": "1229428255930900480",
        "text": "The #CHANELSpringSummer 2020 campaign by Jean-Baptiste Mondino highlights the collection\u2019s lightness. Kristen Stewa\u2026 https://t.co/9Coz1A4Rth",
        "truncated": true,
        "entities": {
            "hashtags": [
                {
                    "text": "CHANELSpringSummer",
                    "indices": [
                        4,
                        23
                    ]
                }
            ],
            "symbols": [],
            "user_mentions": [],
            "urls": [
                {
                    "url": "https://t.co/9Coz1A4Rth",
                    "expanded_url": "https://twitter.com/i/web/status/1229428255930900480",
                    "display_url": "twitter.com/i/web/status/1\u2026",
                    "indices": [
                        117,
                        140
                    ]
                }
            ]
        },
        "metadata": {
            "iso_language_code": "en",
            "result_type": "recent"
        },
        "source": "<a href=\"https://mobile.twitter.com\" rel=\"nofollow\">Twitter Web App</a>",
        "in_reply_to_status_id": null,
        "in_reply_to_status_id_str": null,
        "in_reply_to_user_id": null,
        "in_reply_to_user_id_str": null,
        "in_reply_to_screen_name": null,
        "user": {
            "id": 326359913,
            "id_str": "326359913",
            "name": "CHANEL",
            "screen_name": "CHANEL",
            "location": "",
            "description": "'CHANEL is above all a style. Fashion passes, style remains.' Gabrielle Chanel",
            "url": "http://t.co/GBdCztEiwL",
            "entities": {
                "url": {
                    "urls": [
                        {
                            "url": "http://t.co/GBdCztEiwL",
                            "expanded_url": "http://www.chanel.com",
                            "display_url": "chanel.com",
                            "indices": [
                                0,
                                22
                            ]
                        }
                    ]
                },
                "description": {
                    "urls": []
                }
            },
            "protected": false,
            "followers_count": 13229486,
            "friends_count": 1,
            "listed_count": 11499,
            "created_at": "Wed Jun 29 19:57:54 +0000 2011",
            "favourites_count": 0,
            "utc_offset": null,
            "time_zone": null,
            "geo_enabled": true,
            "verified": true,
            "statuses_count": 2933,
            "lang": null,
            "contributors_enabled": false,
            "is_translator": false,
            "is_translation_enabled": false,
            "profile_background_color": "000000",
            "profile_background_image_url": "http://abs.twimg.com/images/themes/theme1/bg.png",
            "profile_background_image_url_https": "https://abs.twimg.com/images/themes/theme1/bg.png",
            "profile_background_tile": false,
            "profile_image_url": "http://pbs.twimg.com/profile_images/1154314010252206080/eAG6xnof_normal.jpg",
            "profile_image_url_https": "https://pbs.twimg.com/profile_images/1154314010252206080/eAG6xnof_normal.jpg",
            "profile_banner_url": "https://pbs.twimg.com/profile_banners/326359913/1583760667",
            "profile_link_color": "000000",
            "profile_sidebar_border_color": "000000",
            "profile_sidebar_fill_color": "000000",
            "profile_text_color": "666666",
            "profile_use_background_image": false,
            "has_extended_profile": false,
            "default_profile": false,
            "default_profile_image": false,
            "following": null,
            "follow_request_sent": null,
            "notifications": null,
            "translator_type": "none"
        },
        "geo": null,
        "coordinates": null,
        "place": null,
        "contributors": null,
        "is_quote_status": false,
        "retweet_count": 630,
        "favorite_count": 2438,
        "favorited": false,
        "retweeted": false,
        "possibly_sensitive": false,
        "lang": "en"
    },
    "is_quote_status": false,
    "retweet_count": 630,
    "favorite_count": 0,
    "favorited": false,
    "retweeted": false,
    "lang": "en"
}