{
    "created_at": "Tue Mar 10 09:42:12 +0000 2020",
    "id": 1237312792824287234,
    "id_str": "1237312792824287234",
    "text": "@CHANEL Outstanding \ud83d\udc51",
    "truncated": false,
    "entities": {
        "hashtags": [],
        "symbols": [],
        "user_mentions": [
            {
                "screen_name": "CHANEL",
                "name": "CHANEL",
                "id": 326359913,
                "id_str": "326359913",
                "indices": [
                    0,
                    7
                ]
            }
        ],
        "urls": []
    },
    "metadata": {
        "iso_language_code": "en",
        "result_type": "recent"
    },
    "source": "<a href=\"https://mobile.twitter.com\" rel=\"nofollow\">Twitter Web App</a>",
    "in_reply_to_status_id": 1236954887037972480,
    "in_reply_to_status_id_str": "1236954887037972480",
    "in_reply_to_user_id": 326359913,
    "in_reply_to_user_id_str": "326359913",
    "in_reply_to_screen_name": "CHANEL",
    "user": {
        "id": 2883986482,
        "id_str": "2883986482",
        "name": "Luxury Opinions",
        "screen_name": "LuxuryOpinions",
        "location": "Worldwide",
        "description": "Welcome to the global community of luxury and wealth influencers. ACCESS. KNOWLEDGE. INFLUENCE.",
        "url": "https://t.co/ROCEYzTCkF",
        "entities": {
            "url": {
                "urls": [
                    {
                        "url": "https://t.co/ROCEYzTCkF",
                        "expanded_url": "http://bit.ly/1vFVd84",
                        "display_url": "bit.ly/1vFVd84",
                        "indices": [
                            0,
                            23
                        ]
                    }
                ]
            },
            "description": {
                "urls": []
            }
        },
        "protected": false,
        "followers_count": 272,
        "friends_count": 398,
        "listed_count": 7,
        "created_at": "Wed Nov 19 12:19:27 +0000 2014",
        "favourites_count": 450,
        "utc_offset": null,
        "time_zone": null,
        "geo_enabled": false,
        "verified": false,
        "statuses_count": 823,
        "lang": null,
        "contributors_enabled": false,
        "is_translator": false,
        "is_translation_enabled": false,
        "profile_background_color": "000000",
        "profile_background_image_url": "http://abs.twimg.com/images/themes/theme1/bg.png",
        "profile_background_image_url_https": "https://abs.twimg.com/images/themes/theme1/bg.png",
        "profile_background_tile": false,
        "profile_image_url": "http://pbs.twimg.com/profile_images/543839142556082176/H9Os2x3r_normal.jpeg",
        "profile_image_url_https": "https://pbs.twimg.com/profile_images/543839142556082176/H9Os2x3r_normal.jpeg",
        "profile_banner_url": "https://pbs.twimg.com/profile_banners/2883986482/1546957857",
        "profile_link_color": "000000",
        "profile_sidebar_border_color": "000000",
        "profile_sidebar_fill_color": "000000",
        "profile_text_color": "000000",
        "profile_use_background_image": false,
        "has_extended_profile": false,
        "default_profile": false,
        "default_profile_image": false,
        "following": null,
        "follow_request_sent": null,
        "notifications": null,
        "translator_type": "none"
    },
    "geo": null,
    "coordinates": null,
    "place": null,
    "contributors": null,
    "is_quote_status": false,
    "retweet_count": 0,
    "favorite_count": 0,
    "favorited": false,
    "retweeted": false,
    "lang": "en"
}