{
    "created_at": "Tue Mar 10 13:11:40 +0000 2020",
    "id": 1237365506333716483,
    "id_str": "1237365506333716483",
    "text": "RT @t_lay10: \ud83d\udc4f\ud83d\udc4f\ud83d\udc4f @CHANEL \n#PFW2020 #ParisFashionWeek \n\nhttps://t.co/eeA9BsyPT2",
    "truncated": false,
    "entities": {
        "hashtags": [
            {
                "text": "PFW2020",
                "indices": [
                    26,
                    34
                ]
            },
            {
                "text": "ParisFashionWeek",
                "indices": [
                    35,
                    52
                ]
            }
        ],
        "symbols": [],
        "user_mentions": [
            {
                "screen_name": "t_lay10",
                "name": "Thomas Laydis",
                "id": 231166250,
                "id_str": "231166250",
                "indices": [
                    3,
                    11
                ]
            },
            {
                "screen_name": "CHANEL",
                "name": "CHANEL",
                "id": 326359913,
                "id_str": "326359913",
                "indices": [
                    17,
                    24
                ]
            }
        ],
        "urls": [
            {
                "url": "https://t.co/eeA9BsyPT2",
                "expanded_url": "https://madame.lefigaro.fr/style/chanel-fait-defiler-un-mannequin-de-la-taille-la-plus-portee-par-030320-180192?utm_medium=Social&utm_source=Facebook&fbclid=IwAR22x9X1QznK-i_lSHOmLBW6e7KjZHNTR0AOU_HK2E5ezKf0HYqWV41u3tY#Echobox=1583307112",
                "display_url": "madame.lefigaro.fr/style/chanel-f\u2026",
                "indices": [
                    55,
                    78
                ]
            }
        ]
    },
    "metadata": {
        "iso_language_code": "und",
        "result_type": "recent"
    },
    "source": "<a href=\"https://mobile.twitter.com\" rel=\"nofollow\">Twitter Web App</a>",
    "in_reply_to_status_id": null,
    "in_reply_to_status_id_str": null,
    "in_reply_to_user_id": null,
    "in_reply_to_user_id_str": null,
    "in_reply_to_screen_name": null,
    "user": {
        "id": 191195091,
        "id_str": "191195091",
        "name": "Line Rochard",
        "screen_name": "LineRochard",
        "location": "Paris, France",
        "description": "Digital Strategist at Publicis Consultants \ud83e\udd81",
        "url": null,
        "entities": {
            "description": {
                "urls": []
            }
        },
        "protected": false,
        "followers_count": 228,
        "friends_count": 692,
        "listed_count": 14,
        "created_at": "Wed Sep 15 20:54:24 +0000 2010",
        "favourites_count": 560,
        "utc_offset": null,
        "time_zone": null,
        "geo_enabled": true,
        "verified": false,
        "statuses_count": 628,
        "lang": null,
        "contributors_enabled": false,
        "is_translator": false,
        "is_translation_enabled": false,
        "profile_background_color": "FFFFFF",
        "profile_background_image_url": "http://abs.twimg.com/images/themes/theme1/bg.png",
        "profile_background_image_url_https": "https://abs.twimg.com/images/themes/theme1/bg.png",
        "profile_background_tile": true,
        "profile_image_url": "http://pbs.twimg.com/profile_images/1141265666235883520/KnlZhiCn_normal.jpg",
        "profile_image_url_https": "https://pbs.twimg.com/profile_images/1141265666235883520/KnlZhiCn_normal.jpg",
        "profile_banner_url": "https://pbs.twimg.com/profile_banners/191195091/1394637358",
        "profile_link_color": "E81C4F",
        "profile_sidebar_border_color": "BABAB2",
        "profile_sidebar_fill_color": "BABAB2",
        "profile_text_color": "2891E2",
        "profile_use_background_image": true,
        "has_extended_profile": false,
        "default_profile": false,
        "default_profile_image": false,
        "following": null,
        "follow_request_sent": null,
        "notifications": null,
        "translator_type": "none"
    },
    "geo": null,
    "coordinates": null,
    "place": null,
    "contributors": null,
    "retweeted_status": {
        "created_at": "Thu Mar 05 14:21:13 +0000 2020",
        "id": 1235571068200349702,
        "id_str": "1235571068200349702",
        "text": "\ud83d\udc4f\ud83d\udc4f\ud83d\udc4f @CHANEL \n#PFW2020 #ParisFashionWeek \n\nhttps://t.co/eeA9BsyPT2",
        "truncated": false,
        "entities": {
            "hashtags": [
                {
                    "text": "PFW2020",
                    "indices": [
                        13,
                        21
                    ]
                },
                {
                    "text": "ParisFashionWeek",
                    "indices": [
                        22,
                        39
                    ]
                }
            ],
            "symbols": [],
            "user_mentions": [
                {
                    "screen_name": "CHANEL",
                    "name": "CHANEL",
                    "id": 326359913,
                    "id_str": "326359913",
                    "indices": [
                        4,
                        11
                    ]
                }
            ],
            "urls": [
                {
                    "url": "https://t.co/eeA9BsyPT2",
                    "expanded_url": "https://madame.lefigaro.fr/style/chanel-fait-defiler-un-mannequin-de-la-taille-la-plus-portee-par-030320-180192?utm_medium=Social&utm_source=Facebook&fbclid=IwAR22x9X1QznK-i_lSHOmLBW6e7KjZHNTR0AOU_HK2E5ezKf0HYqWV41u3tY#Echobox=1583307112",
                    "display_url": "madame.lefigaro.fr/style/chanel-f\u2026",
                    "indices": [
                        42,
                        65
                    ]
                }
            ]
        },
        "metadata": {
            "iso_language_code": "und",
            "result_type": "recent"
        },
        "source": "<a href=\"https://mobile.twitter.com\" rel=\"nofollow\">Twitter Web App</a>",
        "in_reply_to_status_id": null,
        "in_reply_to_status_id_str": null,
        "in_reply_to_user_id": null,
        "in_reply_to_user_id_str": null,
        "in_reply_to_screen_name": null,
        "user": {
            "id": 231166250,
            "id_str": "231166250",
            "name": "Thomas Laydis",
            "screen_name": "t_lay10",
            "location": "France",
            "description": "\ud83d\udcbb Head of #SocialMedia #Influence @EDFofficiel \u26a1 | #Energie #corporate #sport #eSports | \ud83c\udf47@rocdecalon | \ud83d\udc5f #TrailRunning | \u26bd\ufe0f @girondins | Opinions are my own",
            "url": "https://t.co/uD8kQemXY2",
            "entities": {
                "url": {
                    "urls": [
                        {
                            "url": "https://t.co/uD8kQemXY2",
                            "expanded_url": "http://fr.linkedin.com/in/thomaslaydis/",
                            "display_url": "fr.linkedin.com/in/thomaslaydi\u2026",
                            "indices": [
                                0,
                                23
                            ]
                        }
                    ]
                },
                "description": {
                    "urls": []
                }
            },
            "protected": false,
            "followers_count": 815,
            "friends_count": 1795,
            "listed_count": 78,
            "created_at": "Mon Dec 27 19:50:59 +0000 2010",
            "favourites_count": 12077,
            "utc_offset": null,
            "time_zone": null,
            "geo_enabled": true,
            "verified": false,
            "statuses_count": 6547,
            "lang": null,
            "contributors_enabled": false,
            "is_translator": false,
            "is_translation_enabled": false,
            "profile_background_color": "022330",
            "profile_background_image_url": "http://abs.twimg.com/images/themes/theme15/bg.png",
            "profile_background_image_url_https": "https://abs.twimg.com/images/themes/theme15/bg.png",
            "profile_background_tile": false,
            "profile_image_url": "http://pbs.twimg.com/profile_images/672018784056668160/B5-_Blup_normal.jpg",
            "profile_image_url_https": "https://pbs.twimg.com/profile_images/672018784056668160/B5-_Blup_normal.jpg",
            "profile_banner_url": "https://pbs.twimg.com/profile_banners/231166250/1531741969",
            "profile_link_color": "0084B4",
            "profile_sidebar_border_color": "FFFFFF",
            "profile_sidebar_fill_color": "C0DFEC",
            "profile_text_color": "333333",
            "profile_use_background_image": true,
            "has_extended_profile": true,
            "default_profile": false,
            "default_profile_image": false,
            "following": null,
            "follow_request_sent": null,
            "notifications": null,
            "translator_type": "none"
        },
        "geo": null,
        "coordinates": null,
        "place": null,
        "contributors": null,
        "is_quote_status": false,
        "retweet_count": 1,
        "favorite_count": 2,
        "favorited": false,
        "retweeted": false,
        "possibly_sensitive": false,
        "lang": "und"
    },
    "is_quote_status": false,
    "retweet_count": 1,
    "favorite_count": 0,
    "favorited": false,
    "retweeted": false,
    "possibly_sensitive": false,
    "lang": "und"
}