{
    "created_at": "Tue Mar 10 12:00:35 +0000 2020",
    "id": 1237347616091848704,
    "id_str": "1237347616091848704",
    "text": "@CHANEL cute\ud83d\udc97",
    "truncated": false,
    "entities": {
        "hashtags": [],
        "symbols": [],
        "user_mentions": [
            {
                "screen_name": "CHANEL",
                "name": "CHANEL",
                "id": 326359913,
                "id_str": "326359913",
                "indices": [
                    0,
                    7
                ]
            }
        ],
        "urls": []
    },
    "metadata": {
        "iso_language_code": "en",
        "result_type": "recent"
    },
    "source": "<a href=\"http://twitter.com/download/android\" rel=\"nofollow\">Twitter for Android</a>",
    "in_reply_to_status_id": 1236954887037972480,
    "in_reply_to_status_id_str": "1236954887037972480",
    "in_reply_to_user_id": 326359913,
    "in_reply_to_user_id_str": "326359913",
    "in_reply_to_screen_name": "CHANEL",
    "user": {
        "id": 1217036403894190080,
        "id_str": "1217036403894190080",
        "name": "nonko",
        "screen_name": "noa2007VIP",
        "location": "",
        "description": "please  follow me",
        "url": null,
        "entities": {
            "description": {
                "urls": []
            }
        },
        "protected": false,
        "followers_count": 10,
        "friends_count": 20,
        "listed_count": 0,
        "created_at": "Tue Jan 14 10:52:00 +0000 2020",
        "favourites_count": 20,
        "utc_offset": null,
        "time_zone": null,
        "geo_enabled": false,
        "verified": false,
        "statuses_count": 2,
        "lang": null,
        "contributors_enabled": false,
        "is_translator": false,
        "is_translation_enabled": false,
        "profile_background_color": "F5F8FA",
        "profile_background_image_url": null,
        "profile_background_image_url_https": null,
        "profile_background_tile": false,
        "profile_image_url": "http://pbs.twimg.com/profile_images/1237399889069277187/mMO4JGx6_normal.jpg",
        "profile_image_url_https": "https://pbs.twimg.com/profile_images/1237399889069277187/mMO4JGx6_normal.jpg",
        "profile_banner_url": "https://pbs.twimg.com/profile_banners/1217036403894190080/1583854097",
        "profile_link_color": "1DA1F2",
        "profile_sidebar_border_color": "C0DEED",
        "profile_sidebar_fill_color": "DDEEF6",
        "profile_text_color": "333333",
        "profile_use_background_image": true,
        "has_extended_profile": false,
        "default_profile": true,
        "default_profile_image": false,
        "following": null,
        "follow_request_sent": null,
        "notifications": null,
        "translator_type": "none"
    },
    "geo": null,
    "coordinates": null,
    "place": null,
    "contributors": null,
    "is_quote_status": false,
    "retweet_count": 0,
    "favorite_count": 0,
    "favorited": false,
    "retweeted": false,
    "lang": "en"
}