{
    "created_at": "Tue Mar 10 09:12:36 +0000 2020",
    "id": 1237305342519738368,
    "id_str": "1237305342519738368",
    "text": ".@CHANEL #olderelegantrichewomen\n\nRich\u00e9 in estate antiquit\u00e9. Perpetuity.",
    "truncated": false,
    "entities": {
        "hashtags": [
            {
                "text": "olderelegantrichewomen",
                "indices": [
                    9,
                    32
                ]
            }
        ],
        "symbols": [],
        "user_mentions": [
            {
                "screen_name": "CHANEL",
                "name": "CHANEL",
                "id": 326359913,
                "id_str": "326359913",
                "indices": [
                    1,
                    8
                ]
            }
        ],
        "urls": []
    },
    "metadata": {
        "iso_language_code": "fr",
        "result_type": "recent"
    },
    "source": "<a href=\"https://mobile.twitter.com\" rel=\"nofollow\">Twitter Web App</a>",
    "in_reply_to_status_id": null,
    "in_reply_to_status_id_str": null,
    "in_reply_to_user_id": null,
    "in_reply_to_user_id_str": null,
    "in_reply_to_screen_name": null,
    "user": {
        "id": 944871169332690949,
        "id_str": "944871169332690949",
        "name": "Joshua Sparks \ud83c\uddeb\ud83c\uddf7\ud83c\uddfa\ud83c\uddf8\ud83c\uddf8\ud83c\uddec\ud83c\uddef\ud83c\uddf5\ud83c\udde8\ud83c\uddf3\ud83c\uddee\ud83c\uddf9",
        "screen_name": "nullzhello9",
        "location": " by Jesus\u2019 side. \ud83c\uddf8\ud83c\uddec",
        "description": "Psychic \ud83d\udd2e. Fairy \ud83e\uddda\ud83c\udffb\u200d\u2642\ufe0f\n[Family Man, Pop Star\naspiring:Ice Figure Skater,Party Circuit Regular]",
        "url": null,
        "entities": {
            "description": {
                "urls": []
            }
        },
        "protected": false,
        "followers_count": 7,
        "friends_count": 39,
        "listed_count": 0,
        "created_at": "Sun Dec 24 10:03:36 +0000 2017",
        "favourites_count": 298,
        "utc_offset": null,
        "time_zone": null,
        "geo_enabled": false,
        "verified": false,
        "statuses_count": 746,
        "lang": null,
        "contributors_enabled": false,
        "is_translator": false,
        "is_translation_enabled": false,
        "profile_background_color": "F5F8FA",
        "profile_background_image_url": null,
        "profile_background_image_url_https": null,
        "profile_background_tile": false,
        "profile_image_url": "http://pbs.twimg.com/profile_images/1096395169937518593/8mAIKvwu_normal.jpg",
        "profile_image_url_https": "https://pbs.twimg.com/profile_images/1096395169937518593/8mAIKvwu_normal.jpg",
        "profile_banner_url": "https://pbs.twimg.com/profile_banners/944871169332690949/1518521416",
        "profile_link_color": "1DA1F2",
        "profile_sidebar_border_color": "C0DEED",
        "profile_sidebar_fill_color": "DDEEF6",
        "profile_text_color": "333333",
        "profile_use_background_image": true,
        "has_extended_profile": false,
        "default_profile": true,
        "default_profile_image": false,
        "following": null,
        "follow_request_sent": null,
        "notifications": null,
        "translator_type": "none"
    },
    "geo": null,
    "coordinates": null,
    "place": null,
    "contributors": null,
    "is_quote_status": false,
    "retweet_count": 0,
    "favorite_count": 0,
    "favorited": false,
    "retweeted": false,
    "lang": "fr"
}