{
    "created_at": "Tue Mar 10 09:05:29 +0000 2020",
    "id": 1237303553137479680,
    "id_str": "1237303553137479680",
    "text": "A live streaming of the @CHANEL  FW 20/21 Collection last week showed a simple &amp; gorgeous set in the Grand Palais,\u2026 https://t.co/nHsd1YlUP2",
    "truncated": true,
    "entities": {
        "hashtags": [],
        "symbols": [],
        "user_mentions": [
            {
                "screen_name": "CHANEL",
                "name": "CHANEL",
                "id": 326359913,
                "id_str": "326359913",
                "indices": [
                    24,
                    31
                ]
            }
        ],
        "urls": [
            {
                "url": "https://t.co/nHsd1YlUP2",
                "expanded_url": "https://twitter.com/i/web/status/1237303553137479680",
                "display_url": "twitter.com/i/web/status/1\u2026",
                "indices": [
                    120,
                    143
                ]
            }
        ]
    },
    "metadata": {
        "iso_language_code": "en",
        "result_type": "recent"
    },
    "source": "<a href=\"https://www.hootsuite.com\" rel=\"nofollow\">Hootsuite Inc.</a>",
    "in_reply_to_status_id": null,
    "in_reply_to_status_id_str": null,
    "in_reply_to_user_id": null,
    "in_reply_to_user_id_str": null,
    "in_reply_to_screen_name": null,
    "user": {
        "id": 216847230,
        "id_str": "216847230",
        "name": "Lisa Steward",
        "screen_name": "ZerofiveLtd",
        "location": "Leicester",
        "description": "Creative freelance artworker based in Leicester.\r\nGSOH, likes good coffee, biscuits, laughter, fresh air, bubbles and rugby",
        "url": "http://t.co/5JN0bHYWDm",
        "entities": {
            "url": {
                "urls": [
                    {
                        "url": "http://t.co/5JN0bHYWDm",
                        "expanded_url": "http://www.zero-five.co.uk/blog",
                        "display_url": "zero-five.co.uk/blog",
                        "indices": [
                            0,
                            22
                        ]
                    }
                ]
            },
            "description": {
                "urls": []
            }
        },
        "protected": false,
        "followers_count": 172,
        "friends_count": 461,
        "listed_count": 3,
        "created_at": "Wed Nov 17 21:53:03 +0000 2010",
        "favourites_count": 151,
        "utc_offset": null,
        "time_zone": null,
        "geo_enabled": true,
        "verified": false,
        "statuses_count": 1514,
        "lang": null,
        "contributors_enabled": false,
        "is_translator": false,
        "is_translation_enabled": false,
        "profile_background_color": "FFFFFF",
        "profile_background_image_url": "http://abs.twimg.com/images/themes/theme1/bg.png",
        "profile_background_image_url_https": "https://abs.twimg.com/images/themes/theme1/bg.png",
        "profile_background_tile": false,
        "profile_image_url": "http://pbs.twimg.com/profile_images/1822170369/32f01e5_normal.jpg",
        "profile_image_url_https": "https://pbs.twimg.com/profile_images/1822170369/32f01e5_normal.jpg",
        "profile_banner_url": "https://pbs.twimg.com/profile_banners/216847230/1398703324",
        "profile_link_color": "0084B4",
        "profile_sidebar_border_color": "C0DEED",
        "profile_sidebar_fill_color": "DDEEF6",
        "profile_text_color": "333333",
        "profile_use_background_image": true,
        "has_extended_profile": false,
        "default_profile": false,
        "default_profile_image": false,
        "following": null,
        "follow_request_sent": null,
        "notifications": null,
        "translator_type": "none"
    },
    "geo": null,
    "coordinates": null,
    "place": null,
    "contributors": null,
    "is_quote_status": false,
    "retweet_count": 0,
    "favorite_count": 0,
    "favorited": false,
    "retweeted": false,
    "possibly_sensitive": false,
    "lang": "en"
}