{
    "created_at": "Tue Mar 10 13:43:17 +0000 2020",
    "id": 1237373462852718592,
    "id_str": "1237373462852718592",
    "text": "RT @CHANEL: \u6620\u753b\u306e\u30d2\u30ed\u30a4\u30f3\u3092\u60f3\u8d77\u3055\u305b\u308b2020\u5e74\u6625\u590f \u30b3\u30ec\u30af\u30b7\u30e7\u30f3\u306e\u30ad\u30e3\u30f3\u30da\u30fc\u30f3\u3002\u518d\u89e3\u91c8\u3055\u308c\u305f\u30e2\u30c0\u30f3\u306a\u30b3\u30fc\u30c9\u304c\u53d6\u308a\u5165\u308c\u3089\u308c\u3066\u3044\u307e\u3059\u3002\n\n\u30b3\u30ec\u30af\u30b7\u30e7\u30f3\u306f3\u6708\u4e0b\u65ec\u3088\u308a\u5168\u56fd\u306e\u30b7\u30e3\u30cd\u30eb \u30d6\u30c6\u30a3\u30c3\u30af\u3067\u3054\u7d39\u4ecb\u3044\u305f\u3057\u307e\u3059\u3002\n#CHANELSpringSummer",
    "truncated": false,
    "entities": {
        "hashtags": [
            {
                "text": "CHANELSpringSummer",
                "indices": [
                    111,
                    130
                ]
            }
        ],
        "symbols": [],
        "user_mentions": [
            {
                "screen_name": "CHANEL",
                "name": "CHANEL",
                "id": 326359913,
                "id_str": "326359913",
                "indices": [
                    3,
                    10
                ]
            }
        ],
        "urls": []
    },
    "metadata": {
        "iso_language_code": "ja",
        "result_type": "recent"
    },
    "source": "<a href=\"http://twitter.com/download/iphone\" rel=\"nofollow\">Twitter for iPhone</a>",
    "in_reply_to_status_id": null,
    "in_reply_to_status_id_str": null,
    "in_reply_to_user_id": null,
    "in_reply_to_user_id_str": null,
    "in_reply_to_screen_name": null,
    "user": {
        "id": 600978663,
        "id_str": "600978663",
        "name": "\ud83d\udfe7L\u30fbO\u30fbV\ud83d\udfe9",
        "screen_name": "rinki_kuro",
        "location": "\u5fc3\u306f\u3044\u3064\u3067\u3082\u30d5\u30a1\u30c3\u30b7\u30e7\u30ca\u30d6\u30eb\u30a4\u30fc\u30b9\u30bf\u30fc",
        "description": "(\u308d\u3076\u3068\u7533\u3057\u307e\u3059)20\u2191\u26a0\ufe0f\u3054\u3061\u3083\u307e\u305c\u57a2\u26a0\ufe0f\u8150\u5973\u5b50\u6ce8\u610f\u5831\u26a0\ufe0f\u304a\u5225\u308c\u306f\u30d6\u30ed\u30c3\u30afor\u30d6\u30ed\u30c3\u30af\u304b\u3089\u306e\u89e3\u9664\u3067\u26a0\ufe0f\u30cd\u30bf\u30d0\u30ec\u3064\u3076\u3084\u304d\u307e\u3059\u306e\u3067\u3054\u6ce8\u610f\u26a0\ufe0fFGO/Disney/DC/\u305d\u306e\u4ed6\u3082\u308d\u3082\u308d \u30de\u30a4\u30ad\u30e3\u30e9\u2192 https://t.co/zvTx9gKTsf",
        "url": null,
        "entities": {
            "description": {
                "urls": [
                    {
                        "url": "https://t.co/zvTx9gKTsf",
                        "expanded_url": "https://twitter.com/rinki_kuro/status/1150450631640879104?s=12",
                        "display_url": "twitter.com/rinki_kuro/sta\u2026",
                        "indices": [
                            98,
                            121
                        ]
                    }
                ]
            }
        },
        "protected": false,
        "followers_count": 137,
        "friends_count": 174,
        "listed_count": 5,
        "created_at": "Wed Jun 06 11:34:09 +0000 2012",
        "favourites_count": 19937,
        "utc_offset": null,
        "time_zone": null,
        "geo_enabled": false,
        "verified": false,
        "statuses_count": 100438,
        "lang": null,
        "contributors_enabled": false,
        "is_translator": false,
        "is_translation_enabled": false,
        "profile_background_color": "C0DEED",
        "profile_background_image_url": "http://abs.twimg.com/images/themes/theme1/bg.png",
        "profile_background_image_url_https": "https://abs.twimg.com/images/themes/theme1/bg.png",
        "profile_background_tile": false,
        "profile_image_url": "http://pbs.twimg.com/profile_images/1236152644122464256/gblg3XSH_normal.jpg",
        "profile_image_url_https": "https://pbs.twimg.com/profile_images/1236152644122464256/gblg3XSH_normal.jpg",
        "profile_banner_url": "https://pbs.twimg.com/profile_banners/600978663/1534065001",
        "profile_link_color": "1DA1F2",
        "profile_sidebar_border_color": "C0DEED",
        "profile_sidebar_fill_color": "DDEEF6",
        "profile_text_color": "333333",
        "profile_use_background_image": true,
        "has_extended_profile": true,
        "default_profile": true,
        "default_profile_image": false,
        "following": null,
        "follow_request_sent": null,
        "notifications": null,
        "translator_type": "none"
    },
    "geo": null,
    "coordinates": null,
    "place": null,
    "contributors": null,
    "retweeted_status": {
        "created_at": "Tue Feb 18 06:27:36 +0000 2020",
        "id": 1229653674495885313,
        "id_str": "1229653674495885313",
        "text": "\u6620\u753b\u306e\u30d2\u30ed\u30a4\u30f3\u3092\u60f3\u8d77\u3055\u305b\u308b2020\u5e74\u6625\u590f \u30b3\u30ec\u30af\u30b7\u30e7\u30f3\u306e\u30ad\u30e3\u30f3\u30da\u30fc\u30f3\u3002\u518d\u89e3\u91c8\u3055\u308c\u305f\u30e2\u30c0\u30f3\u306a\u30b3\u30fc\u30c9\u304c\u53d6\u308a\u5165\u308c\u3089\u308c\u3066\u3044\u307e\u3059\u3002\n\n\u30b3\u30ec\u30af\u30b7\u30e7\u30f3\u306f3\u6708\u4e0b\u65ec\u3088\u308a\u5168\u56fd\u306e\u30b7\u30e3\u30cd\u30eb \u30d6\u30c6\u30a3\u30c3\u30af\u3067\u3054\u7d39\u4ecb\u3044\u305f\u3057\u307e\u3059\u3002\n#CHANELSpringSummer",
        "truncated": false,
        "entities": {
            "hashtags": [
                {
                    "text": "CHANELSpringSummer",
                    "indices": [
                        99,
                        118
                    ]
                }
            ],
            "symbols": [],
            "user_mentions": [],
            "urls": []
        },
        "metadata": {
            "iso_language_code": "ja",
            "result_type": "recent"
        },
        "source": "<a href=\"https://ads-api.twitter.com\" rel=\"nofollow\">Twitter for Advertisers</a>",
        "in_reply_to_status_id": null,
        "in_reply_to_status_id_str": null,
        "in_reply_to_user_id": null,
        "in_reply_to_user_id_str": null,
        "in_reply_to_screen_name": null,
        "user": {
            "id": 326359913,
            "id_str": "326359913",
            "name": "CHANEL",
            "screen_name": "CHANEL",
            "location": "",
            "description": "'CHANEL is above all a style. Fashion passes, style remains.' Gabrielle Chanel",
            "url": "http://t.co/GBdCztEiwL",
            "entities": {
                "url": {
                    "urls": [
                        {
                            "url": "http://t.co/GBdCztEiwL",
                            "expanded_url": "http://www.chanel.com",
                            "display_url": "chanel.com",
                            "indices": [
                                0,
                                22
                            ]
                        }
                    ]
                },
                "description": {
                    "urls": []
                }
            },
            "protected": false,
            "followers_count": 13229486,
            "friends_count": 1,
            "listed_count": 11499,
            "created_at": "Wed Jun 29 19:57:54 +0000 2011",
            "favourites_count": 0,
            "utc_offset": null,
            "time_zone": null,
            "geo_enabled": true,
            "verified": true,
            "statuses_count": 2933,
            "lang": null,
            "contributors_enabled": false,
            "is_translator": false,
            "is_translation_enabled": false,
            "profile_background_color": "000000",
            "profile_background_image_url": "http://abs.twimg.com/images/themes/theme1/bg.png",
            "profile_background_image_url_https": "https://abs.twimg.com/images/themes/theme1/bg.png",
            "profile_background_tile": false,
            "profile_image_url": "http://pbs.twimg.com/profile_images/1154314010252206080/eAG6xnof_normal.jpg",
            "profile_image_url_https": "https://pbs.twimg.com/profile_images/1154314010252206080/eAG6xnof_normal.jpg",
            "profile_banner_url": "https://pbs.twimg.com/profile_banners/326359913/1583760667",
            "profile_link_color": "000000",
            "profile_sidebar_border_color": "000000",
            "profile_sidebar_fill_color": "000000",
            "profile_text_color": "666666",
            "profile_use_background_image": false,
            "has_extended_profile": false,
            "default_profile": false,
            "default_profile_image": false,
            "following": null,
            "follow_request_sent": null,
            "notifications": null,
            "translator_type": "none"
        },
        "geo": null,
        "coordinates": null,
        "place": null,
        "contributors": null,
        "is_quote_status": false,
        "retweet_count": 120,
        "favorite_count": 1022,
        "favorited": false,
        "retweeted": false,
        "scopes": {
            "followers": false
        },
        "lang": "ja"
    },
    "is_quote_status": false,
    "retweet_count": 120,
    "favorite_count": 0,
    "favorited": false,
    "retweeted": false,
    "lang": "ja"
}