{
    "created_at": "Tue Mar 10 05:03:15 +0000 2020",
    "id": 1237242591793385473,
    "id_str": "1237242591793385473",
    "text": "RT @CHANEL: \u6620\u753b\u306e\u30d2\u30ed\u30a4\u30f3\u3092\u60f3\u8d77\u3055\u305b\u308b2020\u5e74\u6625\u590f \u30b3\u30ec\u30af\u30b7\u30e7\u30f3\u306e\u30ad\u30e3\u30f3\u30da\u30fc\u30f3\u3002\u518d\u89e3\u91c8\u3055\u308c\u305f\u30e2\u30c0\u30f3\u306a\u30b3\u30fc\u30c9\u304c\u53d6\u308a\u5165\u308c\u3089\u308c\u3066\u3044\u307e\u3059\u3002\n\n\u30b3\u30ec\u30af\u30b7\u30e7\u30f3\u306f3\u6708\u4e0b\u65ec\u3088\u308a\u5168\u56fd\u306e\u30b7\u30e3\u30cd\u30eb \u30d6\u30c6\u30a3\u30c3\u30af\u3067\u3054\u7d39\u4ecb\u3044\u305f\u3057\u307e\u3059\u3002\n#CHANELSpringSummer",
    "truncated": false,
    "entities": {
        "hashtags": [
            {
                "text": "CHANELSpringSummer",
                "indices": [
                    111,
                    130
                ]
            }
        ],
        "symbols": [],
        "user_mentions": [
            {
                "screen_name": "CHANEL",
                "name": "CHANEL",
                "id": 326359913,
                "id_str": "326359913",
                "indices": [
                    3,
                    10
                ]
            }
        ],
        "urls": []
    },
    "metadata": {
        "iso_language_code": "ja",
        "result_type": "recent"
    },
    "source": "<a href=\"https://mobile.twitter.com\" rel=\"nofollow\">Twitter Web App</a>",
    "in_reply_to_status_id": null,
    "in_reply_to_status_id_str": null,
    "in_reply_to_user_id": null,
    "in_reply_to_user_id_str": null,
    "in_reply_to_screen_name": null,
    "user": {
        "id": 1055363458709938176,
        "id_str": "1055363458709938176",
        "name": "\u30af\u30af",
        "screen_name": "A7sWEs45EXspH7a",
        "location": "",
        "description": "\ud83c\udf37\u52b4\u529b\u3092 \u6700\u5c0f\u9650\u306b\u3057\u306a\u304c\u3089\n\u8c4a\u304b\u306b\u751f\u6d3b\u3092\u9001\u308b \u3053\u3068\u304c \u30e2\u30c3\u30c8\u30fc\u3067\u3059\uff01 \u30ad\u30c3\u30d1\u30ea(\uffe3\u2200\uffe3)\n\n\u6c17\u5206\u3067 \u3075\u3089\u3075\u3089 \u898b\u3066\u6b69\u304d \u307e\u3059\n\u6700\u8fd1\u306f\u8ffd\u3044\u3064\u3051\u306a\u3044\u3053\u3068\u304c\u591a\u304f\u3066\u3000\u5909\u306aRT\u3057\u3066\u305f\u3089\u3054\u5bb9\u8d66\u3092\n\u305d\u308c\u304b\u3089\u3000\u79c1\u306e\u767a\u8a00\u306f\u305f\u3060\u545f\u3044\u3066\u3044\u308b\u3060\u3051\u306a\u306e\u3067\u6c17\u306b\u3057\u306a\u3044\u3067\u304f\u3060\u3055\u3044\ud83c\udf39\u3000\u8208\u5473\u306f\u6301\u305f\u306a\u304f\u3066\u826f\u3044\u3067\u3059\u3088\u301c",
        "url": null,
        "entities": {
            "description": {
                "urls": []
            }
        },
        "protected": false,
        "followers_count": 589,
        "friends_count": 518,
        "listed_count": 8,
        "created_at": "Thu Oct 25 07:40:31 +0000 2018",
        "favourites_count": 73704,
        "utc_offset": null,
        "time_zone": null,
        "geo_enabled": false,
        "verified": false,
        "statuses_count": 67893,
        "lang": null,
        "contributors_enabled": false,
        "is_translator": false,
        "is_translation_enabled": false,
        "profile_background_color": "F5F8FA",
        "profile_background_image_url": null,
        "profile_background_image_url_https": null,
        "profile_background_tile": false,
        "profile_image_url": "http://pbs.twimg.com/profile_images/1055372776788226048/wyKPbp31_normal.jpg",
        "profile_image_url_https": "https://pbs.twimg.com/profile_images/1055372776788226048/wyKPbp31_normal.jpg",
        "profile_banner_url": "https://pbs.twimg.com/profile_banners/1055363458709938176/1549287132",
        "profile_link_color": "1DA1F2",
        "profile_sidebar_border_color": "C0DEED",
        "profile_sidebar_fill_color": "DDEEF6",
        "profile_text_color": "333333",
        "profile_use_background_image": true,
        "has_extended_profile": false,
        "default_profile": true,
        "default_profile_image": false,
        "following": null,
        "follow_request_sent": null,
        "notifications": null,
        "translator_type": "none"
    },
    "geo": null,
    "coordinates": null,
    "place": null,
    "contributors": null,
    "retweeted_status": {
        "created_at": "Tue Feb 18 06:27:48 +0000 2020",
        "id": 1229653723539857409,
        "id_str": "1229653723539857409",
        "text": "\u6620\u753b\u306e\u30d2\u30ed\u30a4\u30f3\u3092\u60f3\u8d77\u3055\u305b\u308b2020\u5e74\u6625\u590f \u30b3\u30ec\u30af\u30b7\u30e7\u30f3\u306e\u30ad\u30e3\u30f3\u30da\u30fc\u30f3\u3002\u518d\u89e3\u91c8\u3055\u308c\u305f\u30e2\u30c0\u30f3\u306a\u30b3\u30fc\u30c9\u304c\u53d6\u308a\u5165\u308c\u3089\u308c\u3066\u3044\u307e\u3059\u3002\n\n\u30b3\u30ec\u30af\u30b7\u30e7\u30f3\u306f3\u6708\u4e0b\u65ec\u3088\u308a\u5168\u56fd\u306e\u30b7\u30e3\u30cd\u30eb \u30d6\u30c6\u30a3\u30c3\u30af\u3067\u3054\u7d39\u4ecb\u3044\u305f\u3057\u307e\u3059\u3002\n#CHANELSpringSummer",
        "truncated": false,
        "entities": {
            "hashtags": [
                {
                    "text": "CHANELSpringSummer",
                    "indices": [
                        99,
                        118
                    ]
                }
            ],
            "symbols": [],
            "user_mentions": [],
            "urls": []
        },
        "metadata": {
            "iso_language_code": "ja",
            "result_type": "recent"
        },
        "source": "<a href=\"https://ads-api.twitter.com\" rel=\"nofollow\">Twitter for Advertisers</a>",
        "in_reply_to_status_id": null,
        "in_reply_to_status_id_str": null,
        "in_reply_to_user_id": null,
        "in_reply_to_user_id_str": null,
        "in_reply_to_screen_name": null,
        "user": {
            "id": 326359913,
            "id_str": "326359913",
            "name": "CHANEL",
            "screen_name": "CHANEL",
            "location": "",
            "description": "'CHANEL is above all a style. Fashion passes, style remains.' Gabrielle Chanel",
            "url": "http://t.co/GBdCztEiwL",
            "entities": {
                "url": {
                    "urls": [
                        {
                            "url": "http://t.co/GBdCztEiwL",
                            "expanded_url": "http://www.chanel.com",
                            "display_url": "chanel.com",
                            "indices": [
                                0,
                                22
                            ]
                        }
                    ]
                },
                "description": {
                    "urls": []
                }
            },
            "protected": false,
            "followers_count": 13229486,
            "friends_count": 1,
            "listed_count": 11499,
            "created_at": "Wed Jun 29 19:57:54 +0000 2011",
            "favourites_count": 0,
            "utc_offset": null,
            "time_zone": null,
            "geo_enabled": true,
            "verified": true,
            "statuses_count": 2933,
            "lang": null,
            "contributors_enabled": false,
            "is_translator": false,
            "is_translation_enabled": false,
            "profile_background_color": "000000",
            "profile_background_image_url": "http://abs.twimg.com/images/themes/theme1/bg.png",
            "profile_background_image_url_https": "https://abs.twimg.com/images/themes/theme1/bg.png",
            "profile_background_tile": false,
            "profile_image_url": "http://pbs.twimg.com/profile_images/1154314010252206080/eAG6xnof_normal.jpg",
            "profile_image_url_https": "https://pbs.twimg.com/profile_images/1154314010252206080/eAG6xnof_normal.jpg",
            "profile_banner_url": "https://pbs.twimg.com/profile_banners/326359913/1583760667",
            "profile_link_color": "000000",
            "profile_sidebar_border_color": "000000",
            "profile_sidebar_fill_color": "000000",
            "profile_text_color": "666666",
            "profile_use_background_image": false,
            "has_extended_profile": false,
            "default_profile": false,
            "default_profile_image": false,
            "following": null,
            "follow_request_sent": null,
            "notifications": null,
            "translator_type": "none"
        },
        "geo": null,
        "coordinates": null,
        "place": null,
        "contributors": null,
        "is_quote_status": false,
        "retweet_count": 54,
        "favorite_count": 401,
        "favorited": false,
        "retweeted": false,
        "scopes": {
            "followers": false
        },
        "lang": "ja"
    },
    "is_quote_status": false,
    "retweet_count": 54,
    "favorite_count": 0,
    "favorited": false,
    "retweeted": false,
    "lang": "ja"
}