{
    "created_at": "Tue Mar 10 11:54:34 +0000 2020",
    "id": 1237346102791163904,
    "id_str": "1237346102791163904",
    "text": "RT @CHANEL: HISTORY OF A CRUSH\nCOCO CRUSH\u2014a collection of curvaceous pieces that borrows its quilted motif from the equestrian world\u2014has be\u2026",
    "truncated": false,
    "entities": {
        "hashtags": [],
        "symbols": [],
        "user_mentions": [
            {
                "screen_name": "CHANEL",
                "name": "CHANEL",
                "id": 326359913,
                "id_str": "326359913",
                "indices": [
                    3,
                    10
                ]
            }
        ],
        "urls": []
    },
    "metadata": {
        "iso_language_code": "en",
        "result_type": "recent"
    },
    "source": "<a href=\"http://twitter.com/download/android\" rel=\"nofollow\">Twitter for Android</a>",
    "in_reply_to_status_id": null,
    "in_reply_to_status_id_str": null,
    "in_reply_to_user_id": null,
    "in_reply_to_user_id_str": null,
    "in_reply_to_screen_name": null,
    "user": {
        "id": 1036816355490553856,
        "id_str": "1036816355490553856",
        "name": "\ud83c\udf39\ud83c\udf39\u30a8\u30ea\u25df\u0306\u25de\u0306\ud83c\udf39\ud83c\udf39",
        "screen_name": "CHANEL_732",
        "location": "\ud83c\udf3a\u6c17\u6301\u3061\ud83c\udf3a",
        "description": "\u30c4\u30a4\u30c3\u30bf\u30fc\u3067\u7e4b\u304c\u3063\u3066\u4e0b\u3055\u3063\u3066\u697d\u3057\u3044\u6642\u9593\u306b\u306a\u308c\u3070\u5b09\u3057\u3044\u3067\u3059\ud83d\udc9e\n\n\nDM\u306f\u89aa\u3057\u3044\u65b9\u4ee5\u5916\u306f\u274e\ud83c\ude32\n\n\n\u5fc3\u306b\u6b8b\u308b\u8a00\u8449\u306e\u65b9\u3084\u5199\u30e1\u306e\u65b9\u306f\u30ea\u30c4\u30a4\u30fc\u30c8\u826f\u3044\u306d\u2665\u3055\u305b\u3066\u4e0b\u3055\u3044\u306d\ud83d\udc9e\n\n\n\nRADWIMPS\u2665Love\ud83d\udc9e\ud83d\udc9e\u5927\u962a\u5e9c\ud83d\ude0a",
        "url": null,
        "entities": {
            "description": {
                "urls": []
            }
        },
        "protected": false,
        "followers_count": 2060,
        "friends_count": 1988,
        "listed_count": 12,
        "created_at": "Tue Sep 04 03:20:57 +0000 2018",
        "favourites_count": 25394,
        "utc_offset": null,
        "time_zone": null,
        "geo_enabled": false,
        "verified": false,
        "statuses_count": 21573,
        "lang": null,
        "contributors_enabled": false,
        "is_translator": false,
        "is_translation_enabled": false,
        "profile_background_color": "F5F8FA",
        "profile_background_image_url": null,
        "profile_background_image_url_https": null,
        "profile_background_tile": false,
        "profile_image_url": "http://pbs.twimg.com/profile_images/1194476595576131584/MyZuzscP_normal.jpg",
        "profile_image_url_https": "https://pbs.twimg.com/profile_images/1194476595576131584/MyZuzscP_normal.jpg",
        "profile_banner_url": "https://pbs.twimg.com/profile_banners/1036816355490553856/1564735315",
        "profile_link_color": "1DA1F2",
        "profile_sidebar_border_color": "C0DEED",
        "profile_sidebar_fill_color": "DDEEF6",
        "profile_text_color": "333333",
        "profile_use_background_image": true,
        "has_extended_profile": false,
        "default_profile": true,
        "default_profile_image": false,
        "following": null,
        "follow_request_sent": null,
        "notifications": null,
        "translator_type": "none"
    },
    "geo": null,
    "coordinates": null,
    "place": null,
    "contributors": null,
    "retweeted_status": {
        "created_at": "Mon Mar 09 17:00:01 +0000 2020",
        "id": 1237060584979365892,
        "id_str": "1237060584979365892",
        "text": "HISTORY OF A CRUSH\nCOCO CRUSH\u2014a collection of curvaceous pieces that borrows its quilted motif from the equestrian\u2026 https://t.co/jogsn5O5Zw",
        "truncated": true,
        "entities": {
            "hashtags": [],
            "symbols": [],
            "user_mentions": [],
            "urls": [
                {
                    "url": "https://t.co/jogsn5O5Zw",
                    "expanded_url": "https://twitter.com/i/web/status/1237060584979365892",
                    "display_url": "twitter.com/i/web/status/1\u2026",
                    "indices": [
                        116,
                        139
                    ]
                }
            ]
        },
        "metadata": {
            "iso_language_code": "en",
            "result_type": "recent"
        },
        "source": "<a href=\"https://ads-api.twitter.com\" rel=\"nofollow\">Twitter for Advertisers</a>",
        "in_reply_to_status_id": null,
        "in_reply_to_status_id_str": null,
        "in_reply_to_user_id": null,
        "in_reply_to_user_id_str": null,
        "in_reply_to_screen_name": null,
        "user": {
            "id": 326359913,
            "id_str": "326359913",
            "name": "CHANEL",
            "screen_name": "CHANEL",
            "location": "",
            "description": "'CHANEL is above all a style. Fashion passes, style remains.' Gabrielle Chanel",
            "url": "http://t.co/GBdCztEiwL",
            "entities": {
                "url": {
                    "urls": [
                        {
                            "url": "http://t.co/GBdCztEiwL",
                            "expanded_url": "http://www.chanel.com",
                            "display_url": "chanel.com",
                            "indices": [
                                0,
                                22
                            ]
                        }
                    ]
                },
                "description": {
                    "urls": []
                }
            },
            "protected": false,
            "followers_count": 13229486,
            "friends_count": 1,
            "listed_count": 11499,
            "created_at": "Wed Jun 29 19:57:54 +0000 2011",
            "favourites_count": 0,
            "utc_offset": null,
            "time_zone": null,
            "geo_enabled": true,
            "verified": true,
            "statuses_count": 2933,
            "lang": null,
            "contributors_enabled": false,
            "is_translator": false,
            "is_translation_enabled": false,
            "profile_background_color": "000000",
            "profile_background_image_url": "http://abs.twimg.com/images/themes/theme1/bg.png",
            "profile_background_image_url_https": "https://abs.twimg.com/images/themes/theme1/bg.png",
            "profile_background_tile": false,
            "profile_image_url": "http://pbs.twimg.com/profile_images/1154314010252206080/eAG6xnof_normal.jpg",
            "profile_image_url_https": "https://pbs.twimg.com/profile_images/1154314010252206080/eAG6xnof_normal.jpg",
            "profile_banner_url": "https://pbs.twimg.com/profile_banners/326359913/1583760667",
            "profile_link_color": "000000",
            "profile_sidebar_border_color": "000000",
            "profile_sidebar_fill_color": "000000",
            "profile_text_color": "666666",
            "profile_use_background_image": false,
            "has_extended_profile": false,
            "default_profile": false,
            "default_profile_image": false,
            "following": null,
            "follow_request_sent": null,
            "notifications": null,
            "translator_type": "none"
        },
        "geo": null,
        "coordinates": null,
        "place": null,
        "contributors": null,
        "is_quote_status": false,
        "retweet_count": 80,
        "favorite_count": 678,
        "favorited": false,
        "retweeted": false,
        "possibly_sensitive": false,
        "lang": "en"
    },
    "is_quote_status": false,
    "retweet_count": 80,
    "favorite_count": 0,
    "favorited": false,
    "retweeted": false,
    "lang": "en"
}