{
    "created_at": "Tue Mar 10 04:51:06 +0000 2020",
    "id": 1237239533504270336,
    "id_str": "1237239533504270336",
    "text": "RT @LyleC123: Cosmopolitan 09/03/20 Update:\n\n\"BP may be setting records &amp; trends as a group, but there is one particular member that's maki\u2026",
    "truncated": false,
    "entities": {
        "hashtags": [],
        "symbols": [],
        "user_mentions": [
            {
                "screen_name": "LyleC123",
                "name": "Lyle",
                "id": 1179154801747091456,
                "id_str": "1179154801747091456",
                "indices": [
                    3,
                    12
                ]
            }
        ],
        "urls": []
    },
    "metadata": {
        "iso_language_code": "en",
        "result_type": "recent"
    },
    "source": "<a href=\"http://twitter.com/download/iphone\" rel=\"nofollow\">Twitter for iPhone</a>",
    "in_reply_to_status_id": null,
    "in_reply_to_status_id_str": null,
    "in_reply_to_user_id": null,
    "in_reply_to_user_id_str": null,
    "in_reply_to_screen_name": null,
    "user": {
        "id": 1063744773540864000,
        "id_str": "1063744773540864000",
        "name": "\u0e1b\u0e25\u0e39\u0e01\u0e15\u0e49\u0e19\u0e01\u0e25\u0e49\u0e27\u0e22\u0e44\u0e27\u0e49\u0e43\u0e2b\u0e49\u0e40\u0e18\u0e2d\u0e44\u0e1b\u0e02\u0e2d\ud83d\udc8d",
        "screen_name": "P4JCLCBP",
        "location": "\u0e01\u0e23\u0e38\u0e07\u0e40\u0e17\u0e1e\u0e21\u0e2b\u0e32\u0e19\u0e04\u0e23, \u0e1b\u0e23\u0e30\u0e40\u0e17\u0e28\u0e44\u0e17\u0e22",
        "description": "BL\u039b\u0186KPI\u0418K DUU DU DUU DU\ud83d\udd2b\ud83d\udd2b\ud83d\udd2b\ud83d\udd2b \ud83d\udd2b\ud83d\udd2b\ud83d\udd2b1 Billion on 11.11.19 at 17.40 TH. \ud83d\udda4\ud83d\udc97Jenlisa is real!!!!!!",
        "url": "https://t.co/FYUlW6boSO",
        "entities": {
            "url": {
                "urls": [
                    {
                        "url": "https://t.co/FYUlW6boSO",
                        "expanded_url": "https://www.youtube.com/channel/UCOmHUn--16B90oW2L6FRR3A",
                        "display_url": "youtube.com/channel/UCOmHU\u2026",
                        "indices": [
                            0,
                            23
                        ]
                    }
                ]
            },
            "description": {
                "urls": []
            }
        },
        "protected": false,
        "followers_count": 41,
        "friends_count": 172,
        "listed_count": 0,
        "created_at": "Sat Nov 17 10:44:52 +0000 2018",
        "favourites_count": 63024,
        "utc_offset": null,
        "time_zone": null,
        "geo_enabled": true,
        "verified": false,
        "statuses_count": 78536,
        "lang": null,
        "contributors_enabled": false,
        "is_translator": false,
        "is_translation_enabled": false,
        "profile_background_color": "F5F8FA",
        "profile_background_image_url": null,
        "profile_background_image_url_https": null,
        "profile_background_tile": false,
        "profile_image_url": "http://pbs.twimg.com/profile_images/1237335204613636096/OAopbAJN_normal.jpg",
        "profile_image_url_https": "https://pbs.twimg.com/profile_images/1237335204613636096/OAopbAJN_normal.jpg",
        "profile_banner_url": "https://pbs.twimg.com/profile_banners/1063744773540864000/1582776337",
        "profile_link_color": "1DA1F2",
        "profile_sidebar_border_color": "C0DEED",
        "profile_sidebar_fill_color": "DDEEF6",
        "profile_text_color": "333333",
        "profile_use_background_image": true,
        "has_extended_profile": true,
        "default_profile": true,
        "default_profile_image": false,
        "following": null,
        "follow_request_sent": null,
        "notifications": null,
        "translator_type": "none"
    },
    "geo": null,
    "coordinates": null,
    "place": null,
    "contributors": null,
    "retweeted_status": {
        "created_at": "Mon Mar 09 14:01:28 +0000 2020",
        "id": 1237015650083557377,
        "id_str": "1237015650083557377",
        "text": "Cosmopolitan 09/03/20 Update:\n\n\"BP may be setting records &amp; trends as a group, but there is one particular member t\u2026 https://t.co/zokeYURxkr",
        "truncated": true,
        "entities": {
            "hashtags": [],
            "symbols": [],
            "user_mentions": [],
            "urls": [
                {
                    "url": "https://t.co/zokeYURxkr",
                    "expanded_url": "https://twitter.com/i/web/status/1237015650083557377",
                    "display_url": "twitter.com/i/web/status/1\u2026",
                    "indices": [
                        121,
                        144
                    ]
                }
            ]
        },
        "metadata": {
            "iso_language_code": "en",
            "result_type": "recent"
        },
        "source": "<a href=\"https://mobile.twitter.com\" rel=\"nofollow\">Twitter Web App</a>",
        "in_reply_to_status_id": null,
        "in_reply_to_status_id_str": null,
        "in_reply_to_user_id": null,
        "in_reply_to_user_id_str": null,
        "in_reply_to_screen_name": null,
        "user": {
            "id": 1179154801747091456,
            "id_str": "1179154801747091456",
            "name": "Lyle",
            "screen_name": "LyleC123",
            "location": "",
            "description": "",
            "url": null,
            "entities": {
                "description": {
                    "urls": []
                }
            },
            "protected": false,
            "followers_count": 1335,
            "friends_count": 71,
            "listed_count": 9,
            "created_at": "Tue Oct 01 22:04:02 +0000 2019",
            "favourites_count": 6715,
            "utc_offset": null,
            "time_zone": null,
            "geo_enabled": false,
            "verified": false,
            "statuses_count": 945,
            "lang": null,
            "contributors_enabled": false,
            "is_translator": false,
            "is_translation_enabled": false,
            "profile_background_color": "F5F8FA",
            "profile_background_image_url": null,
            "profile_background_image_url_https": null,
            "profile_background_tile": false,
            "profile_image_url": "http://pbs.twimg.com/profile_images/1228284102882627585/Tf2HletL_normal.jpg",
            "profile_image_url_https": "https://pbs.twimg.com/profile_images/1228284102882627585/Tf2HletL_normal.jpg",
            "profile_banner_url": "https://pbs.twimg.com/profile_banners/1179154801747091456/1576938173",
            "profile_link_color": "1DA1F2",
            "profile_sidebar_border_color": "C0DEED",
            "profile_sidebar_fill_color": "DDEEF6",
            "profile_text_color": "333333",
            "profile_use_background_image": true,
            "has_extended_profile": false,
            "default_profile": true,
            "default_profile_image": false,
            "following": null,
            "follow_request_sent": null,
            "notifications": null,
            "translator_type": "none"
        },
        "geo": null,
        "coordinates": null,
        "place": null,
        "contributors": null,
        "is_quote_status": false,
        "retweet_count": 89,
        "favorite_count": 196,
        "favorited": false,
        "retweeted": false,
        "possibly_sensitive": false,
        "lang": "en"
    },
    "is_quote_status": false,
    "retweet_count": 89,
    "favorite_count": 0,
    "favorited": false,
    "retweeted": false,
    "lang": "en"
}