{
    "created_at": "Tue Mar 10 14:00:19 +0000 2020",
    "id": 1237377749372809219,
    "id_str": "1237377749372809219",
    "text": "RT @neimanmarcus: Getting a good look at spring with #CHANEL. Explore the latest Spring-Summer 2020 collection from @CHANEL at #NeimanMarcu\u2026",
    "truncated": false,
    "entities": {
        "hashtags": [
            {
                "text": "CHANEL",
                "indices": [
                    53,
                    60
                ]
            }
        ],
        "symbols": [],
        "user_mentions": [
            {
                "screen_name": "neimanmarcus",
                "name": "Neiman Marcus",
                "id": 204491797,
                "id_str": "204491797",
                "indices": [
                    3,
                    16
                ]
            },
            {
                "screen_name": "CHANEL",
                "name": "CHANEL",
                "id": 326359913,
                "id_str": "326359913",
                "indices": [
                    116,
                    123
                ]
            }
        ],
        "urls": []
    },
    "metadata": {
        "iso_language_code": "en",
        "result_type": "recent"
    },
    "source": "<a href=\"http://twitter.com/download/iphone\" rel=\"nofollow\">Twitter for iPhone</a>",
    "in_reply_to_status_id": null,
    "in_reply_to_status_id_str": null,
    "in_reply_to_user_id": null,
    "in_reply_to_user_id_str": null,
    "in_reply_to_screen_name": null,
    "user": {
        "id": 1222182676670500866,
        "id_str": "1222182676670500866",
        "name": "MediumTeamOne(\ud83e\uddd1\ud83c\udffb\ud83d\udc66\ud83c\udffc\ud83d\udc69\ud83c\udffc\u200d\ud83e\uddb3\ud83e\uddd1\ud83c\udffd\u200d\ud83e\uddb1\ud83d\udc71\ud83c\udffd\u200d\u2640\ufe0f\ud83d\udc71\ud83c\udffe)",
        "screen_name": "MediumTeam1",
        "location": "United States",
        "description": "Mediums & Team Leaders On A Pay Per View Streaming Show: MediumTeamOne: Now In Season Twenty \ud83d\udc82\ud83c\udffb\u200d\u2642\ufe0fR*Robert O\u2019, \ud83d\udc69\ud83c\udffb\u200d\ud83d\udcbcS+Samantha,\ud83d\udc72\ud83c\udffcR+Rich \ud83d\udc77\ud83c\udffd\u200d\u2642\ufe0fB+Brad",
        "url": null,
        "entities": {
            "description": {
                "urls": []
            }
        },
        "protected": false,
        "followers_count": 3,
        "friends_count": 202,
        "listed_count": 0,
        "created_at": "Tue Jan 28 15:41:11 +0000 2020",
        "favourites_count": 2071,
        "utc_offset": null,
        "time_zone": null,
        "geo_enabled": false,
        "verified": false,
        "statuses_count": 70,
        "lang": null,
        "contributors_enabled": false,
        "is_translator": false,
        "is_translation_enabled": false,
        "profile_background_color": "F5F8FA",
        "profile_background_image_url": null,
        "profile_background_image_url_https": null,
        "profile_background_tile": false,
        "profile_image_url": "http://pbs.twimg.com/profile_images/1235283238953930755/a5pmHb6N_normal.jpg",
        "profile_image_url_https": "https://pbs.twimg.com/profile_images/1235283238953930755/a5pmHb6N_normal.jpg",
        "profile_banner_url": "https://pbs.twimg.com/profile_banners/1222182676670500866/1583803047",
        "profile_link_color": "1DA1F2",
        "profile_sidebar_border_color": "C0DEED",
        "profile_sidebar_fill_color": "DDEEF6",
        "profile_text_color": "333333",
        "profile_use_background_image": true,
        "has_extended_profile": true,
        "default_profile": true,
        "default_profile_image": false,
        "following": null,
        "follow_request_sent": null,
        "notifications": null,
        "translator_type": "none"
    },
    "geo": null,
    "coordinates": null,
    "place": null,
    "contributors": null,
    "retweeted_status": {
        "created_at": "Fri Mar 06 16:00:22 +0000 2020",
        "id": 1235958410115497986,
        "id_str": "1235958410115497986",
        "text": "Getting a good look at spring with #CHANEL. Explore the latest Spring-Summer 2020 collection from @CHANEL at\u2026 https://t.co/5NYdsnMgq5",
        "truncated": true,
        "entities": {
            "hashtags": [
                {
                    "text": "CHANEL",
                    "indices": [
                        35,
                        42
                    ]
                }
            ],
            "symbols": [],
            "user_mentions": [
                {
                    "screen_name": "CHANEL",
                    "name": "CHANEL",
                    "id": 326359913,
                    "id_str": "326359913",
                    "indices": [
                        98,
                        105
                    ]
                }
            ],
            "urls": [
                {
                    "url": "https://t.co/5NYdsnMgq5",
                    "expanded_url": "https://twitter.com/i/web/status/1235958410115497986",
                    "display_url": "twitter.com/i/web/status/1\u2026",
                    "indices": [
                        110,
                        133
                    ]
                }
            ]
        },
        "metadata": {
            "iso_language_code": "en",
            "result_type": "recent"
        },
        "source": "<a href=\"https://www.spredfast.com\" rel=\"nofollow\">Khoros Marketing</a>",
        "in_reply_to_status_id": null,
        "in_reply_to_status_id_str": null,
        "in_reply_to_user_id": null,
        "in_reply_to_user_id_str": null,
        "in_reply_to_screen_name": null,
        "user": {
            "id": 204491797,
            "id_str": "204491797",
            "name": "Neiman Marcus",
            "screen_name": "neimanmarcus",
            "location": "Dallas, Texas",
            "description": "Life inside (and sometimes outside) an iconic American store. For full-service customer care, please call +1 (888)-888-4757",
            "url": "https://t.co/cfqi45e5Lb",
            "entities": {
                "url": {
                    "urls": [
                        {
                            "url": "https://t.co/cfqi45e5Lb",
                            "expanded_url": "http://bit.ly/2DDBNLY",
                            "display_url": "bit.ly/2DDBNLY",
                            "indices": [
                                0,
                                23
                            ]
                        }
                    ]
                },
                "description": {
                    "urls": []
                }
            },
            "protected": false,
            "followers_count": 383063,
            "friends_count": 1684,
            "listed_count": 2702,
            "created_at": "Mon Oct 18 20:34:21 +0000 2010",
            "favourites_count": 18383,
            "utc_offset": null,
            "time_zone": null,
            "geo_enabled": true,
            "verified": true,
            "statuses_count": 39867,
            "lang": null,
            "contributors_enabled": false,
            "is_translator": false,
            "is_translation_enabled": false,
            "profile_background_color": "FFFFFF",
            "profile_background_image_url": "http://abs.twimg.com/images/themes/theme17/bg.gif",
            "profile_background_image_url_https": "https://abs.twimg.com/images/themes/theme17/bg.gif",
            "profile_background_tile": false,
            "profile_image_url": "http://pbs.twimg.com/profile_images/1091722306181836800/JFkyVN3P_normal.jpg",
            "profile_image_url_https": "https://pbs.twimg.com/profile_images/1091722306181836800/JFkyVN3P_normal.jpg",
            "profile_banner_url": "https://pbs.twimg.com/profile_banners/204491797/1578438220",
            "profile_link_color": "6C2050",
            "profile_sidebar_border_color": "FFFFFF",
            "profile_sidebar_fill_color": "E6F6F9",
            "profile_text_color": "333333",
            "profile_use_background_image": false,
            "has_extended_profile": false,
            "default_profile": false,
            "default_profile_image": false,
            "following": null,
            "follow_request_sent": null,
            "notifications": null,
            "translator_type": "none"
        },
        "geo": null,
        "coordinates": null,
        "place": null,
        "contributors": null,
        "is_quote_status": false,
        "retweet_count": 3,
        "favorite_count": 8,
        "favorited": false,
        "retweeted": false,
        "possibly_sensitive": false,
        "lang": "en"
    },
    "is_quote_status": false,
    "retweet_count": 3,
    "favorite_count": 0,
    "favorited": false,
    "retweeted": false,
    "lang": "en"
}