{
    "created_at": "Tue Mar 10 15:22:29 +0000 2020",
    "id": 1237398426221936640,
    "id_str": "1237398426221936640",
    "text": "RT @CollectiveLaw: .@CHANEL is hiring for a full time legal assistant in London.\n\nNo requirement to be legally qualified but a bachelor's d\u2026",
    "truncated": false,
    "entities": {
        "hashtags": [],
        "symbols": [],
        "user_mentions": [
            {
                "screen_name": "CollectiveLaw",
                "name": "The Law Collective",
                "id": 976181032688013312,
                "id_str": "976181032688013312",
                "indices": [
                    3,
                    17
                ]
            },
            {
                "screen_name": "CHANEL",
                "name": "CHANEL",
                "id": 326359913,
                "id_str": "326359913",
                "indices": [
                    20,
                    27
                ]
            }
        ],
        "urls": []
    },
    "metadata": {
        "iso_language_code": "en",
        "result_type": "recent"
    },
    "source": "<a href=\"http://twitter.com/download/iphone\" rel=\"nofollow\">Twitter for iPhone</a>",
    "in_reply_to_status_id": null,
    "in_reply_to_status_id_str": null,
    "in_reply_to_user_id": null,
    "in_reply_to_user_id_str": null,
    "in_reply_to_screen_name": null,
    "user": {
        "id": 825847299599396865,
        "id_str": "825847299599396865",
        "name": "S H \u0394 R \u26a1\ufe0f",
        "screen_name": "st_kxys88",
        "location": "kway",
        "description": "issa mad ting sad ting \ud83c\udf11",
        "url": null,
        "entities": {
            "description": {
                "urls": []
            }
        },
        "protected": false,
        "followers_count": 216,
        "friends_count": 196,
        "listed_count": 4,
        "created_at": "Sun Jan 29 23:25:14 +0000 2017",
        "favourites_count": 18180,
        "utc_offset": null,
        "time_zone": null,
        "geo_enabled": true,
        "verified": false,
        "statuses_count": 10455,
        "lang": null,
        "contributors_enabled": false,
        "is_translator": false,
        "is_translation_enabled": false,
        "profile_background_color": "F5F8FA",
        "profile_background_image_url": null,
        "profile_background_image_url_https": null,
        "profile_background_tile": false,
        "profile_image_url": "http://pbs.twimg.com/profile_images/1237109980857327617/Qt7SBZBN_normal.jpg",
        "profile_image_url_https": "https://pbs.twimg.com/profile_images/1237109980857327617/Qt7SBZBN_normal.jpg",
        "profile_banner_url": "https://pbs.twimg.com/profile_banners/825847299599396865/1583180754",
        "profile_link_color": "1DA1F2",
        "profile_sidebar_border_color": "C0DEED",
        "profile_sidebar_fill_color": "DDEEF6",
        "profile_text_color": "333333",
        "profile_use_background_image": true,
        "has_extended_profile": false,
        "default_profile": true,
        "default_profile_image": false,
        "following": null,
        "follow_request_sent": null,
        "notifications": null,
        "translator_type": "none"
    },
    "geo": null,
    "coordinates": null,
    "place": null,
    "contributors": null,
    "retweeted_status": {
        "created_at": "Tue Mar 10 15:17:29 +0000 2020",
        "id": 1237397171063922690,
        "id_str": "1237397171063922690",
        "text": ".@CHANEL is hiring for a full time legal assistant in London.\n\nNo requirement to be legally qualified but a bachelo\u2026 https://t.co/L11E9Y2syU",
        "truncated": true,
        "entities": {
            "hashtags": [],
            "symbols": [],
            "user_mentions": [
                {
                    "screen_name": "CHANEL",
                    "name": "CHANEL",
                    "id": 326359913,
                    "id_str": "326359913",
                    "indices": [
                        1,
                        8
                    ]
                }
            ],
            "urls": [
                {
                    "url": "https://t.co/L11E9Y2syU",
                    "expanded_url": "https://twitter.com/i/web/status/1237397171063922690",
                    "display_url": "twitter.com/i/web/status/1\u2026",
                    "indices": [
                        117,
                        140
                    ]
                }
            ]
        },
        "metadata": {
            "iso_language_code": "en",
            "result_type": "recent"
        },
        "source": "<a href=\"http://twitter.com/download/android\" rel=\"nofollow\">Twitter for Android</a>",
        "in_reply_to_status_id": null,
        "in_reply_to_status_id_str": null,
        "in_reply_to_user_id": null,
        "in_reply_to_user_id_str": null,
        "in_reply_to_screen_name": null,
        "user": {
            "id": 976181032688013312,
            "id_str": "976181032688013312",
            "name": "The Law Collective",
            "screen_name": "CollectiveLaw",
            "location": "hello@thelawcollective.org",
            "description": "Providing a safe space for young Black lawyers to connect with each other. Collectively we nurture and inspire.",
            "url": null,
            "entities": {
                "description": {
                    "urls": []
                }
            },
            "protected": false,
            "followers_count": 1421,
            "friends_count": 375,
            "listed_count": 6,
            "created_at": "Tue Mar 20 19:37:49 +0000 2018",
            "favourites_count": 1974,
            "utc_offset": null,
            "time_zone": null,
            "geo_enabled": false,
            "verified": false,
            "statuses_count": 1152,
            "lang": null,
            "contributors_enabled": false,
            "is_translator": false,
            "is_translation_enabled": false,
            "profile_background_color": "F5F8FA",
            "profile_background_image_url": null,
            "profile_background_image_url_https": null,
            "profile_background_tile": false,
            "profile_image_url": "http://pbs.twimg.com/profile_images/976186915467792385/m0-w7kZd_normal.jpg",
            "profile_image_url_https": "https://pbs.twimg.com/profile_images/976186915467792385/m0-w7kZd_normal.jpg",
            "profile_banner_url": "https://pbs.twimg.com/profile_banners/976181032688013312/1521576144",
            "profile_link_color": "1DA1F2",
            "profile_sidebar_border_color": "C0DEED",
            "profile_sidebar_fill_color": "DDEEF6",
            "profile_text_color": "333333",
            "profile_use_background_image": true,
            "has_extended_profile": true,
            "default_profile": true,
            "default_profile_image": false,
            "following": null,
            "follow_request_sent": null,
            "notifications": null,
            "translator_type": "none"
        },
        "geo": null,
        "coordinates": null,
        "place": null,
        "contributors": null,
        "is_quote_status": false,
        "retweet_count": 19,
        "favorite_count": 14,
        "favorited": false,
        "retweeted": false,
        "possibly_sensitive": false,
        "lang": "en"
    },
    "is_quote_status": false,
    "retweet_count": 19,
    "favorite_count": 0,
    "favorited": false,
    "retweeted": false,
    "lang": "en"
}