{
    "created_at": "Tue Mar 10 10:05:28 +0000 2020",
    "id": 1237318649133682688,
    "id_str": "1237318649133682688",
    "text": "RT @CHANEL: \u6620\u753b\u306e\u30d2\u30ed\u30a4\u30f3\u3092\u60f3\u8d77\u3055\u305b\u308b2020\u5e74\u6625\u590f \u30b3\u30ec\u30af\u30b7\u30e7\u30f3\u306e\u30ad\u30e3\u30f3\u30da\u30fc\u30f3\u3002\u518d\u89e3\u91c8\u3055\u308c\u305f\u30e2\u30c0\u30f3\u306a\u30b3\u30fc\u30c9\u304c\u53d6\u308a\u5165\u308c\u3089\u308c\u3066\u3044\u307e\u3059\u3002\n\n\u30b3\u30ec\u30af\u30b7\u30e7\u30f3\u306f3\u6708\u4e0b\u65ec\u3088\u308a\u5168\u56fd\u306e\u30b7\u30e3\u30cd\u30eb \u30d6\u30c6\u30a3\u30c3\u30af\u3067\u3054\u7d39\u4ecb\u3044\u305f\u3057\u307e\u3059\u3002\n#CHANELSpringSummer",
    "truncated": false,
    "entities": {
        "hashtags": [
            {
                "text": "CHANELSpringSummer",
                "indices": [
                    111,
                    130
                ]
            }
        ],
        "symbols": [],
        "user_mentions": [
            {
                "screen_name": "CHANEL",
                "name": "CHANEL",
                "id": 326359913,
                "id_str": "326359913",
                "indices": [
                    3,
                    10
                ]
            }
        ],
        "urls": []
    },
    "metadata": {
        "iso_language_code": "ja",
        "result_type": "recent"
    },
    "source": "<a href=\"http://twitter.com/download/iphone\" rel=\"nofollow\">Twitter for iPhone</a>",
    "in_reply_to_status_id": null,
    "in_reply_to_status_id_str": null,
    "in_reply_to_user_id": null,
    "in_reply_to_user_id_str": null,
    "in_reply_to_screen_name": null,
    "user": {
        "id": 108737517,
        "id_str": "108737517",
        "name": "CoTa\u3010\u30b3\u30bf\u3011\uff5eT.Kobayashi\uff5e\u30002/14\u304b\u3089\u4e94\u4eba\u5c55\u3060\u3088\uff0816\u65e5\u306f\u304a\u4f11\u307f\uff09",
        "screen_name": "CoTa7716",
        "location": "\u5317\u6d77\u9053\u3068\u5bae\u57ce\u30e1\u30a4\u30f3\u306e\u5168\u56fd\u5404\u5730\u795e\u51fa\u9b3c\u6ca1",
        "description": "\u672c\u5dde\u3068\u5317\u6d77\u9053\u3092\u884c\u3063\u305f\u308a\u6765\u305f\u308a\u3057\u3066\u3044\u307e\u3059\u3002\u6d3b\u52d5\u306e\u4e3b\u4f53\u304c\u5bae\u57ce\u306b\u79fb\u884c\u3002 \u3061\u3087\u3053\u307e\u304b\u3044\u305f\u308b\u30c8\u30b3\u306b\u304a\u90aa\u9b54\u3057\u307e\u3059\u304c\u4ef2\u826f\u304f\u3057\u3066\u304f\u3060\u3055\u3044\u266a",
        "url": null,
        "entities": {
            "description": {
                "urls": []
            }
        },
        "protected": false,
        "followers_count": 1060,
        "friends_count": 599,
        "listed_count": 56,
        "created_at": "Tue Jan 26 22:29:28 +0000 2010",
        "favourites_count": 58266,
        "utc_offset": null,
        "time_zone": null,
        "geo_enabled": true,
        "verified": false,
        "statuses_count": 47382,
        "lang": null,
        "contributors_enabled": false,
        "is_translator": false,
        "is_translation_enabled": false,
        "profile_background_color": "C0DEED",
        "profile_background_image_url": "http://abs.twimg.com/images/themes/theme1/bg.png",
        "profile_background_image_url_https": "https://abs.twimg.com/images/themes/theme1/bg.png",
        "profile_background_tile": false,
        "profile_image_url": "http://pbs.twimg.com/profile_images/1088410959494840320/OYfYCpWu_normal.jpg",
        "profile_image_url_https": "https://pbs.twimg.com/profile_images/1088410959494840320/OYfYCpWu_normal.jpg",
        "profile_banner_url": "https://pbs.twimg.com/profile_banners/108737517/1528610057",
        "profile_link_color": "1DA1F2",
        "profile_sidebar_border_color": "C0DEED",
        "profile_sidebar_fill_color": "DDEEF6",
        "profile_text_color": "333333",
        "profile_use_background_image": true,
        "has_extended_profile": false,
        "default_profile": true,
        "default_profile_image": false,
        "following": null,
        "follow_request_sent": null,
        "notifications": null,
        "translator_type": "none"
    },
    "geo": null,
    "coordinates": null,
    "place": null,
    "contributors": null,
    "retweeted_status": {
        "created_at": "Tue Feb 18 06:27:36 +0000 2020",
        "id": 1229653674495885313,
        "id_str": "1229653674495885313",
        "text": "\u6620\u753b\u306e\u30d2\u30ed\u30a4\u30f3\u3092\u60f3\u8d77\u3055\u305b\u308b2020\u5e74\u6625\u590f \u30b3\u30ec\u30af\u30b7\u30e7\u30f3\u306e\u30ad\u30e3\u30f3\u30da\u30fc\u30f3\u3002\u518d\u89e3\u91c8\u3055\u308c\u305f\u30e2\u30c0\u30f3\u306a\u30b3\u30fc\u30c9\u304c\u53d6\u308a\u5165\u308c\u3089\u308c\u3066\u3044\u307e\u3059\u3002\n\n\u30b3\u30ec\u30af\u30b7\u30e7\u30f3\u306f3\u6708\u4e0b\u65ec\u3088\u308a\u5168\u56fd\u306e\u30b7\u30e3\u30cd\u30eb \u30d6\u30c6\u30a3\u30c3\u30af\u3067\u3054\u7d39\u4ecb\u3044\u305f\u3057\u307e\u3059\u3002\n#CHANELSpringSummer",
        "truncated": false,
        "entities": {
            "hashtags": [
                {
                    "text": "CHANELSpringSummer",
                    "indices": [
                        99,
                        118
                    ]
                }
            ],
            "symbols": [],
            "user_mentions": [],
            "urls": []
        },
        "metadata": {
            "iso_language_code": "ja",
            "result_type": "recent"
        },
        "source": "<a href=\"https://ads-api.twitter.com\" rel=\"nofollow\">Twitter for Advertisers</a>",
        "in_reply_to_status_id": null,
        "in_reply_to_status_id_str": null,
        "in_reply_to_user_id": null,
        "in_reply_to_user_id_str": null,
        "in_reply_to_screen_name": null,
        "user": {
            "id": 326359913,
            "id_str": "326359913",
            "name": "CHANEL",
            "screen_name": "CHANEL",
            "location": "",
            "description": "'CHANEL is above all a style. Fashion passes, style remains.' Gabrielle Chanel",
            "url": "http://t.co/GBdCztEiwL",
            "entities": {
                "url": {
                    "urls": [
                        {
                            "url": "http://t.co/GBdCztEiwL",
                            "expanded_url": "http://www.chanel.com",
                            "display_url": "chanel.com",
                            "indices": [
                                0,
                                22
                            ]
                        }
                    ]
                },
                "description": {
                    "urls": []
                }
            },
            "protected": false,
            "followers_count": 13229486,
            "friends_count": 1,
            "listed_count": 11499,
            "created_at": "Wed Jun 29 19:57:54 +0000 2011",
            "favourites_count": 0,
            "utc_offset": null,
            "time_zone": null,
            "geo_enabled": true,
            "verified": true,
            "statuses_count": 2933,
            "lang": null,
            "contributors_enabled": false,
            "is_translator": false,
            "is_translation_enabled": false,
            "profile_background_color": "000000",
            "profile_background_image_url": "http://abs.twimg.com/images/themes/theme1/bg.png",
            "profile_background_image_url_https": "https://abs.twimg.com/images/themes/theme1/bg.png",
            "profile_background_tile": false,
            "profile_image_url": "http://pbs.twimg.com/profile_images/1154314010252206080/eAG6xnof_normal.jpg",
            "profile_image_url_https": "https://pbs.twimg.com/profile_images/1154314010252206080/eAG6xnof_normal.jpg",
            "profile_banner_url": "https://pbs.twimg.com/profile_banners/326359913/1583760667",
            "profile_link_color": "000000",
            "profile_sidebar_border_color": "000000",
            "profile_sidebar_fill_color": "000000",
            "profile_text_color": "666666",
            "profile_use_background_image": false,
            "has_extended_profile": false,
            "default_profile": false,
            "default_profile_image": false,
            "following": null,
            "follow_request_sent": null,
            "notifications": null,
            "translator_type": "none"
        },
        "geo": null,
        "coordinates": null,
        "place": null,
        "contributors": null,
        "is_quote_status": false,
        "retweet_count": 120,
        "favorite_count": 1022,
        "favorited": false,
        "retweeted": false,
        "scopes": {
            "followers": false
        },
        "lang": "ja"
    },
    "is_quote_status": false,
    "retweet_count": 120,
    "favorite_count": 0,
    "favorited": false,
    "retweeted": false,
    "lang": "ja"
}