{
    "created_at": "Tue Mar 10 00:14:28 +0000 2020",
    "id": 1237169916148510720,
    "id_str": "1237169916148510720",
    "text": "RT @CHANEL: HISTORY OF A CRUSH\nCOCO CRUSH\u2014a collection of curvaceous pieces that borrows its quilted motif from the equestrian world\u2014has be\u2026",
    "truncated": false,
    "entities": {
        "hashtags": [],
        "symbols": [],
        "user_mentions": [
            {
                "screen_name": "CHANEL",
                "name": "CHANEL",
                "id": 326359913,
                "id_str": "326359913",
                "indices": [
                    3,
                    10
                ]
            }
        ],
        "urls": []
    },
    "metadata": {
        "iso_language_code": "en",
        "result_type": "recent"
    },
    "source": "<a href=\"http://twitter.com/download/iphone\" rel=\"nofollow\">Twitter for iPhone</a>",
    "in_reply_to_status_id": null,
    "in_reply_to_status_id_str": null,
    "in_reply_to_user_id": null,
    "in_reply_to_user_id_str": null,
    "in_reply_to_screen_name": null,
    "user": {
        "id": 196037962,
        "id_str": "196037962",
        "name": "\u0e1a\u0e31\u0e19\u0e40\u0e17\u0e34\u0e07\u0e43\u0e2b\u0e49\u0e2a\u0e38\u0e14\u0e04\u0e48\u0e2d\u0e22\u0e2b\u0e22\u0e38\u0e14\u0e15\u0e2d\u0e19\u0e40\u0e01\u0e29\u0e35\u0e22\u0e13\ud83d\ude06",
        "screen_name": "bunteunghaisud",
        "location": "Bangkok~Thailand",
        "description": "\u0e2a\u0e32\u0e23\u0e30\u0e19\u0e34\u0e14\u0e19\u0e36\u0e07 \u0e40\u0e19\u0e49\u0e19\u0e1a\u0e31\u0e19\u0e40\u0e17\u0e34\u0e07\u0e21\u0e32\u0e01\u0e2b\u0e19\u0e48\u0e2d\u0e22 \u0e0a\u0e35\u0e27\u0e34\u0e15\u0e2d\u0e22\u0e48\u0e32\u0e44\u0e1b\u0e40\u0e04\u0e23\u0e35\u0e22\u0e14\u0e21\u0e32\u0e01 \u0e1e\u0e39\u0e14\u0e40\u0e22\u0e2d\u0e30\u0e44\u0e21\u0e48\u0e44\u0e14\u0e49 \u0e08\u0e23\u0e23\u0e22\u0e32\u0e1a\u0e23\u0e23\u0e13\u0e15\u0e49\u0e2d\u0e07\u0e21\u0e32\u0e01\u0e48\u0e2d\u0e19 \ud83d\ude05nice to meet u all ^^",
        "url": null,
        "entities": {
            "description": {
                "urls": []
            }
        },
        "protected": false,
        "followers_count": 485,
        "friends_count": 269,
        "listed_count": 5,
        "created_at": "Tue Sep 28 04:53:48 +0000 2010",
        "favourites_count": 14412,
        "utc_offset": null,
        "time_zone": null,
        "geo_enabled": true,
        "verified": false,
        "statuses_count": 36646,
        "lang": null,
        "contributors_enabled": false,
        "is_translator": false,
        "is_translation_enabled": false,
        "profile_background_color": "C0DEED",
        "profile_background_image_url": "http://abs.twimg.com/images/themes/theme1/bg.png",
        "profile_background_image_url_https": "https://abs.twimg.com/images/themes/theme1/bg.png",
        "profile_background_tile": false,
        "profile_image_url": "http://pbs.twimg.com/profile_images/1194317409676451841/SOSbenza_normal.jpg",
        "profile_image_url_https": "https://pbs.twimg.com/profile_images/1194317409676451841/SOSbenza_normal.jpg",
        "profile_banner_url": "https://pbs.twimg.com/profile_banners/196037962/1574186143",
        "profile_link_color": "1DA1F2",
        "profile_sidebar_border_color": "C0DEED",
        "profile_sidebar_fill_color": "DDEEF6",
        "profile_text_color": "333333",
        "profile_use_background_image": true,
        "has_extended_profile": false,
        "default_profile": true,
        "default_profile_image": false,
        "following": null,
        "follow_request_sent": null,
        "notifications": null,
        "translator_type": "none"
    },
    "geo": null,
    "coordinates": null,
    "place": null,
    "contributors": null,
    "retweeted_status": {
        "created_at": "Mon Mar 09 17:00:01 +0000 2020",
        "id": 1237060584979365892,
        "id_str": "1237060584979365892",
        "text": "HISTORY OF A CRUSH\nCOCO CRUSH\u2014a collection of curvaceous pieces that borrows its quilted motif from the equestrian\u2026 https://t.co/jogsn5O5Zw",
        "truncated": true,
        "entities": {
            "hashtags": [],
            "symbols": [],
            "user_mentions": [],
            "urls": [
                {
                    "url": "https://t.co/jogsn5O5Zw",
                    "expanded_url": "https://twitter.com/i/web/status/1237060584979365892",
                    "display_url": "twitter.com/i/web/status/1\u2026",
                    "indices": [
                        116,
                        139
                    ]
                }
            ]
        },
        "metadata": {
            "iso_language_code": "en",
            "result_type": "recent"
        },
        "source": "<a href=\"https://ads-api.twitter.com\" rel=\"nofollow\">Twitter for Advertisers</a>",
        "in_reply_to_status_id": null,
        "in_reply_to_status_id_str": null,
        "in_reply_to_user_id": null,
        "in_reply_to_user_id_str": null,
        "in_reply_to_screen_name": null,
        "user": {
            "id": 326359913,
            "id_str": "326359913",
            "name": "CHANEL",
            "screen_name": "CHANEL",
            "location": "",
            "description": "'CHANEL is above all a style. Fashion passes, style remains.' Gabrielle Chanel",
            "url": "http://t.co/GBdCztEiwL",
            "entities": {
                "url": {
                    "urls": [
                        {
                            "url": "http://t.co/GBdCztEiwL",
                            "expanded_url": "http://www.chanel.com",
                            "display_url": "chanel.com",
                            "indices": [
                                0,
                                22
                            ]
                        }
                    ]
                },
                "description": {
                    "urls": []
                }
            },
            "protected": false,
            "followers_count": 13229486,
            "friends_count": 1,
            "listed_count": 11499,
            "created_at": "Wed Jun 29 19:57:54 +0000 2011",
            "favourites_count": 0,
            "utc_offset": null,
            "time_zone": null,
            "geo_enabled": true,
            "verified": true,
            "statuses_count": 2933,
            "lang": null,
            "contributors_enabled": false,
            "is_translator": false,
            "is_translation_enabled": false,
            "profile_background_color": "000000",
            "profile_background_image_url": "http://abs.twimg.com/images/themes/theme1/bg.png",
            "profile_background_image_url_https": "https://abs.twimg.com/images/themes/theme1/bg.png",
            "profile_background_tile": false,
            "profile_image_url": "http://pbs.twimg.com/profile_images/1154314010252206080/eAG6xnof_normal.jpg",
            "profile_image_url_https": "https://pbs.twimg.com/profile_images/1154314010252206080/eAG6xnof_normal.jpg",
            "profile_banner_url": "https://pbs.twimg.com/profile_banners/326359913/1583760667",
            "profile_link_color": "000000",
            "profile_sidebar_border_color": "000000",
            "profile_sidebar_fill_color": "000000",
            "profile_text_color": "666666",
            "profile_use_background_image": false,
            "has_extended_profile": false,
            "default_profile": false,
            "default_profile_image": false,
            "following": null,
            "follow_request_sent": null,
            "notifications": null,
            "translator_type": "none"
        },
        "geo": null,
        "coordinates": null,
        "place": null,
        "contributors": null,
        "is_quote_status": false,
        "retweet_count": 80,
        "favorite_count": 678,
        "favorited": false,
        "retweeted": false,
        "possibly_sensitive": false,
        "lang": "en"
    },
    "is_quote_status": false,
    "retweet_count": 80,
    "favorite_count": 0,
    "favorited": false,
    "retweeted": false,
    "lang": "en"
}