{
    "created_at": "Tue Mar 10 03:04:13 +0000 2020",
    "id": 1237212638427467776,
    "id_str": "1237212638427467776",
    "text": "@Quennellmitchel @CHANEL .... #ThatIsAll",
    "truncated": false,
    "entities": {
        "hashtags": [
            {
                "text": "ThatIsAll",
                "indices": [
                    30,
                    40
                ]
            }
        ],
        "symbols": [],
        "user_mentions": [
            {
                "screen_name": "Quennellmitchel",
                "name": "\u2660\ufe0f\u2665 Quennell \u2666\ufe0f\u2663\ufe0f",
                "id": 146968744,
                "id_str": "146968744",
                "indices": [
                    0,
                    16
                ]
            },
            {
                "screen_name": "CHANEL",
                "name": "CHANEL",
                "id": 326359913,
                "id_str": "326359913",
                "indices": [
                    17,
                    24
                ]
            }
        ],
        "urls": []
    },
    "metadata": {
        "iso_language_code": "und",
        "result_type": "recent"
    },
    "source": "<a href=\"https://mobile.twitter.com\" rel=\"nofollow\">Twitter Web App</a>",
    "in_reply_to_status_id": 1237212219668037632,
    "in_reply_to_status_id_str": "1237212219668037632",
    "in_reply_to_user_id": 146968744,
    "in_reply_to_user_id_str": "146968744",
    "in_reply_to_screen_name": "Quennellmitchel",
    "user": {
        "id": 185807038,
        "id_str": "185807038",
        "name": "Tino Miller",
        "screen_name": "PlayboyTino",
        "location": "\u2708\u2601 \u2708 In The Clouds \u2708\u2601 \u2708",
        "description": "College Grad \ud83c\udf93 | Real Estate Agent \ud83c\udfe0 | Business Investor \ud83c\udfdb | Traveler \u2708\ud83c\udf0e\u2708 \ud83c\udf0d\u2708 \ud83c\udf0f For Inquiries \ud83d\udc49\ud83c\udffe RichT@windowslive.com",
        "url": "http://t.co/rIIHpw9WQr",
        "entities": {
            "url": {
                "urls": [
                    {
                        "url": "http://t.co/rIIHpw9WQr",
                        "expanded_url": "http://www.wix.com/ttino00/playboy-swagg",
                        "display_url": "wix.com/ttino00/playbo\u2026",
                        "indices": [
                            0,
                            22
                        ]
                    }
                ]
            },
            "description": {
                "urls": []
            }
        },
        "protected": false,
        "followers_count": 518,
        "friends_count": 1402,
        "listed_count": 10,
        "created_at": "Wed Sep 01 21:58:51 +0000 2010",
        "favourites_count": 58617,
        "utc_offset": null,
        "time_zone": null,
        "geo_enabled": false,
        "verified": false,
        "statuses_count": 11986,
        "lang": null,
        "contributors_enabled": false,
        "is_translator": false,
        "is_translation_enabled": false,
        "profile_background_color": "000000",
        "profile_background_image_url": "http://abs.twimg.com/images/themes/theme9/bg.gif",
        "profile_background_image_url_https": "https://abs.twimg.com/images/themes/theme9/bg.gif",
        "profile_background_tile": true,
        "profile_image_url": "http://pbs.twimg.com/profile_images/1081000492191252481/83UdD7Pr_normal.jpg",
        "profile_image_url_https": "https://pbs.twimg.com/profile_images/1081000492191252481/83UdD7Pr_normal.jpg",
        "profile_banner_url": "https://pbs.twimg.com/profile_banners/185807038/1546565929",
        "profile_link_color": "485C3A",
        "profile_sidebar_border_color": "000000",
        "profile_sidebar_fill_color": "060A00",
        "profile_text_color": "618238",
        "profile_use_background_image": true,
        "has_extended_profile": true,
        "default_profile": false,
        "default_profile_image": false,
        "following": null,
        "follow_request_sent": null,
        "notifications": null,
        "translator_type": "regular"
    },
    "geo": null,
    "coordinates": null,
    "place": null,
    "contributors": null,
    "is_quote_status": false,
    "retweet_count": 0,
    "favorite_count": 1,
    "favorited": false,
    "retweeted": false,
    "lang": "und"
}