{
    "created_at": "Mon Mar 09 21:24:33 +0000 2020",
    "id": 1237127154900467712,
    "id_str": "1237127154900467712",
    "text": "RT @BritishVogue: From Cher Horowitz-esque styles at @ECKHAUS_LATTA to @CHANEL's classic heritage tweed, the girls of @ygofficialblink will\u2026",
    "truncated": false,
    "entities": {
        "hashtags": [],
        "symbols": [],
        "user_mentions": [
            {
                "screen_name": "BritishVogue",
                "name": "British Vogue",
                "id": 27844479,
                "id_str": "27844479",
                "indices": [
                    3,
                    16
                ]
            },
            {
                "screen_name": "ECKHAUS_LATTA",
                "name": "ECKHAUS LATTA",
                "id": 498239433,
                "id_str": "498239433",
                "indices": [
                    53,
                    67
                ]
            },
            {
                "screen_name": "CHANEL",
                "name": "CHANEL",
                "id": 326359913,
                "id_str": "326359913",
                "indices": [
                    71,
                    78
                ]
            },
            {
                "screen_name": "ygofficialblink",
                "name": "BLACKPINK GLOBAL BLINK",
                "id": 878204370403250176,
                "id_str": "878204370403250176",
                "indices": [
                    118,
                    134
                ]
            }
        ],
        "urls": []
    },
    "metadata": {
        "iso_language_code": "en",
        "result_type": "recent"
    },
    "source": "<a href=\"http://twitter.com/download/android\" rel=\"nofollow\">Twitter for Android</a>",
    "in_reply_to_status_id": null,
    "in_reply_to_status_id_str": null,
    "in_reply_to_user_id": null,
    "in_reply_to_user_id_str": null,
    "in_reply_to_screen_name": null,
    "user": {
        "id": 1079680332809420800,
        "id_str": "1079680332809420800",
        "name": "chichuu\ud83d\udd2a\ud83d\udc94",
        "screen_name": "NamJaySoo1",
        "location": "Republic of Korea",
        "description": "Blackpink is the Revolution \ud83d\udc9c\u2764\ud83d\udc99\ud83e\udde1",
        "url": null,
        "entities": {
            "description": {
                "urls": []
            }
        },
        "protected": false,
        "followers_count": 180,
        "friends_count": 148,
        "listed_count": 2,
        "created_at": "Mon Dec 31 10:07:05 +0000 2018",
        "favourites_count": 82950,
        "utc_offset": null,
        "time_zone": null,
        "geo_enabled": false,
        "verified": false,
        "statuses_count": 28195,
        "lang": null,
        "contributors_enabled": false,
        "is_translator": false,
        "is_translation_enabled": false,
        "profile_background_color": "F5F8FA",
        "profile_background_image_url": null,
        "profile_background_image_url_https": null,
        "profile_background_tile": false,
        "profile_image_url": "http://pbs.twimg.com/profile_images/1160719003456802816/3tuUHbG2_normal.jpg",
        "profile_image_url_https": "https://pbs.twimg.com/profile_images/1160719003456802816/3tuUHbG2_normal.jpg",
        "profile_banner_url": "https://pbs.twimg.com/profile_banners/1079680332809420800/1563834895",
        "profile_link_color": "1DA1F2",
        "profile_sidebar_border_color": "C0DEED",
        "profile_sidebar_fill_color": "DDEEF6",
        "profile_text_color": "333333",
        "profile_use_background_image": true,
        "has_extended_profile": false,
        "default_profile": true,
        "default_profile_image": false,
        "following": null,
        "follow_request_sent": null,
        "notifications": null,
        "translator_type": "none"
    },
    "geo": null,
    "coordinates": null,
    "place": null,
    "contributors": null,
    "retweeted_status": {
        "created_at": "Fri Mar 06 13:32:49 +0000 2020",
        "id": 1235921276159561731,
        "id_str": "1235921276159561731",
        "text": "From Cher Horowitz-esque styles at @ECKHAUS_LATTA to @CHANEL's classic heritage tweed, the girls of\u2026 https://t.co/09jkLIRafc",
        "truncated": true,
        "entities": {
            "hashtags": [],
            "symbols": [],
            "user_mentions": [
                {
                    "screen_name": "ECKHAUS_LATTA",
                    "name": "ECKHAUS LATTA",
                    "id": 498239433,
                    "id_str": "498239433",
                    "indices": [
                        35,
                        49
                    ]
                },
                {
                    "screen_name": "CHANEL",
                    "name": "CHANEL",
                    "id": 326359913,
                    "id_str": "326359913",
                    "indices": [
                        53,
                        60
                    ]
                }
            ],
            "urls": [
                {
                    "url": "https://t.co/09jkLIRafc",
                    "expanded_url": "https://twitter.com/i/web/status/1235921276159561731",
                    "display_url": "twitter.com/i/web/status/1\u2026",
                    "indices": [
                        101,
                        124
                    ]
                }
            ]
        },
        "metadata": {
            "iso_language_code": "en",
            "result_type": "recent"
        },
        "source": "<a href=\"https://www.echobox.com\" rel=\"nofollow\">Echobox Social</a>",
        "in_reply_to_status_id": null,
        "in_reply_to_status_id_str": null,
        "in_reply_to_user_id": null,
        "in_reply_to_user_id_str": null,
        "in_reply_to_screen_name": null,
        "user": {
            "id": 27844479,
            "id_str": "27844479",
            "name": "British Vogue",
            "screen_name": "BritishVogue",
            "location": "London",
            "description": "The official https://t.co/00ft3TZEXg Twitter page. Download the latest issue, or subscribe, here: https://t.co/pbvS7S9IMP",
            "url": "https://t.co/OtiMFiwraN",
            "entities": {
                "url": {
                    "urls": [
                        {
                            "url": "https://t.co/OtiMFiwraN",
                            "expanded_url": "http://www.vogue.co.uk/",
                            "display_url": "vogue.co.uk",
                            "indices": [
                                0,
                                23
                            ]
                        }
                    ]
                },
                "description": {
                    "urls": [
                        {
                            "url": "https://t.co/00ft3TZEXg",
                            "expanded_url": "http://VOGUE.CO.UK",
                            "display_url": "VOGUE.CO.UK",
                            "indices": [
                                13,
                                36
                            ]
                        },
                        {
                            "url": "https://t.co/pbvS7S9IMP",
                            "expanded_url": "http://vogue.uk/download1",
                            "display_url": "vogue.uk/download1",
                            "indices": [
                                98,
                                121
                            ]
                        }
                    ]
                }
            },
            "protected": false,
            "followers_count": 3620382,
            "friends_count": 984,
            "listed_count": 13152,
            "created_at": "Tue Mar 31 09:59:43 +0000 2009",
            "favourites_count": 1012,
            "utc_offset": null,
            "time_zone": null,
            "geo_enabled": true,
            "verified": true,
            "statuses_count": 339828,
            "lang": null,
            "contributors_enabled": false,
            "is_translator": false,
            "is_translation_enabled": true,
            "profile_background_color": "948C8D",
            "profile_background_image_url": "http://abs.twimg.com/images/themes/theme1/bg.png",
            "profile_background_image_url_https": "https://abs.twimg.com/images/themes/theme1/bg.png",
            "profile_background_tile": true,
            "profile_image_url": "http://pbs.twimg.com/profile_images/892295415500025856/y9E8PvLe_normal.jpg",
            "profile_image_url_https": "https://pbs.twimg.com/profile_images/892295415500025856/y9E8PvLe_normal.jpg",
            "profile_banner_url": "https://pbs.twimg.com/profile_banners/27844479/1583476606",
            "profile_link_color": "0099CC",
            "profile_sidebar_border_color": "FFFFFF",
            "profile_sidebar_fill_color": "DDEEF6",
            "profile_text_color": "333333",
            "profile_use_background_image": true,
            "has_extended_profile": false,
            "default_profile": false,
            "default_profile_image": false,
            "following": null,
            "follow_request_sent": null,
            "notifications": null,
            "translator_type": "none"
        },
        "geo": null,
        "coordinates": null,
        "place": null,
        "contributors": null,
        "is_quote_status": false,
        "retweet_count": 763,
        "favorite_count": 1652,
        "favorited": false,
        "retweeted": false,
        "possibly_sensitive": false,
        "lang": "en"
    },
    "is_quote_status": false,
    "retweet_count": 763,
    "favorite_count": 0,
    "favorited": false,
    "retweeted": false,
    "lang": "en"
}