{
    "created_at": "Tue Mar 10 00:10:52 +0000 2020",
    "id": 1237169010967547905,
    "id_str": "1237169010967547905",
    "text": "Acistindo coco antes de @CHANEL \u2764\u2764\u2764\u2764",
    "truncated": false,
    "entities": {
        "hashtags": [],
        "symbols": [],
        "user_mentions": [
            {
                "screen_name": "CHANEL",
                "name": "CHANEL",
                "id": 326359913,
                "id_str": "326359913",
                "indices": [
                    24,
                    31
                ]
            }
        ],
        "urls": []
    },
    "metadata": {
        "iso_language_code": "es",
        "result_type": "recent"
    },
    "source": "<a href=\"http://twitter.com/download/android\" rel=\"nofollow\">Twitter for Android</a>",
    "in_reply_to_status_id": null,
    "in_reply_to_status_id_str": null,
    "in_reply_to_user_id": null,
    "in_reply_to_user_id_str": null,
    "in_reply_to_screen_name": null,
    "user": {
        "id": 2935870005,
        "id_str": "2935870005",
        "name": "igor stitch",
        "screen_name": "igorstitch",
        "location": "",
        "description": "\u264c\ud83d\udc7d\r\ninsta: @igorstitch",
        "url": null,
        "entities": {
            "description": {
                "urls": []
            }
        },
        "protected": false,
        "followers_count": 18,
        "friends_count": 78,
        "listed_count": 0,
        "created_at": "Sun Dec 21 21:29:16 +0000 2014",
        "favourites_count": 179,
        "utc_offset": null,
        "time_zone": null,
        "geo_enabled": false,
        "verified": false,
        "statuses_count": 152,
        "lang": null,
        "contributors_enabled": false,
        "is_translator": false,
        "is_translation_enabled": false,
        "profile_background_color": "C0DEED",
        "profile_background_image_url": "http://abs.twimg.com/images/themes/theme1/bg.png",
        "profile_background_image_url_https": "https://abs.twimg.com/images/themes/theme1/bg.png",
        "profile_background_tile": false,
        "profile_image_url": "http://pbs.twimg.com/profile_images/1225861523685416960/ymPD0RDK_normal.jpg",
        "profile_image_url_https": "https://pbs.twimg.com/profile_images/1225861523685416960/ymPD0RDK_normal.jpg",
        "profile_banner_url": "https://pbs.twimg.com/profile_banners/2935870005/1581103137",
        "profile_link_color": "1DA1F2",
        "profile_sidebar_border_color": "C0DEED",
        "profile_sidebar_fill_color": "DDEEF6",
        "profile_text_color": "333333",
        "profile_use_background_image": true,
        "has_extended_profile": true,
        "default_profile": true,
        "default_profile_image": false,
        "following": null,
        "follow_request_sent": null,
        "notifications": null,
        "translator_type": "none"
    },
    "geo": null,
    "coordinates": null,
    "place": null,
    "contributors": null,
    "is_quote_status": false,
    "retweet_count": 0,
    "favorite_count": 0,
    "favorited": false,
    "retweeted": false,
    "lang": "es"
}