{
    "created_at": "Tue Mar 10 12:15:21 +0000 2020",
    "id": 1237351335667924992,
    "id_str": "1237351335667924992",
    "text": "#livingmybestlife @mo_newyork givenchyofficial @chanel zara #manhattanite #wakeup2slay #rawr @ Asiate at Mandarin O\u2026 https://t.co/juRYjjxXmA",
    "truncated": true,
    "entities": {
        "hashtags": [
            {
                "text": "livingmybestlife",
                "indices": [
                    0,
                    17
                ]
            },
            {
                "text": "manhattanite",
                "indices": [
                    60,
                    73
                ]
            },
            {
                "text": "wakeup2slay",
                "indices": [
                    74,
                    86
                ]
            },
            {
                "text": "rawr",
                "indices": [
                    87,
                    92
                ]
            }
        ],
        "symbols": [],
        "user_mentions": [
            {
                "screen_name": "MO_NEWYORK",
                "name": "Mandarin Oriental NY",
                "id": 74833333,
                "id_str": "74833333",
                "indices": [
                    18,
                    29
                ]
            },
            {
                "screen_name": "CHANEL",
                "name": "CHANEL",
                "id": 326359913,
                "id_str": "326359913",
                "indices": [
                    47,
                    54
                ]
            }
        ],
        "urls": [
            {
                "url": "https://t.co/juRYjjxXmA",
                "expanded_url": "https://twitter.com/i/web/status/1237351335667924992",
                "display_url": "twitter.com/i/web/status/1\u2026",
                "indices": [
                    117,
                    140
                ]
            }
        ]
    },
    "metadata": {
        "iso_language_code": "en",
        "result_type": "recent"
    },
    "source": "<a href=\"http://instagram.com\" rel=\"nofollow\">Instagram</a>",
    "in_reply_to_status_id": null,
    "in_reply_to_status_id_str": null,
    "in_reply_to_user_id": null,
    "in_reply_to_user_id_str": null,
    "in_reply_to_screen_name": null,
    "user": {
        "id": 376239073,
        "id_str": "376239073",
        "name": "briggette baust hair",
        "screen_name": "briggettebaust",
        "location": "NYC / Freelancer / Hair",
        "description": "",
        "url": "https://t.co/NgK3UaRx6I",
        "entities": {
            "url": {
                "urls": [
                    {
                        "url": "https://t.co/NgK3UaRx6I",
                        "expanded_url": "http://www.briggettebaust.com",
                        "display_url": "briggettebaust.com",
                        "indices": [
                            0,
                            23
                        ]
                    }
                ]
            },
            "description": {
                "urls": []
            }
        },
        "protected": false,
        "followers_count": 326,
        "friends_count": 397,
        "listed_count": 103,
        "created_at": "Mon Sep 19 15:05:03 +0000 2011",
        "favourites_count": 1708,
        "utc_offset": null,
        "time_zone": null,
        "geo_enabled": true,
        "verified": false,
        "statuses_count": 14178,
        "lang": null,
        "contributors_enabled": false,
        "is_translator": false,
        "is_translation_enabled": false,
        "profile_background_color": "C0DEED",
        "profile_background_image_url": "http://abs.twimg.com/images/themes/theme1/bg.png",
        "profile_background_image_url_https": "https://abs.twimg.com/images/themes/theme1/bg.png",
        "profile_background_tile": false,
        "profile_image_url": "http://pbs.twimg.com/profile_images/1220198132836978689/k2W-npSS_normal.jpg",
        "profile_image_url_https": "https://pbs.twimg.com/profile_images/1220198132836978689/k2W-npSS_normal.jpg",
        "profile_banner_url": "https://pbs.twimg.com/profile_banners/376239073/1548130866",
        "profile_link_color": "1DA1F2",
        "profile_sidebar_border_color": "C0DEED",
        "profile_sidebar_fill_color": "DDEEF6",
        "profile_text_color": "333333",
        "profile_use_background_image": true,
        "has_extended_profile": false,
        "default_profile": true,
        "default_profile_image": false,
        "following": null,
        "follow_request_sent": null,
        "notifications": null,
        "translator_type": "none"
    },
    "geo": {
        "type": "Point",
        "coordinates": [
            40.76847,
            -73.98309
        ]
    },
    "coordinates": {
        "type": "Point",
        "coordinates": [
            -73.98309,
            40.76847
        ]
    },
    "place": {
        "id": "01a9a39529b27f36",
        "url": "https://api.twitter.com/1.1/geo/id/01a9a39529b27f36.json",
        "place_type": "city",
        "name": "Manhattan",
        "full_name": "Manhattan, NY",
        "country_code": "US",
        "country": "United States",
        "contained_within": [],
        "bounding_box": {
            "type": "Polygon",
            "coordinates": [
                [
                    [
                        -74.026675,
                        40.683935
                    ],
                    [
                        -73.910408,
                        40.683935
                    ],
                    [
                        -73.910408,
                        40.877483
                    ],
                    [
                        -74.026675,
                        40.877483
                    ]
                ]
            ]
        },
        "attributes": {}
    },
    "contributors": null,
    "is_quote_status": false,
    "retweet_count": 0,
    "favorite_count": 0,
    "favorited": false,
    "retweeted": false,
    "possibly_sensitive": false,
    "lang": "en"
}