{
    "created_at": "Mon Mar 09 20:50:31 +0000 2020",
    "id": 1237118591507587072,
    "id_str": "1237118591507587072",
    "text": "@cazziieglamour @stilacosmetics @StilaUK @EsteeLauder @CHANEL @yslbeauty @Smashbox @smashboxuk @UrbanDecay\u2026 https://t.co/qWQ3fjdXKX",
    "truncated": true,
    "entities": {
        "hashtags": [],
        "symbols": [],
        "user_mentions": [
            {
                "screen_name": "cazziieglamour",
                "name": "caroline bartholomew",
                "id": 113375902,
                "id_str": "113375902",
                "indices": [
                    0,
                    15
                ]
            },
            {
                "screen_name": "stilacosmetics",
                "name": "stilacosmetics",
                "id": 16697350,
                "id_str": "16697350",
                "indices": [
                    16,
                    31
                ]
            },
            {
                "screen_name": "StilaUK",
                "name": "Stila UK",
                "id": 481447937,
                "id_str": "481447937",
                "indices": [
                    32,
                    40
                ]
            },
            {
                "screen_name": "EsteeLauder",
                "name": "Est\u00e9e Lauder",
                "id": 290081566,
                "id_str": "290081566",
                "indices": [
                    41,
                    53
                ]
            },
            {
                "screen_name": "CHANEL",
                "name": "CHANEL",
                "id": 326359913,
                "id_str": "326359913",
                "indices": [
                    54,
                    61
                ]
            },
            {
                "screen_name": "yslbeauty",
                "name": "YSL Beauty",
                "id": 54559669,
                "id_str": "54559669",
                "indices": [
                    62,
                    72
                ]
            },
            {
                "screen_name": "Smashbox",
                "name": "Smashbox Cosmetics",
                "id": 15613133,
                "id_str": "15613133",
                "indices": [
                    73,
                    82
                ]
            },
            {
                "screen_name": "smashboxuk",
                "name": "Smashbox UK",
                "id": 1117197805,
                "id_str": "1117197805",
                "indices": [
                    83,
                    94
                ]
            },
            {
                "screen_name": "UrbanDecay",
                "name": "Urban Decay",
                "id": 18912121,
                "id_str": "18912121",
                "indices": [
                    95,
                    106
                ]
            }
        ],
        "urls": [
            {
                "url": "https://t.co/qWQ3fjdXKX",
                "expanded_url": "https://twitter.com/i/web/status/1237118591507587072",
                "display_url": "twitter.com/i/web/status/1\u2026",
                "indices": [
                    108,
                    131
                ]
            }
        ]
    },
    "metadata": {
        "iso_language_code": "en",
        "result_type": "recent"
    },
    "source": "<a href=\"http://twitter.com/download/android\" rel=\"nofollow\">Twitter for Android</a>",
    "in_reply_to_status_id": 1237116157947232256,
    "in_reply_to_status_id_str": "1237116157947232256",
    "in_reply_to_user_id": 113375902,
    "in_reply_to_user_id_str": "113375902",
    "in_reply_to_screen_name": "cazziieglamour",
    "user": {
        "id": 182908791,
        "id_str": "182908791",
        "name": "Chloe",
        "screen_name": "_chloehx_",
        "location": "North East",
        "description": "Rated No.23 'best beauty influencer' in the UK.\nEnglish Grad.\nInstagram @_chloehx_\nPR friendly email chloeschoicex@gmail.com\n#nebloggers",
        "url": "https://t.co/ijqFxPhHZI",
        "entities": {
            "url": {
                "urls": [
                    {
                        "url": "https://t.co/ijqFxPhHZI",
                        "expanded_url": "http://chloehxx.blogspot.co.uk",
                        "display_url": "chloehxx.blogspot.co.uk",
                        "indices": [
                            0,
                            23
                        ]
                    }
                ]
            },
            "description": {
                "urls": []
            }
        },
        "protected": false,
        "followers_count": 16119,
        "friends_count": 12915,
        "listed_count": 128,
        "created_at": "Wed Aug 25 17:59:29 +0000 2010",
        "favourites_count": 21868,
        "utc_offset": null,
        "time_zone": null,
        "geo_enabled": false,
        "verified": false,
        "statuses_count": 61739,
        "lang": null,
        "contributors_enabled": false,
        "is_translator": false,
        "is_translation_enabled": false,
        "profile_background_color": "FF6699",
        "profile_background_image_url": "http://abs.twimg.com/images/themes/theme11/bg.gif",
        "profile_background_image_url_https": "https://abs.twimg.com/images/themes/theme11/bg.gif",
        "profile_background_tile": true,
        "profile_image_url": "http://pbs.twimg.com/profile_images/1187460819702996993/Bz4NLh-D_normal.jpg",
        "profile_image_url_https": "https://pbs.twimg.com/profile_images/1187460819702996993/Bz4NLh-D_normal.jpg",
        "profile_banner_url": "https://pbs.twimg.com/profile_banners/182908791/1495652383",
        "profile_link_color": "B40B43",
        "profile_sidebar_border_color": "CC3366",
        "profile_sidebar_fill_color": "E5507E",
        "profile_text_color": "362720",
        "profile_use_background_image": true,
        "has_extended_profile": true,
        "default_profile": false,
        "default_profile_image": false,
        "following": null,
        "follow_request_sent": null,
        "notifications": null,
        "translator_type": "none"
    },
    "geo": null,
    "coordinates": null,
    "place": null,
    "contributors": null,
    "is_quote_status": false,
    "retweet_count": 0,
    "favorite_count": 1,
    "favorited": false,
    "retweeted": false,
    "lang": "en"
}