{
    "created_at": "Tue Mar 10 13:14:03 +0000 2020",
    "id": 1237366104449785856,
    "id_str": "1237366104449785856",
    "text": ".@KylieJenner styled up this denim mini dress with a pair of @Balenciaga booties and a @Chanel purse. \ud83d\udc5b https://t.co/fdaahxLVBA",
    "truncated": false,
    "entities": {
        "hashtags": [],
        "symbols": [],
        "user_mentions": [
            {
                "screen_name": "KylieJenner",
                "name": "Kylie Jenner",
                "id": 236699098,
                "id_str": "236699098",
                "indices": [
                    1,
                    13
                ]
            },
            {
                "screen_name": "BALENCIAGA",
                "name": "Balenciaga",
                "id": 180124279,
                "id_str": "180124279",
                "indices": [
                    61,
                    72
                ]
            },
            {
                "screen_name": "CHANEL",
                "name": "CHANEL",
                "id": 326359913,
                "id_str": "326359913",
                "indices": [
                    87,
                    94
                ]
            }
        ],
        "urls": [
            {
                "url": "https://t.co/fdaahxLVBA",
                "expanded_url": "https://www.popsugar.com/fashion/kylie-jenner-denim-minidress-chanel-quilted-purse-photos-47293722?utm_medium=twitter&utm_source=post&utm_campaign=frontdoor",
                "display_url": "popsugar.com/fashion/kylie-\u2026",
                "indices": [
                    104,
                    127
                ]
            }
        ]
    },
    "metadata": {
        "iso_language_code": "en",
        "result_type": "recent"
    },
    "source": "<a href=\"https://www.popsugar.com\" rel=\"nofollow\">popsugar.com</a>",
    "in_reply_to_status_id": null,
    "in_reply_to_status_id_str": null,
    "in_reply_to_user_id": null,
    "in_reply_to_user_id_str": null,
    "in_reply_to_screen_name": null,
    "user": {
        "id": 14833304,
        "id_str": "14833304",
        "name": "POPSUGAR",
        "screen_name": "POPSUGAR",
        "location": "San Francisco, LA, NYC",
        "description": "Everything you love, all in one place.",
        "url": "https://t.co/4OZl5ZYMbW",
        "entities": {
            "url": {
                "urls": [
                    {
                        "url": "https://t.co/4OZl5ZYMbW",
                        "expanded_url": "http://popsugar.com",
                        "display_url": "popsugar.com",
                        "indices": [
                            0,
                            23
                        ]
                    }
                ]
            },
            "description": {
                "urls": []
            }
        },
        "protected": false,
        "followers_count": 203376,
        "friends_count": 2025,
        "listed_count": 2794,
        "created_at": "Mon May 19 14:48:59 +0000 2008",
        "favourites_count": 5759,
        "utc_offset": null,
        "time_zone": null,
        "geo_enabled": true,
        "verified": true,
        "statuses_count": 235640,
        "lang": null,
        "contributors_enabled": false,
        "is_translator": false,
        "is_translation_enabled": false,
        "profile_background_color": "201F1E",
        "profile_background_image_url": "http://abs.twimg.com/images/themes/theme1/bg.png",
        "profile_background_image_url_https": "https://abs.twimg.com/images/themes/theme1/bg.png",
        "profile_background_tile": false,
        "profile_image_url": "http://pbs.twimg.com/profile_images/1104972041516572672/notQq9YY_normal.png",
        "profile_image_url_https": "https://pbs.twimg.com/profile_images/1104972041516572672/notQq9YY_normal.png",
        "profile_banner_url": "https://pbs.twimg.com/profile_banners/14833304/1579097945",
        "profile_link_color": "ABB8C2",
        "profile_sidebar_border_color": "FFFFFF",
        "profile_sidebar_fill_color": "212121",
        "profile_text_color": "6B6B6B",
        "profile_use_background_image": true,
        "has_extended_profile": false,
        "default_profile": false,
        "default_profile_image": false,
        "following": null,
        "follow_request_sent": null,
        "notifications": null,
        "translator_type": "none"
    },
    "geo": null,
    "coordinates": null,
    "place": null,
    "contributors": null,
    "is_quote_status": false,
    "retweet_count": 0,
    "favorite_count": 3,
    "favorited": false,
    "retweeted": false,
    "possibly_sensitive": false,
    "lang": "en"
}