{
    "created_at": "Tue Mar 10 05:02:43 +0000 2020",
    "id": 1237242458204966912,
    "id_str": "1237242458204966912",
    "text": "RT @littlebid2017: More #EXCLUSIVE #video #photography #shared by #GraceVanderWaal @VanderwaalTina and #jenniferyepez on #instagramstory an\u2026",
    "truncated": false,
    "entities": {
        "hashtags": [
            {
                "text": "EXCLUSIVE",
                "indices": [
                    24,
                    34
                ]
            },
            {
                "text": "video",
                "indices": [
                    35,
                    41
                ]
            },
            {
                "text": "photography",
                "indices": [
                    42,
                    54
                ]
            },
            {
                "text": "shared",
                "indices": [
                    55,
                    62
                ]
            },
            {
                "text": "GraceVanderWaal",
                "indices": [
                    66,
                    82
                ]
            },
            {
                "text": "jenniferyepez",
                "indices": [
                    103,
                    117
                ]
            },
            {
                "text": "instagramstory",
                "indices": [
                    121,
                    136
                ]
            }
        ],
        "symbols": [],
        "user_mentions": [
            {
                "screen_name": "littlebid2017",
                "name": "littlebid2012",
                "id": 838848586670448640,
                "id_str": "838848586670448640",
                "indices": [
                    3,
                    17
                ]
            },
            {
                "screen_name": "VanderwaalTina",
                "name": "Tina VanderWaal",
                "id": 707022825249488896,
                "id_str": "707022825249488896",
                "indices": [
                    83,
                    98
                ]
            }
        ],
        "urls": []
    },
    "metadata": {
        "iso_language_code": "en",
        "result_type": "recent"
    },
    "source": "<a href=\"https://mobile.twitter.com\" rel=\"nofollow\">Twitter Web App</a>",
    "in_reply_to_status_id": null,
    "in_reply_to_status_id_str": null,
    "in_reply_to_user_id": null,
    "in_reply_to_user_id_str": null,
    "in_reply_to_screen_name": null,
    "user": {
        "id": 982092619412004866,
        "id_str": "982092619412004866",
        "name": "Grace VanderWaal Fans",
        "screen_name": "VanderWaal_Fans",
        "location": "\ud83c\udf0eAll Over The World\ud83c\udf0d",
        "description": "\ud83c\udfb5 @GraceVanderWaal FAN ACCOUNT TO HELP SUPPORT HER AND ALL NEW AND OLD FANS AS WELL. \n\nWe\u2665\ufe0fGrace and her #FANderWaals!\n\nGrace VanderWaal IS #Stargirl\u2763\ufe0f\ud83c\udfac",
        "url": "https://t.co/JCKs7E4Vua",
        "entities": {
            "url": {
                "urls": [
                    {
                        "url": "https://t.co/JCKs7E4Vua",
                        "expanded_url": "http://YouTube.com/VanderWaalFans",
                        "display_url": "YouTube.com/VanderWaalFans",
                        "indices": [
                            0,
                            23
                        ]
                    }
                ]
            },
            "description": {
                "urls": []
            }
        },
        "protected": false,
        "followers_count": 1183,
        "friends_count": 763,
        "listed_count": 2,
        "created_at": "Fri Apr 06 03:08:21 +0000 2018",
        "favourites_count": 53804,
        "utc_offset": null,
        "time_zone": null,
        "geo_enabled": false,
        "verified": false,
        "statuses_count": 23249,
        "lang": null,
        "contributors_enabled": false,
        "is_translator": false,
        "is_translation_enabled": false,
        "profile_background_color": "000000",
        "profile_background_image_url": "http://abs.twimg.com/images/themes/theme1/bg.png",
        "profile_background_image_url_https": "https://abs.twimg.com/images/themes/theme1/bg.png",
        "profile_background_tile": false,
        "profile_image_url": "http://pbs.twimg.com/profile_images/1203600975883358208/zd8OvCAN_normal.jpg",
        "profile_image_url_https": "https://pbs.twimg.com/profile_images/1203600975883358208/zd8OvCAN_normal.jpg",
        "profile_banner_url": "https://pbs.twimg.com/profile_banners/982092619412004866/1572655846",
        "profile_link_color": "E81C4F",
        "profile_sidebar_border_color": "000000",
        "profile_sidebar_fill_color": "000000",
        "profile_text_color": "000000",
        "profile_use_background_image": false,
        "has_extended_profile": true,
        "default_profile": false,
        "default_profile_image": false,
        "following": null,
        "follow_request_sent": null,
        "notifications": null,
        "translator_type": "none"
    },
    "geo": null,
    "coordinates": null,
    "place": null,
    "contributors": null,
    "retweeted_status": {
        "created_at": "Tue Mar 03 13:54:13 +0000 2020",
        "id": 1234839501043716098,
        "id_str": "1234839501043716098",
        "text": "More #EXCLUSIVE #video #photography #shared by #GraceVanderWaal @VanderwaalTina and #jenniferyepez on\u2026 https://t.co/EDA8Vsilez",
        "truncated": true,
        "entities": {
            "hashtags": [
                {
                    "text": "EXCLUSIVE",
                    "indices": [
                        5,
                        15
                    ]
                },
                {
                    "text": "video",
                    "indices": [
                        16,
                        22
                    ]
                },
                {
                    "text": "photography",
                    "indices": [
                        23,
                        35
                    ]
                },
                {
                    "text": "shared",
                    "indices": [
                        36,
                        43
                    ]
                },
                {
                    "text": "GraceVanderWaal",
                    "indices": [
                        47,
                        63
                    ]
                },
                {
                    "text": "jenniferyepez",
                    "indices": [
                        84,
                        98
                    ]
                }
            ],
            "symbols": [],
            "user_mentions": [
                {
                    "screen_name": "VanderwaalTina",
                    "name": "Tina VanderWaal",
                    "id": 707022825249488896,
                    "id_str": "707022825249488896",
                    "indices": [
                        64,
                        79
                    ]
                }
            ],
            "urls": [
                {
                    "url": "https://t.co/EDA8Vsilez",
                    "expanded_url": "https://twitter.com/i/web/status/1234839501043716098",
                    "display_url": "twitter.com/i/web/status/1\u2026",
                    "indices": [
                        103,
                        126
                    ]
                }
            ]
        },
        "metadata": {
            "iso_language_code": "en",
            "result_type": "recent"
        },
        "source": "<a href=\"http://twitter.com/download/android\" rel=\"nofollow\">Twitter for Android</a>",
        "in_reply_to_status_id": null,
        "in_reply_to_status_id_str": null,
        "in_reply_to_user_id": null,
        "in_reply_to_user_id_str": null,
        "in_reply_to_screen_name": null,
        "user": {
            "id": 838848586670448640,
            "id_str": "838848586670448640",
            "name": "littlebid2012",
            "screen_name": "littlebid2017",
            "location": "HONG KONG",
            "description": "I was Official Fact Checker of Grace VanderWaal Fan Club since October 2016. Let's join FanderWaal News - Grace VanderWaal Update through my bio link.",
            "url": "https://t.co/3ZXqxCFP5t",
            "entities": {
                "url": {
                    "urls": [
                        {
                            "url": "https://t.co/3ZXqxCFP5t",
                            "expanded_url": "https://www.facebook.com/groups/fanderwaalnews/",
                            "display_url": "facebook.com/groups/fanderw\u2026",
                            "indices": [
                                0,
                                23
                            ]
                        }
                    ]
                },
                "description": {
                    "urls": []
                }
            },
            "protected": false,
            "followers_count": 836,
            "friends_count": 3630,
            "listed_count": 3,
            "created_at": "Mon Mar 06 20:27:42 +0000 2017",
            "favourites_count": 33897,
            "utc_offset": null,
            "time_zone": null,
            "geo_enabled": true,
            "verified": false,
            "statuses_count": 58798,
            "lang": null,
            "contributors_enabled": false,
            "is_translator": false,
            "is_translation_enabled": false,
            "profile_background_color": "F5F8FA",
            "profile_background_image_url": null,
            "profile_background_image_url_https": null,
            "profile_background_tile": false,
            "profile_image_url": "http://pbs.twimg.com/profile_images/1078100730400038912/kWN3Q7eX_normal.jpg",
            "profile_image_url_https": "https://pbs.twimg.com/profile_images/1078100730400038912/kWN3Q7eX_normal.jpg",
            "profile_banner_url": "https://pbs.twimg.com/profile_banners/838848586670448640/1583496246",
            "profile_link_color": "1DA1F2",
            "profile_sidebar_border_color": "C0DEED",
            "profile_sidebar_fill_color": "DDEEF6",
            "profile_text_color": "333333",
            "profile_use_background_image": true,
            "has_extended_profile": false,
            "default_profile": true,
            "default_profile_image": false,
            "following": null,
            "follow_request_sent": null,
            "notifications": null,
            "translator_type": "none"
        },
        "geo": null,
        "coordinates": null,
        "place": null,
        "contributors": null,
        "is_quote_status": false,
        "retweet_count": 2,
        "favorite_count": 16,
        "favorited": false,
        "retweeted": false,
        "possibly_sensitive": false,
        "lang": "en"
    },
    "is_quote_status": false,
    "retweet_count": 2,
    "favorite_count": 0,
    "favorited": false,
    "retweeted": false,
    "lang": "en"
}