{
    "created_at": "Mon Mar 09 22:09:09 +0000 2020",
    "id": 1237138380263063552,
    "id_str": "1237138380263063552",
    "text": "@sambhavnaseth @NalliSilk @CHANEL @sacorina_dalip @Dior  @TomFordBeauty @TheBodyShopIND  @Labelnikitabajoria\u2026 https://t.co/Y3dJOqVTJs",
    "truncated": true,
    "entities": {
        "hashtags": [],
        "symbols": [],
        "user_mentions": [
            {
                "screen_name": "sambhavnaseth",
                "name": "Sambhavna Seth",
                "id": 170977970,
                "id_str": "170977970",
                "indices": [
                    0,
                    14
                ]
            },
            {
                "screen_name": "NalliSilk",
                "name": "Nalli",
                "id": 388761059,
                "id_str": "388761059",
                "indices": [
                    15,
                    25
                ]
            },
            {
                "screen_name": "CHANEL",
                "name": "CHANEL",
                "id": 326359913,
                "id_str": "326359913",
                "indices": [
                    26,
                    33
                ]
            },
            {
                "screen_name": "sacorina_dalip",
                "name": "sacorina dalip",
                "id": 3285708308,
                "id_str": "3285708308",
                "indices": [
                    34,
                    49
                ]
            },
            {
                "screen_name": "Dior",
                "name": "Dior",
                "id": 348379865,
                "id_str": "348379865",
                "indices": [
                    50,
                    55
                ]
            },
            {
                "screen_name": "TomFordBeauty",
                "name": "TomFordBeauty",
                "id": 15342167,
                "id_str": "15342167",
                "indices": [
                    57,
                    71
                ]
            },
            {
                "screen_name": "TheBodyShopIND",
                "name": "The Body Shop India",
                "id": 183541994,
                "id_str": "183541994",
                "indices": [
                    72,
                    87
                ]
            }
        ],
        "urls": [
            {
                "url": "https://t.co/Y3dJOqVTJs",
                "expanded_url": "https://twitter.com/i/web/status/1237138380263063552",
                "display_url": "twitter.com/i/web/status/1\u2026",
                "indices": [
                    110,
                    133
                ]
            }
        ]
    },
    "metadata": {
        "iso_language_code": "und",
        "result_type": "recent"
    },
    "source": "<a href=\"http://twitter.com/download/android\" rel=\"nofollow\">Twitter for Android</a>",
    "in_reply_to_status_id": 1237131179989405696,
    "in_reply_to_status_id_str": "1237131179989405696",
    "in_reply_to_user_id": 1227657386447388672,
    "in_reply_to_user_id_str": "1227657386447388672",
    "in_reply_to_screen_name": "Balajip211",
    "user": {
        "id": 1227657386447388672,
        "id_str": "1227657386447388672",
        "name": "Balajip21",
        "screen_name": "Balajip211",
        "location": "",
        "description": "Simple and no non-sense approach to life and trusting people without judgement. And equally strong and befitting approach to people who mess with my trust! \ud83d\ude0a",
        "url": null,
        "entities": {
            "description": {
                "urls": []
            }
        },
        "protected": false,
        "followers_count": 2,
        "friends_count": 20,
        "listed_count": 0,
        "created_at": "Wed Feb 12 18:15:16 +0000 2020",
        "favourites_count": 3,
        "utc_offset": null,
        "time_zone": null,
        "geo_enabled": false,
        "verified": false,
        "statuses_count": 27,
        "lang": null,
        "contributors_enabled": false,
        "is_translator": false,
        "is_translation_enabled": false,
        "profile_background_color": "F5F8FA",
        "profile_background_image_url": null,
        "profile_background_image_url_https": null,
        "profile_background_tile": false,
        "profile_image_url": "http://pbs.twimg.com/profile_images/1227657729461800960/EdcdgmOL_normal.jpg",
        "profile_image_url_https": "https://pbs.twimg.com/profile_images/1227657729461800960/EdcdgmOL_normal.jpg",
        "profile_link_color": "1DA1F2",
        "profile_sidebar_border_color": "C0DEED",
        "profile_sidebar_fill_color": "DDEEF6",
        "profile_text_color": "333333",
        "profile_use_background_image": true,
        "has_extended_profile": false,
        "default_profile": true,
        "default_profile_image": false,
        "following": null,
        "follow_request_sent": null,
        "notifications": null,
        "translator_type": "none"
    },
    "geo": null,
    "coordinates": null,
    "place": null,
    "contributors": null,
    "is_quote_status": false,
    "retweet_count": 0,
    "favorite_count": 0,
    "favorited": false,
    "retweeted": false,
    "lang": "und"
}