{
    "created_at": "Tue Mar 10 14:13:28 +0000 2020",
    "id": 1237381058892464137,
    "id_str": "1237381058892464137",
    "text": "RT @CHANEL: The #CHANELSpringSummer 2020 campaign by Jean-Baptiste Mondino highlights the collection\u2019s lightness. Kristen Stewart encapsula\u2026",
    "truncated": false,
    "entities": {
        "hashtags": [
            {
                "text": "CHANELSpringSummer",
                "indices": [
                    16,
                    35
                ]
            }
        ],
        "symbols": [],
        "user_mentions": [
            {
                "screen_name": "CHANEL",
                "name": "CHANEL",
                "id": 326359913,
                "id_str": "326359913",
                "indices": [
                    3,
                    10
                ]
            }
        ],
        "urls": []
    },
    "metadata": {
        "iso_language_code": "en",
        "result_type": "recent"
    },
    "source": "<a href=\"http://twitter.com/download/android\" rel=\"nofollow\">Twitter for Android</a>",
    "in_reply_to_status_id": null,
    "in_reply_to_status_id_str": null,
    "in_reply_to_user_id": null,
    "in_reply_to_user_id_str": null,
    "in_reply_to_screen_name": null,
    "user": {
        "id": 6631632,
        "id_str": "6631632",
        "name": "\u7389\u5409",
        "screen_name": "tamakiti",
        "location": "sapporo",
        "description": "\u81ea\u5df1\u5b8c\u7d50\u578b//\u6620\u753b\u30fb\u6d77\u5916\u30c9\u30e9\u30de\u30fb\u30c0\u30f3\u30b9//\u91ce\u7403\u306f\u65e5\u30cf\u30e0\u30fb\u30d7\u30ed\u30ec\u30b9\u306f\u30c9\u30e9\u30b4\u30f3\u30b2\u30fc\u30c8\u3068WRESTLE-1//\u30a2\u30f3\u30af\u30eb\u6c11//DC\u30b3\u30df\u30c3\u30af\u30b9\u30fb\u30b9\u30fc\u30d7\u30b9\u8d14\u5c53//BvS\u306b\u6d17\u9762\u53f0\u3067\u982d\u3092\u304b\u3061\u5272\u3089\u308c\u305f\u6cbc\u4eba//\u91d1\u30ab\u30e0\u304c\u7d42\u308f\u308b\u307e\u3067\u306f\u7d76\u5bfe\u6b7b\u306d\u306a\u3044\u3053\u3068\u306b\u6c17\u4ed8\u3044\u3066\u4f53\u8abf\u7ba1\u7406\u3092\u672c\u6c17\u51fa\u3057\u3066\u8003\u3048\u59cb\u3081\u305f\u4e2d\u5e74",
        "url": "https://t.co/QwRglbSbvw",
        "entities": {
            "url": {
                "urls": [
                    {
                        "url": "https://t.co/QwRglbSbvw",
                        "expanded_url": "http://book.akahoshitakuya.com/u/11951",
                        "display_url": "book.akahoshitakuya.com/u/11951",
                        "indices": [
                            0,
                            23
                        ]
                    }
                ]
            },
            "description": {
                "urls": []
            }
        },
        "protected": false,
        "followers_count": 440,
        "friends_count": 1236,
        "listed_count": 22,
        "created_at": "Thu Jun 07 01:39:53 +0000 2007",
        "favourites_count": 438156,
        "utc_offset": null,
        "time_zone": null,
        "geo_enabled": false,
        "verified": false,
        "statuses_count": 127715,
        "lang": null,
        "contributors_enabled": false,
        "is_translator": false,
        "is_translation_enabled": false,
        "profile_background_color": "1A1B1F",
        "profile_background_image_url": "http://abs.twimg.com/images/themes/theme14/bg.gif",
        "profile_background_image_url_https": "https://abs.twimg.com/images/themes/theme14/bg.gif",
        "profile_background_tile": true,
        "profile_image_url": "http://pbs.twimg.com/profile_images/1543624342/kako-SqrEsm5xIwRgxhcW_normal.jpg",
        "profile_image_url_https": "https://pbs.twimg.com/profile_images/1543624342/kako-SqrEsm5xIwRgxhcW_normal.jpg",
        "profile_banner_url": "https://pbs.twimg.com/profile_banners/6631632/1353165169",
        "profile_link_color": "CF2610",
        "profile_sidebar_border_color": "F0CA0C",
        "profile_sidebar_fill_color": "0A1140",
        "profile_text_color": "666666",
        "profile_use_background_image": true,
        "has_extended_profile": true,
        "default_profile": false,
        "default_profile_image": false,
        "following": null,
        "follow_request_sent": null,
        "notifications": null,
        "translator_type": "none"
    },
    "geo": null,
    "coordinates": null,
    "place": null,
    "contributors": null,
    "retweeted_status": {
        "created_at": "Mon Feb 17 15:31:52 +0000 2020",
        "id": 1229428255930900480,
        "id_str": "1229428255930900480",
        "text": "The #CHANELSpringSummer 2020 campaign by Jean-Baptiste Mondino highlights the collection\u2019s lightness. Kristen Stewa\u2026 https://t.co/9Coz1A4Rth",
        "truncated": true,
        "entities": {
            "hashtags": [
                {
                    "text": "CHANELSpringSummer",
                    "indices": [
                        4,
                        23
                    ]
                }
            ],
            "symbols": [],
            "user_mentions": [],
            "urls": [
                {
                    "url": "https://t.co/9Coz1A4Rth",
                    "expanded_url": "https://twitter.com/i/web/status/1229428255930900480",
                    "display_url": "twitter.com/i/web/status/1\u2026",
                    "indices": [
                        117,
                        140
                    ]
                }
            ]
        },
        "metadata": {
            "iso_language_code": "en",
            "result_type": "recent"
        },
        "source": "<a href=\"https://mobile.twitter.com\" rel=\"nofollow\">Twitter Web App</a>",
        "in_reply_to_status_id": null,
        "in_reply_to_status_id_str": null,
        "in_reply_to_user_id": null,
        "in_reply_to_user_id_str": null,
        "in_reply_to_screen_name": null,
        "user": {
            "id": 326359913,
            "id_str": "326359913",
            "name": "CHANEL",
            "screen_name": "CHANEL",
            "location": "",
            "description": "'CHANEL is above all a style. Fashion passes, style remains.' Gabrielle Chanel",
            "url": "http://t.co/GBdCztEiwL",
            "entities": {
                "url": {
                    "urls": [
                        {
                            "url": "http://t.co/GBdCztEiwL",
                            "expanded_url": "http://www.chanel.com",
                            "display_url": "chanel.com",
                            "indices": [
                                0,
                                22
                            ]
                        }
                    ]
                },
                "description": {
                    "urls": []
                }
            },
            "protected": false,
            "followers_count": 13229486,
            "friends_count": 1,
            "listed_count": 11499,
            "created_at": "Wed Jun 29 19:57:54 +0000 2011",
            "favourites_count": 0,
            "utc_offset": null,
            "time_zone": null,
            "geo_enabled": true,
            "verified": true,
            "statuses_count": 2933,
            "lang": null,
            "contributors_enabled": false,
            "is_translator": false,
            "is_translation_enabled": false,
            "profile_background_color": "000000",
            "profile_background_image_url": "http://abs.twimg.com/images/themes/theme1/bg.png",
            "profile_background_image_url_https": "https://abs.twimg.com/images/themes/theme1/bg.png",
            "profile_background_tile": false,
            "profile_image_url": "http://pbs.twimg.com/profile_images/1154314010252206080/eAG6xnof_normal.jpg",
            "profile_image_url_https": "https://pbs.twimg.com/profile_images/1154314010252206080/eAG6xnof_normal.jpg",
            "profile_banner_url": "https://pbs.twimg.com/profile_banners/326359913/1583760667",
            "profile_link_color": "000000",
            "profile_sidebar_border_color": "000000",
            "profile_sidebar_fill_color": "000000",
            "profile_text_color": "666666",
            "profile_use_background_image": false,
            "has_extended_profile": false,
            "default_profile": false,
            "default_profile_image": false,
            "following": null,
            "follow_request_sent": null,
            "notifications": null,
            "translator_type": "none"
        },
        "geo": null,
        "coordinates": null,
        "place": null,
        "contributors": null,
        "is_quote_status": false,
        "retweet_count": 630,
        "favorite_count": 2438,
        "favorited": false,
        "retweeted": false,
        "possibly_sensitive": false,
        "lang": "en"
    },
    "is_quote_status": false,
    "retweet_count": 630,
    "favorite_count": 0,
    "favorited": false,
    "retweeted": false,
    "lang": "en"
}