{
    "created_at": "Tue Mar 10 14:28:11 +0000 2020",
    "id": 1237384761791799296,
    "id_str": "1237384761791799296",
    "text": "RT @CHANEL: The #CHANELSpringSummer 2020 campaign by Jean-Baptiste Mondino highlights the collection\u2019s lightness. Kristen Stewart encapsula\u2026",
    "truncated": false,
    "entities": {
        "hashtags": [
            {
                "text": "CHANELSpringSummer",
                "indices": [
                    16,
                    35
                ]
            }
        ],
        "symbols": [],
        "user_mentions": [
            {
                "screen_name": "CHANEL",
                "name": "CHANEL",
                "id": 326359913,
                "id_str": "326359913",
                "indices": [
                    3,
                    10
                ]
            }
        ],
        "urls": []
    },
    "metadata": {
        "iso_language_code": "en",
        "result_type": "recent"
    },
    "source": "<a href=\"http://twitter.com/download/iphone\" rel=\"nofollow\">Twitter for iPhone</a>",
    "in_reply_to_status_id": null,
    "in_reply_to_status_id_str": null,
    "in_reply_to_user_id": null,
    "in_reply_to_user_id_str": null,
    "in_reply_to_screen_name": null,
    "user": {
        "id": 3316621854,
        "id_str": "3316621854",
        "name": "Ageha",
        "screen_name": "ageha_fuoco",
        "location": "JAPAN",
        "description": "20\u2191\u8150\u3000\u6d0b\u753b\u30fbMUSIC/Keanu Reeves\u30fbLeonardo DiCaprio\u30fbJesse Eisenberg\u30fbChris Evans\u30fbTom Hiddlesto\u30fbBen Hardy etc./BUCK-TICK\u30fbD'ERLANGER\u30fbL'Arc-en-Ciel \u30db\u30e9\u30fc\u3068\u30aa\u30ab\u30eb\u30c8",
        "url": null,
        "entities": {
            "description": {
                "urls": []
            }
        },
        "protected": false,
        "followers_count": 107,
        "friends_count": 276,
        "listed_count": 8,
        "created_at": "Sun Aug 16 08:45:28 +0000 2015",
        "favourites_count": 3410,
        "utc_offset": null,
        "time_zone": null,
        "geo_enabled": false,
        "verified": false,
        "statuses_count": 16440,
        "lang": null,
        "contributors_enabled": false,
        "is_translator": false,
        "is_translation_enabled": false,
        "profile_background_color": "C0DEED",
        "profile_background_image_url": "http://abs.twimg.com/images/themes/theme1/bg.png",
        "profile_background_image_url_https": "https://abs.twimg.com/images/themes/theme1/bg.png",
        "profile_background_tile": false,
        "profile_image_url": "http://pbs.twimg.com/profile_images/1136670131847696384/ZyasACI4_normal.jpg",
        "profile_image_url_https": "https://pbs.twimg.com/profile_images/1136670131847696384/ZyasACI4_normal.jpg",
        "profile_banner_url": "https://pbs.twimg.com/profile_banners/3316621854/1581311860",
        "profile_link_color": "1DA1F2",
        "profile_sidebar_border_color": "C0DEED",
        "profile_sidebar_fill_color": "DDEEF6",
        "profile_text_color": "333333",
        "profile_use_background_image": true,
        "has_extended_profile": true,
        "default_profile": true,
        "default_profile_image": false,
        "following": null,
        "follow_request_sent": null,
        "notifications": null,
        "translator_type": "none"
    },
    "geo": null,
    "coordinates": null,
    "place": null,
    "contributors": null,
    "retweeted_status": {
        "created_at": "Mon Feb 17 15:31:52 +0000 2020",
        "id": 1229428255930900480,
        "id_str": "1229428255930900480",
        "text": "The #CHANELSpringSummer 2020 campaign by Jean-Baptiste Mondino highlights the collection\u2019s lightness. Kristen Stewa\u2026 https://t.co/9Coz1A4Rth",
        "truncated": true,
        "entities": {
            "hashtags": [
                {
                    "text": "CHANELSpringSummer",
                    "indices": [
                        4,
                        23
                    ]
                }
            ],
            "symbols": [],
            "user_mentions": [],
            "urls": [
                {
                    "url": "https://t.co/9Coz1A4Rth",
                    "expanded_url": "https://twitter.com/i/web/status/1229428255930900480",
                    "display_url": "twitter.com/i/web/status/1\u2026",
                    "indices": [
                        117,
                        140
                    ]
                }
            ]
        },
        "metadata": {
            "iso_language_code": "en",
            "result_type": "recent"
        },
        "source": "<a href=\"https://mobile.twitter.com\" rel=\"nofollow\">Twitter Web App</a>",
        "in_reply_to_status_id": null,
        "in_reply_to_status_id_str": null,
        "in_reply_to_user_id": null,
        "in_reply_to_user_id_str": null,
        "in_reply_to_screen_name": null,
        "user": {
            "id": 326359913,
            "id_str": "326359913",
            "name": "CHANEL",
            "screen_name": "CHANEL",
            "location": "",
            "description": "'CHANEL is above all a style. Fashion passes, style remains.' Gabrielle Chanel",
            "url": "http://t.co/GBdCztEiwL",
            "entities": {
                "url": {
                    "urls": [
                        {
                            "url": "http://t.co/GBdCztEiwL",
                            "expanded_url": "http://www.chanel.com",
                            "display_url": "chanel.com",
                            "indices": [
                                0,
                                22
                            ]
                        }
                    ]
                },
                "description": {
                    "urls": []
                }
            },
            "protected": false,
            "followers_count": 13229486,
            "friends_count": 1,
            "listed_count": 11499,
            "created_at": "Wed Jun 29 19:57:54 +0000 2011",
            "favourites_count": 0,
            "utc_offset": null,
            "time_zone": null,
            "geo_enabled": true,
            "verified": true,
            "statuses_count": 2933,
            "lang": null,
            "contributors_enabled": false,
            "is_translator": false,
            "is_translation_enabled": false,
            "profile_background_color": "000000",
            "profile_background_image_url": "http://abs.twimg.com/images/themes/theme1/bg.png",
            "profile_background_image_url_https": "https://abs.twimg.com/images/themes/theme1/bg.png",
            "profile_background_tile": false,
            "profile_image_url": "http://pbs.twimg.com/profile_images/1154314010252206080/eAG6xnof_normal.jpg",
            "profile_image_url_https": "https://pbs.twimg.com/profile_images/1154314010252206080/eAG6xnof_normal.jpg",
            "profile_banner_url": "https://pbs.twimg.com/profile_banners/326359913/1583760667",
            "profile_link_color": "000000",
            "profile_sidebar_border_color": "000000",
            "profile_sidebar_fill_color": "000000",
            "profile_text_color": "666666",
            "profile_use_background_image": false,
            "has_extended_profile": false,
            "default_profile": false,
            "default_profile_image": false,
            "following": null,
            "follow_request_sent": null,
            "notifications": null,
            "translator_type": "none"
        },
        "geo": null,
        "coordinates": null,
        "place": null,
        "contributors": null,
        "is_quote_status": false,
        "retweet_count": 630,
        "favorite_count": 2438,
        "favorited": false,
        "retweeted": false,
        "possibly_sensitive": false,
        "lang": "en"
    },
    "is_quote_status": false,
    "retweet_count": 630,
    "favorite_count": 0,
    "favorited": false,
    "retweeted": false,
    "lang": "en"
}