{
    "created_at": "Tue Mar 10 16:25:16 +0000 2020",
    "id": 1237414228325281794,
    "id_str": "1237414228325281794",
    "text": "RT @CHANEL: Behind-the-scenes of #CHANELPharrell \u2014 @Pharrell Williams opens up to Lo\u00efc Prigent about his relationship with the House and ho\u2026",
    "truncated": false,
    "entities": {
        "hashtags": [
            {
                "text": "CHANELPharrell",
                "indices": [
                    33,
                    48
                ]
            }
        ],
        "symbols": [],
        "user_mentions": [
            {
                "screen_name": "CHANEL",
                "name": "CHANEL",
                "id": 326359913,
                "id_str": "326359913",
                "indices": [
                    3,
                    10
                ]
            },
            {
                "screen_name": "Pharrell",
                "name": "Pharrell Williams",
                "id": 338084918,
                "id_str": "338084918",
                "indices": [
                    51,
                    60
                ]
            }
        ],
        "urls": []
    },
    "metadata": {
        "iso_language_code": "en",
        "result_type": "recent"
    },
    "source": "<a href=\"http://twitter.com/download/android\" rel=\"nofollow\">Twitter for Android</a>",
    "in_reply_to_status_id": null,
    "in_reply_to_status_id_str": null,
    "in_reply_to_user_id": null,
    "in_reply_to_user_id_str": null,
    "in_reply_to_screen_name": null,
    "user": {
        "id": 995738698250641413,
        "id_str": "995738698250641413",
        "name": "VLUD_",
        "screen_name": "Londo_Vlud",
        "location": "Johannesburg",
        "description": "Faith activates God \n     \n                                              \n    \n\n\n               \n- Fear activates the Enemy.",
        "url": null,
        "entities": {
            "description": {
                "urls": []
            }
        },
        "protected": false,
        "followers_count": 202,
        "friends_count": 908,
        "listed_count": 2,
        "created_at": "Sun May 13 18:53:00 +0000 2018",
        "favourites_count": 3999,
        "utc_offset": null,
        "time_zone": null,
        "geo_enabled": true,
        "verified": false,
        "statuses_count": 352,
        "lang": null,
        "contributors_enabled": false,
        "is_translator": false,
        "is_translation_enabled": false,
        "profile_background_color": "F5F8FA",
        "profile_background_image_url": null,
        "profile_background_image_url_https": null,
        "profile_background_tile": false,
        "profile_image_url": "http://pbs.twimg.com/profile_images/1229205587520557057/4NEz8Apa_normal.jpg",
        "profile_image_url_https": "https://pbs.twimg.com/profile_images/1229205587520557057/4NEz8Apa_normal.jpg",
        "profile_banner_url": "https://pbs.twimg.com/profile_banners/995738698250641413/1556046308",
        "profile_link_color": "1DA1F2",
        "profile_sidebar_border_color": "C0DEED",
        "profile_sidebar_fill_color": "DDEEF6",
        "profile_text_color": "333333",
        "profile_use_background_image": true,
        "has_extended_profile": false,
        "default_profile": true,
        "default_profile_image": false,
        "following": null,
        "follow_request_sent": null,
        "notifications": null,
        "translator_type": "none"
    },
    "geo": null,
    "coordinates": null,
    "place": null,
    "contributors": null,
    "retweeted_status": {
        "created_at": "Fri Apr 05 16:00:01 +0000 2019",
        "id": 1114195999268818944,
        "id_str": "1114195999268818944",
        "text": "Behind-the-scenes of #CHANELPharrell \u2014 @Pharrell Williams opens up to Lo\u00efc Prigent about his relationship with the\u2026 https://t.co/tKqYv6Ii3d",
        "truncated": true,
        "entities": {
            "hashtags": [
                {
                    "text": "CHANELPharrell",
                    "indices": [
                        21,
                        36
                    ]
                }
            ],
            "symbols": [],
            "user_mentions": [
                {
                    "screen_name": "Pharrell",
                    "name": "Pharrell Williams",
                    "id": 338084918,
                    "id_str": "338084918",
                    "indices": [
                        39,
                        48
                    ]
                }
            ],
            "urls": [
                {
                    "url": "https://t.co/tKqYv6Ii3d",
                    "expanded_url": "https://twitter.com/i/web/status/1114195999268818944",
                    "display_url": "twitter.com/i/web/status/1\u2026",
                    "indices": [
                        116,
                        139
                    ]
                }
            ]
        },
        "metadata": {
            "iso_language_code": "en",
            "result_type": "recent"
        },
        "source": "<a href=\"https://ads-api.twitter.com\" rel=\"nofollow\">Twitter for Advertisers</a>",
        "in_reply_to_status_id": null,
        "in_reply_to_status_id_str": null,
        "in_reply_to_user_id": null,
        "in_reply_to_user_id_str": null,
        "in_reply_to_screen_name": null,
        "user": {
            "id": 326359913,
            "id_str": "326359913",
            "name": "CHANEL",
            "screen_name": "CHANEL",
            "location": "",
            "description": "'CHANEL is above all a style. Fashion passes, style remains.' Gabrielle Chanel",
            "url": "http://t.co/GBdCztEiwL",
            "entities": {
                "url": {
                    "urls": [
                        {
                            "url": "http://t.co/GBdCztEiwL",
                            "expanded_url": "http://www.chanel.com",
                            "display_url": "chanel.com",
                            "indices": [
                                0,
                                22
                            ]
                        }
                    ]
                },
                "description": {
                    "urls": []
                }
            },
            "protected": false,
            "followers_count": 13229486,
            "friends_count": 1,
            "listed_count": 11499,
            "created_at": "Wed Jun 29 19:57:54 +0000 2011",
            "favourites_count": 0,
            "utc_offset": null,
            "time_zone": null,
            "geo_enabled": true,
            "verified": true,
            "statuses_count": 2933,
            "lang": null,
            "contributors_enabled": false,
            "is_translator": false,
            "is_translation_enabled": false,
            "profile_background_color": "000000",
            "profile_background_image_url": "http://abs.twimg.com/images/themes/theme1/bg.png",
            "profile_background_image_url_https": "https://abs.twimg.com/images/themes/theme1/bg.png",
            "profile_background_tile": false,
            "profile_image_url": "http://pbs.twimg.com/profile_images/1154314010252206080/eAG6xnof_normal.jpg",
            "profile_image_url_https": "https://pbs.twimg.com/profile_images/1154314010252206080/eAG6xnof_normal.jpg",
            "profile_banner_url": "https://pbs.twimg.com/profile_banners/326359913/1583760667",
            "profile_link_color": "000000",
            "profile_sidebar_border_color": "000000",
            "profile_sidebar_fill_color": "000000",
            "profile_text_color": "666666",
            "profile_use_background_image": false,
            "has_extended_profile": false,
            "default_profile": false,
            "default_profile_image": false,
            "following": null,
            "follow_request_sent": null,
            "notifications": null,
            "translator_type": "none"
        },
        "geo": null,
        "coordinates": null,
        "place": null,
        "contributors": null,
        "is_quote_status": false,
        "retweet_count": 194,
        "favorite_count": 694,
        "favorited": false,
        "retweeted": false,
        "possibly_sensitive": false,
        "lang": "en"
    },
    "is_quote_status": false,
    "retweet_count": 194,
    "favorite_count": 0,
    "favorited": false,
    "retweeted": false,
    "lang": "en"
}