{
    "created_at": "Tue Mar 10 12:16:52 +0000 2020",
    "id": 1237351716716068864,
    "id_str": "1237351716716068864",
    "text": "@CHANEL https://t.co/F0O97yvjdh",
    "truncated": false,
    "entities": {
        "hashtags": [],
        "symbols": [],
        "user_mentions": [
            {
                "screen_name": "CHANEL",
                "name": "CHANEL",
                "id": 326359913,
                "id_str": "326359913",
                "indices": [
                    0,
                    7
                ]
            }
        ],
        "urls": [],
        "media": [
            {
                "id": 1237351705613762566,
                "id_str": "1237351705613762566",
                "indices": [
                    8,
                    31
                ],
                "media_url": "http://pbs.twimg.com/media/ESv00gtVAAY6QTs.jpg",
                "media_url_https": "https://pbs.twimg.com/media/ESv00gtVAAY6QTs.jpg",
                "url": "https://t.co/F0O97yvjdh",
                "display_url": "pic.twitter.com/F0O97yvjdh",
                "expanded_url": "https://twitter.com/pRowAuHnBa4o5mg/status/1237351716716068864/photo/1",
                "type": "photo",
                "sizes": {
                    "medium": {
                        "w": 800,
                        "h": 1200,
                        "resize": "fit"
                    },
                    "thumb": {
                        "w": 150,
                        "h": 150,
                        "resize": "crop"
                    },
                    "large": {
                        "w": 800,
                        "h": 1200,
                        "resize": "fit"
                    },
                    "small": {
                        "w": 453,
                        "h": 680,
                        "resize": "fit"
                    }
                }
            }
        ]
    },
    "extended_entities": {
        "media": [
            {
                "id": 1237351705613762566,
                "id_str": "1237351705613762566",
                "indices": [
                    8,
                    31
                ],
                "media_url": "http://pbs.twimg.com/media/ESv00gtVAAY6QTs.jpg",
                "media_url_https": "https://pbs.twimg.com/media/ESv00gtVAAY6QTs.jpg",
                "url": "https://t.co/F0O97yvjdh",
                "display_url": "pic.twitter.com/F0O97yvjdh",
                "expanded_url": "https://twitter.com/pRowAuHnBa4o5mg/status/1237351716716068864/photo/1",
                "type": "photo",
                "sizes": {
                    "medium": {
                        "w": 800,
                        "h": 1200,
                        "resize": "fit"
                    },
                    "thumb": {
                        "w": 150,
                        "h": 150,
                        "resize": "crop"
                    },
                    "large": {
                        "w": 800,
                        "h": 1200,
                        "resize": "fit"
                    },
                    "small": {
                        "w": 453,
                        "h": 680,
                        "resize": "fit"
                    }
                }
            }
        ]
    },
    "metadata": {
        "iso_language_code": "und",
        "result_type": "recent"
    },
    "source": "<a href=\"http://twitter.com/download/android\" rel=\"nofollow\">Twitter for Android</a>",
    "in_reply_to_status_id": 1229653674495885313,
    "in_reply_to_status_id_str": "1229653674495885313",
    "in_reply_to_user_id": 326359913,
    "in_reply_to_user_id_str": "326359913",
    "in_reply_to_screen_name": "CHANEL",
    "user": {
        "id": 848206607578144768,
        "id_str": "848206607578144768",
        "name": "KARETOMO",
        "screen_name": "pRowAuHnBa4o5mg",
        "location": "",
        "description": "",
        "url": null,
        "entities": {
            "description": {
                "urls": []
            }
        },
        "protected": false,
        "followers_count": 226,
        "friends_count": 143,
        "listed_count": 0,
        "created_at": "Sat Apr 01 16:13:08 +0000 2017",
        "favourites_count": 46855,
        "utc_offset": null,
        "time_zone": null,
        "geo_enabled": false,
        "verified": false,
        "statuses_count": 4952,
        "lang": null,
        "contributors_enabled": false,
        "is_translator": false,
        "is_translation_enabled": false,
        "profile_background_color": "F5F8FA",
        "profile_background_image_url": null,
        "profile_background_image_url_https": null,
        "profile_background_tile": false,
        "profile_image_url": "http://pbs.twimg.com/profile_images/1172282860872462337/prTCKDFk_normal.jpg",
        "profile_image_url_https": "https://pbs.twimg.com/profile_images/1172282860872462337/prTCKDFk_normal.jpg",
        "profile_banner_url": "https://pbs.twimg.com/profile_banners/848206607578144768/1568331375",
        "profile_link_color": "1DA1F2",
        "profile_sidebar_border_color": "C0DEED",
        "profile_sidebar_fill_color": "DDEEF6",
        "profile_text_color": "333333",
        "profile_use_background_image": true,
        "has_extended_profile": false,
        "default_profile": true,
        "default_profile_image": false,
        "following": null,
        "follow_request_sent": null,
        "notifications": null,
        "translator_type": "none"
    },
    "geo": null,
    "coordinates": null,
    "place": null,
    "contributors": null,
    "is_quote_status": false,
    "retweet_count": 0,
    "favorite_count": 0,
    "favorited": false,
    "retweeted": false,
    "possibly_sensitive": false,
    "lang": "und"
}