{
    "created_at": "Mon Mar 09 22:28:13 +0000 2020",
    "id": 1237143177389158400,
    "id_str": "1237143177389158400",
    "text": "Coucou @CHANEL @KeringGroup : cette charmante personne r\u00eave de travailler pour vous. Comme dame pipi peut-\u00eatre ? https://t.co/BgazZvOS71",
    "truncated": false,
    "entities": {
        "hashtags": [],
        "symbols": [],
        "user_mentions": [
            {
                "screen_name": "CHANEL",
                "name": "CHANEL",
                "id": 326359913,
                "id_str": "326359913",
                "indices": [
                    7,
                    14
                ]
            },
            {
                "screen_name": "KeringGroup",
                "name": "Kering",
                "id": 2865671254,
                "id_str": "2865671254",
                "indices": [
                    15,
                    27
                ]
            }
        ],
        "urls": [
            {
                "url": "https://t.co/BgazZvOS71",
                "expanded_url": "https://twitter.com/jn_smt/status/1237140409790464001",
                "display_url": "twitter.com/jn_smt/status/\u2026",
                "indices": [
                    113,
                    136
                ]
            }
        ]
    },
    "metadata": {
        "iso_language_code": "fr",
        "result_type": "recent"
    },
    "source": "<a href=\"http://twitter.com/download/iphone\" rel=\"nofollow\">Twitter for iPhone</a>",
    "in_reply_to_status_id": null,
    "in_reply_to_status_id_str": null,
    "in_reply_to_user_id": null,
    "in_reply_to_user_id_str": null,
    "in_reply_to_screen_name": null,
    "user": {
        "id": 1586082601,
        "id_str": "1586082601",
        "name": "Wallis Simpson",
        "screen_name": "DuchesseWallis",
        "location": "",
        "description": "Royal bitch. Never too thin, never too rich",
        "url": null,
        "entities": {
            "description": {
                "urls": []
            }
        },
        "protected": false,
        "followers_count": 39,
        "friends_count": 126,
        "listed_count": 0,
        "created_at": "Thu Jul 11 14:58:58 +0000 2013",
        "favourites_count": 27,
        "utc_offset": null,
        "time_zone": null,
        "geo_enabled": true,
        "verified": false,
        "statuses_count": 2642,
        "lang": null,
        "contributors_enabled": false,
        "is_translator": false,
        "is_translation_enabled": false,
        "profile_background_color": "000000",
        "profile_background_image_url": "http://abs.twimg.com/images/themes/theme1/bg.png",
        "profile_background_image_url_https": "https://abs.twimg.com/images/themes/theme1/bg.png",
        "profile_background_tile": false,
        "profile_image_url": "http://pbs.twimg.com/profile_images/1195920727888683008/dTZT3Kfn_normal.jpg",
        "profile_image_url_https": "https://pbs.twimg.com/profile_images/1195920727888683008/dTZT3Kfn_normal.jpg",
        "profile_banner_url": "https://pbs.twimg.com/profile_banners/1586082601/1573964749",
        "profile_link_color": "F5ABB5",
        "profile_sidebar_border_color": "000000",
        "profile_sidebar_fill_color": "000000",
        "profile_text_color": "000000",
        "profile_use_background_image": false,
        "has_extended_profile": false,
        "default_profile": false,
        "default_profile_image": false,
        "following": null,
        "follow_request_sent": null,
        "notifications": null,
        "translator_type": "none"
    },
    "geo": null,
    "coordinates": null,
    "place": null,
    "contributors": null,
    "is_quote_status": true,
    "quoted_status_id": 1237140409790464001,
    "quoted_status_id_str": "1237140409790464001",
    "quoted_status": {
        "created_at": "Mon Mar 09 22:17:13 +0000 2020",
        "id": 1237140409790464001,
        "id_str": "1237140409790464001",
        "text": "@DuchesseWallis Fais-toi discr\u00e8te quand tu n'as que \"Rentre ici, Jean Moulin...\" \u00e0 la bouche. Fais pas chier.",
        "truncated": false,
        "entities": {
            "hashtags": [],
            "symbols": [],
            "user_mentions": [
                {
                    "screen_name": "DuchesseWallis",
                    "name": "Wallis Simpson",
                    "id": 1586082601,
                    "id_str": "1586082601",
                    "indices": [
                        0,
                        15
                    ]
                }
            ],
            "urls": []
        },
        "metadata": {
            "iso_language_code": "fr",
            "result_type": "recent"
        },
        "source": "<a href=\"http://twitter.com/download/iphone\" rel=\"nofollow\">Twitter for iPhone</a>",
        "in_reply_to_status_id": 1237139857639485440,
        "in_reply_to_status_id_str": "1237139857639485440",
        "in_reply_to_user_id": 1586082601,
        "in_reply_to_user_id_str": "1586082601",
        "in_reply_to_screen_name": "DuchesseWallis",
        "user": {
            "id": 2969506875,
            "id_str": "2969506875",
            "name": "engajean \ud83e\uddb9\ud83c\udffb\u200d\u2642\ufe0f",
            "screen_name": "jn_smt",
            "location": "Pau - Bordeaux, France",
            "description": "ex high level swimmer & lifeguard. industrial buyer. 1996's and 2m tall boy.",
            "url": "https://t.co/EIqr0BWsZj",
            "entities": {
                "url": {
                    "urls": [
                        {
                            "url": "https://t.co/EIqr0BWsZj",
                            "expanded_url": "http://Instagram.com/jeansmt",
                            "display_url": "Instagram.com/jeansmt",
                            "indices": [
                                0,
                                23
                            ]
                        }
                    ]
                },
                "description": {
                    "urls": []
                }
            },
            "protected": false,
            "followers_count": 2578,
            "friends_count": 431,
            "listed_count": 5,
            "created_at": "Fri Jan 09 11:17:23 +0000 2015",
            "favourites_count": 43713,
            "utc_offset": null,
            "time_zone": null,
            "geo_enabled": true,
            "verified": false,
            "statuses_count": 35250,
            "lang": null,
            "contributors_enabled": false,
            "is_translator": false,
            "is_translation_enabled": false,
            "profile_background_color": "C0DEED",
            "profile_background_image_url": "http://abs.twimg.com/images/themes/theme1/bg.png",
            "profile_background_image_url_https": "https://abs.twimg.com/images/themes/theme1/bg.png",
            "profile_background_tile": true,
            "profile_image_url": "http://pbs.twimg.com/profile_images/1232046664199950336/awc9XGT8_normal.jpg",
            "profile_image_url_https": "https://pbs.twimg.com/profile_images/1232046664199950336/awc9XGT8_normal.jpg",
            "profile_banner_url": "https://pbs.twimg.com/profile_banners/2969506875/1575549253",
            "profile_link_color": "0040FF",
            "profile_sidebar_border_color": "C0DEED",
            "profile_sidebar_fill_color": "DDEEF6",
            "profile_text_color": "333333",
            "profile_use_background_image": false,
            "has_extended_profile": true,
            "default_profile": false,
            "default_profile_image": false,
            "following": null,
            "follow_request_sent": null,
            "notifications": null,
            "translator_type": "none"
        },
        "geo": null,
        "coordinates": null,
        "place": null,
        "contributors": null,
        "is_quote_status": false,
        "retweet_count": 0,
        "favorite_count": 0,
        "favorited": false,
        "retweeted": false,
        "lang": "fr"
    },
    "retweet_count": 0,
    "favorite_count": 0,
    "favorited": false,
    "retweeted": false,
    "possibly_sensitive": false,
    "lang": "fr"
}