{
    "created_at": "Tue Mar 10 04:35:36 +0000 2020",
    "id": 1237235632792956931,
    "id_str": "1237235632792956931",
    "text": "I always loved the @LouisVuitton luggage set since my sac de chien would match, but since I saw the  @CHANEL set I\u2026 https://t.co/bAJJYdsCDr",
    "truncated": true,
    "entities": {
        "hashtags": [],
        "symbols": [],
        "user_mentions": [
            {
                "screen_name": "LouisVuitton",
                "name": "Louis Vuitton",
                "id": 44084633,
                "id_str": "44084633",
                "indices": [
                    19,
                    32
                ]
            },
            {
                "screen_name": "CHANEL",
                "name": "CHANEL",
                "id": 326359913,
                "id_str": "326359913",
                "indices": [
                    101,
                    108
                ]
            }
        ],
        "urls": [
            {
                "url": "https://t.co/bAJJYdsCDr",
                "expanded_url": "https://twitter.com/i/web/status/1237235632792956931",
                "display_url": "twitter.com/i/web/status/1\u2026",
                "indices": [
                    116,
                    139
                ]
            }
        ]
    },
    "metadata": {
        "iso_language_code": "en",
        "result_type": "recent"
    },
    "source": "<a href=\"http://twitter.com/download/iphone\" rel=\"nofollow\">Twitter for iPhone</a>",
    "in_reply_to_status_id": null,
    "in_reply_to_status_id_str": null,
    "in_reply_to_user_id": null,
    "in_reply_to_user_id_str": null,
    "in_reply_to_screen_name": null,
    "user": {
        "id": 1033877460461539328,
        "id_str": "1033877460461539328",
        "name": "JYOTI SAMARA",
        "screen_name": "JyotiSamara",
        "location": "Canada",
        "description": "\ud835\udd17\ud835\udd25\ud835\udd22 \ud835\udd10\ud835\udd2c\ud835\udd21\ud835\udd22\ud835\udd2f\ud835\udd2b \u212d\ud835\udd2c\ud835\udd32\ud835\udd2f\ud835\udd31\ud835\udd22\ud835\udd30\ud835\udd1e\ud835\udd2b | 18 +",
        "url": "https://t.co/19SLytm0fZ",
        "entities": {
            "url": {
                "urls": [
                    {
                        "url": "https://t.co/19SLytm0fZ",
                        "expanded_url": "http://www.jyotisamara.com",
                        "display_url": "jyotisamara.com",
                        "indices": [
                            0,
                            23
                        ]
                    }
                ]
            },
            "description": {
                "urls": []
            }
        },
        "protected": false,
        "followers_count": 1874,
        "friends_count": 839,
        "listed_count": 16,
        "created_at": "Mon Aug 27 00:42:49 +0000 2018",
        "favourites_count": 2392,
        "utc_offset": null,
        "time_zone": null,
        "geo_enabled": false,
        "verified": false,
        "statuses_count": 2351,
        "lang": null,
        "contributors_enabled": false,
        "is_translator": false,
        "is_translation_enabled": false,
        "profile_background_color": "000000",
        "profile_background_image_url": "http://abs.twimg.com/images/themes/theme1/bg.png",
        "profile_background_image_url_https": "https://abs.twimg.com/images/themes/theme1/bg.png",
        "profile_background_tile": false,
        "profile_image_url": "http://pbs.twimg.com/profile_images/1235806956121518080/el6XPnDv_normal.jpg",
        "profile_image_url_https": "https://pbs.twimg.com/profile_images/1235806956121518080/el6XPnDv_normal.jpg",
        "profile_banner_url": "https://pbs.twimg.com/profile_banners/1033877460461539328/1583531132",
        "profile_link_color": "1B95E0",
        "profile_sidebar_border_color": "000000",
        "profile_sidebar_fill_color": "000000",
        "profile_text_color": "000000",
        "profile_use_background_image": false,
        "has_extended_profile": true,
        "default_profile": false,
        "default_profile_image": false,
        "following": null,
        "follow_request_sent": null,
        "notifications": null,
        "translator_type": "none"
    },
    "geo": null,
    "coordinates": null,
    "place": null,
    "contributors": null,
    "is_quote_status": false,
    "retweet_count": 0,
    "favorite_count": 2,
    "favorited": false,
    "retweeted": false,
    "lang": "en"
}