{
    "created_at": "Tue Mar 10 16:40:13 +0000 2020",
    "id": 1237417989819039744,
    "id_str": "1237417989819039744",
    "text": "RT @sheilaballarano: @nobinot @CHANEL channels new concierge did you meet and greet them yet take you to lunch or paid for dinner",
    "truncated": false,
    "entities": {
        "hashtags": [],
        "symbols": [],
        "user_mentions": [
            {
                "screen_name": "sheilaballarano",
                "name": "Cinema Seven Films",
                "id": 122104516,
                "id_str": "122104516",
                "indices": [
                    3,
                    19
                ]
            },
            {
                "screen_name": "nobinot",
                "name": "\u1d43\u0192\u1d57\u1d49\u02b3\u207f\u0e4f\ud835\udcf8\ud835\udcc3",
                "id": 1014866498861625345,
                "id_str": "1014866498861625345",
                "indices": [
                    21,
                    29
                ]
            },
            {
                "screen_name": "CHANEL",
                "name": "CHANEL",
                "id": 326359913,
                "id_str": "326359913",
                "indices": [
                    30,
                    37
                ]
            }
        ],
        "urls": []
    },
    "metadata": {
        "iso_language_code": "en",
        "result_type": "recent"
    },
    "source": "<a href=\"https://mobile.twitter.com\" rel=\"nofollow\">Twitter Web App</a>",
    "in_reply_to_status_id": null,
    "in_reply_to_status_id_str": null,
    "in_reply_to_user_id": null,
    "in_reply_to_user_id_str": null,
    "in_reply_to_screen_name": null,
    "user": {
        "id": 122104516,
        "id_str": "122104516",
        "name": "Cinema Seven Films",
        "screen_name": "sheilaballarano",
        "location": "New York, NY",
        "description": "Artist / Sales / Media Fashion & Film Media  Creative Art Director  /  Writer Photography / Executive Measurements",
        "url": null,
        "entities": {
            "description": {
                "urls": []
            }
        },
        "protected": false,
        "followers_count": 1850,
        "friends_count": 4296,
        "listed_count": 63,
        "created_at": "Thu Mar 11 16:12:30 +0000 2010",
        "favourites_count": 64891,
        "utc_offset": null,
        "time_zone": null,
        "geo_enabled": false,
        "verified": false,
        "statuses_count": 93970,
        "lang": null,
        "contributors_enabled": false,
        "is_translator": false,
        "is_translation_enabled": false,
        "profile_background_color": "709397",
        "profile_background_image_url": "http://abs.twimg.com/images/themes/theme6/bg.gif",
        "profile_background_image_url_https": "https://abs.twimg.com/images/themes/theme6/bg.gif",
        "profile_background_tile": true,
        "profile_image_url": "http://pbs.twimg.com/profile_images/1165012326539571205/n0FG4iNi_normal.jpg",
        "profile_image_url_https": "https://pbs.twimg.com/profile_images/1165012326539571205/n0FG4iNi_normal.jpg",
        "profile_banner_url": "https://pbs.twimg.com/profile_banners/122104516/1583436775",
        "profile_link_color": "FA0000",
        "profile_sidebar_border_color": "FFFFFF",
        "profile_sidebar_fill_color": "A0C5C7",
        "profile_text_color": "333333",
        "profile_use_background_image": true,
        "has_extended_profile": true,
        "default_profile": false,
        "default_profile_image": false,
        "following": null,
        "follow_request_sent": null,
        "notifications": null,
        "translator_type": "none"
    },
    "geo": null,
    "coordinates": null,
    "place": null,
    "contributors": null,
    "retweeted_status": {
        "created_at": "Tue Mar 10 16:40:05 +0000 2020",
        "id": 1237417956352589825,
        "id_str": "1237417956352589825",
        "text": "@nobinot @CHANEL channels new concierge did you meet and greet them yet take you to lunch or paid for dinner",
        "truncated": false,
        "entities": {
            "hashtags": [],
            "symbols": [],
            "user_mentions": [
                {
                    "screen_name": "nobinot",
                    "name": "\u1d43\u0192\u1d57\u1d49\u02b3\u207f\u0e4f\ud835\udcf8\ud835\udcc3",
                    "id": 1014866498861625345,
                    "id_str": "1014866498861625345",
                    "indices": [
                        0,
                        8
                    ]
                },
                {
                    "screen_name": "CHANEL",
                    "name": "CHANEL",
                    "id": 326359913,
                    "id_str": "326359913",
                    "indices": [
                        9,
                        16
                    ]
                }
            ],
            "urls": []
        },
        "metadata": {
            "iso_language_code": "en",
            "result_type": "recent"
        },
        "source": "<a href=\"https://mobile.twitter.com\" rel=\"nofollow\">Twitter Web App</a>",
        "in_reply_to_status_id": 1237417878929932288,
        "in_reply_to_status_id_str": "1237417878929932288",
        "in_reply_to_user_id": 122104516,
        "in_reply_to_user_id_str": "122104516",
        "in_reply_to_screen_name": "sheilaballarano",
        "user": {
            "id": 122104516,
            "id_str": "122104516",
            "name": "Cinema Seven Films",
            "screen_name": "sheilaballarano",
            "location": "New York, NY",
            "description": "Artist / Sales / Media Fashion & Film Media  Creative Art Director  /  Writer Photography / Executive Measurements",
            "url": null,
            "entities": {
                "description": {
                    "urls": []
                }
            },
            "protected": false,
            "followers_count": 1850,
            "friends_count": 4296,
            "listed_count": 63,
            "created_at": "Thu Mar 11 16:12:30 +0000 2010",
            "favourites_count": 64891,
            "utc_offset": null,
            "time_zone": null,
            "geo_enabled": false,
            "verified": false,
            "statuses_count": 93970,
            "lang": null,
            "contributors_enabled": false,
            "is_translator": false,
            "is_translation_enabled": false,
            "profile_background_color": "709397",
            "profile_background_image_url": "http://abs.twimg.com/images/themes/theme6/bg.gif",
            "profile_background_image_url_https": "https://abs.twimg.com/images/themes/theme6/bg.gif",
            "profile_background_tile": true,
            "profile_image_url": "http://pbs.twimg.com/profile_images/1165012326539571205/n0FG4iNi_normal.jpg",
            "profile_image_url_https": "https://pbs.twimg.com/profile_images/1165012326539571205/n0FG4iNi_normal.jpg",
            "profile_banner_url": "https://pbs.twimg.com/profile_banners/122104516/1583436775",
            "profile_link_color": "FA0000",
            "profile_sidebar_border_color": "FFFFFF",
            "profile_sidebar_fill_color": "A0C5C7",
            "profile_text_color": "333333",
            "profile_use_background_image": true,
            "has_extended_profile": true,
            "default_profile": false,
            "default_profile_image": false,
            "following": null,
            "follow_request_sent": null,
            "notifications": null,
            "translator_type": "none"
        },
        "geo": null,
        "coordinates": null,
        "place": null,
        "contributors": null,
        "is_quote_status": false,
        "retweet_count": 1,
        "favorite_count": 1,
        "favorited": false,
        "retweeted": false,
        "lang": "en"
    },
    "is_quote_status": false,
    "retweet_count": 1,
    "favorite_count": 0,
    "favorited": false,
    "retweeted": false,
    "lang": "en"
}