{
    "created_at": "Tue Mar 10 06:31:04 +0000 2020",
    "id": 1237264691346518016,
    "id_str": "1237264691346518016",
    "text": "so upset right now. literally heartbroken. @CHANEL is discontinuing my favorite fckn product \ud83d\ude2d\ud83d\ude2d\ud83d\ude2d\ud83d\ude2d\ud83d\ude2d\ud83d\ude2d\ud83d\ude2d SEND HELP",
    "truncated": false,
    "entities": {
        "hashtags": [],
        "symbols": [],
        "user_mentions": [
            {
                "screen_name": "CHANEL",
                "name": "CHANEL",
                "id": 326359913,
                "id_str": "326359913",
                "indices": [
                    43,
                    50
                ]
            }
        ],
        "urls": []
    },
    "metadata": {
        "iso_language_code": "en",
        "result_type": "recent"
    },
    "source": "<a href=\"http://twitter.com/download/iphone\" rel=\"nofollow\">Twitter for iPhone</a>",
    "in_reply_to_status_id": null,
    "in_reply_to_status_id_str": null,
    "in_reply_to_user_id": null,
    "in_reply_to_user_id_str": null,
    "in_reply_to_screen_name": null,
    "user": {
        "id": 3349509074,
        "id_str": "3349509074",
        "name": "Karen \ud83c\udf4b",
        "screen_name": "kpcostilla",
        "location": "",
        "description": "IG: kpcostilla SUBSCRIBE TO MY YOUTUBE \ud83d\udc95 https://t.co/zTlWUrf4OD",
        "url": null,
        "entities": {
            "description": {
                "urls": [
                    {
                        "url": "https://t.co/zTlWUrf4OD",
                        "expanded_url": "https://youtu.be/E64Otyhtni4",
                        "display_url": "youtu.be/E64Otyhtni4",
                        "indices": [
                            41,
                            64
                        ]
                    }
                ]
            }
        },
        "protected": false,
        "followers_count": 429,
        "friends_count": 97,
        "listed_count": 7,
        "created_at": "Wed Aug 26 15:01:15 +0000 2015",
        "favourites_count": 12886,
        "utc_offset": null,
        "time_zone": null,
        "geo_enabled": false,
        "verified": false,
        "statuses_count": 6316,
        "lang": null,
        "contributors_enabled": false,
        "is_translator": false,
        "is_translation_enabled": false,
        "profile_background_color": "C0DEED",
        "profile_background_image_url": "http://abs.twimg.com/images/themes/theme1/bg.png",
        "profile_background_image_url_https": "https://abs.twimg.com/images/themes/theme1/bg.png",
        "profile_background_tile": false,
        "profile_image_url": "http://pbs.twimg.com/profile_images/1228012559661436928/pMzWxUUC_normal.jpg",
        "profile_image_url_https": "https://pbs.twimg.com/profile_images/1228012559661436928/pMzWxUUC_normal.jpg",
        "profile_banner_url": "https://pbs.twimg.com/profile_banners/3349509074/1583383043",
        "profile_link_color": "1DA1F2",
        "profile_sidebar_border_color": "C0DEED",
        "profile_sidebar_fill_color": "DDEEF6",
        "profile_text_color": "333333",
        "profile_use_background_image": true,
        "has_extended_profile": true,
        "default_profile": true,
        "default_profile_image": false,
        "following": null,
        "follow_request_sent": null,
        "notifications": null,
        "translator_type": "none"
    },
    "geo": null,
    "coordinates": null,
    "place": null,
    "contributors": null,
    "is_quote_status": false,
    "retweet_count": 0,
    "favorite_count": 1,
    "favorited": false,
    "retweeted": false,
    "lang": "en"
}