{
    "created_at": "Tue Mar 10 06:27:13 +0000 2020",
    "id": 1237263724424998912,
    "id_str": "1237263724424998912",
    "text": "RT @CHANEL: \u3044\u304d\u3044\u304d\u3068\u3057\u305f\u30ed\u30fc\u30b8\u30fc\u306a\u8f1d\u304d\u3092\u653e\u3064\u3001\uff12\u3064\u306e\u65b0\u30a2\u30a4\u30c6\u30e0\u3002\n#\u30b7\u30e3\u30cd\u30eb\u30d3\u30e5\u30fc\u30c6\u30a3 #\u30b7\u30e3\u30cd\u30eb\u30b9\u30ad\u30f3\u30b1\u30a2 #ChanelLeBlanc #ChanelBeauty #ChanelSkincare #OwnYourRosyGlow",
    "truncated": false,
    "entities": {
        "hashtags": [
            {
                "text": "\u30b7\u30e3\u30cd\u30eb\u30d3\u30e5\u30fc\u30c6\u30a3",
                "indices": [
                    40,
                    50
                ]
            },
            {
                "text": "\u30b7\u30e3\u30cd\u30eb\u30b9\u30ad\u30f3\u30b1\u30a2",
                "indices": [
                    51,
                    61
                ]
            },
            {
                "text": "ChanelLeBlanc",
                "indices": [
                    62,
                    76
                ]
            },
            {
                "text": "ChanelBeauty",
                "indices": [
                    77,
                    90
                ]
            },
            {
                "text": "ChanelSkincare",
                "indices": [
                    91,
                    106
                ]
            },
            {
                "text": "OwnYourRosyGlow",
                "indices": [
                    107,
                    123
                ]
            }
        ],
        "symbols": [],
        "user_mentions": [
            {
                "screen_name": "CHANEL",
                "name": "CHANEL",
                "id": 326359913,
                "id_str": "326359913",
                "indices": [
                    3,
                    10
                ]
            }
        ],
        "urls": []
    },
    "metadata": {
        "iso_language_code": "ja",
        "result_type": "recent"
    },
    "source": "<a href=\"http://twitter.com/download/android\" rel=\"nofollow\">Twitter for Android</a>",
    "in_reply_to_status_id": null,
    "in_reply_to_status_id_str": null,
    "in_reply_to_user_id": null,
    "in_reply_to_user_id_str": null,
    "in_reply_to_screen_name": null,
    "user": {
        "id": 738566637243097088,
        "id_str": "738566637243097088",
        "name": "\uff32\uff25\uff39",
        "screen_name": "EriOneup",
        "location": "",
        "description": "\ud83d\udc99\ud83c\udfa8\ud83c\udff0\ud83d\udcf7\ud83c\udf88\ud83c\udf1f\ud83d\udc36\ud83c\udf6c\ud83d\ude1b\ud83e\udd11\u2708\ufe0f\ud83c\uddef\ud83c\uddf5\ud83c\uddfa\ud83c\uddf8",
        "url": null,
        "entities": {
            "description": {
                "urls": []
            }
        },
        "protected": false,
        "followers_count": 13,
        "friends_count": 204,
        "listed_count": 0,
        "created_at": "Fri Jun 03 03:03:03 +0000 2016",
        "favourites_count": 411,
        "utc_offset": null,
        "time_zone": null,
        "geo_enabled": false,
        "verified": false,
        "statuses_count": 2345,
        "lang": null,
        "contributors_enabled": false,
        "is_translator": false,
        "is_translation_enabled": false,
        "profile_background_color": "F5F8FA",
        "profile_background_image_url": null,
        "profile_background_image_url_https": null,
        "profile_background_tile": false,
        "profile_image_url": "http://pbs.twimg.com/profile_images/1227478887120146432/uWdA-rPr_normal.jpg",
        "profile_image_url_https": "https://pbs.twimg.com/profile_images/1227478887120146432/uWdA-rPr_normal.jpg",
        "profile_banner_url": "https://pbs.twimg.com/profile_banners/738566637243097088/1582075215",
        "profile_link_color": "1DA1F2",
        "profile_sidebar_border_color": "C0DEED",
        "profile_sidebar_fill_color": "DDEEF6",
        "profile_text_color": "333333",
        "profile_use_background_image": true,
        "has_extended_profile": true,
        "default_profile": true,
        "default_profile_image": false,
        "following": null,
        "follow_request_sent": null,
        "notifications": null,
        "translator_type": "none"
    },
    "geo": null,
    "coordinates": null,
    "place": null,
    "contributors": null,
    "retweeted_status": {
        "created_at": "Fri Feb 28 04:51:31 +0000 2020",
        "id": 1233253370946707456,
        "id_str": "1233253370946707456",
        "text": "\u3044\u304d\u3044\u304d\u3068\u3057\u305f\u30ed\u30fc\u30b8\u30fc\u306a\u8f1d\u304d\u3092\u653e\u3064\u3001\uff12\u3064\u306e\u65b0\u30a2\u30a4\u30c6\u30e0\u3002\n#\u30b7\u30e3\u30cd\u30eb\u30d3\u30e5\u30fc\u30c6\u30a3 #\u30b7\u30e3\u30cd\u30eb\u30b9\u30ad\u30f3\u30b1\u30a2 #ChanelLeBlanc #ChanelBeauty #ChanelSkincare #OwnYourRosyGlow",
        "truncated": false,
        "entities": {
            "hashtags": [
                {
                    "text": "\u30b7\u30e3\u30cd\u30eb\u30d3\u30e5\u30fc\u30c6\u30a3",
                    "indices": [
                        28,
                        38
                    ]
                },
                {
                    "text": "\u30b7\u30e3\u30cd\u30eb\u30b9\u30ad\u30f3\u30b1\u30a2",
                    "indices": [
                        39,
                        49
                    ]
                },
                {
                    "text": "ChanelLeBlanc",
                    "indices": [
                        50,
                        64
                    ]
                },
                {
                    "text": "ChanelBeauty",
                    "indices": [
                        65,
                        78
                    ]
                },
                {
                    "text": "ChanelSkincare",
                    "indices": [
                        79,
                        94
                    ]
                },
                {
                    "text": "OwnYourRosyGlow",
                    "indices": [
                        95,
                        111
                    ]
                }
            ],
            "symbols": [],
            "user_mentions": [],
            "urls": []
        },
        "metadata": {
            "iso_language_code": "ja",
            "result_type": "recent"
        },
        "source": "<a href=\"https://ads-api.twitter.com\" rel=\"nofollow\">Twitter for Advertisers</a>",
        "in_reply_to_status_id": null,
        "in_reply_to_status_id_str": null,
        "in_reply_to_user_id": null,
        "in_reply_to_user_id_str": null,
        "in_reply_to_screen_name": null,
        "user": {
            "id": 326359913,
            "id_str": "326359913",
            "name": "CHANEL",
            "screen_name": "CHANEL",
            "location": "",
            "description": "'CHANEL is above all a style. Fashion passes, style remains.' Gabrielle Chanel",
            "url": "http://t.co/GBdCztEiwL",
            "entities": {
                "url": {
                    "urls": [
                        {
                            "url": "http://t.co/GBdCztEiwL",
                            "expanded_url": "http://www.chanel.com",
                            "display_url": "chanel.com",
                            "indices": [
                                0,
                                22
                            ]
                        }
                    ]
                },
                "description": {
                    "urls": []
                }
            },
            "protected": false,
            "followers_count": 13229486,
            "friends_count": 1,
            "listed_count": 11499,
            "created_at": "Wed Jun 29 19:57:54 +0000 2011",
            "favourites_count": 0,
            "utc_offset": null,
            "time_zone": null,
            "geo_enabled": true,
            "verified": true,
            "statuses_count": 2933,
            "lang": null,
            "contributors_enabled": false,
            "is_translator": false,
            "is_translation_enabled": false,
            "profile_background_color": "000000",
            "profile_background_image_url": "http://abs.twimg.com/images/themes/theme1/bg.png",
            "profile_background_image_url_https": "https://abs.twimg.com/images/themes/theme1/bg.png",
            "profile_background_tile": false,
            "profile_image_url": "http://pbs.twimg.com/profile_images/1154314010252206080/eAG6xnof_normal.jpg",
            "profile_image_url_https": "https://pbs.twimg.com/profile_images/1154314010252206080/eAG6xnof_normal.jpg",
            "profile_banner_url": "https://pbs.twimg.com/profile_banners/326359913/1583760667",
            "profile_link_color": "000000",
            "profile_sidebar_border_color": "000000",
            "profile_sidebar_fill_color": "000000",
            "profile_text_color": "666666",
            "profile_use_background_image": false,
            "has_extended_profile": false,
            "default_profile": false,
            "default_profile_image": false,
            "following": null,
            "follow_request_sent": null,
            "notifications": null,
            "translator_type": "none"
        },
        "geo": null,
        "coordinates": null,
        "place": null,
        "contributors": null,
        "is_quote_status": false,
        "retweet_count": 33,
        "favorite_count": 348,
        "favorited": false,
        "retweeted": false,
        "scopes": {
            "followers": false
        },
        "lang": "ja"
    },
    "is_quote_status": false,
    "retweet_count": 33,
    "favorite_count": 0,
    "favorited": false,
    "retweeted": false,
    "lang": "ja"
}