{
    "created_at": "Tue Mar 10 15:23:03 +0000 2020",
    "id": 1237398569952436231,
    "id_str": "1237398569952436231",
    "text": "RT @CollectiveLaw: .@CHANEL is hiring for a full time legal assistant in London.\n\nNo requirement to be legally qualified but a bachelor's d\u2026",
    "truncated": false,
    "entities": {
        "hashtags": [],
        "symbols": [],
        "user_mentions": [
            {
                "screen_name": "CollectiveLaw",
                "name": "The Law Collective",
                "id": 976181032688013312,
                "id_str": "976181032688013312",
                "indices": [
                    3,
                    17
                ]
            },
            {
                "screen_name": "CHANEL",
                "name": "CHANEL",
                "id": 326359913,
                "id_str": "326359913",
                "indices": [
                    20,
                    27
                ]
            }
        ],
        "urls": []
    },
    "metadata": {
        "iso_language_code": "en",
        "result_type": "recent"
    },
    "source": "<a href=\"http://twitter.com/download/android\" rel=\"nofollow\">Twitter for Android</a>",
    "in_reply_to_status_id": null,
    "in_reply_to_status_id_str": null,
    "in_reply_to_user_id": null,
    "in_reply_to_user_id_str": null,
    "in_reply_to_screen_name": null,
    "user": {
        "id": 22775900,
        "id_str": "22775900",
        "name": "Ronke Lawal",
        "screen_name": "ronkelawal",
        "location": "London, England",
        "description": "PR Consultant & Founder of @ariatuPR.\n\nInfo@ariatupr.com \n\n\ud83c\udf5bFood lover @whosfordinner\n\nNo DMs regarding Business, emails only please.\n\n\ud83d\udce7 Ronke@ronkelawal.com",
        "url": "https://t.co/7uB7O8VXTG",
        "entities": {
            "url": {
                "urls": [
                    {
                        "url": "https://t.co/7uB7O8VXTG",
                        "expanded_url": "http://www.ronkelawal.com",
                        "display_url": "ronkelawal.com",
                        "indices": [
                            0,
                            23
                        ]
                    }
                ]
            },
            "description": {
                "urls": []
            }
        },
        "protected": false,
        "followers_count": 17207,
        "friends_count": 1068,
        "listed_count": 877,
        "created_at": "Wed Mar 04 14:08:39 +0000 2009",
        "favourites_count": 590,
        "utc_offset": null,
        "time_zone": null,
        "geo_enabled": true,
        "verified": false,
        "statuses_count": 218584,
        "lang": null,
        "contributors_enabled": false,
        "is_translator": false,
        "is_translation_enabled": false,
        "profile_background_color": "642D8B",
        "profile_background_image_url": "http://abs.twimg.com/images/themes/theme10/bg.gif",
        "profile_background_image_url_https": "https://abs.twimg.com/images/themes/theme10/bg.gif",
        "profile_background_tile": true,
        "profile_image_url": "http://pbs.twimg.com/profile_images/977110566006329344/rdV3Fai6_normal.jpg",
        "profile_image_url_https": "https://pbs.twimg.com/profile_images/977110566006329344/rdV3Fai6_normal.jpg",
        "profile_banner_url": "https://pbs.twimg.com/profile_banners/22775900/1483292343",
        "profile_link_color": "9100FF",
        "profile_sidebar_border_color": "FFFFFF",
        "profile_sidebar_fill_color": "7AC3EE",
        "profile_text_color": "3D1957",
        "profile_use_background_image": true,
        "has_extended_profile": true,
        "default_profile": false,
        "default_profile_image": false,
        "following": null,
        "follow_request_sent": null,
        "notifications": null,
        "translator_type": "none"
    },
    "geo": null,
    "coordinates": null,
    "place": null,
    "contributors": null,
    "retweeted_status": {
        "created_at": "Tue Mar 10 15:17:29 +0000 2020",
        "id": 1237397171063922690,
        "id_str": "1237397171063922690",
        "text": ".@CHANEL is hiring for a full time legal assistant in London.\n\nNo requirement to be legally qualified but a bachelo\u2026 https://t.co/L11E9Y2syU",
        "truncated": true,
        "entities": {
            "hashtags": [],
            "symbols": [],
            "user_mentions": [
                {
                    "screen_name": "CHANEL",
                    "name": "CHANEL",
                    "id": 326359913,
                    "id_str": "326359913",
                    "indices": [
                        1,
                        8
                    ]
                }
            ],
            "urls": [
                {
                    "url": "https://t.co/L11E9Y2syU",
                    "expanded_url": "https://twitter.com/i/web/status/1237397171063922690",
                    "display_url": "twitter.com/i/web/status/1\u2026",
                    "indices": [
                        117,
                        140
                    ]
                }
            ]
        },
        "metadata": {
            "iso_language_code": "en",
            "result_type": "recent"
        },
        "source": "<a href=\"http://twitter.com/download/android\" rel=\"nofollow\">Twitter for Android</a>",
        "in_reply_to_status_id": null,
        "in_reply_to_status_id_str": null,
        "in_reply_to_user_id": null,
        "in_reply_to_user_id_str": null,
        "in_reply_to_screen_name": null,
        "user": {
            "id": 976181032688013312,
            "id_str": "976181032688013312",
            "name": "The Law Collective",
            "screen_name": "CollectiveLaw",
            "location": "hello@thelawcollective.org",
            "description": "Providing a safe space for young Black lawyers to connect with each other. Collectively we nurture and inspire.",
            "url": null,
            "entities": {
                "description": {
                    "urls": []
                }
            },
            "protected": false,
            "followers_count": 1421,
            "friends_count": 375,
            "listed_count": 6,
            "created_at": "Tue Mar 20 19:37:49 +0000 2018",
            "favourites_count": 1974,
            "utc_offset": null,
            "time_zone": null,
            "geo_enabled": false,
            "verified": false,
            "statuses_count": 1152,
            "lang": null,
            "contributors_enabled": false,
            "is_translator": false,
            "is_translation_enabled": false,
            "profile_background_color": "F5F8FA",
            "profile_background_image_url": null,
            "profile_background_image_url_https": null,
            "profile_background_tile": false,
            "profile_image_url": "http://pbs.twimg.com/profile_images/976186915467792385/m0-w7kZd_normal.jpg",
            "profile_image_url_https": "https://pbs.twimg.com/profile_images/976186915467792385/m0-w7kZd_normal.jpg",
            "profile_banner_url": "https://pbs.twimg.com/profile_banners/976181032688013312/1521576144",
            "profile_link_color": "1DA1F2",
            "profile_sidebar_border_color": "C0DEED",
            "profile_sidebar_fill_color": "DDEEF6",
            "profile_text_color": "333333",
            "profile_use_background_image": true,
            "has_extended_profile": true,
            "default_profile": true,
            "default_profile_image": false,
            "following": null,
            "follow_request_sent": null,
            "notifications": null,
            "translator_type": "none"
        },
        "geo": null,
        "coordinates": null,
        "place": null,
        "contributors": null,
        "is_quote_status": false,
        "retweet_count": 19,
        "favorite_count": 14,
        "favorited": false,
        "retweeted": false,
        "possibly_sensitive": false,
        "lang": "en"
    },
    "is_quote_status": false,
    "retweet_count": 19,
    "favorite_count": 0,
    "favorited": false,
    "retweeted": false,
    "lang": "en"
}