{
    "created_at": "Tue Mar 10 06:53:05 +0000 2020",
    "id": 1237270234698059776,
    "id_str": "1237270234698059776",
    "text": "Is the world ready for a @Harry_Styles in @CHANEL moment? We think so. https://t.co/taXv1ITM0e",
    "truncated": false,
    "entities": {
        "hashtags": [],
        "symbols": [],
        "user_mentions": [
            {
                "screen_name": "Harry_Styles",
                "name": "Harry Styles.",
                "id": 181561712,
                "id_str": "181561712",
                "indices": [
                    25,
                    38
                ]
            },
            {
                "screen_name": "CHANEL",
                "name": "CHANEL",
                "id": 326359913,
                "id_str": "326359913",
                "indices": [
                    42,
                    49
                ]
            }
        ],
        "urls": [
            {
                "url": "https://t.co/taXv1ITM0e",
                "expanded_url": "https://www.vogue.co.uk/miss-vogue/gallery/harry-styles-catwalk-looks?utm_medium=Social&utm_source=Twitter#Echobox=1583417563",
                "display_url": "vogue.co.uk/miss-vogue/gal\u2026",
                "indices": [
                    71,
                    94
                ]
            }
        ]
    },
    "metadata": {
        "iso_language_code": "en",
        "result_type": "recent"
    },
    "source": "<a href=\"https://www.echobox.com\" rel=\"nofollow\">Echobox Social</a>",
    "in_reply_to_status_id": null,
    "in_reply_to_status_id_str": null,
    "in_reply_to_user_id": null,
    "in_reply_to_user_id_str": null,
    "in_reply_to_screen_name": null,
    "user": {
        "id": 27844479,
        "id_str": "27844479",
        "name": "British Vogue",
        "screen_name": "BritishVogue",
        "location": "London",
        "description": "The official https://t.co/00ft3TZEXg Twitter page. Download the latest issue, or subscribe, here: https://t.co/pbvS7S9IMP",
        "url": "https://t.co/OtiMFiwraN",
        "entities": {
            "url": {
                "urls": [
                    {
                        "url": "https://t.co/OtiMFiwraN",
                        "expanded_url": "http://www.vogue.co.uk/",
                        "display_url": "vogue.co.uk",
                        "indices": [
                            0,
                            23
                        ]
                    }
                ]
            },
            "description": {
                "urls": [
                    {
                        "url": "https://t.co/00ft3TZEXg",
                        "expanded_url": "http://VOGUE.CO.UK",
                        "display_url": "VOGUE.CO.UK",
                        "indices": [
                            13,
                            36
                        ]
                    },
                    {
                        "url": "https://t.co/pbvS7S9IMP",
                        "expanded_url": "http://vogue.uk/download1",
                        "display_url": "vogue.uk/download1",
                        "indices": [
                            98,
                            121
                        ]
                    }
                ]
            }
        },
        "protected": false,
        "followers_count": 3620382,
        "friends_count": 984,
        "listed_count": 13152,
        "created_at": "Tue Mar 31 09:59:43 +0000 2009",
        "favourites_count": 1012,
        "utc_offset": null,
        "time_zone": null,
        "geo_enabled": true,
        "verified": true,
        "statuses_count": 339828,
        "lang": null,
        "contributors_enabled": false,
        "is_translator": false,
        "is_translation_enabled": true,
        "profile_background_color": "948C8D",
        "profile_background_image_url": "http://abs.twimg.com/images/themes/theme1/bg.png",
        "profile_background_image_url_https": "https://abs.twimg.com/images/themes/theme1/bg.png",
        "profile_background_tile": true,
        "profile_image_url": "http://pbs.twimg.com/profile_images/892295415500025856/y9E8PvLe_normal.jpg",
        "profile_image_url_https": "https://pbs.twimg.com/profile_images/892295415500025856/y9E8PvLe_normal.jpg",
        "profile_banner_url": "https://pbs.twimg.com/profile_banners/27844479/1583476606",
        "profile_link_color": "0099CC",
        "profile_sidebar_border_color": "FFFFFF",
        "profile_sidebar_fill_color": "DDEEF6",
        "profile_text_color": "333333",
        "profile_use_background_image": true,
        "has_extended_profile": false,
        "default_profile": false,
        "default_profile_image": false,
        "following": null,
        "follow_request_sent": null,
        "notifications": null,
        "translator_type": "none"
    },
    "geo": null,
    "coordinates": null,
    "place": null,
    "contributors": null,
    "is_quote_status": false,
    "retweet_count": 6,
    "favorite_count": 35,
    "favorited": false,
    "retweeted": false,
    "possibly_sensitive": false,
    "lang": "en"
}